dpto_ccdgo,mpio_ccdgo,mpio_cdpmp,clas_ccdgo,setr_ccdgo,setr_ccnct,secr_ccdgo,secr_ccnct,zu_ccdgo,zu_cdivi,zu_cnmbre,zu_ccnct,zu_narea,zu_naltd,zu_nano,shape_Leng,shape_Area,AUrban,CZ_mean
"05","101","05101","1","000","051011000","00","05101100000","000","05101000",CIUDAD BOLÍVAR,"05101100000000",1471914.27582000010,1200.00000000000,2024,0.14085175854,0.00012005120,1471949.6810000001,1191.12504910875
"05","150","05150","1","000","051501000","00","05150100000","000","05150000",CAROLINA DEL PRÍNCIPE,"05150100000000",1540967.83694000007,1800.90000000000,2024,0.06985473759,0.00012597862,1540253.6189999999,1794.31249728733
"05","190","05190","1","000","051901000","00","05190100000","000","05190000",CISNEROS,"05190100000000",1451177.98622000008,1098.00000000000,2024,0.13181601825,0.00011860950,1450321.3359999999,1062.41160831895
"05","425","05425","1","000","054251000","00","05425100000","000","05425000",MACEO,"05425100000000",677519.70687700005,979.00000000000,2024,0.08776603527,0.00005538608,676987.2108999999,942.135611618621
"05","576","05576","1","000","055761000","00","05576100000","000","05576000",PUEBLORRICO,"05576100000000",719177.28599400003,1708.00000000000,2024,0.09252319297,0.00005866302,719109.2533000000,1806.21916809082
"05","579","05579","1","000","055791000","00","05579100000","000","05579000",PUERTO BERRÍO,"05579100000000",6141860.28337000031,121.00000000000,2024,0.19803425463,0.00050208286,6135524.0650000004,116.377139852083
"05","607","05607","1","000","056071000","00","05607100000","000","05607000",RETIRO,"05607100000000",1930009.26368999993,2175.00000000000,2024,0.14646166155,0.00015755707,1929396.2670000000,2168.04807849498
"05","697","05697","1","000","056971000","00","05697100000","000","05697000",EL SANTUARIO,"05697100000000",2027280.13580999989,2150.00000000000,2024,0.12644845469,0.00016555112,2026322.9760000000,2136.11981327801
"05","756","05756","1","000","057561000","00","05756100000","000","05756000",SONSÓN,"05756100000000",2677894.07340000011,2475.00000000000,2024,0.12086690570,0.00021851143,2676711.7530000000,2505.40768095672
"13","580","13580","1","000","135801000","00","13580100000","000","13580000",REGIDOR,"13580100000000",688576.41616899997,38.00000000000,2024,0.03306103889,0.00005656833,687600.7570000000,32.534295231463
"23","466","23466","1","000","234661000","00","23466100000","000","23466000",MONTELÍBANO,"23466100000000",11082309.04719999991,45.00000000000,2024,0.18315503388,0.00090840200,11078064.7300000004,47.6911255192428
"15","114","15114","1","000","151141000","00","15114100000","000","15114000",BUSBANZÁ,"15114100000000",108749.44154400000,2475.00000000000,2024,0.01599349454,0.00000887579,108529.0359000000,2473.39755483774
"15","092","15092","1","000","150921000","00","15092100000","000","15092000",BETÉITIVA,"15092100000000",168549.68194200000,2594.00000000000,2024,0.02093127121,0.00001375762,168199.8324000000,2600.15110948351
"20","383","20383","1","000","203831000","00","20383100000","000","20383000",LA GLORIA,"20383100000000",1028767.77489999996,32.00000000000,2024,0.03866746358,0.00008450542,1027297.8639999999,34.568626186712
"15","293","15293","1","000","152931000","00","15293100000","000","15293000",GACHANTIVÁ,"15293100000000",155718.73978500001,2381.00000000000,2024,0.02134438401,0.00001271196,155470.7409000000,2377.48842259457
"15","442","15442","1","000","154421000","00","15442100000","000","15442000",MARIPÍ,"15442100000000",160765.40716900001,1244.00000000000,2024,0.02133956176,0.00001312058,160557.1876000000,1278.11057416131
"15","368","15368","1","000","153681000","00","15368100000","000","15368000",JERICÓ,"15368100000000",246012.78988100000,3150.00000000000,2024,0.03058825483,0.00002008492,245464.0984000000,3083.11149714543
"15","377","15377","1","000","153771000","00","15377100000","000","15377000",LABRANZAGRANDE,"15377100000000",274758.78447100002,1437.00000000000,2024,0.02445110038,0.00002240913,274146.8073000000,1108.30174967448
"15","531","15531","1","000","155311000","00","15531100000","000","15531000",PAUNA,"15531100000000",430369.42657399998,1123.00000000000,2024,0.03782664642,0.00003512999,429804.7726000001,1125.30981201172
"15","537","15537","1","000","155371000","00","15537100000","000","15537000",PAZ DE RÍO,"15537100000000",975740.46731300000,2246.00000000000,2024,0.04886191829,0.00007965061,973677.4151000000,2249.58998897158
"15","778","15778","1","000","157781000","00","15778100000","000","15778000",SUTATENZA,"15778100000000",414294.76504099998,1927.00000000000,2024,0.03280818676,0.00003377995,413608.7124000000,1918.07157149969
"15","810","15810","1","000","158101000","00","15810100000","000","15810000",TIPACOQUE,"15810100000000",463827.78513500001,1897.00000000000,2024,0.05487792034,0.00003789113,462830.0383000000,1889.13470911097
"15","839","15839","1","000","158391000","00","15839100000","000","15839000",TUTAZÁ,"15839100000000",111183.66965800000,2870.00000000000,2024,0.01481752340,0.00000907751,110956.3257000000,2872.68169696514
"17","614","17614","1","000","176141000","00","17614100000","000","17614000",RIOSUCIO,"17614100000000",2482972.62406999990,1780.00000000000,2024,0.12360783582,0.00020243937,2482518.0980000002,1767.40808481713
"19","001","19001","1","000","190011000","00","19001100000","000","19001000",POPAYÁN,"19001100000000",33040413.57589999959,1740.00000000000,2024,0.74473838639,0.00268141453,33054304.1900000013,1756.1622716806
"19","355","19355","1","000","193551000","00","19355100000","000","19355000",INZÁ,"19355100000000",309535.67501599999,1820.00000000000,2024,0.03974664580,0.00002514082,309556.0231000000,1816.90706634521
"19","548","19548","1","000","195481000","00","19548100000","000","19548000",PIENDAMÓ,"19548100000000",5781296.66992000025,1860.00000000000,2024,0.16931814453,0.00046930033,5783453.1820000000,1828.80622409639
"23","068","23068","1","000","230681000","00","23068100000","000","23068000",AYAPEL,"23068100000000",14174094.80110000074,25.00000000000,2024,0.44722220960,0.00116302153,14166152.7500000000,27.7013939798305
"23","090","23090","1","000","230901000","00","23090100000","000","23090000",CANALETE,"23090100000000",716053.65255100001,54.00000000000,2024,0.04200697859,0.00005876283,716157.3808000000,51.0139018657596
"25","154","25154","1","000","251541000","00","25154100000","000","25154000",CARMEN DE CARUPA,"25154100000000",443565.31562100002,2958.00000000000,2024,0.02572117598,0.00003618871,442961.1077000000,2961.20659363945
"25","035","25035","1","000","250351000","00","25035100000","000","25035000",ANAPOIMA,"25035100000000",5506897.11851000041,720.00000000000,2024,0.17040423960,0.00044874172,5501665.2829999998,721.579684850412
"25","178","25178","1","000","251781000","00","25178100000","000","25178000",CHIPAQUE,"25178100000000",305125.60025299998,2440.00000000000,2024,0.02576399267,0.00002486138,304738.8981000000,2442.80749860491
"25","288","25288","1","000","252881000","00","25288100000","000","25288000",FÚQUENE,"25288100000000",192590.45954300000,2857.00000000000,2024,0.02189417207,0.00001571383,192314.8217000000,2856.49738103693
"25","513","25513","1","000","255131000","00","25513100000","000","25513000",PACHO,"25513100000000",4162083.33507000003,1700.00000000000,2024,0.19101129948,0.00033945784,4157108.9040000001,1788.86011316342
"25","754","25754","1","000","257541000","00","25754100000","000","25754000",SOACHA,"25754100000000",31700784.86820000410,2556.00000000000,2024,0.45940716020,0.00258341182,31664151.9200000018,2575.02104955088
"25","785","25785","1","000","257851000","00","25785100000","000","25785000",TABIO,"25785100000000",1011517.49257000000,2593.00000000000,2024,0.08999379290,0.00008247198,1010269.0880000000,2588.88123264786
"25","805","25805","1","000","258051000","00","25805100000","000","25805000",TIBACUY,"25805100000000",235428.73282000000,1654.00000000000,2024,0.03046495562,0.00001917936,235193.4018000000,1645.486328125
"25","823","25823","1","000","258231000","00","25823100000","000","25823000",TOPAIPÍ,"25823100000000",279018.11854100000,1336.00000000000,2024,0.04257926383,0.00002276337,278710.9558000000,1333.12826833417
"25","898","25898","1","000","258981000","00","25898100000","000","25898000",ZIPACÓN,"25898100000000",245235.66143499999,2542.00000000000,2024,0.02523680008,0.00001998972,244978.6025000000,2536.28630960399
"27","205","27205","1","000","272051000","00","27205100000","000","27205000",CONDOTO,"27205100000000",1187322.93041000003,61.00000000000,2024,0.07041042051,0.00009663607,1187847.5179999999,67.2921480528066
"27","800","27800","1","000","278001000","00","27800100000","000","27800000",UNGUÍA,"27800100000000",1136629.27172000008,15.00000000000,2024,0.06270173688,0.00009297936,1137430.4140000001,13.2876714449662
"41","132","41132","1","000","411321000","00","41132100000","000","41132000",CAMPOALEGRE,"41132100000000",3602256.91513000010,790.00000000000,2024,0.16667973674,0.00029282435,3600737.6510000001,528.244084222633
"41","668","41668","1","000","416681000","00","41668100000","000","41668000",SAN AGUSTÍN,"41668100000000",2142193.69085999997,1730.00000000000,2024,0.13665472802,0.00017386868,2142630.9759999998,1638.81841044027
"50","001","50001","1","000","500011000","00","50001100000","000","50001000",VILLAVICENCIO,"50001100000000",68840167.38189999759,465.00000000000,2024,1.37218144970,0.00560642819,68733856.1599999964,427.529826018834
"47","245","47245","1","000","472451000","00","47245100000","000","47245000",EL BANCO,"47245100000000",5761484.66849000007,27.00000000000,2024,0.20985903516,0.00047375677,5753885.4390000002,30.0885705544131
"47","703","47703","1","000","477031000","00","47703100000","000","47703000",SAN ZENÓN,"47703100000000",435436.48975600000,16.00000000000,2024,0.03741042173,0.00003582653,435008.9079000000,19.1818639967177
"47","980","47980","1","000","479801000","00","47980100000","000","47980000",PRADO - SEVILLA,"47980100000000",577605.45646400005,26.00000000000,2024,0.04510648598,0.00004774312,576902.8479000002,25.5243273311191
"50","313","50313","1","000","503131000","00","50313100000","000","50313000",GRANADA,"50313100000000",11942031.59149999917,372.00000000000,2024,0.26036412461,0.00097195268,11924243.4299999997,334.610141024026
"52","019","52019","1","000","520191000","00","52019100000","000","52019000",SAN JOSÉ,"52019100000000",421203.78569400002,1910.00000000000,2024,0.04376038123,0.00003413548,421516.3150000000,1910.4333833735
"52","356","52356","1","000","523561000","00","52356100000","000","52356000",IPIALES,"52356100000000",14321594.34429999813,2900.00000000000,2024,0.32590881754,0.00115907890,14337618.5899999999,2885.79785625751
"52","480","52480","1","000","524801000","00","52480100000","000","52480000",NARIÑO,"52480100000000",336716.17364300002,2362.00000000000,2024,0.03372899278,0.00002727171,337028.1197000000,2357.14205129523
"54","128","54128","1","000","541281000","00","54128100000","000","54128000",CÁCHIRA,"54128100000000",209221.85624500000,1998.00000000000,2024,0.02881275702,0.00001714407,208819.9474000000,1996.68886820475
"54","223","54223","1","000","542231000","00","54223100000","000","54223000",CUCUTILLA,"54223100000000",319963.67956399999,1314.00000000000,2024,0.03313033469,0.00002620134,319293.0661000000,1285.48823242187
"54","418","54418","1","000","544181000","00","54418100000","000","54418000",LOURDES,"54418100000000",211057.94209999999,1412.00000000000,2024,0.03616348826,0.00001730024,210623.9205000000,1410.89692101112
"68","745","68745","1","000","687451000","00","68745100000","000","68745000",SIMACOTA,"68745100000000",383458.48455100000,1069.00000000000,2024,0.02605058954,0.00003134006,382795.8880000000,1063.44263756793
"63","212","63212","1","000","632121000","00","63212100000","000","63212000",CÓRDOBA,"63212100000000",471033.43597599998,1450.00000000000,2024,0.03999401132,0.00003834656,470944.8816000000,1498.07668013139
"63","690","63690","1","000","636901000","00","63690100000","000","63690000",SALENTO,"63690100000000",834537.99831099994,1990.00000000000,2024,0.05809299446,0.00006796912,834316.1152999999,1981.62030883789
"68","209","68209","1","000","682091000","00","68209100000","000","68209000",CONFINES,"68209100000000",221751.33963999999,1516.00000000000,2024,0.03446839244,0.00001811992,221353.5890000000,1507.96571777344
"68","320","68320","1","000","683201000","00","68320100000","000","68320000",GUADALUPE,"68320100000000",680993.31276400003,1419.00000000000,2024,0.05513379808,0.00005563873,679849.7279000002,1434.52040765224
"68","370","68370","1","000","683701000","00","68370100000","000","68370000",JORDÁN SUBE,"68370100000000",47734.01632640000,447.00000000000,2024,0.00969153334,0.00000390303,47643.9233900000,442.766123453776
"68","397","68397","1","000","683971000","00","68397100000","000","68397000",LA PAZ,"68397100000000",231838.31830099999,1900.00000000000,2024,0.02792322991,0.00001894049,231475.2116000000,1905.40432504507
"68","425","68425","1","000","684251000","00","68425100000","000","68425000",MACARAVITA,"68425100000000",80331.96525220000,2290.00000000000,2024,0.01310436985,0.00000656304,80154.0188600000,2289.10311889648
"68","755","68755","1","000","687551000","00","68755100000","000","68755000",SOCORRO,"68755100000000",4127164.35148000019,1250.00000000000,2024,0.15489467123,0.00033731429,4119817.3730000001,1271.60461100594
"73","236","73236","1","000","732361000","00","73236100000","000","73236000",DOLORES,"73236100000000",693110.28882899997,1441.00000000000,2024,0.04789143856,0.00005640204,692620.1721000000,1435.35928381495
"73","349","73349","1","000","733491000","00","73349100000","000","73349000",HONDA,"73349100000000",10153652.40579999983,244.00000000000,2024,0.32241391800,0.00082810844,10145511.6300000008,250.747795034278
"73","411","73411","1","000","734111000","00","73411100000","000","73411000",LÍBANO,"73411100000000",3639668.68421000009,1601.00000000000,2024,0.13135515802,0.00029666687,3637481.2579999999,1569.77933947096
"73","504","73504","1","000","735041000","00","73504100000","000","73504000",ORTEGA,"73504100000000",3237150.82829000009,390.00000000000,2024,0.08766546812,0.00026348834,3235556.1299999999,385.970750317966
"76","109","76109","1","000","761091000","00","76109100000","000","76109000","BUENAVENTURA, DISTRITO ESPECIAL, INDUSTRIAL, PORTUARIO, BIODIVERSO Y ECOTURÍSTICO","76109100000000",33092423.13439999893,7.00000000000,2024,0.69570184891,0.00268738451,33115140.8399999999,20.2219972845322
"76","111","76111","1","000","761111000","00","76111100000","000","76111000",GUADALAJARA DE BUGA,"76111100000000",11638122.03429999948,969.00000000000,2024,0.27052777797,0.00094620137,11640642.0099999998,974.783643305696
"76","122","76122","1","000","761221000","00","76122100000","000","76122000",CAICEDONIA,"76122100000000",2888543.23092000000,1156.00000000000,2024,0.14592116564,0.00023510260,2888272.0940000000,1152.43931642053
"76","275","76275","1","000","762751000","00","76275100000","000","76275000",FLORIDA,"76275100000000",3479087.71046000021,1045.00000000000,2024,0.13821848865,0.00028270551,3479700.3410000000,1042.24875835344
"76","377","76377","1","000","763771000","00","76377100000","000","76377000",LA CUMBRE,"76377100000000",810671.84193200001,1552.00000000000,2024,0.06998691383,0.00006586500,810989.7552000000,1563.24249066363
"76","403","76403","1","000","764031000","00","76403100000","000","76403000",LA VICTORIA,"76403100000000",2318392.73913000012,942.00000000000,2024,0.10108046128,0.00018870024,2318487.4270000001,924.185041764203
"76","736","76736","1","000","767361000","00","76736100000","000","76736000",SEVILLA,"76736100000000",4048957.23347999994,1623.00000000000,2024,0.17967932082,0.00032948665,4048847.4980000001,1623.01436131795
"76","892","76892","1","000","768921000","00","76892100000","000","76892000",YUMBO,"76892100000000",33653506.57590000331,955.00000000000,2024,0.51047846342,0.00273422096,33665308.1199999973,977.071002415525
"81","794","81794","1","000","817941000","00","81794100000","000","81794000",TAME,"81794100000000",9702700.65120000020,360.00000000000,2024,0.27222239548,0.00079185293,9675907.0710000005,357.386434658605
"85","263","85263","1","000","852631000","00","85263100000","000","85263000",PORE,"85263100000000",1796788.54859000002,284.00000000000,2024,0.06038640203,0.00014649214,1792100.8880000000,283.414906238374
"85","440","85440","1","000","854401000","00","85440100000","000","85440000",VILLANUEVA,"85440100000000",4938888.43341999967,282.00000000000,2024,0.24053837226,0.00040234527,4929011.6059999997,285.253030422045
"91","001","91001","1","000","910011000","00","91001100000","000","91001000",LETICIA,"91001100000000",12840885.11849999800,79.00000000000,2024,0.21165394358,0.00104049008,12790030.6500000004,77.8862312250463
"25","290","25290","1","000","252901000","00","25290100000","000","25290000",FUSAGASUGÁ,"25290100000000",14472631.18469999917,1765.00000000000,2024,0.31658549830,0.00117902327,14457430.9600000009,1668.75626685423
"68","081","68081","1","000","680811000","00","68081100000","000","68081000","BARRANCABERMEJA, DISTRITO ESPECIAL, PORTUARIO, BIODIVERSO, INDUSTRIAL Y TURÍSTICO","68081100000000",32826899.27889999747,75.00000000000,2024,0.40939359870,0.00268670297,32781020.8500000015,88.1945894404848
"25","743","25743","1","000","257431000","00","25743100000","000","25743000",SILVANIA,"25743100000000",7319357.21616999898,1367.00000000000,2024,0.21508783879,0.00059630823,7311814.0520000001,1380.95561434711
"76","147","76147","1","000","761471000","00","76147100000","000","76147000",CARTAGO,"76147100000000",19367944.84690000117,920.00000000000,2024,0.39596680165,0.00157709000,19367287.6299999990,920.328541974979
"68","276","68276","1","000","682761000","00","68276100000","000","68276000",FLORIDABLANCA,"68276100000000",17156098.31019999832,847.00000000000,2024,0.30870089392,0.00140377160,17123759.1099999994,899.567953269237
"15","820","15820","1","000","158201000","00","15820100000","000","15820000",TÓPAGA,"15820100000000",361398.25500300003,2884.00000000000,2024,0.02494718041,0.00002949186,360653.5140000000,2890.56997070312
"44","279","44279","1","000","442791000","00","44279100000","000","44279000",FONSECA,"44279100000000",5528543.39321000036,12.00000000000,2024,0.14160797175,0.00045695216,5517266.4050000003,181.251678143615
"15","464","15464","1","000","154641000","00","15464100000","000","15464000",MONGUA,"15464100000000",737837.58748400002,2972.00000000000,2024,0.04146205673,0.00006020812,736300.6388000000,2967.52446738057
"73","449","73449","1","000","734491000","00","73449100000","000","73449000",MELGAR,"73449100000000",14277498.73630000092,367.00000000000,2024,0.30068907707,0.00116284905,14264999.8800000008,343.292485186267
"76","823","76823","1","000","768231000","00","76823100000","000","76823000",TORO,"76823100000000",1951458.62452000007,949.00000000000,2024,0.11939878601,0.00015884500,1951589.3450000000,951.276631051276
"76","020","76020","1","000","760201000","00","76020100000","000","76020000",ALCALÁ,"76020100000000",1127320.26955999993,1290.00000000000,2024,0.08627287406,0.00009180096,1127175.1990000000,1240.87882215712
"15","466","15466","1","000","154661000","00","15466100000","000","15466000",MONGUÍ,"15466100000000",797375.59386499994,2928.00000000000,2024,0.05175897878,0.00006506559,795741.2434000000,2910.30271862399
"54","874","54874","1","000","548741000","00","54874100000","000","54874000",VILLA DEL ROSARIO,"54874100000000",19217939.76509999856,440.00000000000,2024,0.34516488626,0.00157442431,19173905.1499999985,398.776740835494
"15","491","15491","1","000","154911000","00","15491100000","000","15491000",NOBSA,"15491100000000",1467664.77015000000,2505.00000000000,2024,0.08352876618,0.00011977765,1464740.7470000000,2496.14113469709
"15","806","15806","1","000","158061000","00","15806100000","000","15806000",TIBASOSA,"15806100000000",1354149.60522000003,2514.00000000000,2024,0.06634172027,0.00011051426,1351506.8850000000,2517.28798888781
"76","845","76845","1","000","768451000","00","76845100000","000","76845000",ULLOA,"76845100000000",451085.46147400001,1350.00000000000,2024,0.05927913652,0.00003673625,451014.9097000000,1380.4671875
"15","272","15272","1","000","152721000","00","15272100000","000","15272000",FIRAVITOBA,"15272100000000",712487.02833100001,2497.00000000000,2024,0.04312685648,0.00005813921,711093.6710000000,2492.20146424093
"76","041","76041","1","000","760411000","00","76041100000","000","76041000",ANSERMANUEVO,"76041100000000",1438677.11816000007,1035.00000000000,2024,0.07365054241,0.00011714808,1438691.9190000000,951.669349939683
"66","400","66400","1","000","664001000","00","66400100000","000","66400000",LA VIRGINIA,"66400100000000",2159257.99242000002,910.00000000000,2024,0.10257798123,0.00017587130,2159120.7749999999,901.79198401744
"70","742","70742","1","000","707421000","00","70742100000","000","70742000",SINCÉ,"70742100000000",3041228.55621000007,135.00000000000,2024,0.18656299322,0.00025015142,3039508.4610000001,134.847302589954
"63","594","63594","1","000","635941000","00","63594100000","000","63594000",QUIMBAYA,"63594100000000",2992967.18814999983,1284.00000000000,2024,0.11141652843,0.00024371264,2992553.7100000000,1300.85908468951
"47","545","47545","1","000","475451000","00","47545100000","000","47545000",PIJIÑO,"47545100000000",910202.26358899998,21.00000000000,2024,0.07609168727,0.00007490777,909284.8075999999,22.4093369438535
"27","745","27745","1","000","277451000","00","27745100000","000","27745000",SIPÍ,"27745100000000",413355.51068100001,78.00000000000,2024,0.02598396545,0.00003362190,413537.2830000000,48.6152962493897
"68","406","68406","1","000","684061000","00","68406100000","000","68406000",LEBRIJA,"68406100000000",2918913.88329999987,1045.00000000000,2024,0.09039650285,0.00023887237,2913640.1949999998,1028.98591707191
"63","272","63272","1","000","632721000","00","63272100000","000","63272000",FILANDIA,"63272100000000",829287.94915300002,1878.00000000000,2024,0.07440685579,0.00006753947,829115.0542000000,1897.580078125
"73","686","73686","1","000","736861000","00","73686100000","000","73686000",SANTA ISABEL,"73686100000000",257556.35179099999,2270.00000000000,2024,0.05006710077,0.00002098656,257407.8025000000,2262.81313139817
"76","054","76054","1","000","760541000","00","76054100000","000","76054000",ARGELIA,"76054100000000",374672.06377800001,1530.00000000000,2024,0.04870043155,0.00003050101,374707.5558000000,1518.12086704799
"73","043","73043","1","000","730431000","00","73043100000","000","73043000",ANZOÁTEGUI,"73043100000000",241891.47666600000,1966.00000000000,2024,0.05344851450,0.00001970794,241751.3591000000,1946.93281773158
"47","258","47258","1","000","472581000","00","47258100000","000","47258000",EL PIÑÓN,"47258100000000",933639.94329900004,8.00000000000,2024,0.04657205910,0.00007707097,932912.4063000000,6.39595472603513
"25","899","25899","1","000","258991000","00","25899100000","000","25899000",ZIPAQUIRÁ,"25899100000000",10264765.98310000077,2652.00000000000,2024,0.20894219542,0.00083704906,10251412.0600000005,2601.5373571565
"44","847","44847","1","000","448471000","00","44847100000","000","44847000",URIBIA,"44847100000000",7626869.93168999907,23.00000000000,2024,0.20761261490,0.00063182897,7608533.4139999999,24.6436351553459
"47","660","47660","1","000","476601000","00","47660100000","000","47660000",SAN ÁNGEL,"47660100000000",803076.15850400005,133.00000000000,2024,0.05437019870,0.00006622846,802138.6977000000,129.160430593589
"70","708","70708","1","000","707081000","00","70708100000","000","70708000",SAN MARCOS,"70708100000000",7141409.19715999998,27.00000000000,2024,0.20462503083,0.00058649356,7137337.8190000001,26.4805071297415
"13","248","13248","1","000","132481000","00","13248100000","000","13248000",EL GUAMO,"13248100000000",780158.05766399996,86.00000000000,2024,0.07282241528,0.00006432304,779628.0890000000,73.2767027578046
"05","380","05380","1","000","053801000","00","05380100000","000","05380000",LA ESTRELLA,"05380100000000",7314977.25033000018,1775.00000000000,2024,0.30190103433,0.00059717732,7313303.4670000002,1727.30390016071
"25","269","25269","1","000","252691000","00","25269100000","000","25269000",FACATATIVÁ,"25269100000000",7883384.15667000040,2598.00000000000,2024,0.30252271721,0.00064264470,7874967.6420000000,2602.83731875212
"47","555","47555","1","000","475551000","00","47555100000","000","47555000",PLATO,"47555100000000",7887365.38195999991,20.00000000000,2024,0.14122250465,0.00064991009,7881048.7630000003,31.3226306947887
"25","286","25286","1","000","252861000","00","25286100000","000","25286000",FUNZA,"25286100000000",7793874.39006999973,2552.00000000000,2024,0.25925489400,0.00063526678,7784795.3940000003,2547.82371396197
"85","010","85010","1","000","850101000","00","85010100000","000","85010000",AGUAZUL,"85010100000000",4631033.49027999956,275.00000000000,2024,0.14813665317,0.00037745750,4620621.2149999999,278.711889006555
"25","473","25473","1","000","254731000","00","25473100000","000","25473000",MOSQUERA,"25473100000000",14977849.03419999965,2516.00000000000,2024,0.30414676609,0.00122081290,14960594.2799999993,2546.49709625244
"73","148","73148","1","000","731481000","00","73148100000","000","73148000",CARMEN DE APICALÁ,"73148100000000",4820539.27037000004,324.00000000000,2024,0.15497610915,0.00039257897,4816561.4479999999,319.639829378602
"05","031","05031","1","000","050311000","00","05031100000","000","05031000",AMALFI,"05031100000000",1662715.65436000004,1555.00000000000,2024,0.08638527895,0.00013600128,1661721.2050000001,1555.57742851761
"05","021","05021","1","000","050211000","00","05021100000","000","05021000",ALEJANDRÍA,"05021100000000",402125.16398399998,1817.00000000000,2024,0.04001249521,0.00003285565,401902.2995000000,1639.372421875
"05","002","05002","1","000","050021000","00","05002100000","000","05002000",ABEJORRAL,"05002100000000",1238698.08125000005,2032.00000000000,2024,0.07166207134,0.00010107903,1238247.3980000000,2165.64246465119
"05","004","05004","1","000","050041000","00","05004100000","000","05004000",ABRIAQUÍ,"05004100000000",156825.76161399999,1915.00000000000,2024,0.02674230418,0.00001280890,156834.2238000000,1917.45178833008
"05","079","05079","1","000","050791000","00","05079100000","000","05079000",BARBOSA,"05079100000000",2787815.40434999997,1306.00000000000,2024,0.15180933756,0.00022777559,2786615.8980000000,1303.7626953125
"05","036","05036","1","000","050361000","00","05036100000","000","05036000",ANGELÓPOLIS,"05036100000000",771741.78307999996,1863.00000000000,2024,0.04148415101,0.00006299458,771602.5338000000,1863.50955946181
"05","034","05034","1","000","050341000","00","05034100000","000","05034000",ANDES,"05034100000000",2092694.07483000006,1328.00000000000,2024,0.12262686859,0.00017065394,2092550.9960000000,1301.15957591573
"05","038","05038","1","000","050381000","00","05038100000","000","05038000",ANGOSTURA,"05038100000000",482127.99381900002,1706.00000000000,2024,0.05330880406,0.00003942658,481920.6134000000,1695.91518511091
"05","042","05042","1","000","050421000","00","05042100000","000","05042000",SANTA FÉ DE ANTIOQUIA,"05042100000000",3596663.54100000020,573.00000000000,2024,0.09773298120,0.00029379622,3596276.4120000000,568.3417805701
"05","040","05040","1","000","050401000","00","05040100000","000","05040000",ANORÍ,"05040100000000",1298429.32939999993,1575.00000000000,2024,0.07611859513,0.00010623646,1297711.7139999999,1570.95490977967
"05","044","05044","1","000","050441000","00","05044100000","000","05044000",ANZÁ,"05044100000000",224259.07679100000,655.00000000000,2024,0.03670517246,0.00001830931,224239.3514000000,647.073889160156
"05","051","05051","1","000","050511000","00","05051100000","000","05051000",ARBOLETES,"05051100000000",1543548.38684999989,8.00000000000,2024,0.11180722371,0.00012666025,1543955.9890000001,11.3254383494777
"05","059","05059","1","000","050591000","00","05059100000","000","05059000",ARMENIA,"05059100000000",300218.58107700001,1800.00000000000,2024,0.05109648551,0.00002450598,300179.1158000001,1768.43201760685
"05","086","05086","1","000","050861000","00","05086100000","000","05086000",BELMIRA,"05086100000000",506115.44623499998,2526.00000000000,2024,0.03749793344,0.00004135312,506008.3173000000,2515.66318111096
"05","091","05091","1","000","050911000","00","05091100000","000","05091000",BETANIA,"05091100000000",375119.31527399999,1558.00000000000,2024,0.04328032271,0.00003059129,375117.5708000000,1560.615347726
"05","093","05093","1","000","050931000","00","05093100000","000","05093000",BETULIA,"05093100000000",598375.80153099995,1644.00000000000,2024,0.06762565846,0.00004882949,598374.7297000000,1621.07843017578
"05","107","05107","1","000","051071000","00","05107100000","000","05107000",BRICEÑO,"05107100000000",499225.93788300001,1250.00000000000,2024,0.04390596531,0.00004083695,499080.6007000000,1226.55065076105
"05","113","05113","1","000","051131000","00","05113100000","000","05113000",BURITICÁ,"05113100000000",170162.60670100001,1625.00000000000,2024,0.02867265366,0.00001390318,170153.0460000000,1632.10309448242
"05","120","05120","1","000","051201000","00","05120100000","000","05120000",CÁCERES,"05120100000000",1655943.95157000003,98.00000000000,2024,0.05787134693,0.00013561778,1655243.9020000000,94.8399236043294
"05","125","05125","1","000","051251000","00","05125100000","000","05125000",CAICEDO,"05125100000000",164125.51088399999,1792.20000000000,2024,0.02001940022,0.00001340049,164124.7597000000,1794.34046088325
"05","134","05134","1","000","051341000","00","05134100000","000","05134000",CAMPAMENTO,"05134100000000",567173.83529900003,1720.00000000000,2024,0.05050111561,0.00004639167,566915.9263000002,1701.25649226262
"05","154","05154","1","000","051541000","00","05154100000","000","05154000",CAUCASIA,"05154100000000",17157984.03249999881,54.00000000000,2024,0.24953688920,0.00140665635,17148978.0799999982,59.000828279044
"05","138","05138","1","000","051381000","00","05138100000","000","05138000",CAÑASGORDAS,"05138100000000",907727.25179600006,1300.00000000000,2024,0.09809878741,0.00007416074,907747.8949000000,1270.77625641999
"05","145","05145","1","000","051451000","00","05145100000","000","05145000",CARAMANTA,"05145100000000",356853.39392900001,2115.00000000000,2024,0.03989726156,0.00002910221,356774.2345000000,2104.28526475694
"05","147","05147","1","000","051471000","00","05147100000","000","05147000",CAREPA,"05147100000000",2724131.04215000011,37.00000000000,2024,0.11926224390,0.00022285374,2725279.5830000001,39.6050995443469
"05","172","05172","1","000","051721000","00","05172100000","000","05172000",CHIGORODÓ,"05172100000000",3933067.71994999982,35.00000000000,2024,0.16171032280,0.00032167290,3934803.3190000001,34.0727669302486
"05","197","05197","1","000","051971000","00","05197100000","000","05197000",COCORNÁ,"05197100000000",811956.53610799997,1294.00000000000,2024,0.04721362089,0.00006629997,811530.9957000000,1295.02620736348
"05","206","05206","1","000","052061000","00","05206100000","000","05206000",CONCEPCIÓN,"05206100000000",608190.76056700002,1865.00000000000,2024,0.05999697211,0.00004969005,607899.7997000000,1845.79729546441
"05","234","05234","1","000","052341000","00","05234100000","000","05234000",DABEIBA,"05234100000000",2488900.70532000018,430.00000000000,2024,0.08452529459,0.00020338433,2489332.0850000000,447.694993311045
"05","237","05237","1","000","052371000","00","05237100000","000","05237000",DONMATÍAS,"05237100000000",1091990.17237000004,2173.00000000000,2024,0.07502584958,0.00008922368,1091563.5740000000,2173.31274227696
"05","240","05240","1","000","052401000","00","05240100000","000","05240000",EBÉJICO,"05240100000000",279575.59166899999,1180.00000000000,2024,0.04602459277,0.00002282865,279534.8735000000,1176.64229561942
"05","885","05885","1","000","058851000","00","05885100000","000","05885000",YALÍ,"05885100000000",561978.26493599999,1212.00000000000,2024,0.10068661018,0.00004595095,561555.7215000000,1223.9187298943
"05","250","05250","1","000","052501000","00","05250100000","000","05250000",EL BAGRE,"05250100000000",11035839.90469999984,75.00000000000,2024,0.14617035618,0.00090414827,11027210.8699999992,65.485456333263
"05","264","05264","1","000","052641000","00","05264100000","000","05264000",ENTRERRÍOS,"05264100000000",1053034.72726000007,2313.00000000000,2024,0.07490595164,0.00008604526,1052708.8840000001,2299.84386918676
"05","266","05266","1","000","052661000","00","05266100000","000","05266000",ENVIGADO,"05266100000000",13699719.32750000060,1675.00000000000,2024,0.24739799076,0.00111851415,13696085.7599999998,1630.21216405217
"05","284","05284","1","000","052841000","00","05284100000","000","05284000",FRONTINO,"05284100000000",3078422.80651000002,1335.00000000000,2024,0.12553552877,0.00025148524,3078698.4500000002,1350.7037789481
"05","282","05282","1","000","052821000","00","05282100000","000","05282000",FREDONIA,"05282100000000",2159806.49668999994,1800.00000000000,2024,0.11274501392,0.00017624624,2159367.5150000001,1817.47389993107
"05","306","05306","1","000","053061000","00","05306100000","000","05306000",GIRALDO,"05306100000000",503311.39226499997,1977.00000000000,2024,0.03741621954,0.00004111782,503298.0822000000,1983.23245442708
"05","364","05364","1","000","053641000","00","05364100000","000","05364000",JARDÍN,"05364100000000",1400916.33761999989,1765.00000000000,2024,0.05978317840,0.00011423713,1400766.0379999999,1766.46046771425
"05","310","05310","1","000","053101000","00","05310100000","000","05310000",GÓMEZ PLATA,"05310100000000",1054205.66228999989,1831.00000000000,2024,0.10755616485,0.00008618090,1053674.1210000000,1820.42245205966
"05","313","05313","1","000","053131000","00","05313100000","000","05313000",GRANADA,"05313100000000",594398.53415099997,2084.00000000000,2024,0.04284257883,0.00004854286,594086.4081000000,2078.93832484654
"05","321","05321","1","000","053211000","00","05321100000","000","05321000",GUATAPÉ,"05321100000000",697106.47257500002,1890.00000000000,2024,0.10083648045,0.00005694105,696729.0441000002,1897.16662296248
"05","315","05315","1","000","053151000","00","05315100000","000","05315000",GUADALUPE,"05315100000000",409353.02928000002,1866.00000000000,2024,0.04211192783,0.00003347286,409151.6777000000,1865.22628719249
"05","318","05318","1","000","053181000","00","05318100000","000","05318000",GUARNE,"05318100000000",1730428.70978999999,2168.00000000000,2024,0.11523214406,0.00014132734,1729809.7870000000,2147.4568352159
"05","347","05347","1","000","053471000","00","05347100000","000","05347000",HELICONIA,"05347100000000",721134.79088400002,1457.00000000000,2024,0.08509740911,0.00005887285,721013.9669999999,1436.22728450124
"05","353","05353","1","000","053531000","00","05353100000","000","05353000",HISPANIA,"05353100000000",683889.91908200004,950.00000000000,2024,0.04456416844,0.00005578135,683855.0731000000,960.20760215201
"05","361","05361","1","000","053611000","00","05361100000","000","05361000",ITUANGO,"05361100000000",936768.51942499995,1614.00000000000,2024,0.07679990056,0.00007662211,936626.2312000000,1590.39512634277
"05","368","05368","1","000","053681000","00","05368100000","000","05368000",JERICÓ,"05368100000000",1491308.98090000008,1978.00000000000,2024,0.09973529383,0.00012165211,1491114.7720000001,1967.07785365513
"05","376","05376","1","000","053761000","00","05376100000","000","05376000",LA CEJA,"05376100000000",4029725.54273999995,2150.00000000000,2024,0.13293264231,0.00032896776,4028256.8870000001,2143.11979510769
"05","390","05390","1","000","053901000","00","05390100000","000","05390000",LA PINTADA,"05390100000000",1584406.58220999991,640.00000000000,2024,0.09946123985,0.00012925883,1584016.2160000000,593.014707150667
"05","400","05400","1","000","054001000","00","05400100000","000","05400000",LA UNIÓN,"05400100000000",927491.18966999999,2477.00000000000,2024,0.07456625999,0.00007571281,927111.7956000000,2474.76884765625
"05","411","05411","1","000","054111000","00","05411100000","000","05411000",LIBORINA,"05411100000000",337696.89229900000,712.00000000000,2024,0.03424632454,0.00002759202,337657.2511000000,698.860574861852
"05","467","05467","1","000","054671000","00","05467100000","000","05467000",MONTEBELLO,"05467100000000",412071.01766000001,2346.00000000000,2024,0.03591109475,0.00003363194,411946.3387000000,2336.89488500478
"05","475","05475","1","000","054751000","00","05475100000","000","05475000",MURINDÓ,"05475100000000",684748.89746000001,7.00000000000,2024,0.05298957108,0.00005590664,685116.2627000000,8.51103060758567
"05","480","05480","1","000","054801000","00","05480100000","000","05480000",MUTATÁ,"05480100000000",646645.81631300005,140.00000000000,2024,0.04041457361,0.00005285656,646830.1261000000,131.729301251863
"05","483","05483","1","000","054831000","00","05483100000","000","05483000",NARIÑO,"05483100000000",805483.42552199995,1641.00000000000,2024,0.05060196860,0.00006572070,805057.8099000000,1672.94982253864
"05","501","05501","1","000","055011000","00","05501100000","000","05501000",OLAYA,"05501100000000",50812.58493020000,490.00000000000,2024,0.01472187463,0.00000415130,50806.6006200000,499.505554199219
"05","490","05490","1","000","054901000","00","05490100000","000","05490000",NECOCLÍ,"05490100000000",2835567.91342000011,8.00000000000,2024,0.15180392157,0.00023230329,2836991.5920000002,8.695441667574
"05","495","05495","1","000","054951000","00","05495100000","000","05495000",NECHÍ,"05495100000000",1598111.66238999995,31.00000000000,2024,0.06209857646,0.00013108434,1596835.5740000000,35.8372006265741
"05","541","05541","1","000","055411000","00","05541100000","000","05541000",PEÑOL,"05541100000000",1203956.13614000008,1966.00000000000,2024,0.06228341421,0.00009833362,1203369.3610000000,1963.11040534173
"05","543","05543","1","000","055431000","00","05543100000","000","05543000",PEQUE,"05543100000000",514792.74603300000,1195.00000000000,2024,0.04344626462,0.00004208704,514763.9362000000,1177.39436073909
"05","585","05585","1","000","055851000","00","05585100000","000","05585000",PUERTO NARE,"05585100000000",874091.22958299995,1809.00000000000,2024,0.04181929122,0.00007141122,873288.7644000000,131.933422126392
"05","591","05591","1","000","055911000","00","05591100000","000","05591000",PUERTO TRIUNFO,"05591100000000",472443.48594699998,150.00000000000,2024,0.05341546703,0.00003857501,472028.0944000000,154.578468754606
"05","604","05604","1","000","056041000","00","05604100000","000","05604000",REMEDIOS,"05604100000000",3052426.84573999979,671.00000000000,2024,0.12204139033,0.00024978081,3049846.0140000000,697.712038172985
"05","631","05631","1","000","056311000","00","05631100000","000","05631000",SABANETA,"05631100000000",5065028.56006000005,1550.00000000000,2024,0.14781284868,0.00041350903,5063795.8490000004,1623.14393983683
"05","628","05628","1","000","056281000","00","05628100000","000","05628000",SABANALARGA,"05628100000000",587069.70488500001,845.00000000000,2024,0.04250000788,0.00004798392,587001.6207000000,843.138804876982
"05","642","05642","1","000","056421000","00","05642100000","000","05642000",SALGAR,"05642100000000",683684.06082300004,1280.00000000000,2024,0.08227858617,0.00005577624,683680.0296000000,1283.05818436785
"05","647","05647","1","000","056471000","00","05647100000","000","05647000",SAN ANDRÉS DE CUERQUÍA,"05647100000000",748602.05600800004,1439.00000000000,2024,0.05523557015,0.00006120386,748445.5665000000,1454.20477988503
"05","649","05649","1","000","056491000","00","05649100000","000","05649000",SAN CARLOS,"05649100000000",2211054.71738999989,983.00000000000,2024,0.11239115220,0.00018060719,2209609.6579999998,976.547677210135
"05","652","05652","1","000","056521000","00","05652100000","000","05652000",SAN FRANCISCO,"05652100000000",214673.63491100000,1281.00000000000,2024,0.03713210281,0.00001752706,214549.4272000000,1270.50930551382
"05","656","05656","1","000","056561000","00","05656100000","000","05656000",SAN JERÓNIMO,"05656100000000",4988380.75255000032,780.00000000000,2024,0.17650592049,0.00040743581,4987522.1930000000,746.685685647501
"05","658","05658","1","000","056581000","00","05658100000","000","05658000",SAN JOSÉ DE LA MONTAÑA,"05658100000000",367830.92812599998,2603.00000000000,2024,0.03053069448,0.00003006858,367756.2887000000,2577.670177371
"05","659","05659","1","000","056591000","00","05659100000","000","05659000",SAN JUAN DE URABÁ,"05659100000000",1093764.26725000003,15.00000000000,2024,0.13992564457,0.00008971737,1094126.2139999999,16.9987711175796
"05","660","05660","1","000","056601000","00","05660100000","000","05660000",SAN LUIS,"05660100000000",516176.37955100002,1075.00000000000,2024,0.07281063387,0.00004215197,515841.1557000000,1064.6714555044
"05","664","05664","1","000","056641000","00","05664100000","000","05664000",SAN PEDRO DE LOS MILAGROS,"05664100000000",2159781.50009000022,2480.00000000000,2024,0.07296145627,0.00017643695,2159169.4739999999,2472.75663715106
"05","665","05665","1","000","056651000","00","05665100000","000","05665000",SAN PEDRO DE URABÁ,"05665100000000",3337329.00999999978,141.00000000000,2024,0.15643065653,0.00027346937,3338129.3199999998,137.969196884
"05","667","05667","1","000","056671000","00","05667100000","000","05667000",SAN RAFAEL,"05667100000000",1326370.47710000002,1139.00000000000,2024,0.07596945463,0.00010836177,1325538.0800000001,1003.91285840771
"05","670","05670","1","000","056701000","00","05670100000","000","05670000",SAN ROQUE,"05670100000000",669385.46693200001,1426.00000000000,2024,0.05141952224,0.00005470774,668960.7888000000,1433.55372032752
"05","674","05674","1","000","056741000","00","05674100000","000","05674000",SAN VICENTE,"05674100000000",995551.47660000005,2160.00000000000,2024,0.07657164308,0.00008131623,995124.4836000000,2152.68394754701
"05","686","05686","1","000","056861000","00","05686100000","000","05686000",SANTA ROSA DE OSOS,"05686100000000",5374252.74340999965,2547.00000000000,2024,0.17063953965,0.00043922742,5372387.8430000003,2549.66772653477
"05","679","05679","1","000","056791000","00","05679100000","000","05679000",SANTA BÁRBARA,"05679100000000",1060361.99227999989,1800.00000000000,2024,0.09089144908,0.00008652924,1060071.9820000001,1776.42921267532
"05","690","05690","1","000","056901000","00","05690100000","000","05690000",SANTO DOMINGO,"05690100000000",537575.86924300005,1975.00000000000,2024,0.07149709278,0.00004393014,537285.9840000002,1954.78057570685
"05","736","05736","1","000","057361000","00","05736100000","000","05736000",SEGOVIA,"05736100000000",3828440.92980000004,646.00000000000,2024,0.11893927695,0.00031331491,3825211.9679999999,663.330787981539
"05","761","05761","1","000","057611000","00","05761100000","000","05761000",SOPETRÁN,"05761100000000",3954345.57451999979,760.00000000000,2024,0.12141527098,0.00032300518,3953716.4980000001,733.866051744073
"05","789","05789","1","000","057891000","00","05789100000","000","05789000",TÁMESIS,"05789100000000",1240814.70527000003,1638.00000000000,2024,0.06377662552,0.00010120397,1240596.1380000000,1624.80195553202
"05","790","05790","1","000","057901000","00","05790100000","000","05790000",TARAZÁ,"05790100000000",1900105.81634999998,125.00000000000,2024,0.10405321590,0.00015560865,1899363.4660000000,117.578421359592
"05","792","05792","1","000","057921000","00","05792100000","000","05792000",TARSO,"05792100000000",413327.93871900003,1235.00000000000,2024,0.04893046272,0.00003371989,413284.0882000000,1342.61038985907
"05","809","05809","1","000","058091000","00","05809100000","000","05809000",TITIRIBÍ,"05809100000000",479443.02489399997,1550.00000000000,2024,0.05775471440,0.00003912869,479381.8910000000,1530.63520507812
"05","842","05842","1","000","058421000","00","05842100000","000","05842000",URAMITA,"05842100000000",305965.50516200002,702.00000000000,2024,0.07432156472,0.00002500012,306001.1251000000,668.075931324678
"05","847","05847","1","000","058471000","00","05847100000","000","05847000",URRAO,"05847100000000",2342883.76902000001,1865.00000000000,2024,0.13248641155,0.00019122459,2343105.7829999998,1844.23720146628
"05","854","05854","1","000","058541000","00","05854100000","000","05854000",VALDIVIA,"05854100000000",426303.07415499998,1100.00000000000,2024,0.05529339632,0.00003487903,426148.0050000000,1084.9464584662
"05","856","05856","1","000","058561000","00","05856100000","000","05856000",VALPARAÍSO,"05856100000000",672161.55961999996,1360.00000000000,2024,0.04337064642,0.00005482334,672003.6944000000,1359.42186881922
"05","858","05858","1","000","058581000","00","05858100000","000","05858000",VEGACHÍ,"05858100000000",1076892.85883000004,997.00000000000,2024,0.07611710905,0.00008807242,1076053.7840000000,974.54087305069
"05","873","05873","1","000","058731000","00","05873100000","000","05873000",VIGÍA DEL FUERTE,"05873100000000",655071.07889899996,13.00000000000,2024,0.03674491532,0.00005343423,655458.4661000000,13.1706355794271
"05","861","05861","1","000","058611000","00","05861100000","000","05861000",VENECIA,"05861100000000",1286615.21475999989,1326.00000000000,2024,0.06790675634,0.00010499194,1286404.3910000001,1314.52440999349
"05","887","05887","1","000","058871000","00","05887100000","000","05887000",YARUMAL,"05887100000000",2554407.40933000017,2353.00000000000,2024,0.12269429028,0.00020890989,2553446.9780000001,2266.35028627325
"05","890","05890","1","000","058901000","00","05890100000","000","05890000",YOLOMBÓ,"05890100000000",2586108.34255000018,1439.00000000000,2024,0.08977074346,0.00021140368,2584456.8920000000,1441.90184101305
"05","893","05893","1","000","058931000","00","05893100000","000","05893000",YONDÓ,"05893100000000",3022583.51101000002,74.00000000000,2024,0.09639791930,0.00024735229,3018483.5619999999,77.9933927503683
"05","895","05895","1","000","058951000","00","05895100000","000","05895000",ZARAGOZA,"05895100000000",1769948.38155000005,67.00000000000,2024,0.09411314809,0.00014496894,1768643.3210000000,73.7786338096441
"08","137","08137","1","000","081371000","00","08137100000","000","08137000",CAMPO DE LA CRUZ,"08137100000000",3405439.22357999999,7.00000000000,2024,0.10211209703,0.00028108641,3402911.6970000002,5.74272444734409
"08","141","08141","1","000","081411000","00","08141100000","000","08141000",CANDELARIA,"08141100000000",1324456.03826000006,8.00000000000,2024,0.09283185157,0.00010934982,1323471.4480000001,10.2158902083573
"08","372","08372","1","000","083721000","00","08372100000","000","08372000",JUAN DE ACOSTA,"08372100000000",2320470.55643999996,70.00000000000,2024,0.09708205582,0.00019179386,2318979.2409999999,45.4209426824194
"08","436","08436","1","000","084361000","00","08436100000","000","08436000",MANATÍ,"08436100000000",2518080.08033999987,10.00000000000,2024,0.10461525021,0.00020788153,2516332.4589999998,9.29438490134019
"08","520","08520","1","000","085201000","00","08520100000","000","08520000",PALMAR DE VARELA,"08520100000000",2859571.52459000004,10.00000000000,2024,0.07958120845,0.00023631308,2857213.4720000001,5.65198303597414
"08","560","08560","1","000","085601000","00","08560100000","000","08560000",PONEDERA,"08560100000000",1759195.64602000010,11.00000000000,2024,0.06629228520,0.00014533362,1757744.8689999999,11.3302503310109
"08","549","08549","1","000","085491000","00","08549100000","000","08549000",PIOJÓ,"08549100000000",449519.56338000001,351.00000000000,2024,0.05167119238,0.00003714265,449249.9897000000,309.50820645419
"08","558","08558","1","000","085581000","00","08558100000","000","08558000",POLONUEVO,"08558100000000",1510148.93286999990,80.00000000000,2024,0.11390059885,0.00012480806,1508997.8750000000,80.6531498248761
"08","606","08606","1","000","086061000","00","08606100000","000","08606000",REPELÓN,"08606100000000",2146086.03976000007,15.00000000000,2024,0.06940304462,0.00017717893,2144827.2710000002,12.2648339952741
"08","675","08675","1","000","086751000","00","08675100000","000","08675000",SANTA LUCÍA,"08675100000000",1375608.87272000010,7.00000000000,2024,0.07044963967,0.00011351988,1374657.2000000000,5.94505156263893
"08","770","08770","1","000","087701000","00","08770100000","000","08770000",SUAN,"08770100000000",1835916.15397999994,8.00000000000,2024,0.06415106108,0.00015151706,1834554.9450000001,7.17821319502403
"08","685","08685","1","000","086851000","00","08685100000","000","08685000",SANTO TOMÁS,"08685100000000",3366597.73398000002,12.00000000000,2024,0.14171534638,0.00027823112,3363827.8670000001,7.35174183727782
"08","832","08832","1","000","088321000","00","08832100000","000","08832000",TUBARÁ,"08832100000000",1006611.87717999995,242.00000000000,2024,0.07661691065,0.00008321349,1005924.7060000000,253.925469479318
"08","849","08849","1","000","088491000","00","08849100000","000","08849000",USIACURÍ,"08849100000000",1376738.39397999994,110.00000000000,2024,0.06861703312,0.00011376255,1375798.1520000000,112.794933640813
"13","042","13042","1","000","130421000","00","13042100000","000","13042000",ARENAL,"13042100000000",655943.80723200005,40.00000000000,2024,0.03882260645,0.00005385962,655065.0951000000,43.5778833364511
"13","062","13062","1","000","130621000","00","13062100000","000","13062000",ARROYOHONDO,"13062100000000",586139.50250800001,34.00000000000,2024,0.05494933575,0.00004835754,585756.7647000002,34.7326209377235
"23","660","23660","1","000","236601000","00","23660100000","000","23660000",SAHAGÚN,"23660100000000",12050494.95629999787,74.00000000000,2024,0.28280972658,0.00099016515,12046031.2699999996,78.6358663925449
"13","268","13268","1","000","132681000","00","13268100000","000","13268000",EL PEÑÓN,"13268100000000",295410.68251299998,35.00000000000,2024,0.02814889917,0.00002428974,295016.2804000000,34.8345351219177
"13","600","13600","1","000","136001000","00","13600100000","000","13600000",RÍO VIEJO,"13600100000000",700727.96244100004,36.00000000000,2024,0.04050269885,0.00005755513,699743.6328000000,36.3506542252906
"13","620","13620","1","000","136201000","00","13620100000","000","13620000",SAN CRISTÓBAL,"13620100000000",1005184.00688999996,141.00000000000,2024,0.05766312102,0.00008296395,1004556.2530000000,8.22259663720416
"13","647","13647","1","000","136471000","00","13647100000","000","13647000",SAN ESTANISLAO DE KOSTKA,"13647100000000",1967841.02781000012,24.00000000000,2024,0.08532257008,0.00016241208,1966722.7160000000,17.9089182755833
"13","654","13654","1","000","136541000","00","13654100000","000","13654000",SAN JACINTO,"13654100000000",3953565.67648999998,259.00000000000,2024,0.10121032207,0.00032574444,3951252.1560000000,248.516859983787
"13","670","13670","1","000","136701000","00","13670100000","000","13670000",SAN PABLO,"13670100000000",2546803.44819999998,70.00000000000,2024,0.09212477780,0.00020863005,2543367.6609999998,67.3840466741681
"13","683","13683","1","000","136831000","00","13683100000","000","13683000",SANTA ROSA DE LIMA,"13683100000000",4188147.45313999988,36.00000000000,2024,0.10282301454,0.00034565786,4186346.2960000001,35.8836968356826
"15","185","15185","1","000","151851000","00","15185100000","000","15185000",CHITARAQUE,"15185100000000",248445.48168000000,1570.00000000000,2024,0.02601859045,0.00002029069,248033.2697000000,1572.7897731236
"15","236","15236","1","000","152361000","00","15236100000","000","15236000",CHIVOR,"15236100000000",133089.59741700001,1826.00000000000,2024,0.01937123979,0.00001084907,132861.8890000000,1817.12229817708
"15","238","15238","1","000","152381000","00","15238100000","000","15238000",DUITAMA,"15238100000000",12703488.81839999929,2536.00000000000,2024,0.32252803040,0.00103690768,12678956.8399999999,2536.95569564758
"13","760","13760","1","000","137601000","00","13760100000","000","13760000",SOPLAVIENTO,"13760100000000",1593517.75719000003,9.00000000000,2024,0.07575314821,0.00013151520,1592595.2509999999,5.24639930553043
"15","135","15135","1","000","151351000","00","15135100000","000","15135000",CAMPOHERMOSO,"15135100000000",305370.60446499998,1000.00000000000,2024,0.02840492661,0.00002489481,304795.3295000000,1103.70430733817
"13","894","13894","1","000","138941000","00","13894100000","000","13894000",ZAMBRANO,"13894100000000",2293123.66221000021,18.00000000000,2024,0.09705238713,0.00018892024,2291336.8259999999,14.5331100726473
"15","022","15022","1","000","150221000","00","15022100000","000","15022000",ALMEIDA,"15022100000000",161768.72841200000,1925.00000000000,2024,0.02191390856,0.00001318857,161493.0720000000,1922.0192199707
"13","838","13838","1","000","138381000","00","13838100000","000","13838000",TURBANA,"13838100000000",1145330.23754999996,80.00000000000,2024,0.09005300540,0.00009447150,1144892.5319999999,89.4882223405911
"15","047","15047","1","000","150471000","00","15047100000","000","15047000",AQUITANIA,"15047100000000",1091663.92699999991,3031.00000000000,2024,0.06232025617,0.00008905115,1089450.7900000000,3038.29704093933
"15","131","15131","1","000","151311000","00","15131100000","000","15131000",CALDAS,"15131100000000",196441.26612900000,2672.00000000000,2024,0.02724616839,0.00001603212,196169.0508000000,2668.36279296875
"15","187","15187","1","000","151871000","00","15187100000","000","15187000",CHIVATÁ,"15187100000000",248829.55483099999,2814.00000000000,2024,0.02323126604,0.00002030420,248389.9183000000,2921.28814019097
"15","051","15051","1","000","150511000","00","15051100000","000","15051000",ARCABUCO,"15051100000000",655288.10460800002,2562.00000000000,2024,0.05157490996,0.00005349208,654196.7280000000,2561.34822278145
"15","109","15109","1","000","151091000","00","15109100000","000","15109000",BUENAVISTA,"15109100000000",253465.38239899999,2453.00000000000,2024,0.02728191485,0.00002068476,253126.8534000000,2183.98863483297
"15","087","15087","1","000","150871000","00","15087100000","000","15087000",BELÉN,"15087100000000",1096145.00090999994,2646.00000000000,2024,0.05197600323,0.00008949060,1093943.3359999999,2642.36837652075
"15","090","15090","1","000","150901000","00","15090100000","000","15090000",BERBEO,"15090100000000",145159.95246000000,1902.00000000000,2024,0.01875042812,0.00001183761,144888.7047000000,1338.80634622013
"15","180","15180","1","000","151801000","00","15180100000","000","15180000",CHISCAS,"15180100000000",187732.13253300000,2498.00000000000,2024,0.02211028886,0.00001533761,187305.0404000000,2365.83825683594
"15","097","15097","1","000","150971000","00","15097100000","000","15097000",BOAVITA,"15097100000000",525384.70346200000,2168.00000000000,2024,0.05020346498,0.00004290864,524217.8711000000,2173.31610831568
"15","104","15104","1","000","151041000","00","15104100000","000","15104000",BOYACÁ,"15104100000000",319390.55498700001,2411.00000000000,2024,0.02904919804,0.00002605839,318842.8133000000,2413.17131785857
"15","106","15106","1","000","151061000","00","15106100000","000","15106000",BRICEÑO,"15106100000000",184460.70175400001,1835.00000000000,2024,0.02190015388,0.00001505789,184212.0260000000,1352.99017333984
"15","162","15162","1","000","151621000","00","15162100000","000","15162000",CERINZA,"15162100000000",480495.70908000000,2729.00000000000,2024,0.04953101181,0.00003922692,479541.9580000000,2721.05671037946
"15","172","15172","1","000","151721000","00","15172100000","000","15172000",CHINAVITA,"15172100000000",424655.32767099998,2362.00000000000,2024,0.03849598711,0.00003463111,423928.8302000001,1763.44225097656
"15","176","15176","1","000","151761000","00","15176100000","000","15176000",CHIQUINQUIRÁ,"15176100000000",6379258.28297999967,2560.00000000000,2024,0.18439700546,0.00052067693,6370222.8920000000,2560.89604822107
"15","183","15183","1","000","151831000","00","15183100000","000","15183000",CHITA,"15183100000000",562294.91475700005,3400.00000000000,2024,0.04198553096,0.00004590595,561004.4902000000,2942.12788660386
"15","189","15189","1","000","151891000","00","15189100000","000","15189000",CIÉNEGA,"15189100000000",365841.72409300000,2746.00000000000,2024,0.03335832626,0.00002984514,365198.5513000000,2464.40583385121
"15","248","15248","1","000","152481000","00","15248100000","000","15248000",EL ESPINO,"15248100000000",301133.21815500001,2139.00000000000,2024,0.02765364758,0.00002459896,300447.3059000000,2122.81922376478
"15","204","15204","1","000","152041000","00","15204100000","000","15204000",CÓMBITA,"15204100000000",523751.35314600001,2823.00000000000,2024,0.03740648436,0.00004274372,522840.1790000000,2821.32450291368
"15","212","15212","1","000","152121000","00","15212100000","000","15212000",COPER,"15212100000000",287907.42619199998,2193.00000000000,2024,0.02922379933,0.00002349418,287542.3886000000,975.514641462054
"15","500","15500","1","000","155001000","00","15500100000","000","15500000",OICATÁ,"15500100000000",350733.54733700003,2689.00000000000,2024,0.02806857314,0.00002862153,350119.8016000000,2704.53911481585
"15","215","15215","1","000","152151000","00","15215100000","000","15215000",CORRALES,"15215100000000",497674.20068600000,2650.00000000000,2024,0.05202958609,0.00004061722,496652.7597000000,2407.2232603946
"15","218","15218","1","000","152181000","00","15218100000","000","15218000",COVARACHÍA,"15218100000000",102333.98936300000,2339.00000000000,2024,0.01576705289,0.00000836152,102117.0234000000,2333.33093261719
"15","223","15223","1","000","152231000","00","15223100000","000","15223000",CUBARÁ,"15223100000000",1012156.79715000000,359.00000000000,2024,0.06112722667,0.00008273207,1009596.9260000000,371.929013482456
"15","550","15550","1","000","155501000","00","15550100000","000","15550000",PISBA,"15550100000000",192836.59298200000,1490.00000000000,2024,0.02441716892,0.00001573045,192395.5909000000,1483.42563264266
"15","224","15224","1","000","152241000","00","15224100000","000","15224000",CUCAITA,"15224100000000",342065.98122299998,2640.00000000000,2024,0.03245437710,0.00002791359,341500.0205000000,2634.69724635074
"15","226","15226","1","000","152261000","00","15226100000","000","15226000",CUÍTIVA,"15226100000000",136092.27864199999,2359.00000000000,2024,0.02258785388,0.00001110333,135823.6756000000,2727.0537109375
"15","232","15232","1","000","152321000","00","15232100000","000","15232000",SAN PEDRO DE IGUAQUE,"15232100000000",141263.00186700001,2956.00000000000,2024,0.01788592342,0.00001152928,141028.8297000000,2958.22573852539
"15","244","15244","1","000","152441000","00","15244100000","000","15244000",EL COCUY,"15244100000000",645277.67099200003,2750.00000000000,2024,0.03564248852,0.00005270111,643785.6934000000,2713.07324869792
"15","276","15276","1","000","152761000","00","15276100000","000","15276000",FLORESTA,"15276100000000",469132.23068600002,124.00000000000,2024,0.04207726096,0.00003829193,468191.8436000000,2504.62884628564
"15","425","15425","1","000","154251000","00","15425100000","000","15425000",MACANAL,"15425100000000",233804.56779299999,1674.00000000000,2024,0.02734068210,0.00001906100,233397.0772000000,1680.13410731724
"15","296","15296","1","000","152961000","00","15296100000","000","15296000",GÁMEZA,"15296100000000",417508.31820600003,2746.00000000000,2024,0.03081223257,0.00003407202,416640.6919000000,2748.06758709343
"15","299","15299","1","000","152991000","00","15299100000","000","15299000",GARAGOA,"15299100000000",2036175.29927000008,1750.00000000000,2024,0.07384636178,0.00016603072,2032686.3489999999,1658.43329291563
"15","317","15317","1","000","153171000","00","15317100000","000","15317000",GUACAMAYAS,"15317100000000",264616.69297999999,2202.00000000000,2024,0.02963560036,0.00002161511,264014.5961000000,2192.51030731201
"15","380","15380","1","000","153801000","00","15380100000","000","15380000",LA CAPILLA,"15380100000000",279980.66431099997,1789.00000000000,2024,0.02861181487,0.00002283094,279515.5724000000,1749.94840864702
"15","533","15533","1","000","155331000","00","15533100000","000","15533000",PAYA,"15533100000000",131732.61063700001,992.00000000000,2024,0.02087447024,0.00001074356,131425.9660000000,987.19367980957
"15","322","15322","1","000","153221000","00","15322100000","000","15322000",GUATEQUE,"15322100000000",1900033.39611000009,1787.00000000000,2024,0.08706695872,0.00015491864,1896910.5270000000,1796.06441026476
"15","325","15325","1","000","153251000","00","15325100000","000","15325000",GUAYATÁ,"15325100000000",318408.97185500001,1699.00000000000,2024,0.03426304825,0.00002596000,317889.4925000000,1710.23389010959
"15","332","15332","1","000","153321000","00","15332100000","000","15332000",GÜICÁN DE LA SIERRA,"15332100000000",309799.44944400003,2900.00000000000,2024,0.02645766847,0.00002530379,309076.5835000000,2883.96616498162
"15","362","15362","1","000","153621000","00","15362100000","000","15362000",IZA,"15362100000000",894565.78532799997,2580.00000000000,2024,0.08036153417,0.00007298921,892808.2020000000,2530.9011622015
"15","401","15401","1","000","154011000","00","15401100000","000","15401000",LA VICTORIA,"15401100000000",72056.72713380000,1477.00000000000,2024,0.02108566738,0.00000588049,71974.2579300000,1469.07191297743
"15","367","15367","1","000","153671000","00","15367100000","000","15367000",JENESANO,"15367100000000",801477.77482699999,2097.00000000000,2024,0.05121960094,0.00006538366,800104.1922000000,2088.96492429124
"17","013","17013","1","000","170131000","00","17013100000","000","17013000",AGUADAS,"17013100000000",1277346.83372000000,2164.00000000000,2024,0.08544375624,0.00010419886,1276904.9460000000,2172.72963169643
"15","403","15403","1","000","154031000","00","15403100000","000","15403000",LA UVITA,"15403100000000",487407.40436900000,2731.00000000000,2024,0.03166213878,0.00003980500,486316.9846000000,2374.31917177398
"15","407","15407","1","000","154071000","00","15407100000","000","15407000",VILLA DE LEYVA,"15407100000000",2475955.22049999982,2149.00000000000,2024,0.11233017170,0.00020207987,2471972.9389999998,2146.81026690486
"15","455","15455","1","000","154551000","00","15455100000","000","15455000",MIRAFLORES,"15455100000000",954136.37121999997,1510.00000000000,2024,0.05018555508,0.00007780570,952364.9331000000,1521.14150258657
"15","476","15476","1","000","154761000","00","15476100000","000","15476000",MOTAVITA,"15476100000000",233441.26865000001,2905.00000000000,2024,0.02357783830,0.00001904987,233041.8369000000,2900.90928819444
"15","494","15494","1","000","154941000","00","15494100000","000","15494000",NUEVO COLÓN,"15494100000000",430016.29205200000,2456.00000000000,2024,0.03676541512,0.00003507986,429305.4805000000,2461.8073776533
"15","469","15469","1","000","154691000","00","15469100000","000","15469000",MONIQUIRÁ,"15469100000000",3577778.99829000002,1716.00000000000,2024,0.12208172330,0.00029213387,3572137.7110000001,1688.24747323193
"15","480","15480","1","000","154801000","00","15480100000","000","15480000",MUZO,"15480100000000",743942.78463699995,840.00000000000,2024,0.06346852607,0.00006071389,743027.2478000000,859.1144683495
"15","507","15507","1","000","155071000","00","15507100000","000","15507000",OTANCHE,"15507100000000",393364.42344099999,1050.00000000000,2024,0.04744674324,0.00003210942,392900.3940000000,1050.41858949053
"15","511","15511","1","000","155111000","00","15511100000","000","15511000",PACHAVITA,"15511100000000",324913.33156100003,1986.00000000000,2024,0.03036039822,0.00002649624,324363.5241000000,1986.190234375
"15","676","15676","1","000","156761000","00","15676100000","000","15676000",SAN MIGUEL DE SEMA,"15676100000000",229195.40458700000,2616.00000000000,2024,0.02604019794,0.00001870369,228856.2966000000,2608.05543675916
"15","514","15514","1","000","155141000","00","15514100000","000","15514000",PÁEZ,"15514100000000",604938.20876299997,1293.00000000000,2024,0.05158375043,0.00004931988,603778.2618000000,1301.04164876302
"15","518","15518","1","000","155181000","00","15518100000","000","15518000",PAJARITO,"15518100000000",162782.86366599999,808.00000000000,2024,0.01952130541,0.00001327214,162433.5581000000,804.921875
"15","522","15522","1","000","155221000","00","15522100000","000","15522000",PANQUEBA,"15522100000000",228661.46190200001,2245.00000000000,2024,0.02268167211,0.00001867679,228135.0025000000,2235.96425217849
"15","542","15542","1","000","155421000","00","15542100000","000","15542000",PESCA,"15542100000000",833272.33072600001,2655.00000000000,2024,0.05312778952,0.00006798533,831673.9465000000,2628.27516641422
"15","572","15572","1","000","155721000","00","15572100000","000","15572000",PUERTO BOYACÁ,"15572100000000",4079453.20713000000,144.00000000000,2024,0.10625644191,0.00033315499,4075722.8709999998,144.615279294845
"15","580","15580","1","000","155801000","00","15580100000","000","15580000",QUÍPAMA,"15580100000000",371928.89502699999,1237.00000000000,2024,0.04200821498,0.00003035278,371489.9983000000,1234.65424138849
"15","599","15599","1","000","155991000","00","15599100000","000","15599000",RAMIRIQUÍ,"15599100000000",1399472.61226000008,2324.00000000000,2024,0.05636335287,0.00011416861,1397047.7409999999,2311.96064814815
"15","632","15632","1","000","156321000","00","15632100000","000","15632000",SABOYÁ,"15632100000000",560772.37180299999,2610.00000000000,2024,0.03949313137,0.00004577644,559958.1869000000,2613.06139755249
"15","600","15600","1","000","156001000","00","15600100000","000","15600000",RÁQUIRA,"15600100000000",642946.20107299997,2196.00000000000,2024,0.05149783324,0.00005246887,641957.3153000000,2177.45854166667
"15","621","15621","1","000","156211000","00","15621100000","000","15621000",RONDÓN,"15621100000000",175681.35464300000,2103.00000000000,2024,0.02767163459,0.00001433017,175362.4298000000,2092.83891369048
"15","638","15638","1","000","156381000","00","15638100000","000","15638000",SÁCHICA,"15638100000000",795019.96271400002,2155.00000000000,2024,0.04721948993,0.00006488225,793750.4056000002,2148.74563465948
"15","723","15723","1","000","157231000","00","15723100000","000","15723000",SATIVASUR,"15723100000000",142718.77161400000,2601.00000000000,2024,0.01934218771,0.00001165213,142413.5949000000,2604.87925720215
"15","664","15664","1","000","156641000","00","15664100000","000","15664000",SAN JOSÉ DE PARE,"15664100000000",559556.94637999998,1496.00000000000,2024,0.05807129741,0.00004570024,558664.4390000000,1489.97993278503
"15","646","15646","1","000","156461000","00","15646100000","000","15646000",SAMACÁ,"15646100000000",1246584.29670000006,2765.00000000000,2024,0.08096175571,0.00010171737,1244547.2309999999,2613.32995858028
"15","660","15660","1","000","156601000","00","15660100000","000","15660000",SAN EDUARDO,"15660100000000",299093.38298900001,1711.00000000000,2024,0.03072580441,0.00002438984,298524.8139000000,1706.75579310826
"15","667","15667","1","000","156671000","00","15667100000","000","15667000",SAN LUIS DE GACENO,"15667100000000",1169548.04875999992,461.00000000000,2024,0.06384661852,0.00009531928,1167393.5240000000,383.110662623814
"15","673","15673","1","000","156731000","00","15673100000","000","15673000",SAN MATEO,"15673100000000",393468.90244300000,2220.00000000000,2024,0.03359845654,0.00003213842,392587.5153000001,2217.29020359205
"15","681","15681","1","000","156811000","00","15681100000","000","15681000",SAN PABLO DE BORBUR,"15681100000000",142984.84079399999,687.00000000000,2024,0.02670750411,0.00001167142,142805.7953000000,684.768256692325
"15","740","15740","1","000","157401000","00","15740100000","000","15740000",SIACHOQUE,"15740100000000",463382.70556300000,2763.00000000000,2024,0.04412010731,0.00003780785,462552.5108000000,2760.15407620944
"15","763","15763","1","000","157631000","00","15763100000","000","15763000",SOTAQUIRÁ,"15763100000000",345757.51885499997,2664.00000000000,2024,0.03378018530,0.00002822271,345138.5540000000,2665.78088378906
"15","690","15690","1","000","156901000","00","15690100000","000","15690000",SANTA MARÍA,"15690100000000",826569.90813800006,899.00000000000,2024,0.05168737114,0.00006737324,825098.9043000002,828.209622065226
"15","693","15693","1","000","156931000","00","15693100000","000","15693000",SANTA ROSA DE VITERBO,"15693100000000",2031317.66219999990,2755.00000000000,2024,0.07832070604,0.00016581367,2027331.2009999999,2755.0823944344
"15","696","15696","1","000","156961000","00","15696100000","000","15696000",SANTA SOFÍA,"15696100000000",366322.16068600002,2366.00000000000,2024,0.02624572547,0.00002990290,365751.5840000000,2364.6564032976
"15","720","15720","1","000","157201000","00","15720100000","000","15720000",SATIVANORTE,"15720100000000",280163.41510799999,2635.00000000000,2024,0.02460150529,0.00002287517,279563.6346000000,2618.15703822545
"15","753","15753","1","000","157531000","00","15753100000","000","15753000",SOATÁ,"15753100000000",1243294.96549999993,1985.00000000000,2024,0.05349953172,0.00010155005,1240614.0379999999,1981.59280499309
"15","761","15761","1","000","157611000","00","15761100000","000","15761000",SOMONDOCO,"15761100000000",399794.51818700001,1684.00000000000,2024,0.02698189560,0.00003259561,399127.5206000000,1667.10494862432
"15","755","15755","1","000","157551000","00","15755100000","000","15755000",SOCOTÁ,"15755100000000",154409.14169399999,2389.00000000000,2024,0.02312754923,0.00001260458,154071.3190000000,2375.58911132812
"15","757","15757","1","000","157571000","00","15757100000","000","15757000",SOCHA,"15757100000000",725692.30604299996,2670.00000000000,2024,0.05022452906,0.00005923711,724130.7205000002,2677.35295438218
"15","762","15762","1","000","157621000","00","15762100000","000","15762000",SORA,"15762100000000",354931.51698900003,2684.00000000000,2024,0.02803357948,0.00002896448,354343.3005000000,2673.51239439499
"15","764","15764","1","000","157641000","00","15764100000","000","15764000",SORACÁ,"15764100000000",360255.71066099999,2813.00000000000,2024,0.02719189699,0.00002939433,359631.0316000000,2808.92708531822
"15","774","15774","1","000","157741000","00","15774100000","000","15774000",SUSACÓN,"15774100000000",243312.40648000001,2479.00000000000,2024,0.02466939853,0.00001986963,242788.6856000000,2483.34458188657
"15","798","15798","1","000","157981000","00","15798100000","000","15798000",TENZA,"15798100000000",306095.89796500001,1570.00000000000,2024,0.03210552335,0.00002495955,305582.7809000000,1554.06345861098
"15","776","15776","1","000","157761000","00","15776100000","000","15776000",SUTAMARCHÁN,"15776100000000",655607.12422799994,2110.00000000000,2024,0.05045966421,0.00005350908,654593.6108000000,2095.62443972857
"15","790","15790","1","000","157901000","00","15790100000","000","15790000",TASCO,"15790100000000",318748.35946000001,2539.00000000000,2024,0.02629035984,0.00002601680,318080.9258000001,2531.0667453342
"15","804","15804","1","000","158041000","00","15804100000","000","15804000",TIBANÁ,"15804100000000",647229.55300399999,2091.00000000000,2024,0.04423967413,0.00005279523,646134.1576000000,2089.25575121143
"15","808","15808","1","000","158081000","00","15808100000","000","15808000",TINJACÁ,"15808100000000",246960.22816900001,2129.00000000000,2024,0.02831815289,0.00002015510,246582.6971000000,2121.99155426025
"15","814","15814","1","000","158141000","00","15814100000","000","15814000",TOCA,"15814100000000",975988.85037000000,1814.00000000000,2024,0.06072179972,0.00007963656,974202.1229000000,2760.46134723166
"15","816","15816","1","000","158161000","00","15816100000","000","15816000",TOGÜÍ,"15816100000000",238799.20332700000,1666.00000000000,2024,0.03421422335,0.00001950022,238413.3653000000,1658.72807255498
"15","822","15822","1","000","158221000","00","15822100000","000","15822000",TOTA,"15822100000000",509195.97012999997,2868.00000000000,2024,0.03524485517,0.00004154285,508197.6123000000,2869.18803793697
"15","832","15832","1","000","158321000","00","15832100000","000","15832000",TUNUNGUÁ,"15832100000000",89486.09105160000,1274.00000000000,2024,0.01210753662,0.00000730542,89366.0284800000,1264.21584743924
"15","835","15835","1","000","158351000","00","15835100000","000","15835000",TURMEQUÉ,"15835100000000",1015067.19932000001,2381.00000000000,2024,0.06443515228,0.00008280399,1013412.5810000000,2371.58672152884
"15","837","15837","1","000","158371000","00","15837100000","000","15837000",TUTA,"15837100000000",978400.28061899997,2584.90000000000,2024,0.06814822404,0.00007985165,976638.3092000000,2567.27998471467
"15","842","15842","1","000","158421000","00","15842100000","000","15842000",ÚMBITA,"15842100000000",478270.89890999999,2483.00000000000,2024,0.03025320356,0.00003900815,477480.3609000000,2474.17158390925
"15","861","15861","1","000","158611000","00","15861100000","000","15861000",VENTAQUEMADA,"15861100000000",930264.48045599996,2638.00000000000,2024,0.04637875206,0.00007589251,928766.6814999999,2642.10286088423
"15","879","15879","1","000","158791000","00","15879100000","000","15879000",VIRACACHÁ,"15879100000000",477625.84117799997,2532.00000000000,2024,0.03063039486,0.00003896620,476786.4157000000,2533.70595617462
"15","897","15897","1","000","158971000","00","15897100000","000","15897000",ZETAQUIRA,"15897100000000",270985.51522700000,1670.00000000000,2024,0.02957755328,0.00002210101,270486.9192000000,1671.11002604167
"17","042","17042","1","000","170421000","00","17042100000","000","17042000",ANSERMA,"17042100000000",2133866.25111000007,1781.00000000000,2024,0.10315223104,0.00017391016,2133592.6480000000,1751.11951909199
"17","272","17272","1","000","172721000","00","17272100000","000","17272000",FILADELFIA,"17272100000000",435689.79480999999,1580.00000000000,2024,0.04705418574,0.00003551976,435570.3917000000,1586.13462919347
"17","050","17050","1","000","170501000","00","17050100000","000","17050000",ARANZAZU,"17050100000000",596456.17506799998,1920.00000000000,2024,0.06533633679,0.00004862736,596264.9325000000,1881.36126794949
"17","088","17088","1","000","170881000","00","17088100000","000","17088000",BELALCÁZAR,"17088100000000",594848.01157900004,1590.00000000000,2024,0.09808705251,0.00004846081,594783.1838000000,1572.95882857473
"17","174","17174","1","000","171741000","00","17174100000","000","17174000",CHINCHINÁ,"17174100000000",4973683.48364000022,1380.00000000000,2024,0.19314433169,0.00040527094,4972469.6509999996,1362.87873397671
"17","388","17388","1","000","173881000","00","17388100000","000","17388000",LA MERCED,"17388100000000",400885.52662100003,1819.00000000000,2024,0.07177932816,0.00003268797,400771.2859000000,1800.55244628906
"17","433","17433","1","000","174331000","00","17433100000","000","17433000",MANZANARES,"17433100000000",1297590.81364000007,1871.00000000000,2024,0.12234630464,0.00010581339,1296886.8899999999,1870.28302284898
"17","442","17442","1","000","174421000","00","17442100000","000","17442000",MARMATO,"17442100000000",222882.12021800000,1313.00000000000,2024,0.02776403014,0.00001817508,222826.3542000000,1304.11069335938
"17","444","17444","1","000","174441000","00","17444100000","000","17444000",MARQUETALIA,"17444100000000",749659.64405300003,1562.00000000000,2024,0.12532313015,0.00006113959,749204.9301999999,1539.05137169879
"17","446","17446","1","000","174461000","00","17446100000","000","17446000",MARULANDA,"17446100000000",179004.47971799999,2850.00000000000,2024,0.02412455255,0.00001459669,178919.8969000000,2842.12047230114
"17","524","17524","1","000","175241000","00","17524100000","000","17524000",PALESTINA,"17524100000000",2239985.60621999996,1476.00000000000,2024,0.07688830299,0.00018252684,2239465.6860000002,1536.92140475186
"17","513","17513","1","000","175131000","00","17513100000","000","17513000",PÁCORA,"17513100000000",1361398.43124999991,1820.00000000000,2024,0.07880991588,0.00011103958,1360932.1910000001,1818.57805379232
"17","541","17541","1","000","175411000","00","17541100000","000","17541000",PENSILVANIA,"17541100000000",1267146.25815999997,2050.00000000000,2024,0.08612910611,0.00010335113,1266464.4920000001,2040.12107584635
"17","653","17653","1","000","176531000","00","17653100000","000","17653000",SALAMINA,"17653100000000",1566036.95616000006,2553.00000000000,2024,0.10552688316,0.00012770170,1565529.7919999999,1816.01245381123
"19","418","19418","1","000","194181000","00","19418100000","000","19418000",LÓPEZ,"19418100000000",346458.54957199999,35.00000000000,2024,0.02292157571,0.00002809389,346752.4861000000,32.4162334050888
"17","616","17616","1","000","176161000","00","17616100000","000","17616000",RISARALDA,"17616100000000",359756.96098199999,1743.00000000000,2024,0.06280877906,0.00002931745,359706.9114000000,1730.37023620605
"17","662","17662","1","000","176621000","00","17662100000","000","17662000",SAMANÁ,"17662100000000",537545.27723799995,1450.00000000000,2024,0.06499877591,0.00004384990,537196.8345999999,1463.33755585642
"17","665","17665","1","000","176651000","00","17665100000","000","17665000",SAN JOSÉ,"17665100000000",471664.90059999999,1780.00000000000,2024,0.05147411553,0.00003843129,471607.1553000000,1775.65245274135
"17","777","17777","1","000","177771000","00","17777100000","000","17777000",SUPÍA,"17777100000000",2040251.34002000000,1184.00000000000,2024,0.10309775812,0.00016635855,2039807.4750000001,1160.78452055333
"17","867","17867","1","000","178671000","00","17867100000","000","17867000",VICTORIA,"17867100000000",1033483.12734999997,1964.00000000000,2024,0.07968990209,0.00008429646,1032758.6640000000,720.413767917097
"17","877","17877","1","000","178771000","00","17877100000","000","17877000",VITERBO,"17877100000000",2559950.47605999978,974.00000000000,2024,0.08095739523,0.00020856125,2559769.3420000002,961.901435571371
"18","029","18029","1","000","180291000","00","18029100000","000","18029000",ALBANIA,"18029100000000",333788.53100700001,237.00000000000,2024,0.02802967322,0.00002709742,333770.3910000000,271.901277923584
"18","094","18094","1","000","180941000","00","18094100000","000","18094000",BELÉN DE LOS ANDAQUÍES,"18094100000000",933032.00508200005,311.00000000000,2024,0.05132554112,0.00007574804,932977.5088000000,308.376652599516
"18","150","18150","1","000","181501000","00","18150100000","000","18150000",CARTAGENA DEL CHAIRÁ,"18150100000000",2371324.69014000008,223.00000000000,2024,0.11666278939,0.00019266419,2369580.5940000000,218.868161921879
"18","205","18205","1","000","182051000","00","18205100000","000","18205000",CURILLO,"18205100000000",773237.35868099995,229.00000000000,2024,0.04608306474,0.00006276313,773216.4860000000,227.231335515561
"18","247","18247","1","000","182471000","00","18247100000","000","18247000",EL DONCELLO,"18247100000000",2154160.67328000022,387.00000000000,2024,0.08995202627,0.00017500115,2153195.6359999999,355.153713703156
"18","256","18256","1","000","182561000","00","18256100000","000","18256000",EL PAUJÍL,"18256100000000",1079551.48839000007,470.00000000000,2024,0.07248858702,0.00008769388,1079098.2870000000,334.748149169922
"18","410","18410","1","000","184101000","00","18410100000","000","18410000",LA MONTAÑITA,"18410100000000",416717.96998900000,245.00000000000,2024,0.03604306096,0.00003384636,416573.4538000000,241.803865750631
"18","460","18460","1","000","184601000","00","18460100000","000","18460000",MILÁN,"18460100000000",362035.21447800001,222.00000000000,2024,0.02365128077,0.00002940090,361926.6166000000,219.063091624867
"18","479","18479","1","000","184791000","00","18479100000","000","18479000",MORELIA,"18479100000000",377885.56194099999,260.00000000000,2024,0.03431174498,0.00003068431,377826.3966000000,258.0523667769
"18","756","18756","1","000","187561000","00","18756100000","000","18756000",SOLANO,"18756100000000",458500.99911500001,204.00000000000,2024,0.03477041638,0.00003723593,458286.9034000000,200.444788897479
"18","785","18785","1","000","187851000","00","18785100000","000","18785000",SOLITA,"18785100000000",1108578.13547000010,208.00000000000,2024,0.05187884091,0.00009000645,1108328.8200000001,210.510196132514
"18","860","18860","1","000","188601000","00","18860100000","000","18860000",VALPARAÍSO,"18860100000000",600297.61903499998,230.00000000000,2024,0.03561377741,0.00004873935,600196.9164000000,228.100319126674
"19","022","19022","1","000","190221000","00","19022100000","000","19022000",ALMAGUER,"19022100000000",358362.34566400002,2193.00000000000,2024,0.03167286705,0.00002906065,358574.4892000000,2190.20874604725
"19","050","19050","1","000","190501000","00","19050100000","000","19050000",ARGELIA,"19050100000000",491041.22808700002,1251.00000000000,2024,0.04191567626,0.00003979995,491459.3526000000,1248.88532886171
"19","075","19075","1","000","190751000","00","19075100000","000","19075000",BALBOA,"19075100000000",755229.82843200001,1589.00000000000,2024,0.04985588836,0.00006120845,755856.7699000000,1605.97494574653
"19","110","19110","1","000","191101000","00","19110100000","000","19110000",BUENOS AIRES,"19110100000000",553343.36704000004,1218.00000000000,2024,0.05535407285,0.00004492428,553590.6360000002,1214.23636380709
"19","100","19100","1","000","191001000","00","19100100000","000","19100000",BOLÍVAR,"19100100000000",847293.88982399995,1708.00000000000,2024,0.05575637652,0.00006869347,847857.5035000000,1719.81202158302
"19","130","19130","1","000","191301000","00","19130100000","000","19130000",CAJIBÍO,"19130100000000",553155.24408800004,1816.00000000000,2024,0.04570532526,0.00004489919,553377.0079000000,1815.78161814856
"19","137","19137","1","000","191371000","00","19137100000","000","19137000",CALDONO,"19137100000000",689519.59095700004,1642.00000000000,2024,0.05910288913,0.00005598293,689756.2373000000,1673.69386654808
"19","142","19142","1","000","191421000","00","19142100000","000","19142000",CALOTO,"19142100000000",1864555.95604000008,1101.00000000000,2024,0.11003144902,0.00015143320,1865101.4450000001,1108.73593361594
"19","212","19212","1","000","192121000","00","19212100000","000","19212000",CORINTO,"19212100000000",1635758.19562999997,1062.00000000000,2024,0.07447191711,0.00013289509,1636076.9960000000,1058.43848039717
"19","256","19256","1","000","192561000","00","19256100000","000","19256000",EL TAMBO,"19256100000000",1192750.62813999993,1764.00000000000,2024,0.07383194386,0.00009676486,1193419.1459999999,1723.19561984015
"19","290","19290","1","000","192901000","00","19290100000","000","19290000",FLORENCIA,"19290100000000",128491.90914700000,1599.00000000000,2024,0.01834701955,0.00001041450,128586.4921000000,1591.11209106445
"19","300","19300","1","000","193001000","00","19300100000","000","19300000",GUACHENÉ,"19300100000000",648997.91587000003,997.00000000000,2024,0.04720964370,0.00005271559,649180.3689000000,995.596261275442
"19","318","19318","1","000","193181000","00","19318100000","000","19318000",GUAPI,"19318100000000",2533159.37196000014,5.00000000000,2024,0.09682400394,0.00020508392,2536387.5140000000,4.33295009560781
"19","364","19364","1","000","193641000","00","19364100000","000","19364000",JAMBALÓ,"19364100000000",476909.53018800000,2320.00000000000,2024,0.03544698812,0.00003872906,477022.6476000000,2307.3627839265
"19","392","19392","1","000","193921000","00","19392100000","000","19392000",LA SIERRA,"19392100000000",608754.92537900002,1798.00000000000,2024,0.05224396951,0.00004938139,609077.4247000000,1768.1439492046
"19","397","19397","1","000","193971000","00","19397100000","000","19397000",LA VEGA,"19397100000000",491897.31113500003,2231.00000000000,2024,0.05012150904,0.00003989662,492163.1919000000,2198.86435990767
"19","450","19450","1","000","194501000","00","19450100000","000","19450000",MERCADERES,"19450100000000",2643949.37515000021,1145.00000000000,2024,0.16099255467,0.00021427205,2646055.8450000002,1165.85688730534
"19","455","19455","1","000","194551000","00","19455100000","000","19455000",MIRANDA,"19455100000000",3228364.41404000018,1120.00000000000,2024,0.13487186060,0.00026231617,3228922.0180000002,1096.43323805687
"19","513","19513","1","000","195131000","00","19513100000","000","19513000",PADILLA,"19513100000000",1271547.03597000008,2102.00000000000,2024,0.04844899277,0.00010330268,1271837.8070000000,996.222294637602
"19","473","19473","1","000","194731000","00","19473100000","000","19473000",MORALES,"19473100000000",1382514.38740999997,1673.00000000000,2024,0.06391796972,0.00011221933,1383121.4800000000,1673.91539029548
"19","517","19517","1","000","195171000","00","19517100000","000","19517000",BELALCÁZAR,"19517100000000",618313.95928700001,1430.00000000000,2024,0.05949890225,0.00005022941,618316.5267000000,1447.79096448744
"19","533","19533","1","000","195331000","00","19533100000","000","19533000",PIAMONTE,"19533100000000",643700.35254100000,305.00000000000,2024,0.05029694407,0.00005222334,643856.9678000000,303.670008732722
"19","532","19532","1","000","195321000","00","19532100000","000","19532000",EL BORDO,"19532100000000",2286316.53349999990,942.00000000000,2024,0.10899798181,0.00018538625,2287858.1370000001,971.436008155567
"19","622","19622","1","000","196221000","00","19622100000","000","19622000",ROSAS,"19622100000000",240822.82552200000,1705.00000000000,2024,0.02403171531,0.00001953702,240946.6893000000,1702.62318999192
"19","573","19573","1","000","195731000","00","19573100000","000","19573000",PUERTO TEJADA,"19573100000000",4377353.74235999957,968.00000000000,2024,0.12641831614,0.00035557600,4378656.4469999997,966.583002876718
"19","585","19585","1","000","195851000","00","19585100000","000","19585000",COCONUCO,"19585100000000",319228.13017900003,2420.00000000000,2024,0.05383638203,0.00002590899,319340.7544000000,2415.27848772321
"19","693","19693","1","000","196931000","00","19693100000","000","19693000",SAN SEBASTIÁN,"19693100000000",177212.43549900001,2136.00000000000,2024,0.02626699928,0.00001437216,177307.2032000000,2132.50609130859
"19","701","19701","1","000","197011000","00","19701100000","000","19701000",SANTA ROSA,"19701100000000",373181.38268600003,1720.00000000000,2024,0.03588463961,0.00003027275,373332.5471000001,1706.60242834757
"19","743","19743","1","000","197431000","00","19743100000","000","19743000",SILVIA,"19743100000000",4833950.54672999959,2400.00000000000,2024,0.13444943825,0.00039247463,4835278.1670000004,2525.16989221707
"19","760","19760","1","000","197601000","00","19760100000","000","19760000",PAISPAMBA,"19760100000000",280530.94322800002,2512.00000000000,2024,0.03420664260,0.00002276287,280651.6500000000,2509.84942267923
"19","785","19785","1","000","197851000","00","19785100000","000","19785000",SUCRE,"19785100000000",206337.16108500000,1128.00000000000,2024,0.02946930744,0.00001673169,206468.8407000000,1115.73243713379
"19","780","19780","1","000","197801000","00","19780100000","000","19780000",SUÁREZ,"19780100000000",2820220.87938999990,1050.00000000000,2024,0.08073754231,0.00022893525,2821577.4750000001,1076.70099888078
"19","809","19809","1","000","198091000","00","19809100000","000","19809000",TIMBIQUÍ,"19809100000000",1308144.07649999997,16.00000000000,2024,0.06123973494,0.00010597744,1309618.4050000000,8.33363666424626
"19","807","19807","1","000","198071000","00","19807100000","000","19807000",TIMBÍO,"19807100000000",2349927.24911999982,1816.00000000000,2024,0.15948435628,0.00019066926,2351048.3530000001,1802.21438259549
"19","821","19821","1","000","198211000","00","19821100000","000","19821000",TORIBÍO,"19821100000000",949859.21001799998,1750.00000000000,2024,0.05992133713,0.00007715370,950050.3264000000,1716.06672450474
"19","824","19824","1","000","198241000","00","19824100000","000","19824000",TOTORÓ,"19824100000000",876325.50398899999,2564.00000000000,2024,0.05912220300,0.00007114207,876580.2853000000,2554.71344353171
"19","845","19845","1","000","198451000","00","19845100000","000","19845000",VILLA RICA,"19845100000000",3642161.42370000016,982.00000000000,2024,0.11804902529,0.00029582279,3643343.1930000000,968.64455480239
"20","011","20011","1","000","200111000","00","20011100000","000","20011000",AGUACHICA,"20011100000000",11553784.99039999954,172.00000000000,2024,0.28464198698,0.00094826558,11535868.1300000008,164.798258522987
"20","013","20013","1","000","200131000","00","20013100000","000","20013000",AGUSTÍN CODAZZI,"20013100000000",11739204.13619999960,130.00000000000,2024,0.16509424244,0.00096793986,11718173.6400000006,130.616539984663
"20","032","20032","1","000","200321000","00","20032100000","000","20032000",ASTREA,"20032100000000",1796632.14485000004,88.00000000000,2024,0.09745191553,0.00014793435,1794262.7260000000,87.2783041173762
"20","060","20060","1","000","200601000","00","20060100000","000","20060000",BOSCONIA,"20060100000000",9654350.99246999994,81.00000000000,2024,0.13267920856,0.00079603832,9641072.8010000009,82.8100473027787
"20","175","20175","1","000","201751000","00","20175100000","000","20175000",CHIMICHAGUA,"20175100000000",2052294.56250000000,38.00000000000,2024,0.09238878395,0.00016886904,2049374.3089999999,37.6218203486228
"20","178","20178","1","000","201781000","00","20178100000","000","20178000",CHIRIGUANÁ,"20178100000000",3180405.99550000019,31.00000000000,2024,0.10870857184,0.00026175573,3175444.3110000002,34.0958221951593
"20","228","20228","1","000","202281000","00","20228100000","000","20228000",CURUMANÍ,"20228100000000",5442032.55076000001,62.00000000000,2024,0.13719049186,0.00044768726,5433336.0880000005,60.676664124718
"20","295","20295","1","000","202951000","00","20295100000","000","20295000",GAMARRA,"20295100000000",1868485.94247999997,47.00000000000,2024,0.12991340584,0.00015336557,1865737.5070000000,45.6967418086421
"20","310","20310","1","000","203101000","00","20310100000","000","20310000",GONZÁLEZ,"20310100000000",321637.67126300000,1312.00000000000,2024,0.03801827366,0.00002640140,321090.2963000000,1304.92671492293
"20","400","20400","1","000","204001000","00","20400100000","000","20400000",LA JAGUA DE IBIRICO,"20400100000000",4930140.77440000046,695.00000000000,2024,0.10961148753,0.00040595732,4921608.6140000001,132.559733933669
"20","443","20443","1","000","204431000","00","20443100000","000","20443000",MANAURE BALCÓN DEL CESAR,"20443100000000",1864851.55359999998,756.00000000000,2024,0.08048062545,0.00015391095,1861262.9120000000,741.811685180664
"20","570","20570","1","000","205701000","00","20570100000","000","20570000",PUEBLO BELLO,"20570100000000",2057155.92821000004,1200.00000000000,2024,0.12453020902,0.00016983956,2053928.0940000000,1099.99373689245
"20","614","20614","1","000","206141000","00","20614100000","000","20614000",RÍO DE ORO,"20614100000000",1299117.78364000004,1200.00000000000,2024,0.08507376459,0.00010661157,1296912.1610000001,1182.75164081524
"20","621","20621","1","000","206211000","00","20621100000","000","20621000",ROBLES,"20621100000000",2974545.64300000016,155.00000000000,2024,0.11487711838,0.00024551456,2969090.8530000001,157.947572042776
"20","750","20750","1","000","207501000","00","20750100000","000","20750000",SAN DIEGO,"20750100000000",2645143.39270999981,168.00000000000,2024,0.06918092534,0.00021829034,2640309.0759999999,168.384867782113
"20","787","20787","1","000","207871000","00","20787100000","000","20787000",TAMALAMEQUE,"20787100000000",1951890.39834999992,33.00000000000,2024,0.06694253839,0.00016043470,1949112.3880000000,33.5773039155652
"20","770","20770","1","000","207701000","00","20770100000","000","20770000",SAN MARTÍN,"20770100000000",1416331.72515999991,107.00000000000,2024,0.07671234345,0.00011615347,1414040.9860000000,113.300871077038
"23","079","23079","1","000","230791000","00","23079100000","000","23079000",BUENAVISTA,"23079100000000",2037775.80465999991,60.00000000000,2024,0.07619629927,0.00016712500,2037076.8899999999,60.8257425467173
"23","168","23168","1","000","231681000","00","23168100000","000","23168000",CHIMÁ,"23168100000000",642325.28708399995,8.00000000000,2024,0.04745502794,0.00005279981,642161.4129000000,9.25369130598532
"23","182","23182","1","000","231821000","00","23182100000","000","23182000",CHINÚ,"23182100000000",3611829.43166999985,120.00000000000,2024,0.13998661069,0.00029691818,3610379.9509999999,114.692279355746
"23","189","23189","1","000","231891000","00","23189100000","000","23189000",CIÉNAGA DE ORO,"23189100000000",3234661.02463999996,37.00000000000,2024,0.19373175744,0.00026569744,3233829.7310000001,19.4862433473269
"23","300","23300","1","000","233001000","00","23300100000","000","23300000",COTORRA,"23300100000000",2211676.07637999998,8.00000000000,2024,0.12778236026,0.00018171571,2211359.6269999999,8.16504502566356
"23","350","23350","1","000","233501000","00","23350100000","000","23350000",LA APARTADA,"23350100000000",1038228.82382000005,60.00000000000,2024,0.05324294705,0.00008512316,1037776.3530000000,39.2787345327982
"23","417","23417","1","000","234171000","00","23417100000","000","23417000",SANTA CRUZ DE LORICA,"23417100000000",7885799.51656000037,20.00000000000,2024,0.19992042649,0.00064826320,7884743.7079999996,18.997416387213
"23","419","23419","1","000","234191000","00","23419100000","000","23419000",LOS CÓRDOBAS,"23419100000000",857366.48533499998,11.00000000000,2024,0.05832893733,0.00007036863,857552.8530000000,9.14833600742301
"23","464","23464","1","000","234641000","00","23464100000","000","23464000",MOMIL,"23464100000000",1820347.87749999994,17.00000000000,2024,0.08078858027,0.00014966483,1819942.0989999999,9.36743807459986
"23","500","23500","1","000","235001000","00","23500100000","000","23500000",MOÑITOS,"23500100000000",1364833.82596999989,10.00000000000,2024,0.10083069870,0.00011215969,1364926.5090000001,3.36174507863594
"23","555","23555","1","000","235551000","00","23555100000","000","23555000",PLANETA RICA,"23555100000000",4484658.73976000026,88.00000000000,2024,0.11966943542,0.00036794048,4483412.2450000001,82.2810634591566
"23","570","23570","1","000","235701000","00","23570100000","000","23570000",PUEBLO NUEVO,"23570100000000",2049364.58972999989,117.00000000000,2024,0.09616405138,0.00016819054,2048693.9080000001,115.79322830836
"23","574","23574","1","000","235741000","00","23574100000","000","23574000",PUERTO ESCONDIDO,"23574100000000",2678047.77386000007,18.00000000000,2024,0.13967006771,0.00021989630,2678462.8679999998,17.7464012594163
"23","580","23580","1","000","235801000","00","23580100000","000","23580000",PUERTO LIBERTADOR,"23580100000000",2429768.90751999989,71.00000000000,2024,0.09017736874,0.00019908000,2429241.5660000001,68.980084746034
"23","586","23586","1","000","235861000","00","23586100000","000","23586000",PURÍSIMA DE LA CONCEPCIÓN,"23586100000000",2045480.09684000001,9.00000000000,2024,0.07696681835,0.00016816636,2045086.1499999999,9.91794011791547
"23","670","23670","1","000","236701000","00","23670100000","000","23670000",SAN ANDRÉS DE SOTAVENTO,"23670100000000",1428866.75555999996,99.00000000000,2024,0.11969609065,0.00011746533,1428393.4739999999,104.272933696878
"23","672","23672","1","000","236721000","00","23672100000","000","23672000",SAN ANTERO,"23672100000000",3768214.41648000013,43.00000000000,2024,0.12400066306,0.00030990605,3767572.1719999998,34.7625770910208
"41","001","41001","1","000","410011000","00","41001100000","000","41001000",NEIVA,"41001100000000",48131740.83399999142,442.00000000000,2024,0.51164312360,0.00391354193,48109879.7500000000,469.047397902169
"23","675","23675","1","000","236751000","00","23675100000","000","23675000",SAN BERNARDO DEL VIENTO,"23675100000000",2516484.29455999983,9.00000000000,2024,0.10718874768,0.00020690447,2516370.3969999999,4.76846452255705
"23","678","23678","1","000","236781000","00","23678100000","000","23678000",SAN CARLOS,"23678100000000",1160246.53346000006,23.00000000000,2024,0.08891200522,0.00009527717,1160007.5340000000,12.7576743153965
"23","682","23682","1","000","236821000","00","23682100000","000","23682000",SAN JOSÉ DE URÉ,"23682100000000",722852.15438900003,98.00000000000,2024,0.05963233547,0.00005921939,722630.8565000000,98.2725031134788
"23","807","23807","1","000","238071000","00","23807100000","000","23807000",TIERRALTA,"23807100000000",8059524.06763000041,51.00000000000,2024,0.20541964067,0.00066051816,8059787.1909999996,51.3888401067595
"23","815","23815","1","000","238151000","00","23815100000","000","23815000",TUCHÍN,"23815100000000",1118676.16949000000,53.00000000000,2024,0.12794936290,0.00009197174,1118337.8670000001,50.3898533452166
"23","855","23855","1","000","238551000","00","23855100000","000","23855000",VALENCIA,"23855100000000",7419533.06787999999,61.00000000000,2024,0.21812566193,0.00060812647,7420207.7500000000,61.9395917693637
"25","001","25001","1","000","250011000","00","25001100000","000","25001000",AGUA DE DIOS,"25001100000000",3880123.17247000011,411.00000000000,2024,0.12787687592,0.00031608764,3876796.1349999998,384.664883098478
"25","019","25019","1","000","250191000","00","25019100000","000","25019000",ALBÁN,"25019100000000",451941.26770700002,2257.00000000000,2024,0.03399436521,0.00003684455,451484.8410000000,2239.30968299279
"25","175","25175","1","000","251751000","00","25175100000","000","25175000",CHÍA,"25175100000000",19931188.63019999862,2560.00000000000,2024,0.39228146809,0.00162492893,19905987.6799999997,2555.19621171825
"25","040","25040","1","000","250401000","00","25040100000","000","25040000",ANOLAIMA,"25040100000000",916271.50950499997,1661.00000000000,2024,0.06256094450,0.00007468624,915361.7010000000,1667.99591999226
"25","095","25095","1","000","250951000","00","25095100000","000","25095000",BITUIMA,"25095100000000",180971.94831899999,1369.00000000000,2024,0.01969653410,0.00001475326,180801.2072000000,1371.43186151414
"25","053","25053","1","000","250531000","00","25053100000","000","25053000",ARBELÁEZ,"25053100000000",1356217.89002999989,1356.00000000000,2024,0.08254916259,0.00011047535,1354828.7690000001,1366.10402069092
"25","086","25086","1","000","250861000","00","25086100000","000","25086000",BELTRÁN,"25086100000000",577917.80982900003,228.00000000000,2024,0.02875873942,0.00004710525,577449.2288000000,231.874931117467
"25","099","25099","1","000","250991000","00","25099100000","000","25099000",BOJACÁ,"25099100000000",1181350.85807999992,2573.00000000000,2024,0.07680457362,0.00009629209,1180085.5020000001,2581.68599217375
"25","120","25120","1","000","251201000","00","25120100000","000","25120000",CABRERA,"25120100000000",268748.89154099999,1851.00000000000,2024,0.04398773459,0.00002188380,268486.0365000000,1842.88395552202
"25","123","25123","1","000","251231000","00","25123100000","000","25123000",CACHIPAY,"25123100000000",761067.98891800002,1614.00000000000,2024,0.05874997356,0.00006203314,760298.2888000000,1613.79670817057
"25","126","25126","1","000","251261000","00","25126100000","000","25126000",CAJICÁ,"25126100000000",6681747.52156999893,2560.00000000000,2024,0.26661896075,0.00054478449,6673180.4869999997,2559.37422170357
"25","148","25148","1","000","251481000","00","25148100000","000","25148000",CAPARRAPÍ,"25148100000000",516340.59477700002,1259.00000000000,2024,0.05270437855,0.00004212425,515836.5218000000,1271.81630583732
"25","151","25151","1","000","251511000","00","25151100000","000","25151000",CÁQUEZA,"25151100000000",944824.04587899998,1708.00000000000,2024,0.07220600496,0.00007697919,943565.6476000000,1706.86627692145
"25","168","25168","1","000","251681000","00","25168100000","000","25168000",CHAGUANÍ,"25168100000000",229650.86580400000,1046.00000000000,2024,0.02713496191,0.00001872347,229442.2691000000,1042.61006221065
"25","181","25181","1","000","251811000","00","25181100000","000","25181000",CHOACHÍ,"25181100000000",1114810.34785000002,1927.00000000000,2024,0.05769417325,0.00009084339,1113308.2050000001,1922.35154293148
"25","183","25183","1","000","251831000","00","25183100000","000","25183000",CHOCONTÁ,"25183100000000",1576524.67984999996,2666.00000000000,2024,0.08451863353,0.00012857652,1574152.6440000001,2656.41190986223
"25","200","25200","1","000","252001000","00","25200100000","000","25200000",COGUA,"25200100000000",755304.49341600004,2637.00000000000,2024,0.05943660671,0.00006159525,754313.9682000000,2626.94790824802
"25","258","25258","1","000","252581000","00","25258100000","000","25258000",EL PEÑÓN,"25258100000000",115377.70965999999,1336.00000000000,2024,0.01599940917,0.00000941167,115249.9233000000,1341.6548039363
"25","224","25224","1","000","252241000","00","25224100000","000","25224000",CUCUNUBÁ,"25224100000000",371370.55565599998,2614.00000000000,2024,0.03053691318,0.00003029328,370831.8473000000,2581.19756654251
"25","260","25260","1","000","252601000","00","25260100000","000","25260000",EL ROSAL,"25260100000000",1041547.58956999995,2599.00000000000,2024,0.09102023493,0.00008491137,1040376.1520000000,2608.23730664062
"25","245","25245","1","000","252451000","00","25245100000","000","25245000",EL COLEGIO,"25245100000000",1950625.67797999992,1033.00000000000,2024,0.10898439820,0.00015895776,1948661.8149999999,1031.29956715241
"25","279","25279","1","000","252791000","00","25279100000","000","25279000",FÓMEQUE,"25279100000000",1382622.02936999989,1927.00000000000,2024,0.06156477063,0.00011266013,1380731.5200000000,1911.50495213638
"25","281","25281","1","000","252811000","00","25281100000","000","25281000",FOSCA,"25281100000000",235487.07914799999,2116.00000000000,2024,0.02493106622,0.00001918459,235172.2963000000,2111.226083261
"25","293","25293","1","000","252931000","00","25293100000","000","25293000",GACHALÁ,"25293100000000",330641.51208499999,1715.00000000000,2024,0.02811113792,0.00002694703,330108.6683000000,1713.05901004107
"25","295","25295","1","000","252951000","00","25295100000","000","25295000",GACHANCIPÁ,"25295100000000",1033340.83239999996,2691.00000000000,2024,0.08283307154,0.00008425943,1031914.6520000000,2569.89162339621
"25","297","25297","1","000","252971000","00","25297100000","000","25297000",GACHETÁ,"25297100000000",1238664.06652999995,1750.00000000000,2024,0.05922361675,0.00010097126,1236762.2209999999,1729.81476274705
"25","438","25438","1","000","254381000","00","25438100000","000","25438000",MEDINA,"25438100000000",1557291.89844999998,541.00000000000,2024,0.05689972569,0.00012687705,1554606.9029999999,532.241493644295
"25","299","25299","1","000","252991000","00","25299100000","000","25299000",GAMA,"25299100000000",178767.05478000001,2172.00000000000,2024,0.03015667162,0.00001457122,178489.6091000000,2170.20928664435
"47","189","47189","1","000","471891000","00","47189100000","000","47189000",CIÉNAGA,"47189100000000",9869747.95863999985,6.00000000000,2024,0.18668596205,0.00081644803,9858371.2270000000,4.63374026250221
"25","328","25328","1","000","253281000","00","25328100000","000","25328000",GUAYABAL DE SÍQUIMA,"25328100000000",252084.35766400001,1609.00000000000,2024,0.02303034052,0.00002055106,251834.5931000000,1606.93445276331
"25","339","25339","1","000","253391000","00","25339100000","000","25339000",GUTIÉRREZ,"25339100000000",168631.98446700000,2311.00000000000,2024,0.02299731623,0.00001373664,168413.6654000000,2296.63950195313
"25","312","25312","1","000","253121000","00","25312100000","000","25312000",GRANADA,"25312100000000",302415.44267299998,2274.00000000000,2024,0.02430697563,0.00002464253,302092.8460000000,2279.90686035156
"25","317","25317","1","000","253171000","00","25317100000","000","25317000",GUACHETÁ,"25317100000000",850224.81629600003,2700.00000000000,2024,0.08153049519,0.00006936765,848947.4203999999,2688.35623017868
"25","322","25322","1","000","253221000","00","25322100000","000","25322000",GUASCA,"25322100000000",1350352.68767999997,2669.00000000000,2024,0.07061833692,0.00011008884,1348492.3500000001,2663.56878036108
"25","324","25324","1","000","253241000","00","25324100000","000","25324000",GUATAQUÍ,"25324100000000",736130.07877899997,298.00000000000,2024,0.03503440567,0.00005997597,735557.0857000002,259.741952304182
"25","326","25326","1","000","253261000","00","25326100000","000","25326000",GUATAVITA,"25326100000000",827490.36191600002,2687.00000000000,2024,0.05901517442,0.00006746830,826326.3513000000,2705.44253131041
"25","335","25335","1","000","253351000","00","25335100000","000","25335000",GUAYABETAL,"25335100000000",439857.85197600001,975.00000000000,2024,0.05137764029,0.00003582803,439234.1403000001,966.158440483941
"25","368","25368","1","000","253681000","00","25368100000","000","25368000",JERUSALÉN,"25368100000000",367785.87615400000,298.00000000000,2024,0.06152121407,0.00002996820,367476.7246000000,301.93670463562
"25","372","25372","1","000","253721000","00","25372100000","000","25372000",JUNÍN,"25372100000000",340302.96103900002,2343.00000000000,2024,0.02836877138,0.00002773939,339786.3896000000,2336.8700764974
"25","394","25394","1","000","253941000","00","25394100000","000","25394000",LA PALMA,"25394100000000",816721.97827399999,1454.00000000000,2024,0.05230909601,0.00006663272,815871.1678000002,1451.21902338664
"25","436","25436","1","000","254361000","00","25436100000","000","25436000",MANTA,"25436100000000",467884.71587199997,1914.00000000000,2024,0.03675113663,0.00003814985,467136.9175000000,1901.82936885439
"25","398","25398","1","000","253981000","00","25398100000","000","25398000",LA PEÑA,"25398100000000",183757.27624100001,1233.00000000000,2024,0.02919566658,0.00001498817,183566.2733000000,1236.4546429178
"25","407","25407","1","000","254071000","00","25407100000","000","25407000",LENGUAZAQUE,"25407100000000",518667.70379000000,2594.00000000000,2024,0.04293515073,0.00004231180,517896.7863000000,2580.4501415188
"25","402","25402","1","000","254021000","00","25402100000","000","25402000",LA VEGA,"25402100000000",1891157.60915999999,1197.00000000000,2024,0.10393703192,0.00015420686,1889121.6399999999,1204.37521707526
"52","240","52240","1","000","522401000","00","52240100000","000","52240000",CHACHAGÜÍ,"52240100000000",965974.54692600004,1996.00000000000,2024,0.08357809347,0.00007825139,966820.4999000001,1970.86736901325
"25","426","25426","1","000","254261000","00","25426100000","000","25426000",MACHETÁ,"25426100000000",406202.95669999998,2098.00000000000,2024,0.04442452758,0.00003312473,405571.7657000000,2084.25914228723
"25","483","25483","1","000","254831000","00","25483100000","000","25483000",NARIÑO,"25483100000000",1174693.29092999990,284.00000000000,2024,0.05950641037,0.00009569137,1173805.9820000001,267.611255395151
"25","488","25488","1","000","254881000","00","25488100000","000","25488000",NILO,"25488100000000",558101.75541900005,362.00000000000,2024,0.04604240039,0.00004546151,557605.2592000000,338.998099711404
"25","489","25489","1","000","254891000","00","25489100000","000","25489000",NIMAIMA,"25489100000000",153086.27983000001,1108.00000000000,2024,0.01828554626,0.00001248511,152926.3683000000,1102.34916417739
"25","486","25486","1","000","254861000","00","25486100000","000","25486000",NEMOCÓN,"25486100000000",806908.32761599997,2610.00000000000,2024,0.09489427990,0.00006580363,805796.9584000000,2590.19195242026
"25","491","25491","1","000","254911000","00","25491100000","000","25491000",NOCAIMA,"25491100000000",459981.50954699999,1098.00000000000,2024,0.04544817826,0.00003751110,459498.9719000000,1112.62387084961
"25","506","25506","1","000","255061000","00","25506100000","000","25506000",VENECIA,"25506100000000",248754.80791999999,1628.00000000000,2024,0.03694440701,0.00002025827,248510.4474000000,1635.6932047526
"25","518","25518","1","000","255181000","00","25518100000","000","25518000",PAIME,"25518100000000",76456.59070730000,988.00000000000,2024,0.01394425305,0.00000623805,76364.9920500000,980.748696067116
"25","653","25653","1","000","256531000","00","25653100000","000","25653000",PUEBLO NUEVO,"25653100000000",209396.94302499999,2831.00000000000,2024,0.02270179665,0.00001708356,209128.6192000000,2803.63922384511
"25","524","25524","1","000","255241000","00","25524100000","000","25524000",PANDI,"25524100000000",387446.47700399999,939.00000000000,2024,0.04108705512,0.00003155700,387067.9359000000,938.632392189719
"25","530","25530","1","000","255301000","00","25530100000","000","25530000",PARATEBUENO,"25530100000000",606707.94420799997,255.00000000000,2024,0.05315426025,0.00004941841,605607.8975000000,255.977041502257
"25","592","25592","1","000","255921000","00","25592100000","000","25592000",QUEBRADANEGRA,"25592100000000",185461.24236000000,1361.00000000000,2024,0.01992999278,0.00001512499,185278.9478000000,1366.35004882812
"25","580","25580","1","000","255801000","00","25580100000","000","25580000",PULÍ,"25580100000000",190312.43608399999,1274.00000000000,2024,0.02653878421,0.00001550962,190154.7755000000,1289.12865101207
"25","572","25572","1","000","255721000","00","25572100000","000","25572000",PUERTO SALGAR,"25572100000000",1979565.95065000001,170.00000000000,2024,0.11785716115,0.00016152024,1977843.6540000001,178.803225565765
"25","594","25594","1","000","255941000","00","25594100000","000","25594000",QUETAME,"25594100000000",254657.47175800000,1474.00000000000,2024,0.02332388212,0.00002074594,254304.3964000000,1469.88519918508
"25","596","25596","1","000","255961000","00","25596100000","000","25596000",QUIPILE,"25596100000000",133891.99813399999,1424.00000000000,2024,0.02599767066,0.00001091322,133765.1900000000,1453.26897786458
"25","599","25599","1","000","255991000","00","25599100000","000","25599000",APULO,"25599100000000",1432209.50001000008,420.00000000000,2024,0.09282303248,0.00011669784,1430910.2720000001,429.667485136144
"25","645","25645","1","000","256451000","00","25645100000","000","25645000",SAN ANTONIO DEL TEQUENDAMA,"25645100000000",208546.88800300000,1517.00000000000,2024,0.02510063939,0.00001699581,208324.4868000000,1495.13743082682
"25","649","25649","1","000","256491000","00","25649100000","000","25649000",SAN BERNARDO,"25649100000000",649453.03617800004,1752.00000000000,2024,0.04514611124,0.00005289714,648791.3550000000,1755.42799356539
"25","662","25662","1","000","256621000","00","25662100000","000","25662000",SAN JUAN DE RIOSECO,"25662100000000",583282.34510599996,1265.00000000000,2024,0.04516852769,0.00004754765,582763.5490000000,1273.70314164595
"25","658","25658","1","000","256581000","00","25658100000","000","25658000",SAN FRANCISCO,"25658100000000",771621.78740799997,1505.00000000000,2024,0.05349357287,0.00006291691,770767.2382000000,1521.82061507854
"25","718","25718","1","000","257181000","00","25718100000","000","25718000",SASAIMA,"25718100000000",631364.07063800003,1191.00000000000,2024,0.04550521932,0.00005147841,630724.0142000000,1189.08130992543
"25","736","25736","1","000","257361000","00","25736100000","000","25736000",SESQUILÉ,"25736100000000",746802.37840399996,2623.00000000000,2024,0.04444897531,0.00006089905,745733.8085000000,2606.39986942591
"25","769","25769","1","000","257691000","00","25769100000","000","25769000",SUBACHOQUE,"25769100000000",687951.67494499998,2652.00000000000,2024,0.04036939335,0.00005609157,687137.1294000000,2657.60793368788
"25","758","25758","1","000","257581000","00","25758100000","000","25758000",SOPÓ,"25758100000000",2614909.47411999991,2575.00000000000,2024,0.17405467247,0.00021319962,2611420.2940000002,2601.44011917855
"25","740","25740","1","000","257401000","00","25740100000","000","25740000",SIBATÉ,"25740100000000",1909373.72347999993,2570.00000000000,2024,0.13748508365,0.00015558299,1907220.6200000001,2586.89852469308
"25","745","25745","1","000","257451000","00","25745100000","000","25745000",SIMIJACA,"25745100000000",1738129.68533000001,2578.00000000000,2024,0.09307843638,0.00014184185,1735704.2849999999,2561.93061330059
"25","772","25772","1","000","257721000","00","25772100000","000","25772000",SUESCA,"25772100000000",1041927.11444999999,2598.00000000000,2024,0.06002020583,0.00008497298,1040437.6830000000,2584.61507292717
"25","793","25793","1","000","257931000","00","25793100000","000","25793000",TAUSA,"25793100000000",241869.57394500001,2947.00000000000,2024,0.04029257041,0.00001972841,241537.9930000000,2957.40377491918
"25","777","25777","1","000","257771000","00","25777100000","000","25777000",SUPATÁ,"25777100000000",485391.97633500001,1796.00000000000,2024,0.03781694240,0.00003958363,484837.0972000000,1795.35458487052
"25","779","25779","1","000","257791000","00","25779100000","000","25779000",SUSA,"25779100000000",743795.20871200005,2583.00000000000,2024,0.06912322010,0.00006069290,742739.4530000000,2559.22781479779
"25","781","25781","1","000","257811000","00","25781100000","000","25781000",SUTATAUSA,"25781100000000",210862.80953900001,2609.00000000000,2024,0.02360270010,0.00001720059,210568.9448000000,2595.9228626598
"25","797","25797","1","000","257971000","00","25797100000","000","25797000",TENA,"25797100000000",197915.11502600001,1346.00000000000,2024,0.02802825700,0.00001613012,197708.9411000000,1352.52251688639
"25","807","25807","1","000","258071000","00","25807100000","000","25807000",TIBIRITA,"25807100000000",331505.63039900002,1956.00000000000,2024,0.02546842999,0.00002703135,330968.0025000000,1960.07376098633
"25","815","25815","1","000","258151000","00","25815100000","000","25815000",TOCAIMA,"25815100000000",3159447.18268000009,388.00000000000,2024,0.12668786436,0.00025741033,3156669.3489999999,380.333472477967
"25","839","25839","1","000","258391000","00","25839100000","000","25839000",UBALÁ,"25839100000000",684017.35440299998,1909.00000000000,2024,0.05633725417,0.00005575132,682920.1080000000,1906.2000403771
"25","841","25841","1","000","258411000","00","25841100000","000","25841000",UBAQUE,"25841100000000",297698.53676300001,1812.00000000000,2024,0.02563638400,0.00002425740,297299.4812000000,1813.48311593192
"25","845","25845","1","000","258451000","00","25845100000","000","25845000",UNE,"25845100000000",473608.01836400002,2377.00000000000,2024,0.03755872434,0.00003858712,473001.6870000000,2377.88025568182
"25","851","25851","1","000","258511000","00","25851100000","000","25851000",ÚTICA,"25851100000000",2971505.20403000014,563.00000000000,2024,0.09382560378,0.00024236305,2968589.8829999999,516.114858753743
"25","862","25862","1","000","258621000","00","25862100000","000","25862000",VERGARA,"25862100000000",251672.38861900000,1542.00000000000,2024,0.03947514283,0.00002052527,251402.9256000000,1555.71363208912
"25","867","25867","1","000","258671000","00","25867100000","000","25867000",VIANÍ,"25867100000000",382004.68399599998,1478.00000000000,2024,0.03004629819,0.00003114186,381649.7106000000,1481.07637355639
"25","871","25871","1","000","258711000","00","25871100000","000","25871000",VILLAGÓMEZ,"25871100000000",224142.59597100000,1677.00000000000,2024,0.02234806720,0.00001828479,223880.3901000000,1675.03705964265
"25","873","25873","1","000","258731000","00","25873100000","000","25873000",VILLAPINZÓN,"25873100000000",1829066.40694999998,2752.00000000000,2024,0.10572640103,0.00014918592,1826209.2320000001,2730.85895174686
"25","875","25875","1","000","258751000","00","25875100000","000","25875000",VILLETA,"25875100000000",5502310.25184999965,785.00000000000,2024,0.20874665576,0.00044866199,5496865.3119999999,809.90830745697
"25","878","25878","1","000","258781000","00","25878100000","000","25878000",VIOTÁ,"25878100000000",1929318.86064000009,624.00000000000,2024,0.11850443172,0.00015718912,1927479.3100000001,590.018945367487
"25","885","25885","1","000","258851000","00","25885100000","000","25885000",YACOPÍ,"25885100000000",480924.18519300001,1301.00000000000,2024,0.03184555969,0.00003924317,480406.4320000000,1304.79466089709
"27","006","27006","1","000","270061000","00","27006100000","000","27006000",ACANDÍ,"27006100000000",1178741.04830999998,10.00000000000,2024,0.06606555762,0.00009650277,1179708.7919999999,4.98424970933369
"27","025","27025","1","000","270251000","00","27025100000","000","27025000",PIE DE PATO,"27025100000000",233912.25132400001,19.70000000000,2024,0.03083819748,0.00001904066,234064.6981000000,21.8937632015773
"27","050","27050","1","000","270501000","00","27050100000","000","27050000",YUTO,"27050100000000",438481.35216499999,48.00000000000,2024,0.05786635865,0.00003571372,438669.4687000001,51.417998043996
"27","073","27073","1","000","270731000","00","27073100000","000","27073000",BAGADÓ,"27073100000000",293287.06518099998,117.00000000000,2024,0.03151401623,0.00002389090,293370.8197000000,118.161798901028
"27","075","27075","1","000","270751000","00","27075100000","000","27075000",CIUDAD MÚTIS,"27075100000000",1499779.00215000007,139.00000000000,2024,0.06827477106,0.00012213645,1501168.0260000001,9.47384585196015
"27","077","27077","1","000","270771000","00","27077100000","000","27077000",PIZARRO,"27077100000000",647187.38093800005,3.00000000000,2024,0.04331622816,0.00005259653,647778.7489000000,3.8930891922542
"27","135","27135","1","000","271351000","00","27135100000","000","27135000",MANAGRÚ,"27135100000000",268033.91735000000,50.00000000000,2024,0.02785597316,0.00002182091,268165.3320000000,50.5922201833417
"27","150","27150","1","000","271501000","00","27150100000","000","27150000",CURBARADÓ,"27150100000000",343822.10784399998,6.00000000000,2024,0.03256661071,0.00002807492,344040.4157000000,6.8634016388341
"27","099","27099","1","000","270991000","00","27099100000","000","27099000",BELLAVISTA,"27099100000000",309507.78054000001,20.00000000000,2024,0.08939233067,0.00002524557,309689.0288000000,19.4831037263613
"27","160","27160","1","000","271601000","00","27160100000","000","27160000",CÉRTEGUI,"27160100000000",640162.43929200002,59.00000000000,2024,0.04840863254,0.00005212905,640425.9780000000,57.7456218100883
"27","250","27250","1","000","272501000","00","27250100000","000","27250000",SANTA GENOVEVA DE DOCORDÓ,"27250100000000",1073699.37173000001,25.00000000000,2024,0.04919839950,0.00008717576,1074684.2870000000,8.91711933040619
"27","245","27245","1","000","272451000","00","27245100000","000","27245000",EL CARMEN DE ATRATO,"27245100000000",434048.58106100000,1741.00000000000,2024,0.03748259358,0.00003539943,434093.1925000000,1729.08559620137
"27","372","27372","1","000","273721000","00","27372100000","000","27372000",JURADÓ,"27372100000000",328092.59712200001,6.00000000000,2024,0.03428727863,0.00002674525,328471.0541000000,4.89959497329516
"27","361","27361","1","000","273611000","00","27361100000","000","27361000",ISTMINA,"27361100000000",3051842.48184000002,65.00000000000,2024,0.11629211744,0.00024839950,3053258.8620000002,57.5272203650178
"27","413","27413","1","000","274131000","00","27413100000","000","27413000",LLORÓ,"27413100000000",274293.89768599998,68.00000000000,2024,0.04105642690,0.00002234273,274395.3270000000,66.1391990661621
"27","425","27425","1","000","274251000","00","27425100000","000","27425000",BETÉ,"27425100000000",123374.93229500001,30.00000000000,2024,0.02223647168,0.00001005438,123439.3752000000,29.5875684298002
"27","430","27430","1","000","274301000","00","27430100000","000","27430000",PUERTO MELUK,"27430100000000",258846.86343999999,25.00000000000,2024,0.03170289116,0.00002106031,259012.1826000000,13.3088622093201
"27","450","27450","1","000","274501000","00","27450100000","000","27450000",ANDAGOYA,"27450100000000",2089901.22958999989,45.00000000000,2024,0.08239804865,0.00017008694,2090884.6089999999,58.6324601592379
"27","491","27491","1","000","274911000","00","27491100000","000","27491000",NÓVITA,"27491100000000",610105.86997600005,172.00000000000,2024,0.04921251404,0.00004964958,610359.4026000000,56.9829763306512
"27","495","27495","1","000","274951000","00","27495100000","000","27495000",NUQUÍ,"27495100000000",722174.33918000001,3.00000000000,2024,0.05302354024,0.00005877308,722782.1128999999,4.70204258546597
"27","580","27580","1","000","275801000","00","27580100000","000","27580000",SANTA RITA,"27580100000000",238835.78429600000,125.00000000000,2024,0.02583301339,0.00001944689,238913.2440000000,122.81699180603
"27","600","27600","1","000","276001000","00","27600100000","000","27600000",PAIMADÓ,"27600100000000",223983.89518399999,40.70000000000,2024,0.02200522187,0.00001823871,224095.5172000000,39.2179927062988
"27","615","27615","1","000","276151000","00","27615100000","000","27615000",RIOSUCIO,"27615100000000",1578578.60685999994,3.00000000000,2024,0.08024542866,0.00012894511,1579723.1159999999,3.38924595123944
"27","660","27660","1","000","276601000","00","27660100000","000","27660000",SAN JOSÉ DEL PALMAR,"27660100000000",166096.03327300001,1091.00000000000,2024,0.03933829111,0.00001352274,166124.1109000000,1085.1771530878
"27","787","27787","1","000","277871000","00","27787100000","000","27787000",TADÓ,"27787100000000",1352603.03942999989,87.00000000000,2024,0.07674634164,0.00011013339,1353117.2000000000,79.5412676379939
"27","810","27810","1","000","278101000","00","27810100000","000","27810000",ÁNIMAS,"27810100000000",286506.52353399998,94.00000000000,2024,0.03671950030,0.00002332634,286628.8835000000,96.2269185384115
"41","006","41006","1","000","410061000","00","41006100000","000","41006000",ACEVEDO,"41006100000000",1107571.62156999996,1162.00000000000,2024,0.05967345290,0.00008993314,1107518.2150000001,1151.49197059044
"41","013","41013","1","000","410131000","00","41013100000","000","41013000",AGRADO,"41013100000000",1769919.99227999989,870.00000000000,2024,0.06676761553,0.00014377233,1769696.5940000000,854.497758637205
"41","016","41016","1","000","410161000","00","41016100000","000","41016000",AIPE,"41016100000000",2246242.47154999990,397.00000000000,2024,0.06838257607,0.00018269292,2245164.1179999998,392.6782323984
"41","026","41026","1","000","410261000","00","41026100000","000","41026000",ALTAMIRA,"41026100000000",674448.22011400003,1040.00000000000,2024,0.04333893819,0.00005477825,674370.6844000000,1032.21128627232
"41","020","41020","1","000","410201000","00","41020100000","000","41020000",ALGECIRAS,"41020100000000",2131736.17261999985,1019.00000000000,2024,0.09084262006,0.00017326623,2130823.1930000000,1007.23659236556
"41","078","41078","1","000","410781000","00","41078100000","000","41078000",BARAYA,"41078100000000",747514.00614199997,612.00000000000,2024,0.06493999896,0.00006080051,747064.5331000000,611.304811627677
"41","206","41206","1","000","412061000","00","41206100000","000","41206000",COLOMBIA,"41206100000000",758196.90473399998,775.00000000000,2024,0.04064743271,0.00006169094,757614.8299000000,768.069614284641
"41","244","41244","1","000","412441000","00","41244100000","000","41244000",ELÍAS,"41244100000000",629696.60407100001,1300.00000000000,2024,0.04944656672,0.00005113359,629686.6492000000,1295.38495291096
"41","306","41306","1","000","413061000","00","41306100000","000","41306000",GIGANTE,"41306100000000",2161618.15167000005,815.00000000000,2024,0.08044963338,0.00017564357,2161024.4330000002,816.266792575357
"41","319","41319","1","000","413191000","00","41319100000","000","41319000",GUADALUPE,"41319100000000",727767.16594700003,914.00000000000,2024,0.06272266614,0.00005910928,727668.5037999999,891.350637412933
"41","349","41349","1","000","413491000","00","41349100000","000","41349000",HOBO,"41349100000000",863519.21032399999,630.00000000000,2024,0.05525572724,0.00007018205,863224.6928000000,606.235780586317
"41","357","41357","1","000","413571000","00","41357100000","000","41357000",ÍQUIRA,"41357100000000",502102.51459699997,1104.00000000000,2024,0.04232558013,0.00004080345,501993.1088000000,1097.82259781634
"41","359","41359","1","000","413591000","00","41359100000","000","41359000",SAN JOSÉ DE ISNOS,"41359100000000",950662.08678500005,1780.00000000000,2024,0.07634503187,0.00007716691,950822.8799000001,1771.13137365271
"41","378","41378","1","000","413781000","00","41378100000","000","41378000",LA ARGENTINA,"41378100000000",846012.09970799997,1560.00000000000,2024,0.05024541694,0.00006870387,846021.5936000000,1522.97928100586
"41","483","41483","1","000","414831000","00","41483100000","000","41483000",NÁTAGA,"41483100000000",555753.87784900004,1600.00000000000,2024,0.03321870061,0.00004515188,555696.8713000000,1481.99017789471
"41","503","41503","1","000","415031000","00","41503100000","000","41503000",OPORAPA,"41503100000000",636874.37573099998,1250.00000000000,2024,0.04895839977,0.00005171342,636888.2402999999,1411.6314981539
"41","518","41518","1","000","415181000","00","41518100000","000","41518000",PAICOL,"41518100000000",552549.45182600000,865.00000000000,2024,0.04101691006,0.00004489004,552479.9010000000,864.901319934476
"41","524","41524","1","000","415241000","00","41524100000","000","41524000",PALERMO,"41524100000000",1449552.48881000001,578.00000000000,2024,0.08646605770,0.00011784237,1449045.2900000000,557.452385959855
"41","530","41530","1","000","415301000","00","41530100000","000","41530000",PALESTINA,"41530100000000",277966.18398400000,1540.00000000000,2024,0.03425614453,0.00002256293,277997.7880000000,1535.1075553894
"41","548","41548","1","000","415481000","00","41548100000","000","41548000",PITAL,"41548100000000",913171.88175199996,925.00000000000,2024,0.05663901163,0.00007417565,913076.2341999999,920.786789938668
"44","035","44035","1","000","440351000","00","44035100000","000","44035000",ALBANIA,"44035100000000",8229386.79071000032,90.00000000000,2024,0.34875774081,0.00068065629,8211384.8420000002,104.607308331199
"41","660","41660","1","000","416601000","00","41660100000","000","41660000",SALADOBLANCO,"41660100000000",748576.05882599996,1860.00000000000,2024,0.08854615831,0.00006077872,748616.9508000000,1477.51236277613
"41","676","41676","1","000","416761000","00","41676100000","000","41676000",SANTA MARÍA,"41676100000000",469817.59232599998,1344.00000000000,2024,0.06678813603,0.00003819074,469699.9323000000,1321.05916567202
"41","770","41770","1","000","417701000","00","41770100000","000","41770000",SUAZA,"41770100000000",725596.91531900002,971.00000000000,2024,0.04476158831,0.00005892899,725516.8687000000,952.345503841538
"41","791","41791","1","000","417911000","00","41791100000","000","41791000",TARQUI,"41791100000000",755385.19561000005,1253.00000000000,2024,0.04734306633,0.00006135140,755316.0129000000,832.50264275211
"41","797","41797","1","000","417971000","00","41797100000","000","41797000",TESALIA,"41797100000000",1088113.95540999994,838.00000000000,2024,0.06914808337,0.00008840646,1087946.0759999999,831.963784667969
"41","799","41799","1","000","417991000","00","41799100000","000","41799000",TELLO,"41799100000000",854641.10448099999,577.00000000000,2024,0.04213046211,0.00006950482,854174.6322000000,570.83545299412
"41","807","41807","1","000","418071000","00","41807100000","000","41807000",TIMANÁ,"41807100000000",994645.94589500001,1037.00000000000,2024,0.05914915123,0.00008076749,994626.2622000000,1021.14867909749
"41","801","41801","1","000","418011000","00","41801100000","000","41801000",TERUEL,"41801100000000",780880.72387300001,910.00000000000,2024,0.05891480157,0.00006346706,780675.6311999999,859.364378526476
"41","872","41872","1","000","418721000","00","41872100000","000","41872000",VILLAVIEJA,"41872100000000",747242.47874299996,384.00000000000,2024,0.04619338849,0.00006077587,746873.0027000000,384.562023294383
"41","885","41885","1","000","418851000","00","41885100000","000","41885000",YAGUARÁ,"41885100000000",1005218.35673999996,583.00000000000,2024,0.04564973270,0.00008169897,1004921.9990000000,576.166687011719
"44","090","44090","1","000","440901000","00","44090100000","000","44090000",DIBULLA,"44090100000000",1082907.25295000011,5.00000000000,2024,0.06175757724,0.00008964508,1081016.4839999999,6.91569567827078
"44","098","44098","1","000","440981000","00","44098100000","000","44098000",DISTRACCIÓN,"44098100000000",985005.42857400002,204.00000000000,2024,0.05676719456,0.00008141942,983022.0074999999,206.590983474464
"44","110","44110","1","000","441101000","00","44110100000","000","44110000",EL MOLINO,"44110100000000",1446035.79891999997,250.00000000000,2024,0.08136208803,0.00011943615,1443159.2810000000,248.759494736615
"44","650","44650","1","000","446501000","00","44650100000","000","44650000",SAN JUAN DEL CESAR,"44650100000000",6867793.38824000023,213.00000000000,2024,0.13262491029,0.00056748886,6854456.7599999998,211.408649620929
"44","874","44874","1","000","448741000","00","44874100000","000","44874000",VILLANUEVA,"44874100000000",5467325.12277999986,236.00000000000,2024,0.10706092833,0.00045152764,5456625.8109999998,233.284147147956
"44","855","44855","1","000","448551000","00","44855100000","000","44855000",URUMITA,"44855100000000",2437801.28439999977,250.00000000000,2024,0.08002525046,0.00020130305,2433084.5929999999,244.281432478395
"47","030","47030","1","000","470301000","00","47030100000","000","47030000",ALGARROBO,"47030100000000",1389367.24145999993,111.00000000000,2024,0.06104570548,0.00011463364,1387609.0490000001,109.913708973516
"47","053","47053","1","000","470531000","00","47053100000","000","47053000",ARACATACA,"47053100000000",3077715.53725000005,45.00000000000,2024,0.12419186035,0.00025425284,3074064.6090000002,40.1622997509536
"47","205","47205","1","000","472051000","00","47205100000","000","47205000",CONCORDIA,"47205100000000",589792.12575200002,17.00000000000,2024,0.03739052646,0.00004866454,589336.7309000000,11.7565107742945
"47","268","47268","1","000","472681000","00","47268100000","000","47268000",EL RETÉN,"47268100000000",1246921.59517000010,27.00000000000,2024,0.06672585523,0.00010301534,1245507.3610000000,24.3656740315755
"47","318","47318","1","000","473181000","00","47318100000","000","47318000",GUAMAL,"47318100000000",1735762.43903000001,24.00000000000,2024,0.06163296749,0.00014278095,1733751.0310000000,26.6867686561916
"47","288","47288","1","000","472881000","00","47288100000","000","47288000",FUNDACIÓN,"47288100000000",7401668.07646000013,50.00000000000,2024,0.13923518893,0.00061131174,7392911.8039999995,50.1894021550769
"47","460","47460","1","000","474601000","00","47460100000","000","47460000",GRANADA,"47460100000000",1191339.81502999994,110.00000000000,2024,0.06512001539,0.00009817828,1190085.7009999999,109.770005649991
"47","551","47551","1","000","475511000","00","47551100000","000","47551000",PIVIJAY,"47551100000000",3862352.17537999991,13.00000000000,2024,0.10180835311,0.00031891627,3858823.7710000002,9.47127348575009
"47","570","47570","1","000","475701000","00","47570100000","000","47570000",PUEBLOVIEJO,"47570100000000",690783.39354800002,3.00000000000,2024,0.06227205922,0.00005714068,690005.2833000000,2.189150817874
"47","605","47605","1","000","476051000","00","47605100000","000","47605000",REMOLINO,"47605100000000",731343.21477299999,7.00000000000,2024,0.05020491590,0.00006043149,730722.2749000000,4.28379927284416
"47","675","47675","1","000","476751000","00","47675100000","000","47675000",SALAMINA,"47675100000000",1819217.96589000011,8.00000000000,2024,0.06705629090,0.00015021803,1817765.8990000000,5.55935349242632
"47","692","47692","1","000","476921000","00","47692100000","000","47692000",SAN SEBASTIÁN DE BUENAVISTA,"47692100000000",990117.56718699995,22.00000000000,2024,0.09032012368,0.00008146590,989051.3774000000,24.8521562161653
"47","707","47707","1","000","477071000","00","47707100000","000","47707000",SANTA ANA,"47707100000000",2191103.38444000017,22.00000000000,2024,0.10372729641,0.00018031439,2189046.7629999998,25.4294353544022
"47","720","47720","1","000","477201000","00","47720100000","000","47720000",SANTA BÁRBARA DE PINTO,"47720100000000",1560633.66381000006,22.00000000000,2024,0.07938511496,0.00012846364,1559306.4029999999,20.0883501929206
"47","745","47745","1","000","477451000","00","47745100000","000","47745000",SITIONUEVO,"47745100000000",912549.22363999998,7.00000000000,2024,0.05914809139,0.00007542242,911776.3388000000,2.97661195737179
"47","798","47798","1","000","477981000","00","47798100000","000","47798000",TENERIFE,"47798100000000",1714979.70304000005,17.00000000000,2024,0.05573924953,0.00014135017,1713688.0000000000,16.7991871058647
"47","960","47960","1","000","479601000","00","47960100000","000","47960000",PUNTA DE PIEDRAS,"47960100000000",446861.92683499999,18.00000000000,2024,0.05057912409,0.00003686290,446483.8871000000,14.4188670212368
"50","110","50110","1","000","501101000","00","50110100000","000","50110000",BARRANCA DE UPÍA,"50110100000000",1598469.47799999989,229.00000000000,2024,0.07426219879,0.00013021406,1595307.6410000001,229.243286052503
"50","124","50124","1","000","501241000","00","50124100000","000","50124000",CABUYARO,"50124100000000",1088803.85777999996,170.00000000000,2024,0.05802152614,0.00008865221,1086528.9110000001,169.354316590324
"50","150","50150","1","000","501501000","00","50150100000","000","50150000",CASTILLA LA NUEVA,"50150100000000",1688002.60116000008,416.00000000000,2024,0.09948814147,0.00013742720,1685467.5959999999,415.292102174711
"50","223","50223","1","000","502231000","00","50223100000","000","50223000",CUBARRAL,"50223100000000",848532.49751400005,591.00000000000,2024,0.06587250848,0.00006908166,847342.2126000000,577.760240063225
"50","245","50245","1","000","502451000","00","50245100000","000","50245000",EL CALVARIO,"50245100000000",258526.64644899999,22.00000000000,2024,0.02260699880,0.00002106121,258142.7779000000,1895.31964308216
"50","251","50251","1","000","502511000","00","50251100000","000","50251000",EL CASTILLO,"50251100000000",1041528.62693000003,349.00000000000,2024,0.04906809487,0.00008477221,1040037.7520000000,347.547503032382
"50","270","50270","1","000","502701000","00","50270100000","000","50270000",EL DORADO,"50270100000000",283929.49072900001,546.00000000000,2024,0.02908930945,0.00002311418,283530.7038000000,549.852331912879
"50","287","50287","1","000","502871000","00","50287100000","000","50287000",FUENTE DE ORO,"50287100000000",1572933.09700999991,300.00000000000,2024,0.07826723357,0.00012800573,1570499.4900000000,296.185305998287
"50","318","50318","1","000","503181000","00","50318100000","000","50318000",GUAMAL,"50318100000000",3013372.76379999984,522.00000000000,2024,0.15945019150,0.00024534922,3009008.6719999998,520.304372066209
"50","325","50325","1","000","503251000","00","50325100000","000","50325000",MAPIRIPÁN,"50325100000000",2671688.38421999989,174.00000000000,2024,0.06377257677,0.00021706999,2664948.6159999999,183.901192298302
"50","330","50330","1","000","503301000","00","50330100000","000","50330000",MESETAS,"50330100000000",1007055.43206000002,544.00000000000,2024,0.05621904403,0.00008195303,1005779.6270000000,544.887588116301
"50","350","50350","1","000","503501000","00","50350100000","000","50350000",LA MACARENA,"50350100000000",3188482.99848000007,233.00000000000,2024,0.09145283169,0.00025921060,3183904.2130000000,238.579252364788
"50","370","50370","1","000","503701000","00","50370100000","000","50370000",URIBE,"50370100000000",855057.05652500002,700.00000000000,2024,0.05636899562,0.00006957222,854146.7449000000,696.412452622215
"50","400","50400","1","000","504001000","00","50400100000","000","50400000",LEJANÍAS,"50400100000000",2438971.14021999994,690.00000000000,2024,0.08021084584,0.00019850958,2435847.6690000002,681.329187904916
"50","450","50450","1","000","504501000","00","50450100000","000","50450000",PUERTO CONCORDIA,"50450100000000",873418.93506199995,190.00000000000,2024,0.04864930341,0.00007099211,871574.3713000000,190.217121814546
"50","573","50573","1","000","505731000","00","50573100000","000","50573000",PUERTO LÓPEZ,"50573100000000",8693364.16537999921,186.00000000000,2024,0.15695934307,0.00070774365,8676142.7730000000,179.306059198147
"50","577","50577","1","000","505771000","00","50577100000","000","50577000",PUERTO LLERAS,"50577100000000",1007433.21144999994,250.00000000000,2024,0.06376347296,0.00008196244,1005712.7070000001,236.059225972493
"50","590","50590","1","000","505901000","00","50590100000","000","50590000",PUERTO RICO,"50590100000000",1237265.46378000011,217.00000000000,2024,0.05064796241,0.00010062208,1235015.9680000001,217.209440964919
"50","680","50680","1","000","506801000","00","50680100000","000","50680000",SAN CARLOS DE GUAROA,"50680100000000",1220189.26163000008,221.00000000000,2024,0.04867417341,0.00009931078,1218000.0440000000,221.706399162896
"50","683","50683","1","000","506831000","00","50683100000","000","50683000",SAN JUAN DE ARAMA,"50683100000000",1483884.65455999994,446.00000000000,2024,0.06630321234,0.00012075430,1481840.3250000000,443.745674582089
"50","686","50686","1","000","506861000","00","50686100000","000","50686000",SAN JUANITO,"50686100000000",233267.93550299999,1965.00000000000,2024,0.02393061386,0.00001900594,232915.9602000000,1956.12051707301
"50","689","50689","1","000","506891000","00","50689100000","000","50689000",SAN MARTÍN,"50689100000000",6433780.62351999991,423.00000000000,2024,0.10931546808,0.00052372642,6424154.7390000001,424.184191436972
"50","711","50711","1","000","507111000","00","50711100000","000","50711000",VISTAHERMOSA,"50711100000000",1724590.51737000002,272.00000000000,2024,0.07442049239,0.00014030585,1722073.0970000001,294.277076758775
"52","022","52022","1","000","520221000","00","52022100000","000","52022000",ALDANA,"52022100000000",350698.31989899999,3035.00000000000,2024,0.04030427548,0.00002837981,351103.3240000000,3010.43541587271
"52","036","52036","1","000","520361000","00","52036100000","000","52036000",ANCUYA,"52036100000000",363413.09090200003,1356.00000000000,2024,0.03417018746,0.00002942419,363787.5822000000,1366.14813381288
"52","051","52051","1","000","520511000","00","52051100000","000","52051000",BERRUECOS,"52051100000000",263435.01988199999,2200.00000000000,2024,0.03900625209,0.00002134757,263640.0415000000,2183.85525512695
"52","079","52079","1","000","520791000","00","52079100000","000","52079000",BARBACOAS,"52079100000000",790256.86832400004,45.00000000000,2024,0.05602812424,0.00006390390,791397.8882000000,50.8314599273025
"52","083","52083","1","000","520831000","00","52083100000","000","52083000",BELÉN,"52083100000000",331154.88500000001,2462.00000000000,2024,0.04552529349,0.00002684234,331386.2106000000,2447.7245855564
"52","110","52110","1","000","521101000","00","52110100000","000","52110000",BUESACO,"52110100000000",1079070.90366000007,1956.00000000000,2024,0.10577666664,0.00008743495,1079926.0190000001,1956.43462092702
"52","203","52203","1","000","522031000","00","52203100000","000","52203000",GÉNOVA,"52203100000000",189568.07704700000,1925.00000000000,2024,0.02326695546,0.00001536602,189700.9999000000,1918.49240389737
"52","210","52210","1","000","522101000","00","52210100000","000","52210000",CONTADERO,"52210100000000",493395.34570700000,2600.00000000000,2024,0.04040843514,0.00003994083,493915.5338000000,2608.3968069894
"52","207","52207","1","000","522071000","00","52207100000","000","52207000",CONSACÁ,"52207100000000",560455.66227700002,1660.00000000000,2024,0.05260538012,0.00004538165,561015.2483000000,1659.3042454575
"52","215","52215","1","000","522151000","00","52215100000","000","52215000",CÓRDOBA,"52215100000000",678533.27763400006,2870.00000000000,2024,0.05470335654,0.00005493079,679234.4987000000,2861.62094726563
"52","224","52224","1","000","522241000","00","52224100000","000","52224000",CARLOSAMA,"52224100000000",1057717.32780999993,3029.00000000000,2024,0.07871315268,0.00008558855,1058958.8310000000,3022.65524317213
"52","233","52233","1","000","522331000","00","52233100000","000","52233000",CUMBITARA,"52233100000000",276295.03106000001,1681.00000000000,2024,0.03422356023,0.00002237125,276591.2647000000,1699.13003013874
"52","260","52260","1","000","522601000","00","52260100000","000","52260000",EL TAMBO,"52260100000000",1025714.55721000000,2246.00000000000,2024,0.09979110198,0.00008307432,1026686.9040000000,2200.6221766318
"52","254","52254","1","000","522541000","00","52254100000","000","52254000",EL PEÑOL,"52254100000000",360052.85570499999,1593.00000000000,2024,0.03071711525,0.00002915900,360405.5568000000,1604.40457298642
"52","250","52250","1","000","522501000","00","52250100000","000","52250000",EL CHARCO,"52250100000000",794293.98109899997,3.00000000000,2024,0.06521539343,0.00006426703,795423.8260999999,2.35814794333358
"52","256","52256","1","000","522561000","00","52256100000","000","52256000",EL ROSARIO,"52256100000000",286433.20910199999,1730.00000000000,2024,0.05201007069,0.00002320503,286693.7356000000,1586.89657592773
"52","258","52258","1","000","522581000","00","52258100000","000","52258000",EL TABLÓN DE GÓMEZ,"52258100000000",219856.12098700000,1621.00000000000,2024,0.02849151474,0.00001781682,220021.6649000000,1591.18262188251
"52","287","52287","1","000","522871000","00","52287100000","000","52287000",FUNES,"52287100000000",839852.15021200001,2278.00000000000,2024,0.05872614503,0.00006800296,840681.3969000002,2284.85317930883
"52","317","52317","1","000","523171000","00","52317100000","000","52317000",GUACHUCAL,"52317100000000",665587.10233599995,3100.00000000000,2024,0.04865016189,0.00005385919,666369.4083000000,3095.78313204608
"52","320","52320","1","000","523201000","00","52320100000","000","52320000",GUAITARILLA,"52320100000000",1189787.05710000009,2630.00000000000,2024,0.07865330981,0.00009632076,1191041.3459999999,2638.45181317397
"52","323","52323","1","000","523231000","00","52323100000","000","52323000",GUALMATÁN,"52323100000000",749399.07120400004,2915.00000000000,2024,0.08352944954,0.00006066223,750198.7658000002,2911.55394919522
"52","352","52352","1","000","523521000","00","52352100000","000","52352000",ILES,"52352100000000",374761.83630700002,3000.00000000000,2024,0.04717590955,0.00003033965,375149.8947000000,2985.61142464571
"52","354","52354","1","000","523541000","00","52354100000","000","52354000",IMUÉS,"52354100000000",341779.22577800002,2580.00000000000,2024,0.04048962072,0.00002767164,342127.4302000000,2577.57904924665
"52","381","52381","1","000","523811000","00","52381100000","000","52381000",LA FLORIDA,"52381100000000",907090.05901299999,2180.00000000000,2024,0.08240612923,0.00007346164,907957.4626000000,2174.20939805773
"52","378","52378","1","000","523781000","00","52378100000","000","52378000",LA CRUZ,"52378100000000",794832.71810399997,2430.00000000000,2024,0.06785603834,0.00006443194,795364.1481000000,2402.10072436775
"52","385","52385","1","000","523851000","00","52385100000","000","52385000",LA LLANADA,"52385100000000",430504.97213399998,2314.00000000000,2024,0.05919065064,0.00003485442,430967.3937000000,2295.89041503906
"52","390","52390","1","000","523901000","00","52390100000","000","52390000",LA TOLA,"52390100000000",591961.75282099994,20.00000000000,2024,0.04285492820,0.00004788382,592835.3128000000,3.41514956519224
"52","399","52399","1","000","523991000","00","52399100000","000","52399000",LA UNIÓN,"52399100000000",1331121.73985000001,1700.00000000000,2024,0.15758407277,0.00010787372,1332153.7430000000,1758.52901852359
"52","405","52405","1","000","524051000","00","52405100000","000","52405000",LEIVA,"52405100000000",241352.04393399999,1537.00000000000,2024,0.03051804118,0.00001955596,241566.9462000000,1547.61656406948
"52","411","52411","1","000","524111000","00","52411100000","000","52411000",LINARES,"52411100000000",373125.72989299998,1489.00000000000,2024,0.04805302312,0.00003021101,373512.5016000000,1473.90619477772
"52","418","52418","1","000","524181000","00","52418100000","000","52418000",SOTOMAYOR,"52418100000000",657644.13069400005,1560.00000000000,2024,0.04709531226,0.00005325128,658324.4496000002,1556.32211851462
"52","427","52427","1","000","524271000","00","52427100000","000","52427000",PAYÁN,"52427100000000",408832.22953700001,40.00000000000,2024,0.03754916547,0.00003305795,409434.7220000000,40.5897305806478
"52","435","52435","1","000","524351000","00","52435100000","000","52435000",PIEDRANCHA,"52435100000000",260266.72238500000,1829.00000000000,2024,0.02489676376,0.00002105554,260595.5635000000,1813.24691877694
"52","473","52473","1","000","524731000","00","52473100000","000","52473000",MOSQUERA,"52473100000000",246372.85066000000,10.00000000000,2024,0.04088783382,0.00001991705,246779.4539000000,3.21440542595727
"52","490","52490","1","000","524901000","00","52490100000","000","52490000",BOCAS DE SATINGA,"52490100000000",859854.29977799999,4.00000000000,2024,0.04548946244,0.00006952684,861201.2524000000,4.64215725777196
"52","506","52506","1","000","525061000","00","52506100000","000","52506000",OSPINA,"52506100000000",539535.45655100001,2865.00000000000,2024,0.04322016754,0.00004367626,540110.1409000000,2857.19018948463
"52","520","52520","1","000","525201000","00","52520100000","000","52520000",SALAHONDA,"52520100000000",353266.49163900001,5.00000000000,2024,0.03808096107,0.00002853324,353898.6115000000,3.79988683831124
"52","540","52540","1","000","525401000","00","52540100000","000","52540000",POLICARPA,"52540100000000",270434.56495099998,1034.00000000000,2024,0.04707352484,0.00002190207,270702.9845000000,1037.14385986328
"52","565","52565","1","000","525651000","00","52565100000","000","52565000",PROVIDENCIA,"52565100000000",269607.31474200002,2350.00000000000,2024,0.04371091252,0.00002182505,269899.8982000000,2332.90310984644
"52","573","52573","1","000","525731000","00","52573100000","000","52573000",PUERRES,"52573100000000",1026830.22956000001,2759.00000000000,2024,0.06823533110,0.00008313029,1027882.0070000000,2763.27765096029
"52","612","52612","1","000","526121000","00","52612100000","000","52612000",RICAURTE,"52612100000000",425494.41661800002,1202.00000000000,2024,0.04362685808,0.00003441267,426068.9351000000,1184.99507258489
"52","621","52621","1","000","526211000","00","52621100000","000","52621000",SAN JOSÉ,"52621100000000",231354.46957700001,35.00000000000,2024,0.02226470443,0.00001870355,231705.1386000000,34.3991438767006
"52","678","52678","1","000","526781000","00","52678100000","000","52678000",SAMANIEGO,"52678100000000",2224554.57517000008,1516.00000000000,2024,0.11064736787,0.00018008816,2226964.6179999998,1503.85632229591
"52","683","52683","1","000","526831000","00","52683100000","000","52683000",SANDONÁ,"52683100000000",1754548.83737999992,1837.00000000000,2024,0.08805013265,0.00014207262,1756308.5549999999,1802.34857267054
"52","694","52694","1","000","526941000","00","52694100000","000","52694000",SAN PEDRO DE CARTAGO,"52694100000000",161338.94090399999,2085.00000000000,2024,0.02709108327,0.00001307485,161462.7689000000,2077.39585182884
"52","685","52685","1","000","526851000","00","52685100000","000","52685000",SAN BERNARDO,"52685100000000",262338.49749899999,1951.00000000000,2024,0.03965361394,0.00002126227,262527.3477000000,1952.36437594506
"52","687","52687","1","000","526871000","00","52687100000","000","52687000",SAN LORENZO,"52687100000000",293597.36942100001,2094.00000000000,2024,0.03591356238,0.00002378818,293841.4448000000,2074.5437943308
"52","693","52693","1","000","526931000","00","52693100000","000","52693000",SAN PABLO,"52693100000000",861516.56435300002,1730.00000000000,2024,0.04455116195,0.00006983446,862117.2878000000,1701.27496098537
"52","696","52696","1","000","526961000","00","52696100000","000","52696000",ISCUANDÉ,"52696100000000",377852.73932300002,8.00000000000,2024,0.04532432733,0.00003058141,378357.5442000000,3.93134623329814
"52","699","52699","1","000","526991000","00","52699100000","000","52699000",GUACHAVÉS,"52699100000000",211506.80784900000,2610.00000000000,2024,0.03469464299,0.00001711864,211747.6285000000,2596.90447998047
"52","720","52720","1","000","527201000","00","52720100000","000","52720000",SAPUYES,"52720100000000",474021.62400000001,3000.00000000000,2024,0.04050780464,0.00003836807,474543.6227000000,2996.33587979403
"52","835","52835","1","000","528351000","00","52835100000","000","52835000","SAN ANDRÉS DE TUMACO, DISTRITO ESPECIAL, INDUSTRIAL, PORTUARIO, BIODIVERSO Y ECOTURÍSTICO","52835100000000",11335326.07010000013,2.00000000000,2024,0.59221129350,0.00091515219,11356417.2100000009,4.83544248673651
"52","838","52838","1","000","528381000","00","52838100000","000","52838000",TÚQUERRES,"52838100000000",3877759.48429000005,3050.00000000000,2024,0.12383793339,0.00031387923,3882020.2200000002,3029.27729416736
"52","885","52885","1","000","528851000","00","52885100000","000","52885000",YACUANQUER,"52885100000000",604579.87139099999,2700.00000000000,2024,0.04854492311,0.00004895960,605157.1189999999,2701.86695731027
"54","099","54099","1","000","540991000","00","54099100000","000","54099000",BOCHALEMA,"54099100000000",711805.65141000005,1477.00000000000,2024,0.04492046018,0.00005829222,710255.8696000000,1051.48509700124
"54","109","54109","1","000","541091000","00","54109100000","000","54109000",BUCARASICA,"54109100000000",131590.67282700000,1555.00000000000,2024,0.02369918725,0.00001078913,131323.1477000000,1133.62658691406
"54","051","54051","1","000","540511000","00","54051100000","000","54051000",ARBOLEDAS,"54051100000000",370385.58760099998,945.00000000000,2024,0.04793471204,0.00003033804,369615.6558000000,936.498136974516
"54","125","54125","1","000","541251000","00","54125100000","000","54125000",CÁCOTA,"54125100000000",277501.80943999998,2422.00000000000,2024,0.03301448032,0.00002270814,276896.4731000000,2410.98425686744
"54","172","54172","1","000","541721000","00","54172100000","000","54172000",CHINÁCOTA,"54172100000000",4179115.05659000017,1254.00000000000,2024,0.13608405915,0.00034222132,4169891.7999999998,1251.63015220905
"54","174","54174","1","000","541741000","00","54174100000","000","54174000",CHITAGÁ,"54174100000000",637082.05718500004,2335.00000000000,2024,0.04587122451,0.00005211923,635701.8090000000,2320.37203072213
"54","206","54206","1","000","542061000","00","54206100000","000","54206000",CONVENCIÓN,"54206100000000",878211.89345199999,1055.00000000000,2024,0.10111381900,0.00007210073,876693.0777000000,1060.44488584648
"54","261","54261","1","000","542611000","00","54261100000","000","54261000",EL ZULIA,"54261100000000",1936683.90471999999,250.00000000000,2024,0.12693986393,0.00015871617,1932416.0100000000,221.043880240265
"54","239","54239","1","000","542391000","00","54239100000","000","54239000",DURANIA,"54239100000000",471462.09911499999,963.00000000000,2024,0.04373693076,0.00003861911,470439.2437000000,953.486206054688
"54","245","54245","1","000","542451000","00","54245100000","000","54245000",EL CARMEN,"54245100000000",290073.97096499999,8.00000000000,2024,0.05603328465,0.00002381842,289592.8058000000,709.190307617188
"54","250","54250","1","000","542501000","00","54250100000","000","54250000",EL TARRA,"54250100000000",1279920.49988000002,215.00000000000,2024,0.08433455049,0.00010509554,1277508.0480000000,205.627410386738
"54","344","54344","1","000","543441000","00","54344100000","000","54344000",HACARÍ,"54344100000000",153503.58171200001,1070.00000000000,2024,0.02544661520,0.00001259665,153219.1357000000,1068.55488987973
"54","347","54347","1","000","543471000","00","54347100000","000","54347000",HERRÁN,"54347100000000",163123.88826199999,1952.00000000000,2024,0.02848390596,0.00001335360,162751.3907000000,1957.84789428711
"54","377","54377","1","000","543771000","00","54377100000","000","54377000",LABATECA,"54377100000000",255369.81743600001,1553.00000000000,2024,0.03105222272,0.00002089564,254788.5729000000,1581.28406197684
"54","385","54385","1","000","543851000","00","54385100000","000","54385000",LA ESPERANZA,"54385100000000",382426.54144200002,535.00000000000,2024,0.04860935234,0.00003133421,381762.6967000000,180.467126724568
"54","398","54398","1","000","543981000","00","54398100000","000","54398000",LA PLAYA,"54398100000000",370237.23156400002,1436.00000000000,2024,0.04653144784,0.00003037525,369573.6055000000,1431.73114568537
"54","480","54480","1","000","544801000","00","54480100000","000","54480000",MUTISCUA,"54480100000000",167492.00076800000,2614.00000000000,2024,0.02759711834,0.00001370812,167138.0752000000,2601.95257859003
"54","518","54518","1","000","545181000","00","54518100000","000","54518000",PAMPLONA,"54518100000000",5271230.05980999954,449.00000000000,2024,0.21311589329,0.00043144823,5259752.3150000004,2364.18007288224
"54","553","54553","1","000","545531000","00","54553100000","000","54553000",PUERTO SANTANDER,"54553100000000",880283.01928300003,52.00000000000,2024,0.06799515100,0.00007220240,878234.3739000000,50.9061038062686
"54","660","54660","1","000","546601000","00","54660100000","000","54660000",SALAZAR DE LAS PALMAS,"54660100000000",966244.42584000004,875.00000000000,2024,0.07070325749,0.00007916913,964244.9796000000,872.289222252887
"54","599","54599","1","000","545991000","00","54599100000","000","54599000",RAGONVALIA,"54599100000000",657107.41879999998,1564.00000000000,2024,0.06960667236,0.00005380023,655604.1458000002,1561.83931917758
"54","673","54673","1","000","546731000","00","54673100000","000","54673000",SAN CAYETANO,"54673100000000",1719336.75646000006,251.00000000000,2024,0.06793973026,0.00014088566,1715570.6080000000,246.414772992158
"54","670","54670","1","000","546701000","00","54670100000","000","54670000",SAN CALIXTO,"54670100000000",461492.73602700001,1677.00000000000,2024,0.07849194070,0.00003787944,460656.2835000000,1672.77524820964
"54","720","54720","1","000","547201000","00","54720100000","000","54720000",SARDINATA,"54720100000000",1124911.50069999998,329.00000000000,2024,0.05965742589,0.00009223598,1122575.4410000001,312.634170062725
"54","680","54680","1","000","546801000","00","54680100000","000","54680000",SANTIAGO,"54680100000000",247096.47197399999,428.00000000000,2024,0.02842532156,0.00002024863,246569.7177000000,410.771473475865
"54","743","54743","1","000","547431000","00","54743100000","000","54743000",SILOS,"54743100000000",263653.99416900001,2727.00000000000,2024,0.02864496870,0.00002157405,263098.5159000000,2721.47716567096
"54","800","54800","1","000","548001000","00","54800100000","000","54800000",TEORAMA,"54800100000000",328469.77560300002,1085.00000000000,2024,0.04930183286,0.00002696438,327891.0710000000,1084.16701096755
"54","810","54810","1","000","548101000","00","54810100000","000","54810000",TIBÚ,"54810100000000",3211368.22490999987,66.00000000000,2024,0.14877898244,0.00026366671,3204566.9130000002,67.7901363119839
"54","871","54871","1","000","548711000","00","54871100000","000","54871000",VILLA CARO,"54871100000000",439906.71307499998,1628.00000000000,2024,0.03971095715,0.00003605971,439042.2527000000,1604.43661029522
"54","820","54820","1","000","548201000","00","54820100000","000","54820000",TOLEDO,"54820100000000",950280.78640300001,1628.00000000000,2024,0.07823353940,0.00007775726,948109.2152000000,1633.70034314077
"63","111","63111","1","000","631111000","00","63111100000","000","63111000",BUENAVISTA,"63111100000000",131599.06953300000,1497.00000000000,2024,0.02129208465,0.00001071240,131578.8217000000,1477.59537760417
"63","302","63302","1","000","633021000","00","63302100000","000","63302000",GÉNOVA,"63302100000000",518322.05232100002,1451.00000000000,2024,0.05222658592,0.00004218188,518259.9491000000,1441.48917376409
"63","548","63548","1","000","635481000","00","63548100000","000","63548000",PIJAO,"63548100000000",654877.82660799997,1660.00000000000,2024,0.06465972097,0.00005330843,654761.5152000000,1665.79561896073
"63","401","63401","1","000","634011000","00","63401100000","000","63401000",LA TEBAIDA,"63401100000000",3436435.98468000023,1190.00000000000,2024,0.14015645828,0.00027975279,3436012.9449999998,1189.46840266278
"66","045","66045","1","000","660451000","00","66045100000","000","66045000",APÍA,"66045100000000",746362.32006199996,1621.00000000000,2024,0.05800446676,0.00006080593,746344.5196999999,1616.39627178064
"66","088","66088","1","000","660881000","00","66088100000","000","66088000",BELÉN DE UMBRÍA,"66088100000000",1544006.28493999992,1495.00000000000,2024,0.06586916249,0.00012581833,1543893.6980000001,1486.721981894
"66","318","66318","1","000","663181000","00","66318100000","000","66318000",GUÁTICA,"66318100000000",612680.75252900005,1888.00000000000,2024,0.04970237029,0.00004993893,612607.8580000000,1891.33753487723
"66","383","66383","1","000","663831000","00","66383100000","000","66383000",LA CELIA,"66383100000000",412994.77599900000,1407.00000000000,2024,0.05270129203,0.00003363895,413001.6467000000,1394.05108896891
"66","456","66456","1","000","664561000","00","66456100000","000","66456000",MISTRATÓ,"66456100000000",435857.15555000002,1528.00000000000,2024,0.05659500720,0.00003552201,435829.3290000001,1501.31781005859
"66","594","66594","1","000","665941000","00","66594100000","000","66594000",QUINCHÍA,"66594100000000",1090970.17133000004,1835.00000000000,2024,0.07353760690,0.00008893357,1090791.1590000000,1836.4062664698
"66","687","66687","1","000","666871000","00","66687100000","000","66687000",SANTUARIO,"66687100000000",444106.46517400001,1626.00000000000,2024,0.06188963568,0.00003617857,444099.8280000000,1615.90893990653
"68","013","68013","1","000","680131000","00","68013100000","000","68013000",AGUADA,"68013100000000",113313.71409500000,1745.00000000000,2024,0.02628433134,0.00000925692,113131.3302000000,1743.35016276042
"68","020","68020","1","000","680201000","00","68020100000","000","68020000",ALBANIA,"68020100000000",212003.19247099999,1608.00000000000,2024,0.04316267962,0.00001730823,211716.0020000000,1644.99763997396
"68","051","68051","1","000","680511000","00","68051100000","000","68051000",ARATOCA,"68051100000000",438413.86595299997,1806.00000000000,2024,0.06220443245,0.00003584294,437564.0806000000,1784.61829331342
"68","077","68077","1","000","680771000","00","68077100000","000","68077000",BARBOSA,"68077100000000",3612677.40560000017,1572.00000000000,2024,0.14230203794,0.00029501621,3607081.5150000001,1565.16545787516
"68","079","68079","1","000","680791000","00","68079100000","000","68079000",BARICHARA,"68079100000000",1199861.18171999999,1280.00000000000,2024,0.07010478843,0.00009809568,1197695.6020000000,1280.958056132
"68","092","68092","1","000","680921000","00","68092100000","000","68092000",BETULIA,"68092100000000",480748.15170500003,1827.00000000000,2024,0.03476582269,0.00003932621,479899.5264000000,1819.46260288783
"68","101","68101","1","000","681011000","00","68101100000","000","68101000",BOLÍVAR,"68101100000000",303875.63841999997,2133.00000000000,2024,0.03944004991,0.00002481829,303435.7615000000,2138.48397827148
"68","121","68121","1","000","681211000","00","68121100000","000","68121000",CABRERA,"68121100000000",344303.63440099999,989.00000000000,2024,0.03216725220,0.00002814685,343687.4541000000,1001.79929170154
"68","179","68179","1","000","681791000","00","68179100000","000","68179000",CHIPATÁ,"68179100000000",254420.88211700000,15.00000000000,2024,0.02565250175,0.00002078130,254030.2986000000,1790.14251077586
"68","132","68132","1","000","681321000","00","68132100000","000","68132000",CALIFORNIA,"68132100000000",142668.02595800001,2030.00000000000,2024,0.02241761688,0.00001167938,142385.0205000000,2018.95318603516
"68","147","68147","1","000","681471000","00","68147100000","000","68147000",CAPITANEJO,"68147100000000",2202799.08564000018,1108.00000000000,2024,0.08781853320,0.00017998974,2198066.4320000000,1100.16297555975
"68","152","68152","1","000","681521000","00","68152100000","000","68152000",CARCASÍ,"68152100000000",150709.83107099999,2119.00000000000,2024,0.02077134307,0.00001231617,150379.3679000000,2123.97737630208
"68","160","68160","1","000","681601000","00","68160100000","000","68160000",CEPITÁ,"68160100000000",120423.32182200000,666.00000000000,2024,0.01561839399,0.00000984620,120186.4411000000,664.786281040737
"68","169","68169","1","000","681691000","00","68169100000","000","68169000",CHARTA,"68169100000000",244519.39364699999,1983.00000000000,2024,0.02300242385,0.00002001472,244037.8606000000,1985.08308358028
"68","162","68162","1","000","681621000","00","68162100000","000","68162000",CERRITO,"68162100000000",539219.53211499995,2513.00000000000,2024,0.05886897237,0.00004408687,538061.2132999999,2489.08458291331
"68","176","68176","1","000","681761000","00","68176100000","000","68176000",CHIMA,"68176100000000",231025.55472399999,1150.00000000000,2024,0.02920042559,0.00001887845,230631.2047000000,1149.528263637
"68","167","68167","1","000","681671000","00","68167100000","000","68167000",CHARALÁ,"68167100000000",1294427.84214000008,1302.00000000000,2024,0.07534672365,0.00010575149,1292026.9480000001,1288.89732875945
"68","190","68190","1","000","681901000","00","68190100000","000","68190000",CIMITARRA,"68190100000000",3495664.94817999983,188.00000000000,2024,0.11436307964,0.00028568020,3491018.1129999999,166.555112650308
"68","235","68235","1","000","682351000","00","68235100000","000","68235000",EL CARMEN DE CHUCURÍ,"68235100000000",275893.45377600001,1160.00000000000,2024,0.03263257923,0.00002256165,275447.1562000001,761.914505004883
"68","207","68207","1","000","682071000","00","68207100000","000","68207000",CONCEPCIÓN,"68207100000000",457354.05335100001,2010.00000000000,2024,0.05067408635,0.00003738807,456371.4335000000,2014.63432933666
"68","211","68211","1","000","682111000","00","68211100000","000","68211000",CONTRATACIÓN,"68211100000000",961687.11552700005,1681.10000000000,2024,0.05156137306,0.00007858028,960108.7058000000,1668.3427259057
"68","217","68217","1","000","682171000","00","68217100000","000","68217000",COROMORO,"68217100000000",218151.97629699999,1536.00000000000,2024,0.02518694324,0.00001782169,217732.2736000000,1530.14032921424
"68","229","68229","1","000","682291000","00","68229100000","000","68229000",CURITÍ,"68229100000000",788439.23160000006,1481.00000000000,2024,0.05051793929,0.00006445025,786938.0971000000,1490.80446154006
"68","255","68255","1","000","682551000","00","68255100000","000","68255000",EL PLAYÓN,"68255100000000",585927.68981799996,469.00000000000,2024,0.03901803976,0.00004798688,584862.9408000000,440.639744855356
"68","245","68245","1","000","682451000","00","68245100000","000","68245000",EL GUACAMAYO,"68245100000000",246434.12061700001,1950.00000000000,2024,0.02982139512,0.00002013480,246033.2604000000,1974.14005940755
"68","250","68250","1","000","682501000","00","68250100000","000","68250000",EL PEÑÓN,"68250100000000",207026.43734000000,2540.00000000000,2024,0.02703840472,0.00001691051,206732.7167000000,2546.46099609375
"68","264","68264","1","000","682641000","00","68264100000","000","68264000",ENCINO,"68264100000000",118913.94908000001,1855.00000000000,2024,0.02523387988,0.00000971206,118689.6389000000,1848.40443522135
"68","266","68266","1","000","682661000","00","68266100000","000","68266000",ENCISO,"68266100000000",164888.77048899999,1580.00000000000,2024,0.01801825402,0.00001347676,164535.0160000000,1579.14065712377
"68","271","68271","1","000","682711000","00","68271100000","000","68271000",FLORIÁN,"68271100000000",371236.44416900002,1631.00000000000,2024,0.02807625783,0.00003031077,370747.6162000000,1635.37076909491
"68","296","68296","1","000","682961000","00","68296100000","000","68296000",GALÁN,"68296100000000",257686.66712100001,940.00000000000,2024,0.03147068572,0.00002106825,257232.4351000000,934.852940414891
"68","298","68298","1","000","682981000","00","68298100000","000","68298000",GÁMBITA,"68298100000000",179402.37005000000,1903.00000000000,2024,0.01960891628,0.00001464915,179092.6588000000,1896.67364823191
"68","318","68318","1","000","683181000","00","68318100000","000","68318000",GUACA,"68318100000000",590212.53719399997,2438.00000000000,2024,0.03857054254,0.00004826579,589006.6842000000,2323.8361957937
"68","322","68322","1","000","683221000","00","68322100000","000","68322000",GUAPOTÁ,"68322100000000",307605.24083400000,1478.00000000000,2024,0.03719351452,0.00002513395,307069.5572000000,1472.19596574113
"68","368","68368","1","000","683681000","00","68368100000","000","68368000",JESÚS MARÍA,"68368100000000",191637.15431899999,1883.00000000000,2024,0.03228365671,0.00001564841,191361.2688000000,1879.16748577615
"68","324","68324","1","000","683241000","00","68324100000","000","68324000",GUAVATÁ,"68324100000000",284775.92640900001,1891.00000000000,2024,0.03763691743,0.00002325659,284350.6082000000,1976.64925765991
"68","344","68344","1","000","683441000","00","68344100000","000","68344000",HATO,"68344100000000",436892.67975800001,1370.00000000000,2024,0.03504147149,0.00003571371,436128.3969000000,1335.92457969516
"68","385","68385","1","000","683851000","00","68385100000","000","68385000",LANDÁZURI,"68385100000000",571892.77200999996,940.00000000000,2024,0.05555188350,0.00004672775,571079.7748000000,936.43139460637
"68","327","68327","1","000","683271000","00","68327100000","000","68327000",GÜEPSA,"68327100000000",1083863.94741000002,1579.00000000000,2024,0.10942461909,0.00008852334,1082156.1969999999,1523.84240911913
"68","377","68377","1","000","683771000","00","68377100000","000","68377000",LA BELLEZA,"68377100000000",360052.18446199998,2192.00000000000,2024,0.04688552218,0.00002940037,359576.6671000000,2192.73811848958
"68","418","68418","1","000","684181000","00","68418100000","000","68418000",LOS SANTOS,"68418100000000",418493.31793600001,1292.00000000000,2024,0.04327720217,0.00003422027,417705.2869000000,1297.15974934896
"68","444","68444","1","000","684441000","00","68444100000","000","68444000",MATANZA,"68444100000000",299264.42067800002,1594.00000000000,2024,0.03510718609,0.00002449879,298684.1808000000,1587.24730398996
"68","468","68468","1","000","684681000","00","68468100000","000","68468000",MOLAGAVITA,"68468100000000",218309.17715199999,2215.00000000000,2024,0.02529151898,0.00001784473,217856.3748000000,2191.37211552373
"68","464","68464","1","000","684641000","00","68464100000","000","68464000",MOGOTES,"68464100000000",948877.88113300002,1682.00000000000,2024,0.06266584924,0.00007754059,947008.6766000000,1686.47505841936
"68","432","68432","1","000","684321000","00","68432100000","000","68432000",MÁLAGA,"68432100000000",2945718.74630999984,2244.00000000000,2024,0.10255822471,0.00024078410,2939461.3709999998,2209.7275334339
"68","500","68500","1","000","685001000","00","68500100000","000","68500000",OIBA,"68500100000000",760138.64935800002,1440.00000000000,2024,0.04610962762,0.00006210410,758804.5023000002,1442.3484986693
"68","498","68498","1","000","684981000","00","68498100000","000","68498000",OCAMONTE,"68498100000000",133575.82287100001,1399.00000000000,2024,0.02256073356,0.00001091380,133325.9549000000,1396.78883463542
"68","502","68502","1","000","685021000","00","68502100000","000","68502000",ONZAGA,"68502100000000",385631.45294900000,1969.00000000000,2024,0.04003056997,0.00003150175,384833.2665000001,1944.95417055876
"68","522","68522","1","000","685221000","00","68522100000","000","68522000",PALMAR,"68522100000000",217178.66934299999,896.00000000000,2024,0.02962130856,0.00001775287,216796.2972000000,892.582903180804
"68","524","68524","1","000","685241000","00","68524100000","000","68524000",PALMAS DEL SOCORRO,"68524100000000",209763.60918900001,1176.00000000000,2024,0.02394257128,0.00001714236,209393.8197000000,1177.95337853065
"68","533","68533","1","000","685331000","00","68533100000","000","68533000",PÁRAMO,"68533100000000",203122.51367799999,1398.00000000000,2024,0.02421126104,0.00001659897,202748.8798000000,1402.25028483073
"68","549","68549","1","000","685491000","00","68549100000","000","68549000",PINCHOTE,"68549100000000",322685.76923400001,1218.00000000000,2024,0.03842708676,0.00002637546,322093.0780000000,1198.11335513466
"68","572","68572","1","000","685721000","00","68572100000","000","68572000",PUENTE NACIONAL,"68572100000000",1277466.39008999988,1630.00000000000,2024,0.07573696057,0.00010431142,1275539.0410000000,1626.08897358662
"68","573","68573","1","000","685731000","00","68573100000","000","68573000",PUERTO PARRA,"68573100000000",594126.22817599995,95.00000000000,2024,0.05893459206,0.00004858563,593376.1314000000,100.863319396973
"68","575","68575","1","000","685751000","00","68575100000","000","68575000",PUERTO WILCHES,"68575100000000",2577787.59811000014,63.00000000000,2024,0.11531475259,0.00021110576,2574268.9989999998,66.2084571311348
"68","615","68615","1","000","686151000","00","68615100000","000","68615000",RIONEGRO,"68615100000000",651217.46054899995,708.00000000000,2024,0.05737331941,0.00005330841,650011.6637000000,659.424619996703
"68","720","68720","1","000","687201000","00","68720100000","000","68720000",SANTA HELENA DEL OPÓN,"68720100000000",190670.37101800001,1085.00000000000,2024,0.01858075238,0.00001558199,190375.1089000000,1081.12512207031
"68","655","68655","1","000","686551000","00","68655100000","000","68655000",SABANA DE TORRES,"68655100000000",5598561.74072000012,135.00000000000,2024,0.12135143111,0.00045849589,5589463.4330000002,136.566691993945
"68","669","68669","1","000","686691000","00","68669100000","000","68669000",SAN ANDRÉS,"68669100000000",489313.86312200001,1630.00000000000,2024,0.04482082059,0.00004000907,488311.7222000000,1628.2681470968
"68","673","68673","1","000","686731000","00","68673100000","000","68673000",SAN BENITO,"68673100000000",96647.47089050000,1351.00000000000,2024,0.01365213136,0.00000789485,96491.0256400000,1356.76418457031
"68","705","68705","1","000","687051000","00","68705100000","000","68705000",SANTA BÁRBARA,"68705100000000",112730.81921400000,1920.00000000000,2024,0.01655313364,0.00000922131,112504.2703000000,1908.64521135603
"68","682","68682","1","000","686821000","00","68682100000","000","68682000",SAN JOAQUÍN,"68682100000000",183688.13265900000,1975.00000000000,2024,0.02006606323,0.00001500821,183314.0465000000,1970.68356600675
"68","684","68684","1","000","686841000","00","68684100000","000","68684000",SAN JOSÉ DE MIRANDA,"68684100000000",253872.39650300000,1993.00000000000,2024,0.02435604445,0.00002074982,253333.3419000000,1986.73643838206
"68","686","68686","1","000","686861000","00","68686100000","000","68686000",SAN MIGUEL,"68686100000000",237794.18197500001,960.00000000000,2024,0.02784935388,0.00001943103,237275.3722000000,1935.32981520433
"68","689","68689","1","000","686891000","00","68689100000","000","68689000",SAN VICENTE DE CHUCURÍ,"68689100000000",1859124.24842000008,675.00000000000,2024,0.09505825792,0.00015208286,1855996.4180000001,648.720664007014
"68","770","68770","1","000","687701000","00","68770100000","000","68770000",SUAITA,"68770100000000",606579.61237800005,1640.00000000000,2024,0.06637841182,0.00004954623,605571.0512000000,1633.2857064025
"68","773","68773","1","000","687731000","00","68773100000","000","68773000",SUCRE,"68773100000000",202958.09537699999,2160.00000000000,2024,0.03601482654,0.00001657409,202666.9111000000,2157.39130655924
"68","780","68780","1","000","687801000","00","68780100000","000","68780000",SURATÁ,"68780100000000",201971.72305700000,1754.00000000000,2024,0.02322307919,0.00001653532,201576.0305000000,1747.977789016
"68","820","68820","1","000","688201000","00","68820100000","000","68820000",TONA,"68820100000000",137594.62059999999,1872.00000000000,2024,0.02121341027,0.00001126063,137323.4783000000,1867.82850557215
"68","855","68855","1","000","688551000","00","68855100000","000","68855000",VALLE DE SAN JOSÉ,"68855100000000",414574.63223799999,1241.00000000000,2024,0.03222687297,0.00003388015,413804.8411000000,1234.27869415283
"68","861","68861","1","000","688611000","00","68861100000","000","68861000",VÉLEZ,"68861100000000",2471021.74007999990,2130.00000000000,2024,0.12695287451,0.00020181756,2467285.2769999998,2128.88842222426
"68","867","68867","1","000","688671000","00","68867100000","000","68867000",VETAS,"68867100000000",188519.60676000000,3246.00000000000,2024,0.02457793149,0.00001543087,188136.4046000000,3253.97868208452
"68","872","68872","1","000","688721000","00","68872100000","000","68872000",VILLANUEVA,"68872100000000",1526102.56019999995,1466.00000000000,2024,0.07210199672,0.00012477349,1523299.8010000000,1458.15540990937
"68","895","68895","1","000","688951000","00","68895100000","000","68895000",ZAPATOCA,"68895100000000",2581508.82732999977,1708.00000000000,2024,0.11386085987,0.00021113452,2576925.4959999998,1702.05353891102
"70","124","70124","1","000","701241000","00","70124100000","000","70124000",CAIMITO,"70124100000000",1005175.21169999999,23.00000000000,2024,0.07258889069,0.00008257912,1004590.6120000000,26.1263983799861
"70","110","70110","1","000","701101000","00","70110100000","000","70110000",BUENAVISTA,"70110100000000",1175634.76992000011,98.00000000000,2024,0.09616770586,0.00009673009,1174838.3089999999,99.3039107288388
"70","204","70204","1","000","702041000","00","70204100000","000","70204000",RICAURTE (COLOSÓ),"70204100000000",772638.92205099994,146.00000000000,2024,0.05792745452,0.00006358756,772303.7352000000,145.294687105262
"70","215","70215","1","000","702151000","00","70215100000","000","70215000",COROZAL,"70215100000000",4947937.84669000003,155.00000000000,2024,0.17690044325,0.00040702818,4945605.4500000002,156.509153019593
"70","230","70230","1","000","702301000","00","70230100000","000","70230000",CHALÁN,"70230100000000",494393.46876000002,295.00000000000,2024,0.04078426502,0.00004069536,494165.9252000000,287.289526767418
"70","233","70233","1","000","702331000","00","70233100000","000","70233000",EL ROBLE,"70233100000000",1346875.79725999990,90.00000000000,2024,0.10938347460,0.00011073763,1346160.6120000000,89.7231302493956
"70","235","70235","1","000","702351000","00","70235100000","000","70235000",GALERAS,"70235100000000",2068403.80385000003,85.00000000000,2024,0.15292763618,0.00017010393,2067106.5120000001,85.5708236076571
"70","265","70265","1","000","702651000","00","70265100000","000","70265000",GUARANDA,"70265100000000",1042212.72225999995,20.00000000000,2024,0.05791016896,0.00008557334,1041218.1690000000,25.9868523621362
"70","400","70400","1","000","704001000","00","70400100000","000","70400000",LA UNIÓN,"70400100000000",7431492.36622000020,61.00000000000,2024,0.12955065866,0.00061056568,7427929.7160000000,60.0468332203952
"70","418","70418","1","000","704181000","00","70418100000","000","70418000",LOS PALMITOS,"70418100000000",1449266.48842999991,180.00000000000,2024,0.08164554244,0.00011924246,1448560.0480000000,182.786899724656
"70","429","70429","1","000","704291000","00","70429100000","000","70429000",MAJAGUAL,"70429100000000",1409969.97047000006,19.00000000000,2024,0.08360992926,0.00011578713,1408706.3400000001,23.2418409756252
"70","473","70473","1","000","704731000","00","70473100000","000","70473000",MORROA,"70473100000000",1526129.45014000009,164.00000000000,2024,0.10012946399,0.00012554600,1525422.6000000001,163.837414971713
"70","508","70508","1","000","705081000","00","70508100000","000","70508000",OVEJAS,"70508100000000",1821881.31853999989,260.00000000000,2024,0.09813428850,0.00014996694,1820945.0319999999,253.481014409922
"70","523","70523","1","000","705231000","00","70523100000","000","70523000",PALMITO,"70523100000000",735305.21342799999,33.00000000000,2024,0.05703384851,0.00006047824,735076.0341000000,34.0924068797718
"70","670","70670","1","000","706701000","00","70670100000","000","70670000",SAMPUÉS,"70670100000000",2814133.30379999988,158.00000000000,2024,0.16381163933,0.00023139462,2812967.2650000001,157.679860569182
"70","678","70678","1","000","706781000","00","70678100000","000","70678000",SAN BENITO ABAD,"70678100000000",2308943.70613999991,25.00000000000,2024,0.07041858752,0.00018976941,2307470.8999999999,22.4515483335375
"70","702","70702","1","000","707021000","00","70702100000","000","70702000",BETULIA,"70702100000000",1917062.19097000011,144.00000000000,2024,0.05870307921,0.00015768722,1916097.9990000001,138.670105518223
"70","713","70713","1","000","707131000","00","70713100000","000","70713000",SAN ONOFRE,"70713100000000",3418136.80729999999,28.00000000000,2024,0.13774498505,0.00028146825,3417019.5170000000,29.6558201453265
"70","717","70717","1","000","707171000","00","70717100000","000","70717000",SAN PEDRO,"70717100000000",1502582.92006999999,129.00000000000,2024,0.10727451420,0.00012365125,1501652.1120000000,140.36486535099
"70","771","70771","1","000","707711000","00","70771100000","000","70771000",SUCRE,"70771100000000",1258080.66225999990,15.00000000000,2024,0.10946822749,0.00010338296,1257029.0190000001,19.0607022525502
"73","268","73268","1","000","732681000","00","73268100000","000","73268000",EL ESPINAL,"73268100000000",9199613.39014000073,324.00000000000,2024,0.23282460690,0.00074914905,9193036.6970000006,322.378955467351
"70","823","70823","1","000","708231000","00","70823100000","000","70823000",TOLUVIEJO,"70823100000000",1266193.82917000004,68.00000000000,2024,0.08548041036,0.00010418701,1265716.2470000000,61.2286628108697
"73","024","73024","1","000","730241000","00","73024100000","000","73024000",ALPUJARRA,"73024100000000",701580.72873600002,1310.00000000000,2024,0.05803356486,0.00005708161,701102.1932000000,1308.40595534752
"73","026","73026","1","000","730261000","00","73026100000","000","73026000",ALVARADO,"73026100000000",823012.70806199999,414.00000000000,2024,0.07627430859,0.00006705392,822460.2657000000,415.812110192997
"73","030","73030","1","000","730301000","00","73030100000","000","73030000",AMBALEMA,"73030100000000",1537629.91075000004,243.00000000000,2024,0.08519232689,0.00012532522,1536406.2320000001,238.417091452557
"73","067","73067","1","000","730671000","00","73067100000","000","73067000",ATACO,"73067100000000",1650100.12326000002,459.00000000000,2024,0.05214528888,0.00013424236,1649462.5330000001,451.84414434433
"73","055","73055","1","000","730551000","00","73055100000","000","73055000",GUAYABAL,"73055100000000",2125363.23811999988,285.00000000000,2024,0.08084909542,0.00017328194,2123837.7769999998,283.121493602362
"73","124","73124","1","000","731241000","00","73124100000","000","73124000",CAJAMARCA,"73124100000000",691765.16399999999,1814.00000000000,2024,0.11643209117,0.00005633266,691518.5894000002,1837.66340273903
"73","152","73152","1","000","731521000","00","73152100000","000","73152000",CASABIANCA,"73152100000000",388341.25798900001,2052.00000000000,2024,0.04178931134,0.00003165971,388122.7053000000,2031.1786219279
"73","168","73168","1","000","731681000","00","73168100000","000","73168000",CHAPARRAL,"73168100000000",6789223.31857000105,854.00000000000,2024,0.15133831118,0.00055236547,6787036.7220000001,839.059071897111
"73","200","73200","1","000","732001000","00","73200100000","000","73200000",COELLO,"73200100000000",502152.98639300000,300.00000000000,2024,0.05134944154,0.00004089836,501798.1439000000,288.7684481346
"73","217","73217","1","000","732171000","00","73217100000","000","73217000",COYAIMA,"73217100000000",656200.75394199998,392.00000000000,2024,0.04193573833,0.00005340421,655865.3195000000,362.172679158
"73","226","73226","1","000","732261000","00","73226100000","000","73226000",CUNDAY,"73226100000000",888791.56468099996,466.00000000000,2024,0.06278994278,0.00007237461,888043.4691000000,456.53504310464
"73","270","73270","1","000","732701000","00","73270100000","000","73270000",FALAN,"73270100000000",520023.51009699999,976.00000000000,2024,0.05571374454,0.00004240221,519673.5083000000,974.842394002279
"73","283","73283","1","000","732831000","00","73283100000","000","73283000",FRESNO,"73283100000000",1428600.39021000010,1456.00000000000,2024,0.13001292508,0.00011648672,1427716.2039999999,1486.29800613674
"73","352","73352","1","000","733521000","00","73352100000","000","73352000",ICONONZO,"73352100000000",798562.33641400002,1314.00000000000,2024,0.06448570355,0.00006503994,797805.9252000002,1300.346359417
"73","319","73319","1","000","733191000","00","73319100000","000","73319000",GUAMO,"73319100000000",4475585.17506000027,321.00000000000,2024,0.19859253162,0.00036438992,4472630.1849999996,317.698577998461
"73","347","73347","1","000","733471000","00","73347100000","000","73347000",HERVEO,"73347100000000",327283.93316199997,2307.00000000000,2024,0.06013963019,0.00002668108,327111.8006000000,2300.32799008018
"73","408","73408","1","000","734081000","00","73408100000","000","73408000",LÉRIDA,"73408100000000",3500205.62840999989,347.00000000000,2024,0.11741308303,0.00028529899,3497755.2960000001,349.484706397195
"73","443","73443","1","000","734431000","00","73443100000","000","73443000",SAN SEBASTIÁN DE MARIQUITA,"73443100000000",5913399.09769999981,529.00000000000,2024,0.22648873939,0.00048224523,5909170.7620000001,477.934298072837
"73","461","73461","1","000","734611000","00","73461100000","000","73461000",MURILLO,"73461100000000",860039.93187400000,2980.00000000000,2024,0.04436485399,0.00007009172,859584.7233000000,2987.46842531814
"73","483","73483","1","000","734831000","00","73483100000","000","73483000",NATAGAIMA,"73483100000000",1815172.73900999990,324.00000000000,2024,0.07468239752,0.00014770732,1814125.3250000000,325.676886554097
"73","520","73520","1","000","735201000","00","73520100000","000","73520000",PALOCABILDO,"73520100000000",476465.45555700001,1472.00000000000,2024,0.09861215674,0.00003884891,476166.3767000000,1470.12516072591
"73","547","73547","1","000","735471000","00","73547100000","000","73547000",PIEDRAS,"73547100000000",929796.52286200004,390.00000000000,2024,0.05045124491,0.00007575451,929126.4782000000,390.837545692374
"73","555","73555","1","000","735551000","00","73555100000","000","73555000",PLANADAS,"73555100000000",802537.23751699994,1199.00000000000,2024,0.05957908015,0.00006524882,802366.3916000000,1203.19346950365
"73","563","73563","1","000","735631000","00","73563100000","000","73563000",PRADO,"73563100000000",1088241.69959000009,316.00000000000,2024,0.07227553944,0.00008857490,1087494.7379999999,315.790748009315
"73","585","73585","1","000","735851000","00","73585100000","000","73585000",PURIFICACIÓN,"73585100000000",4183006.26550999982,306.00000000000,2024,0.10722426562,0.00034050554,4180156.4720000001,303.264748381014
"73","616","73616","1","000","736161000","00","73616100000","000","73616000",RIOBLANCO,"73616100000000",412135.89222400001,1037.00000000000,2024,0.06179268968,0.00003351909,412047.7377000000,1041.77701822917
"73","622","73622","1","000","736221000","00","73622100000","000","73622000",RONCESVALLES,"73622100000000",294319.04897700000,2579.30000000000,2024,0.04743362436,0.00002395081,294248.2558000000,2588.5491584329
"73","624","73624","1","000","736241000","00","73624100000","000","73624000",ROVIRA,"73624100000000",1837659.90546000004,883.00000000000,2024,0.06914781918,0.00014962995,1836774.8870000001,883.199096960956
"73","671","73671","1","000","736711000","00","73671100000","000","73671000",SALDAÑA,"73671100000000",1997390.32716999995,310.00000000000,2024,0.10259731852,0.00016259818,1996136.0240000000,311.667436491454
"73","675","73675","1","000","736751000","00","73675100000","000","73675000",SAN ANTONIO,"73675100000000",985112.20379599999,1450.00000000000,2024,0.06547628092,0.00008016535,984793.9157000000,1435.17976033187
"73","678","73678","1","000","736781000","00","73678100000","000","73678000",SAN LUIS,"73678100000000",801358.16076400003,480.00000000000,2024,0.05799830529,0.00006524767,800896.1370000000,476.3299693232
"73","770","73770","1","000","737701000","00","73770100000","000","73770000",SUÁREZ,"73770100000000",354547.50603300001,308.00000000000,2024,0.02478672131,0.00002886888,354281.6400000000,290.749857088415
"73","861","73861","1","000","738611000","00","73861100000","000","73861000",VENADILLO,"73861100000000",1467498.18457000004,335.00000000000,2024,0.06810700075,0.00011958891,1466489.3510000000,338.188184027136
"73","854","73854","1","000","738541000","00","73854100000","000","73854000",VALLE DE SAN JUAN,"73854100000000",726704.10726600001,588.00000000000,2024,0.05002073145,0.00005917317,726294.4949000000,587.664522058824
"73","870","73870","1","000","738701000","00","73870100000","000","73870000",VILLAHERMOSA,"73870100000000",691581.55931899999,2046.00000000000,2024,0.06853476932,0.00005637758,691190.9863000000,2032.4775808234
"73","873","73873","1","000","738731000","00","73873100000","000","73873000",VILLARRICA,"73873100000000",601251.36328499997,860.00000000000,2024,0.05600849956,0.00004895456,600709.0832000000,1153.71209472656
"76","036","76036","1","000","760361000","00","76036100000","000","76036000",ANDALUCÍA,"76036100000000",3069976.38866000017,995.00000000000,2024,0.10806457823,0.00024971929,3070372.2420000001,955.58663856127
"76","100","76100","1","000","761001000","00","76100100000","000","76100000",BOLÍVAR,"76100100000000",1105458.78355999989,957.00000000000,2024,0.08162745953,0.00008993782,1105611.8970000001,932.86908249628
"76","113","76113","1","000","761131000","00","76113100000","000","76113000",BUGALAGRANDE,"76113100000000",2901753.41739000008,955.00000000000,2024,0.10888154827,0.00023604977,2902105.8879999998,946.401993910008
"76","126","76126","1","000","761261000","00","76126100000","000","76126000",DARIÉN,"76126100000000",1955997.18784000003,1545.00000000000,2024,0.09818023881,0.00015899078,1956659.3119999999,1524.48576057731
"76","233","76233","1","000","762331000","00","76233100000","000","76233000",DAGUA,"76233100000000",1677156.42500999989,895.00000000000,2024,0.08502329468,0.00013624017,1677952.9979999999,872.435016554229
"76","243","76243","1","000","762431000","00","76243100000","000","76243000",EL ÁGUILA,"76243100000000",341426.36910399998,1760.00000000000,2024,0.05739931394,0.00002780434,341441.0937000001,1843.48794633914
"76","250","76250","1","000","762501000","00","76250100000","000","76250000",EL DOVIO,"76250100000000",974143.91992799996,1434.00000000000,2024,0.08047501547,0.00007926684,974312.3588000000,1434.87784339642
"76","364","76364","1","000","763641000","00","76364100000","000","76364000",JAMUNDÍ,"76364100000000",26256454.31870000064,972.00000000000,2024,0.71410808144,0.00213250715,26266361.3999999985,971.606383979805
"76","306","76306","1","000","763061000","00","76306100000","000","76306000",GINEBRA,"76306100000000",1323012.43769000005,1033.00000000000,2024,0.06534667002,0.00010754633,1323272.9230000000,1028.5105039535
"76","400","76400","1","000","764001000","00","76400100000","000","76400000",LA UNIÓN,"76400100000000",4166557.91062000021,991.00000000000,2024,0.16817369695,0.00033910610,4166900.9879999999,952.835869422326
"76","606","76606","1","000","766061000","00","76606100000","000","76606000",RESTREPO,"76606100000000",966601.83802999998,1404.00000000000,2024,0.06198301295,0.00007855426,966954.5502000001,1394.51584562249
"76","616","76616","1","000","766161000","00","76616100000","000","76616000",RIOFRÍO,"76616100000000",671298.10851199995,946.00000000000,2024,0.04611335980,0.00005459538,671437.9706000000,942.899165165889
"76","622","76622","1","000","766221000","00","76622100000","000","76622000",ROLDANILLO,"76622100000000",4577923.66313000023,986.00000000000,2024,0.13321070030,0.00037250197,4578461.7460000003,944.287444150537
"76","670","76670","1","000","766701000","00","76670100000","000","76670000",SAN PEDRO,"76670100000000",1116146.83843000000,1000.00000000000,2024,0.05688375241,0.00009076344,1116336.3210000000,986.996814250946
"76","828","76828","1","000","768281000","00","76828100000","000","76828000",TRUJILLO,"76828100000000",1038818.02124999999,1318.00000000000,2024,0.05995719813,0.00008448737,1039055.0690000000,1311.89126224841
"76","869","76869","1","000","768691000","00","76869100000","000","76869000",VIJES,"76869100000000",1432763.51025999989,996.00000000000,2024,0.07521680089,0.00011643645,1433210.0249999999,971.8037109375
"76","890","76890","1","000","768901000","00","76890100000","000","76890000",YOTOCO,"76890100000000",1642817.44858000008,961.00000000000,2024,0.07631583264,0.00013354261,1643264.1769999999,950.804131825765
"76","895","76895","1","000","768951000","00","76895100000","000","76895000",ZARZAL,"76895100000000",4881096.38245000038,922.00000000000,2024,0.12648298014,0.00039720014,4881408.7189999996,922.197314496183
"81","065","81065","1","000","810651000","00","81065100000","000","81065000",ARAUQUITA,"81065100000000",2323626.56195000000,158.00000000000,2024,0.07003224001,0.00018976076,2316721.6090000002,158.834176613467
"81","220","81220","1","000","812201000","00","81220100000","000","81220000",CRAVO NORTE,"81220100000000",2336502.48394000018,105.00000000000,2024,0.07704257809,0.00019007697,2327687.0490000001,102.99155327853
"81","300","81300","1","000","813001000","00","81300100000","000","81300000",FORTUL,"81300100000000",2691616.20686999988,236.00000000000,2024,0.12966382598,0.00021982097,2684212.9219999998,237.093173614596
"81","591","81591","1","000","815911000","00","81591100000","000","81591000",PUERTO RONDÓN,"81591100000000",2315329.39917000011,125.00000000000,2024,0.09054997100,0.00018869858,2307951.2949999999,139.833464005414
"81","736","81736","1","000","817361000","00","81736100000","000","81736000",SARAVENA,"81736100000000",10279675.35319999978,200.00000000000,2024,0.27097331980,0.00083991902,10252104.1500000004,224.061428454691
"85","001","85001","1","000","850011000","00","85001100000","000","85001000",YOPAL,"85001100000000",25700962.16160000116,336.00000000000,2024,0.43027701495,0.00209498278,25640652.6200000010,324.510715032713
"85","015","85015","1","000","850151000","00","85015100000","000","85015000",CHÁMEZA,"85015100000000",325576.98960700002,1130.00000000000,2024,0.02352523181,0.00002654538,324913.8604000000,1128.44391208225
"85","136","85136","1","000","851361000","00","85136100000","000","85136000",LA SALINA,"85136100000000",130741.32362700001,1533.00000000000,2024,0.02895195129,0.00001067112,130429.5898000000,1507.789453125
"85","139","85139","1","000","851391000","00","85139100000","000","85139000",MANÍ,"85139100000000",3898275.07004000014,175.00000000000,2024,0.09035285382,0.00031747973,3888829.8309999998,176.304505778625
"85","225","85225","1","000","852251000","00","85225100000","000","85225000",NUNCHÍA,"85225100000000",1001775.71412999998,405.00000000000,2024,0.05354286357,0.00008168205,999294.3369000000,388.786100421035
"85","230","85230","1","000","852301000","00","85230100000","000","85230000",OROCUÉ,"85230100000000",2639963.06363000022,132.00000000000,2024,0.08648512761,0.00021471338,2631935.9199999999,130.934539187486
"85","250","85250","1","000","852501000","00","85250100000","000","85250000",PAZ DE ARIPORO,"85250100000000",6491616.92671999987,270.00000000000,2024,0.13695712918,0.00052933047,6474250.0789999999,269.135983099919
"85","279","85279","1","000","852791000","00","85279100000","000","85279000",RECETOR,"85279100000000",171527.00021599999,789.00000000000,2024,0.02064024187,0.00001398432,171165.3918000000,777.456643676758
"85","300","85300","1","000","853001000","00","85300100000","000","85300000",SABANALARGA,"85300100000000",865415.40696199995,468.00000000000,2024,0.04423598940,0.00007053032,863747.8441000000,470.06315295531
"85","315","85315","1","000","853151000","00","85315100000","000","85315000",SÁCAMA,"85315100000000",978750.50699699996,1315.00000000000,2024,0.04780952301,0.00007987386,976362.5890000000,1304.6802288553
"85","325","85325","1","000","853251000","00","85325100000","000","85325000",SAN LUIS DE PALENQUE,"85325100000000",863644.99318400002,173.00000000000,2024,0.05581607446,0.00007035251,861243.7378000000,171.383197514698
"85","410","85410","1","000","854101000","00","85410100000","000","85410000",TAURAMENA,"85410100000000",3903446.52359999996,460.00000000000,2024,0.10915165158,0.00031813590,3895179.3590000002,456.668610960573
"85","430","85430","1","000","854301000","00","85430100000","000","85430000",TRINIDAD,"85430100000000",1860213.42430000007,168.00000000000,2024,0.08689617318,0.00015151524,1854956.8689999999,166.328716709929
"86","219","86219","1","000","862191000","00","86219100000","000","86219000",COLÓN,"86219100000000",1756398.26986999996,2098.00000000000,2024,0.06089056509,0.00014235496,1757576.4190000000,2094.48762385671
"86","568","86568","1","000","865681000","00","86568100000","000","86568000",PUERTO ASÍS,"86568100000000",5638895.63195000030,257.00000000000,2024,0.25462337352,0.00045730446,5640903.4859999996,255.445208308907
"86","320","86320","1","000","863201000","00","86320100000","000","86320000",ORITO,"86320100000000",7044451.94900999963,344.00000000000,2024,0.19748975169,0.00057096428,7048717.8559999997,338.915722051868
"86","571","86571","1","000","865711000","00","86571100000","000","86571000",PUERTO GUZMÁN,"86571100000000",797481.03711599996,276.00000000000,2024,0.07068184493,0.00006468917,797717.5248000000,273.924591064453
"86","569","86569","1","000","865691000","00","86569100000","000","86569000",PUERTO CAICEDO,"86569100000000",989161.83627400000,282.00000000000,2024,0.09981403792,0.00008020857,989585.5496000000,276.281049157819
"86","573","86573","1","000","865731000","00","86573100000","000","86573000",PUERTO LEGUÍZAMO,"86573100000000",2544457.66803999990,206.00000000000,2024,0.09509175135,0.00020668370,2542476.3769999999,184.039343945557
"86","755","86755","1","000","867551000","00","86755100000","000","86755000",SAN FRANCISCO,"86755100000000",739863.40994599997,2170.00000000000,2024,0.04954592253,0.00005997490,740313.9259000000,2165.23439487191
"86","749","86749","1","000","867491000","00","86749100000","000","86749000",SIBUNDOY,"86749100000000",2914282.04495000001,2125.00000000000,2024,0.09487477124,0.00023622431,2916130.9640000002,2108.57236933075
"86","760","86760","1","000","867601000","00","86760100000","000","86760000",SANTIAGO,"86760100000000",800263.86661200004,2123.00000000000,2024,0.06299185495,0.00006485642,800816.6905000000,2110.62262336575
"86","865","86865","1","000","868651000","00","86865100000","000","86865000",LA HORMIGA,"86865100000000",2744958.35656000022,316.00000000000,2024,0.16007833110,0.00022246183,2746682.0819999999,320.14632967583
"86","885","86885","1","000","868851000","00","86885100000","000","86885000",VILLAGARZÓN,"86885100000000",2447321.76728999987,438.00000000000,2024,0.09938567902,0.00019846085,2448387.1830000002,422.081559441906
"91","540","91540","1","000","915401000","00","91540100000","000","91540000",PUERTO NARIÑO,"91540100000000",727021.60831499996,80.00000000000,2024,0.06614537265,0.00005894046,724342.9735000000,82.9243360631606
"94","343","94343","1","000","943431000","00","94343100000","000","94343000",BARRANCOMINAS,"94343100000000",724838.23825800000,120.00000000000,2024,0.04582690108,0.00005866624,721903.8395999999,119.081412542434
"94","001","94001","1","000","940011000","00","94001100000","000","94001000",INÍRIDA,"94001100000000",8733660.18074000068,95.00000000000,2024,0.22202353439,0.00070290372,8687408.5199999996,95.8229309051875
"95","015","95015","1","000","950151000","00","95015100000","000","95015000",CALAMAR,"95015100000000",1045582.64742000005,219.00000000000,2024,0.06178012007,0.00008493985,1043301.6430000000,221.014813907811
"95","025","95025","1","000","950251000","00","95025100000","000","95025000",EL RETORNO,"95025100000000",839488.70483499998,202.00000000000,2024,0.05532119076,0.00006821180,837642.1292000000,197.987788249537
"95","200","95200","1","000","952001000","00","95200100000","000","95200000",MIRAFLORES,"95200100000000",878127.95895600005,211.00000000000,2024,0.07146900369,0.00007125991,875803.9405000000,210.642844146153
"97","001","97001","1","000","970011000","00","97001100000","000","97001000",MITÚ,"97001100000000",3334190.89928000001,174.00000000000,2024,0.13049133258,0.00026970985,3321587.9569999999,176.253502647082
"97","161","97161","1","000","971611000","00","97161100000","000","97161000",CARURÚ,"97161100000000",887092.15433100006,198.00000000000,2024,0.08118102050,0.00007190912,884364.9368000000,200.524926400399
"97","666","97666","1","000","976661000","00","97666100000","000","97666000",TARAIRA,"97666100000000",404142.09966900002,133.00000000000,2024,0.05142004644,0.00003263615,402454.6564000000,121.128576278687
"99","524","99524","1","000","995241000","00","99524100000","000","99524000",LA PRIMAVERA,"99524100000000",5521237.39862000011,118.00000000000,2024,0.13692149925,0.00044872095,5501115.6380000003,116.682790026253
"99","001","99001","1","000","990011000","00","99001100000","000","99001000",PUERTO CARREÑO,"99001100000000",7148389.53983000107,55.00000000000,2024,0.13700073909,0.00057639803,7108698.3559999997,53.7089537057532
"99","624","99624","1","000","996241000","00","99624100000","000","99624000",SANTA ROSALÍA,"99624100000000",1651102.26955999993,320.00000000000,2024,0.09597240331,0.00013423963,1645566.5770000000,117.125261415472
"99","773","99773","1","000","997731000","00","99773100000","000","99773000",CUMARIBO,"99773100000000",958363.92536700005,159.00000000000,2024,0.04557095510,0.00007765148,954477.9219000000,160.705116341967
"15","759","15759","1","000","157591000","00","15759100000","000","15759000",SOGAMOSO,"15759100000000",22113292.60729999840,2569.00000000000,2024,0.48715471047,0.00180453683,22069051.8500000015,2499.46633069431
"76","863","76863","1","000","768631000","00","76863100000","000","76863000",VERSALLES,"76863100000000",763012.78918099997,1856.00000000000,2024,0.06079135432,0.00006209543,763125.4520000000,1852.86373623935
"41","551","41551","1","000","415511000","00","41551100000","000","41551000",PITALITO,"41551100000000",11629159.32750000060,1318.00000000000,2024,0.36855965567,0.00094411856,11629833.9000000004,1268.71416624637
"76","497","76497","1","000","764971000","00","76497100000","000","76497000",OBANDO,"76497100000000",2087510.64205999998,946.00000000000,2024,0.07144860146,0.00016993247,2087510.4939999999,935.242930177782
"85","162","85162","1","000","851621000","00","85162100000","000","85162000",MONTERREY,"85162100000000",3087413.84928999981,440.00000000000,2024,0.14278755451,0.00025160400,3081172.3739999998,445.152043269231
"25","535","25535","1","000","255351000","00","25535100000","000","25535000",PASCA,"25535100000000",608631.28039800003,2173.00000000000,2024,0.05850160045,0.00004958140,607962.8426000000,2167.23429361979
"05","615","05615","1","000","056151000","00","05615100000","000","05615000",RIONEGRO,"05615100000000",10147437.98350000009,2120.00000000000,2024,0.39714462060,0.00082860261,10143388.3699999992,2104.02133355217
"05","440","05440","1","000","054401000","00","05440100000","000","05440000",MARINILLA,"05440100000000",4736030.39883000031,2114.00000000000,2024,0.13621182206,0.00038675736,4734022.2419999996,2103.06368015834
"50","006","50006","1","000","500061000","00","50006100000","000","50006000",ACACÍAS,"50006100000000",11761979.04279999994,540.00000000000,2024,0.23195222078,0.00095778536,11744922.8699999992,533.380518993433
"17","486","17486","1","000","174861000","00","17486100000","000","17486000",NEIRA,"17486100000000",898468.04733900004,1980.00000000000,2024,0.06553600191,0.00007323582,898197.2831999999,1953.86734987655
"19","698","19698","1","000","196981000","00","19698100000","000","19698000",SANTANDER DE QUILICHAO,"19698100000000",11003729.50500000082,1068.00000000000,2024,0.20945805891,0.00089357284,11007503.7200000007,1049.90681859067
"13","836","13836","1","000","138361000","00","13836100000","000","13836000",TURBACO,"13836100000000",14884634.18180000037,200.00000000000,2024,0.53213714474,0.00122804076,14878790.5500000007,117.959974676591
"15","001","15001","1","000","150011000","00","15001100000","000","15001000",TUNJA,"15001100000000",21588009.74949999899,2732.00000000000,2024,0.30274445263,0.00176156052,21550897.5899999999,2745.47555732275
"18","001","18001","1","000","180011000","00","18001100000","000","18001000",FLORENCIA,"18001100000000",21373764.93890000135,242.00000000000,2024,0.45128542217,0.00173584833,21368799.1200000010,301.402629970651
"44","430","44430","1","000","444301000","00","44430100000","000","44430000",MAICAO,"44430100000000",21653647.41620000079,52.00000000000,2024,0.32474441781,0.00179171733,21601228.0199999996,50.9349916828962
"13","442","13442","1","000","134421000","00","13442100000","000","13442000",MARÍA LA BAJA,"13442100000000",3002452.88690999988,13.00000000000,2024,0.23960285784,0.00024746170,3001038.5189999999,14.2676419066058
"25","307","25307","1","000","253071000","00","25307100000","000","25307000",GIRARDOT,"25307100000000",21629089.14750000089,326.00000000000,2024,0.39312184512,0.00176174437,21612378.9299999997,291.339617967981
"08","421","08421","1","000","084211000","00","08421100000","000","08421000",LURUACO,"08421100000000",1340837.01768999989,31.00000000000,2024,0.07639015985,0.00011073825,1340063.6070000001,36.5668926478932
"20","238","20238","1","000","202381000","00","20238100000","000","20238000",EL COPEY,"20238100000000",3664658.29546999978,138.00000000000,2024,0.10965604334,0.00030232654,3659790.4430000000,139.215549495302
"20","550","20550","1","000","205501000","00","20550100000","000","20550000",PELAYA,"20550100000000",2654428.02834999980,69.00000000000,2024,0.11289212900,0.00021807443,2650401.6590000000,69.4469908934373
"25","817","25817","1","000","258171000","00","25817100000","000","25817000",TOCANCIPÁ,"25817100000000",1703940.79866999993,2605.00000000000,2024,0.09189205894,0.00013893588,1701632.2050000001,2573.21002741143
"44","560","44560","1","000","445601000","00","44560100000","000","44560000",MANAURE,"44560100000000",5687190.35601000022,4.00000000000,2024,0.14714490923,0.00047132691,5674140.4500000002,4.02292166189754
"44","001","44001","1","000","440011000","00","44001100000","000","44001000","RIOHACHA, DISTRITO ESPECIAL, TURÍSTICO Y CULTURAL","44001100000000",25963647.00390000269,5.00000000000,2024,0.30228112937,0.00215072941,25911814.2300000004,12.8027559458883
"25","843","25843","1","000","258431000","00","25843100000","000","25843000",VILLA DE SAN DIEGO DE UBATÉ,"25843100000000",4387956.26322999969,2607.00000000000,2024,0.12681928775,0.00035796787,4381729.5460000001,2566.14547334003
"08","638","08638","1","000","086381000","00","08638100000","000","08638000",SABANALARGA,"08638100000000",8157869.47190999892,99.00000000000,2024,0.21765357939,0.00067387996,8152013.4450000003,96.0065267619949
"41","615","41615","1","000","416151000","00","41615100000","000","41615000",RIVERA,"41615100000000",2639111.08442000020,691.00000000000,2024,0.08609472833,0.00021455755,2637880.9219999998,706.54881335843
"44","078","44078","1","000","440781000","00","44078100000","000","44078000",BARRANCAS,"44078100000000",7006595.69620999973,156.00000000000,2024,0.16463743789,0.00057923217,6992070.6880000001,157.170894659133
"17","380","17380","1","000","173801000","00","17380100000","000","17380000",LA DORADA,"17380100000000",7650665.86969000101,182.00000000000,2024,0.20010563447,0.00062423866,7644085.3940000003,181.577848834547
"25","377","25377","1","000","253771000","00","25377100000","000","25377000",LA CALERA,"25377100000000",1635147.55954999989,2746.00000000000,2024,0.10549059805,0.00013328052,1632992.5859999999,2711.58385852932
"50","226","50226","1","000","502261000","00","50226100000","000","50226000",CUMARAL,"50226100000000",5816989.36426999979,452.00000000000,2024,0.16932598593,0.00047380728,5807488.5680000000,409.766950854133
"50","606","50606","1","000","506061000","00","50606100000","000","50606000",RESTREPO,"50606100000000",2775160.24872000003,485.00000000000,2024,0.14151645565,0.00022604620,2770770.3080000002,485.266768410941
"73","275","73275","1","000","732751000","00","73275100000","000","73275000",FLANDES,"73275100000000",7442032.81721999962,278.00000000000,2024,0.14823162187,0.00060613859,7436384.3880000003,288.094012934134
"76","834","76834","1","000","768341000","00","76834100000","000","76834000",TULUÁ,"76834100000000",16215095.56010000035,966.00000000000,2024,0.28725124063,0.00131878454,16217511.0999999996,977.786280071417
"13","430","13430","1","000","134301000","00","13430100000","000","13430000",MAGANGUÉ,"13430100000000",34359107.51150000095,49.00000000000,2024,0.32669941764,0.00282686915,34331283.9200000018,24.8138586122965
"25","430","25430","1","000","254301000","00","25430100000","000","25430000",MADRID,"25430100000000",8515402.09535999969,2552.00000000000,2024,0.16775735701,0.00069409495,8505841.5299999993,2550.42283304485
"25","612","25612","1","000","256121000","00","25612100000","000","25612000",RICAURTE,"25612100000000",13501736.29890000075,291.00000000000,2024,0.25543832242,0.00109971942,13491081.2300000004,283.352388677905
"17","495","17495","1","000","174951000","00","17495100000","000","17495000",NORCASIA,"17495100000000",608984.79609099997,751.00000000000,2024,0.05995816052,0.00004969335,608548.7828000000,746.772555033366
"20","001","20001","1","000","200011000","00","20001100000","000","20001000",VALLEDUPAR,"20001100000000",48020936.37759999931,169.00000000000,2024,0.37506187018,0.00396465914,47935576.5300000012,170.963154642873
"05","148","05148","1","000","051481000","00","05148100000","000","05148000",EL CARMEN DE VIBORAL,"05148100000000",3260465.89113999996,2158.90000000000,2024,0.15172525621,0.00026621549,3259073.1140000001,2155.24440610439
"05","001","05001","1","000","050011000","00","05001100000","000","05001000","MEDELLÍN, DISTRITO ESPECIAL DE CIENCIA, TECNOLOGÍA E INNOVACIÓN","05001100000000",121352223.91200000048,1500.00000000000,2024,1.22488625997,0.00990927626,121319955.2000000030,1636.30517150258
"63","001","63001","1","000","630011000","00","63001100000","000","63001000",ARMENIA,"63001100000000",32991075.45300000161,1551.00000000000,2024,0.49241994380,0.00268631482,32984701.1700000018,1447.93010380806
"73","001","73001","1","000","730011000","00","73001100000","000","73001000",IBAGUÉ,"73001100000000",49895851.10000000149,1284.00000000000,2024,1.12629587115,0.00406387054,49870271.1199999973,1106.65990764211
"23","001","23001","1","000","230011000","00","23001100000","000","23001000",MONTERÍA,"23001100000000",44166237.72209999710,20.00000000000,2024,0.63235524756,0.00362582101,44162125.9099999964,15.6187875670716
"66","682","66682","1","000","666821000","00","66682100000","000","66682000",SANTA ROSA DE CABAL,"66682100000000",7726066.11718999967,1715.00000000000,2024,0.35811973144,0.00062943355,7724270.7450000001,1667.73698851865
"66","001","66001","1","000","660011000","00","66001100000","000","66001000",PEREIRA,"66001100000000",33913743.26240000129,1411.00000000000,2024,0.79149308730,0.00276236976,33908021.2000000030,1345.97899043155
"95","001","95001","1","000","950011000","00","95001100000","000","95001000",SAN JOSÉ DEL GUAVIARE,"95001100000000",6398452.57698999904,185.00000000000,2024,0.15765961935,0.00051999440,6384429.9560000002,186.62900587972
"76","563","76563","1","000","765631000","00","76563100000","000","76563000",PRADERA,"76563100000000",3090125.90634999983,1064.00000000000,2024,0.09000948958,0.00025112066,3090684.4500000002,1059.1409994404
"68","307","68307","1","000","683071000","00","68307100000","000","68307000",GIRÓN,"68307100000000",9985909.59587999992,777.00000000000,2024,0.42318268424,0.00081711017,9967525.5230000000,719.030004552893
"68","001","68001","1","000","680011000","00","68001100000","000","68001000",BUCARAMANGA,"68001100000000",55487861.06740000099,959.00000000000,2024,0.60699747237,0.00454072211,55384475.4699999988,859.071232262131
"25","320","25320","1","000","253201000","00","25320100000","000","25320000",GUADUAS,"25320100000000",8528453.51046000049,2291.00000000000,2024,0.20901470492,0.00069545158,8520760.2939999998,995.817113030975
"08","296","08296","1","000","082961000","00","08296100000","000","08296000",GALAPA,"08296100000000",10317317.58049999923,77.00000000000,2024,0.38311620413,0.00085307396,10309559.6999999993,59.6342071489925
"66","170","66170","1","000","661701000","00","66170100000","000","66170000",DOSQUEBRADAS,"66170100000000",17080567.10379999876,1700.00000000000,2024,0.49700943366,0.00139137754,17077185.5899999999,1456.46451411123
"52","560","52560","1","000","525601000","00","52560100000","000","52560000",POTOSÍ,"52560100000000",339056.25520499999,2750.00000000000,2024,0.03673988492,0.00002744481,339419.0908000000,2740.71811880716
"70","820","70820","1","000","708201000","00","70820100000","000","70820000",SANTIAGO DE TOLÚ,"70820100000000",8780789.23640000075,9.00000000000,2024,0.41084705669,0.00072257968,8778264.8420000002,4.13507071388155
"13","001","13001","1","000","130011000","00","13001100000","000","13001000","CARTAGENA DE INDIAS, DISTRITO TURÍSTICO Y CULTURAL","13001100000000",83677066.86259999871,2.00000000000,2024,1.09900174952,0.00690408643,83647886.4800000042,11.6240672073492
"05","837","05837","1","000","058371000","00","05837100000","000","05837000","TURBO, DISTRITO PORTUARIO, LOGÍSTICO, INDUSTRIAL, TURÍSTICO Y COMERCIAL","05837100000000",7762738.31477999967,2.00000000000,2024,0.28606233104,0.00063547744,7766369.7800000003,4.14155521487825
"50","568","50568","1","000","505681000","00","50568100000","000","50568000",PUERTO GAITÁN,"50568100000000",4498837.94775000028,149.00000000000,2024,0.19375551286,0.00036605840,4487360.7319999998,157.224505931926
"05","045","05045","1","000","050451000","00","05045100000","000","05045000",APARTADÓ,"05045100000000",6747736.70808999892,25.00000000000,2024,0.28351517715,0.00055220263,6750453.0829999996,32.3094101818032
"05","360","05360","1","000","053601000","00","05360100000","000","05360000",ITAGÜÍ,"05360100000000",12909416.36989999935,1550.00000000000,2024,0.27808617061,0.00105397706,12906243.9499999993,1587.60619330155
"08","573","08573","1","000","085731000","00","08573100000","000","08573000",PUERTO COLOMBIA,"08573100000000",14262610.86079999991,13.00000000000,2024,0.43116965800,0.00117964897,14252044.1300000008,26.1867932446507
"08","758","08758","1","000","087581000","00","08758100000","000","08758000",SOLEDAD,"08758100000000",37383664.63949999958,40.00000000000,2024,0.37560782773,0.00309104282,37353548.9900000021,30.5449767581686
"08","001","08001","1","000","080011000","00","08001100000","000","08001000","BARRANQUILLA, DISTRITO ESPECIAL, INDUSTRIAL Y PORTUARIO","08001100000000",106172466.83799999952,72.00000000000,2024,1.31368934980,0.00878065146,106088890.2000000030,40.3904520326734
"81","001","81001","1","000","810011000","00","81001100000","000","81001000",ARAUCA,"81001100000000",23104025.04179999605,130.00000000000,2024,0.35850048508,0.00188467401,23025174.5399999991,128.535380897043
"68","547","68547","1","000","685471000","00","68547100000","000","68547000",PIEDECUESTA,"68547100000000",11470475.27690000087,1005.00000000000,2024,0.41927762992,0.00093838123,11448522.1099999994,1008.10755510422
"86","001","86001","1","000","860011000","00","86001100000","000","86001000",MOCOA,"86001100000000",6894551.21963000018,604.00000000000,2024,0.25454933780,0.00055909006,6897720.7840000000,650.632660403718
"52","001","52001","1","000","520011000","00","52001100000","000","52001000",SAN JUAN DE PASTO,"52001100000000",25304217.63360000029,2527.00000000000,2024,0.49530286778,0.00204973253,25326333.5300000012,2580.23539152477
"66","440","66440","1","000","664401000","00","66440100000","000","66440000",MARSELLA,"66440100000000",2365769.51486000000,1577.00000000000,2024,0.10239140259,0.00019273147,2365398.6699999999,1567.92982146886
"76","520","76520","1","000","765201000","00","76520100000","000","76520000",PALMIRA,"76520100000000",25312852.87339999899,1012.00000000000,2024,0.32080501330,0.00205714248,25318370.5000000000,1006.07469005077
"25","386","25386","1","000","253861000","00","25386100000","000","25386000",LA MESA,"25386100000000",3907076.17424000008,1246.00000000000,2024,0.15599643080,0.00031841189,3903191.7779999999,1281.09678342107
"05","209","05209","1","000","052091000","00","05209100000","000","05209000",CONCORDIA,"05209100000000",818880.52235800005,1950.00000000000,2024,0.09930755569,0.00006682076,818838.6548000000,1968.49433263143
"15","686","15686","1","000","156861000","00","15686100000","000","15686000",SANTANA,"15686100000000",621254.41536700004,1607.00000000000,2024,0.05369336747,0.00005074156,620237.6561000000,1595.23669603136
"47","001","47001","1","000","470011000","00","47001100000","000","47001000","SANTA MARTA, DISTRITO TURÍSTICO, CULTURAL E HISTÓRICO","47001100000000",68042135.18060000241,6.00000000000,2024,1.07373512367,0.00563234197,67961871.0400000066,37.9975388589661
"54","313","54313","1","000","543131000","00","54313100000","000","54313000",GRAMALOTE,"54313100000000",838991.49225899996,1450.00000000000,2024,0.04050577460,0.00006876439,837241.6222000000,1471.44844317195
"05","308","05308","1","000","053081000","00","05308100000","000","05308000",GIRARDOTA,"05308100000000",3778546.03774000006,1408.00000000000,2024,0.11317398573,0.00030865939,3777199.1919999998,1391.30969816944
"86","757","86757","1","000","867571000","00","86757100000","000","86757000",LA DORADA,"86757100000000",1074533.95824000007,307.00000000000,2024,0.08557054135,0.00008708269,1075212.6329999999,305.513610107422
"70","221","70221","1","000","702211000","00","70221100000","000","70221000",COVEÑAS,"70221100000000",8202843.11780999973,8.00000000000,2024,0.20443919854,0.00067472306,8201015.6310000001,9.43016580867866
"08","433","08433","1","000","084331000","00","08433100000","000","08433000",MALAMBO,"08433100000000",12397110.41070000082,18.00000000000,2024,0.48606372746,0.00102487351,12387054.9100000001,16.9406190826779
"63","130","63130","1","000","631301000","00","63130100000","000","63130000",CALARCÁ,"63130100000000",7267661.25105999969,1684.00000000000,2024,0.24716816811,0.00059178090,7266091.6569999997,1503.67148523667
"47","058","47058","1","000","470581000","00","47058100000","000","47058000",EL DIFICIL,"47058100000000",2680961.91794000007,171.00000000000,2024,0.10171644471,0.00022097222,2677872.4249999998,174.109335441948
"76","001","76001","1","000","760011000","00","76001100000","000","76001000","SANTIAGO DE CALI, DISTRITO ESPECIAL, DEPORTIVO, CULTURAL, TURÍSTICO, EMPRESARIAL Y DE SERVICIOS","76001100000000",148548049.65599998832,960.00000000000,2024,0.96594586863,0.01206700625,148602324.1999999881,988.486600850289
"70","001","70001","1","000","700011000","00","70001100000","000","70001000",SINCELEJO,"70001100000000",30731346.03620000184,213.00000000000,2024,0.46329413523,0.00252771596,30718888.9899999984,200.604340215322
"68","679","68679","1","000","686791000","00","68679100000","000","68679000",SAN GIL,"68679100000000",7687237.09155999962,1120.00000000000,2024,0.20101443167,0.00062834504,7672916.7670000000,1158.61639113008
"25","214","25214","1","000","252141000","00","25214100000","000","25214000",COTA,"25214100000000",3309431.54143000022,2566.00000000000,2024,0.11367958718,0.00026978692,3305361.3139999998,2563.36749691215
"05","212","05212","1","000","052121000","00","05212100000","000","05212000",COPACABANA,"05212100000000",7711820.13023999985,1414.00000000000,2024,0.23950412157,0.00062988635,7709400.6600000001,1464.67628889042
"76","318","76318","1","000","763181000","00","76318100000","000","76318000",GUACARÍ,"76318100000000",2555907.62531000003,966.00000000000,2024,0.07928590049,0.00020775812,2556516.4330000002,972.481968528346
"41","396","41396","1","000","413961000","00","41396100000","000","41396000",LA PLATA,"41396100000000",3816384.52229999984,1003.00000000000,2024,0.19141556663,0.00030999663,3816202.4430000000,1023.76856646147
"05","030","05030","1","000","050301000","00","05030100000","000","05030000",AMAGÁ,"05030100000000",1617512.28515999997,1380.00000000000,2024,0.09410409651,0.00013201608,1617211.3019999999,1392.44517815807
"23","686","23686","1","000","236861000","00","23686100000","000","23686000",SAN PELAYO,"23686100000000",3772742.03617999982,11.00000000000,2024,0.11186677534,0.00030989845,3772293.3029999998,9.96539232181489
"17","001","17001","1","000","170011000","00","17001100000","000","17001000",MANIZALES,"17001100000000",37397414.71199999750,2125.00000000000,2024,0.93224556346,0.00304790315,37385449.9299999997,2088.48703597681
"54","498","54498","1","000","544981000","00","54498100000","000","54498000",OCAÑA,"54498100000000",11091083.23819999956,1183.00000000000,2024,0.44429840991,0.00091007519,11072039.8399999999,1192.54825727505
"17","873","17873","1","000","178731000","00","17873100000","000","17873000",VILLAMARÍA,"17873100000000",5009284.64936000016,1922.00000000000,2024,0.20246170527,0.00040824308,5007720.0549999997,1928.29141793536
"88","564","88564","1","000","885641000","00","88564100000","000","88564000",SANTA ISABEL,"88564100000000",2409425.82365000015,20.00000000000,2024,0.14632409264,0.00019797115,2417442.1009999998,15.5305645713726
"88","001","88001","1","000","880011000","00","88001100000","000","88001000",SAN ANDRÉS,"88001100000000",6597814.75666000042,9.00000000000,2024,0.24011399978,0.00053956916,6621416.2709999997,8.63770288474781
"54","405","54405","1","000","544051000","00","54405100000","000","54405000",LOS PATIOS,"54405100000000",10551392.48299999908,397.00000000000,2024,0.30811815562,0.00086442017,10527460.1300000008,407.845165947101
"76","130","76130","1","000","761301000","00","76130100000","000","76130000",CANDELARIA,"76130100000000",1363247.96120000002,980.00000000000,2024,0.05447254226,0.00011076803,1363588.6820000000,977.640497970581
"52","786","52786","1","000","527861000","00","52786100000","000","52786000",TAMINANGO,"52786100000000",368022.84218699997,1465.00000000000,2024,0.03455512193,0.00002981549,368344.7044000000,1540.19372558594
"18","753","18753","1","000","187531000","00","18753100000","000","18753000",SAN VICENTE DEL CAGUÁN,"18753100000000",4882977.26516999956,280.00000000000,2024,0.26766552197,0.00039690377,4879124.6780000003,271.969012195117
"23","162","23162","1","000","231621000","00","23162100000","000","23162000",CERETÉ,"23162100000000",19547826.18809999898,16.00000000000,2024,0.30510307735,0.00160545240,19545013.3200000003,12.2603909204903
"76","248","76248","1","000","762481000","00","76248100000","000","76248000",EL CERRITO,"76248100000000",3637066.53254000004,996.00000000000,2024,0.12030204297,0.00029562286,3637888.5780000002,990.381757422792
"85","125","85125","1","000","851251000","00","85125100000","000","85125000",HATO COROZAL,"85125100000000",2904894.00341999996,253.00000000000,2024,0.09780297720,0.00023694279,2896886.8829999999,254.271246302198
"15","516","15516","1","000","155161000","00","15516100000","000","15516000",PAIPA,"15516100000000",4665266.98797999974,2513.00000000000,2024,0.16227763451,0.00038078894,4656523.1500000004,2526.14426706133
"54","001","54001","1","000","540011000","00","54001100000","000","54001000",SAN JOSÉ DE CÚCUTA,"54001100000000",74501550.49359999597,320.00000000000,2024,0.75611270033,0.00610457652,74332709.5699999928,317.10205177084
"05","055","05055","1","000","050551000","00","05055100000","000","05055000",ARGELIA,"05055100000000",563181.77094800002,1750.00000000000,2024,0.04760825175,0.00004596134,562871.1588000000,1743.57811042444
"66","075","66075","1","000","660751000","00","66075100000","000","66075000",BALBOA,"66075100000000",270233.53212699998,1575.00000000000,2024,0.04565818206,0.00002201025,270230.1908000000,1582.07897949219
"25","799","25799","1","000","257991000","00","25799100000","000","25799000",TENJO,"25799100000000",1709700.90773999994,2580.00000000000,2024,0.07035874726,0.00013938765,1707644.1699999999,2589.5590216004
"05","819","05819","1","000","058191000","00","05819100000","000","05819000",TOLEDO,"05819100000000",272889.24712999997,1806.00000000000,2024,0.02283164865,0.00002231471,272835.1999000000,1823.21133243336
"11","001","11001","1","000","110011000","00","11001100000","000","11001000","BOGOTÁ, DISTRITO CAPITAL","11001100000000",418472513.14899998903,2630.00000000000,2024,2.22549139247,0.03410631407,417959130.1999999881,2599.96183842218
"76","246","76246","1","000","762461000","00","76246100000","000","76246000",EL CAIRO,"76246100000000",396928.45994999999,1903.00000000000,2024,0.05518548752,0.00003231020,396996.6736000000,1907.66092064267
"05","142","05142","1","000","051421000","00","05142100000","000","05142000",CARACOLÍ,"05142100000000",321809.40904100001,620.00000000000,2024,0.06849560971,0.00002630047,321550.3883000000,624.863377770712
"44","378","44378","1","000","443781000","00","44378100000","000","44378000",HATONUEVO,"44378100000000",2828664.02933999989,180.00000000000,2024,0.08291383511,0.00023392356,2822738.9249999998,184.729369533763
"20","045","20045","1","000","200451000","00","20045100000","000","20045000",BECERRIL,"20045100000000",3003990.73704000004,1805.00000000000,2024,0.10605843138,0.00024744854,2998685.5950000002,110.23059351304
"63","190","63190","1","000","631901000","00","63190100000","000","63190000",CIRCASIA,"63190100000000",3262137.99600999989,1765.30000000000,2024,0.09475946460,0.00026566216,3261408.1850000001,1765.11267798431
"54","003","54003","1","000","540031000","00","54003100000","000","54003000",ÁBREGO,"54003100000000",1892614.13153999997,1386.00000000000,2024,0.11744094969,0.00015522471,1889199.1550000000,1390.644720404
"41","298","41298","1","000","412981000","00","41298100000","000","41298000",GARZÓN,"41298100000000",5726007.15206000023,828.00000000000,2024,0.30145926403,0.00046517661,5724736.6739999996,844.87819773128
"63","470","63470","1","000","634701000","00","63470100000","000","63470000",MONTENEGRO,"63470100000000",3118127.38977999985,1300.00000000000,2024,0.11945053234,0.00025388760,3117666.1260000002,1285.82735211283
"05","088","05088","1","000","050881000","00","05088100000","000","05088000",BELLO,"05088100000000",22897427.14990000054,1460.00000000000,2024,0.43315948639,0.00187008840,22890931.2600000016,1507.37156573402
"05","129","05129","1","000","051291000","00","05129100000","000","05129000",CALDAS,"05129100000000",4047533.99747999990,1753.00000000000,2024,0.23715929225,0.00033039965,4046598.3100000001,1777.02540781088
"52","227","52227","1","000","522271000","00","52227100000","000","52227000",CUMBAL,"52227100000000",2035107.64666000009,3147.00000000000,2024,0.08642481569,0.00016465540,2037582.2840000000,3125.67527105869
"08","634","08634","1","000","086341000","00","08634100000","000","08634000",SABANAGRANDE,"08634100000000",3305051.13039000006,10.00000000000,2024,0.09914496611,0.00027317427,3302334.7700000000,8.10823382058132
"27","001","27001","1","000","270011000","00","27001100000","000","27001000",SAN FRANCISCO DE QUIBDÓ,"27001100000000",28815891.53260000423,30.00000000000,2024,0.53975125815,0.00234759937,28828270.5799999982,55.0770044456649
"08","078","08078","1","000","080781000","00","08078100000","000","08078000",BARANOA,"08078100000000",5518750.71372999996,118.00000000000,2024,0.17909704889,0.00045611525,5514765.6749999998,115.3000596607
"13","006","13006","1","000","130061000","00","13006100000","000","13006000",ACHÍ,"13006100000000",670475.41087999998,19.00000000000,2024,0.05414652933,0.00005506490,669843.9734000000,24.1678343664242
"13","030","13030","1","000","130301000","00","13030100000","000","13030000",ALTOS DEL ROSARIO,"13030100000000",793710.57366500003,850.00000000000,2024,0.04963332260,0.00006522786,792761.4404000000,29.4904438586945
"13","052","13052","1","000","130521000","00","13052100000","000","13052000",ARJONA,"13052100000000",7206526.40252000000,63.00000000000,2024,0.20272103670,0.00059443644,7203319.7460000003,59.094223137789
"13","074","13074","1","000","130741000","00","13074100000","000","13074000",BARRANCO DE LOBA,"13074100000000",2226466.70206000004,25.00000000000,2024,0.06525774847,0.00018304912,2223716.6990000000,29.4967850007032
"13","140","13140","1","000","131401000","00","13140100000","000","13140000",CALAMAR,"13140100000000",1793582.77007999993,10.00000000000,2024,0.08186373549,0.00014798199,1792293.3600000001,8.11957729142596
"13","160","13160","1","000","131601000","00","13160100000","000","13160000",CANTAGALLO,"13160100000000",1156520.71534999995,62.00000000000,2024,0.06008585816,0.00009471965,1154953.1229999999,64.4354345984493
"13","188","13188","1","000","131881000","00","13188100000","000","13188000",CICUCO,"13188100000000",1986952.95463000005,20.00000000000,2024,0.13294205099,0.00016348721,1985189.4770000000,20.495075393644
"13","212","13212","1","000","132121000","00","13212100000","000","13212000",CÓRDOBA,"13212100000000",908058.23698399996,23.00000000000,2024,0.04019690539,0.00007477602,907356.9224000000,17.5307747822887
"13","222","13222","1","000","132221000","00","13222100000","000","13222000",CLEMENCIA,"13222100000000",2794741.47630000021,63.00000000000,2024,0.08958112510,0.00023075351,2793463.1150000002,63.5053402554165
"13","244","13244","1","000","132441000","00","13244100000","000","13244000",EL CARMEN DE BOLÍVAR,"13244100000000",5440004.05425999966,158.00000000000,2024,0.18133877726,0.00044806929,5436824.8859999999,168.556701210673
"13","300","13300","1","000","133001000","00","13300100000","000","13300000",HATILLO DE LOBA,"13300100000000",992290.42740000004,26.00000000000,2024,0.05999521029,0.00008158305,991047.8687000000,26.864105796814
"13","433","13433","1","000","134331000","00","13433100000","000","13433000",MAHATES,"13433100000000",2105411.39861000003,10.00000000000,2024,0.08994585338,0.00017367291,2104269.1390000000,8.4891151451483
"13","440","13440","1","000","134401000","00","13440100000","000","13440000",MARGARITA,"13440100000000",3107966.41001999984,20.00000000000,2024,0.13342829459,0.00025566387,3104487.7340000002,22.6038597806123
"13","458","13458","1","000","134581000","00","13458100000","000","13458000",MONTECRISTO,"13458100000000",389763.00250000000,30.00000000000,2024,0.04988570389,0.00003198923,389374.4974000000,33.5757326761882
"13","468","13468","1","000","134681000","00","13468100000","000","13468000","SANTA CRUZ DE MOMPOX, DISTRITO ESPECIAL, TURÍSTICO, CULTURAL E HISTÓRICO","13468100000000",4664366.76365999971,18.00000000000,2024,0.16494982162,0.00038377675,4659574.0499999998,20.5015921124545
"13","473","13473","1","000","134731000","00","13473100000","000","13473000",MORALES,"13473100000000",927609.90874800005,38.00000000000,2024,0.04581216441,0.00007613088,926323.7707000000,41.1981411839391
"13","490","13490","1","000","134901000","00","13490100000","000","13490000",NOROSÍ,"13490100000000",296212.11586299998,74.00000000000,2024,0.02797528682,0.00002432630,295833.8039000000,60.4766601113712
"13","549","13549","1","000","135491000","00","13549100000","000","13549000",PINILLOS,"13549100000000",805959.90745499998,19.00000000000,2024,0.04888462059,0.00006625333,805150.3377000000,20.8536276191172
"13","650","13650","1","000","136501000","00","13650100000","000","13650000",SAN FERNANDO,"13650100000000",1788326.93565000012,19.00000000000,2024,0.07780379672,0.00014713115,1786369.5740000000,21.1782984380369
"13","655","13655","1","000","136551000","00","13655100000","000","13655000",SAN JACINTO DEL CAUCA,"13655100000000",374277.50088299997,27.00000000000,2024,0.03208005766,0.00003071242,373965.0049000000,31.6695557074113
"13","657","13657","1","000","136571000","00","13657100000","000","13657000",SAN JUAN NEPOMUCENO,"13657100000000",4103081.80298000015,191.00000000000,2024,0.13884721179,0.00033819541,4100574.2999999998,177.144385932657
"13","667","13667","1","000","136671000","00","13667100000","000","13667000",SAN MARTÍN DE LOBA,"13667100000000",1202155.23363999999,33.00000000000,2024,0.06408199386,0.00009883255,1200619.9010000001,35.6876107479664
"13","673","13673","1","000","136731000","00","13673100000","000","13673000",SANTA CATALINA,"13673100000000",771901.02070100000,39.00000000000,2024,0.06676853740,0.00006374313,771527.7004000000,38.0305836556972
"13","688","13688","1","000","136881000","00","13688100000","000","13688000",SANTA ROSA DEL SUR,"13688100000000",2880905.13806999987,617.00000000000,2024,0.22350484142,0.00023626578,2877254.9700000002,617.747441838811
"13","744","13744","1","000","137441000","00","13744100000","000","13744000",SIMITÍ,"13744100000000",1469059.93182999990,51.00000000000,2024,0.07966066675,0.00012047555,1467098.7879999999,52.664488555379
"13","780","13780","1","000","137801000","00","13780100000","000","13780000",TALAIGUA NUEVO,"13780100000000",1097064.54940999998,18.00000000000,2024,0.04713260898,0.00009027657,1096035.3510000000,18.592678642273
"13","810","13810","1","000","138101000","00","13810100000","000","13810000",PUERTO RICO,"13810100000000",668091.55316400004,24.00000000000,2024,0.05726772843,0.00005487074,667335.2439000000,29.3576854559091
"13","873","13873","1","000","138731000","00","13873100000","000","13873000",VILLANUEVA,"13873100000000",1498126.98426999990,103.00000000000,2024,0.10779114947,0.00012365249,1497392.4700000000,105.530282438471
"18","592","18592","1","000","185921000","00","18592100000","000","18592000",PUERTO RICO,"18592100000000",2439188.45589999994,258.00000000000,2024,0.07262197362,0.00019819810,2437892.0070000002,253.794314093339
"18","610","18610","1","000","186101000","00","18610100000","000","18610000",SAN JOSÉ DEL FRAGUA,"18610100000000",576695.01444800000,598.00000000000,2024,0.06092260746,0.00004681188,576700.0845999999,379.075892351676
"20","250","20250","1","000","202501000","00","20250100000","000","20250000",EL PASO,"20250100000000",3679612.36150000012,39.00000000000,2024,0.12747730674,0.00030311754,3674206.8610000000,40.2784357577493
"20","517","20517","1","000","205171000","00","20517100000","000","20517000",PAILITAS,"20517100000000",2141032.98021999979,87.00000000000,2024,0.12340191018,0.00017601997,2137728.7000000002,76.0265032753112
"20","710","20710","1","000","207101000","00","20710100000","000","20710000",SAN ALBERTO,"20710100000000",1971188.08826999995,120.00000000000,2024,0.09049294932,0.00016155939,1967850.4930000000,118.301155701971
"44","420","44420","1","000","444201000","00","44420100000","000","44420000",LA JAGUA DEL PILAR,"44420100000000",436769.08872499998,321.00000000000,2024,0.05487053938,0.00003606231,435940.7205000000,201.338837187169
"47","161","47161","1","000","471611000","00","47161100000","000","47161000",CERRO DE SAN ANTONIO,"47161100000000",514829.65669500001,88.00000000000,2024,0.04290874234,0.00004248755,514443.6244000000,8.9103342171373
"47","170","47170","1","000","471701000","00","47170100000","000","47170000",CHIVOLO,"47170100000000",1705945.17963999999,116.00000000000,2024,0.11757044450,0.00014067254,1704399.7190000000,125.739720029694
"47","541","47541","1","000","475411000","00","47541100000","000","47541000",PEDRAZA,"47541100000000",369545.00831200002,16.00000000000,2024,0.03264847120,0.00003048401,369279.2856000000,10.8725200978721
"52","585","52585","1","000","525851000","00","52585100000","000","52585000",PUPIALES,"52585100000000",1579009.26988000004,2880.00000000000,2024,0.10747993952,0.00012779706,1580765.0649999999,2966.03603839347
"52","788","52788","1","000","527881000","00","52788100000","000","52788000",TANGUA,"52788100000000",753997.72193700005,2411.00000000000,2024,0.05792943452,0.00006106001,754714.4362000000,2422.10399280895
"54","520","54520","1","000","545201000","00","54520100000","000","54520000",PAMPLONITA,"54520100000000",446228.52971600002,1756.00000000000,2024,0.03401553572,0.00003652853,445254.4807000000,1744.2340111826
"66","572","66572","1","000","665721000","00","66572100000","000","66572000",PUEBLO RICO,"66572100000000",473849.34323900001,1547.00000000000,2024,0.03644351041,0.00003860727,473865.2850000000,1551.89168368253
"85","400","85400","1","000","854001000","00","85400100000","000","85400000",TÁMARA,"85400100000000",466436.33455899998,1110.00000000000,2024,0.03937544297,0.00003804302,465271.0094000000,1105.73071063006
