MpCodigo,MpNombre,MpArea,MpNorma,MpCategor,MpAltitud,Restriccio,Depto,ATotal,AUrban,ARural,CZTotal,CZUrban,CZRural,dpto_ccdgo,mpio_ccdgo,mpio_cdpmp,clas_ccdgo,setr_ccdgo,setr_ccnct,secr_ccdgo,secr_ccnct,zu_ccdgo,zu_cdivi,zu_cnmbre,zu_ccnct,zu_narea,zu_naltd,zu_nano,shape_Leng,shape_Area,AUrban_2,CZ__mean
"91405",La Chorrera,12641.49795050000,,3,184,“No es apropiada su aplicación para la ubicación exacta de puntos ni para el cálculo de áreas y distancias,Amazonas,12641497950.0000000000,0.0000000000,12641497950.0000000000,165.8758294000,0.0000000000,165.8758294000,,,,,,,,,,,,,,,,,,,165.875829450659
"91669",Santander,14692.13231230000,,3,200,“No es apropiada su aplicación para la ubicación exacta de puntos ni para el cálculo de áreas y distancias,Amazonas,14692132312.0000000000,0.0000000000,14692132312.0000000000,154.0912770000,0.0000000000,154.0912770000,,,,,,,,,,,,,,,,,,,154.091277044039
"91460",Mirití-Paraná,16813.38503520000,,3,200,“No es apropiada su aplicación para la ubicación exacta de puntos ni para el cálculo de áreas y distancias,Amazonas,16813385035.0000019073,0.0000000000,16813385035.0000019073,156.6239396000,0.0000000000,156.6239396000,,,,,,,,,,,,,,,,,,,156.623939699385
"91430",La Victoria,1428.20287199000,Ordenanza No. 012 de 1996,3,200,“No es apropiada su aplicación para la ubicación exacta de puntos ni para el cálculo de áreas y distancias,Amazonas,1428202871.0000000000,0.0000000000,1428202871.0000000000,173.7519535000,0.0000000000,173.7519535000,,,,,,,,,,,,,,,,,,,173.751953524253
"52560",Potosí,388.67633162700,,1,2750,“No es apropiada su aplicación para la ubicación exacta de puntos ni para el cálculo de áreas y distancias,Nariño,388676331.6000000238,339419.0908000000,388336912.5000000000,2868.9059160000,2740.7181180000,2868.9059160000,,,,,,,,,,,,,,,,,,,2869.02208272809
"86569",Puerto Caicedo,926.78971503900,Ordenanza No. 012 de 1992,1,272,“No es apropiada su aplicación para la ubicación exacta de puntos ni para el cálculo de áreas y distancias,Putumayo,926789715.0000001192,989585.5496000000,925800129.2000000477,297.9754883000,276.2810491000,297.9754883000,,,,,,,,,,,,,,,,,,,297.998967802943
"52215",Córdoba,304.91737430800,Ordenanza No. 39 de 1911,1,2800,“No es apropiada su aplicación para la ubicación exacta de puntos ni para el cálculo de áreas y distancias,Nariño,304917374.3000000119,679234.4987000000,304238139.8000000119,2550.9870480000,2861.6209470000,2550.9870480000,,,,,,,,,,,,,,,,,,,2550.28584324167
"52573",Puerres,350.46037993900,,1,2800,“No es apropiada su aplicación para la ubicación exacta de puntos ni para el cálculo de áreas y distancias,Nariño,350460379.8000000119,1027882.0070000000,349432497.6000000238,2587.4718220000,2763.2776500000,2587.4718220000,,,,,,,,,,,,,,,,,,,2586.95369244243
"86320",Orito,1940.66195929000,Decreto No. 2891 de 1978,1,361,“No es apropiada su aplicación para la ubicación exacta de puntos ni para el cálculo de áreas y distancias,Putumayo,1940661959.0000000000,7048717.8550000004,1933613241.0000000000,757.2795423000,338.9157220000,757.2795423000,,,,,,,,,,,,,,,,,,,758.796986600087
"52210",Contadero,43.25398589680,,1,2900,“No es apropiada su aplicación para la ubicación exacta de puntos ni para el cálculo de áreas y distancias,Nariño,43253985.8900000006,493915.5338000000,42760070.3500000015,2837.3708480000,2608.3968060000,2837.3708480000,,,,,,,,,,,,,,,,,,,2839.94204286614
"52323",Gualmatán,29.99411539770,,1,2900,“No es apropiada su aplicación para la ubicación exacta de puntos ni para el cálculo de áreas y distancias,Nariño,29994115.3900000006,750198.7658000002,29243916.6200000010,3018.1121030000,2911.5539490000,3018.1121030000,,,,,,,,,,,,,,,,,,,3020.70726958799
"52585",Pupiales,129.80373907500,,1,2900,“No es apropiada su aplicación para la ubicación exacta de puntos ni para el cálculo de áreas y distancias,Nariño,129803739.0000000000,1580765.0640000000,128222973.9000000060,3068.1448070000,2966.0360380000,3068.1448070000,,,,,,,,,,,,,,,,,,,3069.38253050875
"18785",Solita,476.83005807400,Ordenanza No. 28 de 1996,1,200,“No es apropiada su aplicación para la ubicación exacta de puntos ni para el cálculo de áreas y distancias,Caquetá,476830058.0000000000,1108328.8200000001,475721729.1000000238,219.4169809000,210.5101961000,219.4169809000,,,,,,,,,,,,,,,,,,,219.437962176321
"52352",Iles,80.63770248610,,1,2950,“No es apropiada su aplicación para la ubicación exacta de puntos ni para el cálculo de áreas y distancias,Nariño,80637702.4800000042,375149.8947000000,80262552.5600000024,2793.7091390000,2985.6114240000,2793.7091390000,,,,,,,,,,,,,,,,,,,2792.82631130184
"52317",Guachucal,155.85048913800,,1,3087,“No es apropiada su aplicación para la ubicación exacta de puntos ni para el cálculo de áreas y distancias,Nariño,155850489.0000000000,666369.4083000000,155184119.5000000000,3224.1766070000,3095.7831320000,3224.1766070000,,,,,,,,,,,,,,,,,,,3224.73870688946
"52287",Funes,395.11901158700,,1,2350,“No es apropiada su aplicación para la ubicación exacta de puntos ni para el cálculo de áreas y distancias,Nariño,395119011.5000000000,840681.3969000002,394278330.1000000238,2861.1680030000,2284.8531790000,2861.1680030000,,,,,,,,,,,,,,,,,,,2862.39759524062
"86571",Puerto Guzmán,4576.40236659000,Ordenanza No. 013 de 1992,1,306,“No es apropiada su aplicación para la ubicación exacta de puntos ni para el cálculo de áreas y distancias,Putumayo,4576402366.0000000000,797717.5248000000,4575604648.0000000000,243.2466041000,273.9245910000,243.2466041000,,,,,,,,,,,,,,,,,,,243.241441804131
"52506",Ospina,64.91170941300,,1,2830,“No es apropiada su aplicación para la ubicación exacta de puntos ni para el cálculo de áreas y distancias,Nariño,64911709.3900000006,540110.1409000000,64371599.2400000021,2875.9412340000,2857.1901890000,2875.9412340000,,,,,,,,,,,,,,,,,,,2876.09620193404
"86885",Villagarzón,1397.69206317000,Decreto No. 0574 de 1977,1,426,“No es apropiada su aplicación para la ubicación exacta de puntos ni para el cálculo de áreas y distancias,Putumayo,1397692063.0000000000,2448387.1830000002,1395243675.0000000000,925.7019883000,422.0815594000,925.7019883000,,,,,,,,,,,,,,,,,,,926.596172221817
"52720",Sapuyes,115.68031993300,,1,3014,“No es apropiada su aplicación para la ubicación exacta de puntos ni para el cálculo de áreas y distancias,Nariño,115680319.9000000060,474543.6227000000,115205776.2000000030,3166.2210870000,2996.3358790000,3166.2210870000,,,,,,,,,,,,,,,,,,,3166.91843002801
"52354",Imués,81.79211570040,,1,2600,“No es apropiada su aplicación para la ubicación exacta de puntos ni para el cálculo de áreas y distancias,Nariño,81792115.7000000030,342127.4302000000,81449988.2600000054,2439.2920620000,2577.5790490000,2439.2920620000,,,,,,,,,,,,,,,,,,,2438.67952741306
"18205",Curillo,399.27721922500,,1,232,“No es apropiada su aplicación para la ubicación exacta de puntos ni para el cálculo de áreas y distancias,Caquetá,399277219.1000000238,773216.4860000000,398504002.6000000238,234.2852751000,227.2313355000,234.2852751000,,,,,,,,,,,,,,,,,,,234.299211559501
"18756",Solano,42233.42854970000,Ordenanza No. 03 de 1985,1,200,“No es apropiada su aplicación para la ubicación exacta de puntos ni para el cálculo de áreas y distancias,Caquetá,42233428549.0000000000,458286.9034000000,42232970262.0000000000,218.2070732000,200.4447888000,218.2070732000,,,,,,,,,,,,,,,,,,,218.207267108701
"52885",Yacuanquer,102.83491954100,,1,2650,“No es apropiada su aplicación para la ubicación exacta de puntos ni para el cálculo de áreas y distancias,Nariño,102834919.5000000000,605157.1189000000,102229762.2000000030,2500.5944690000,2701.8669570000,2500.5944690000,,,,,,,,,,,,,,,,,,,2499.41140798065
"86760",Santiago,342.16073805300,Decreto No. 2830 de 1989,1,2125,“No es apropiada su aplicación para la ubicación exacta de puntos ni para el cálculo de áreas y distancias,Putumayo,342160738.0000000000,800816.6905000000,341359921.3000000119,2675.3503480000,2110.6226230000,2675.3503480000,,,,,,,,,,,,,,,,,,,2676.74011561532
"52788",Tangua,218.18721976000,,1,2403,“No es apropiada su aplicación para la ubicación exacta de puntos ni para el cálculo de áreas y distancias,Nariño,218187219.5000000000,754714.4362000000,217432505.0000000000,3053.6923080000,2422.1039920000,3053.6923080000,,,,,,,,,,,,,,,,,,,3055.88662191883
"52320",Guaitarilla,116.86133858600,,1,2650,“No es apropiada su aplicación para la ubicación exacta de puntos ni para el cálculo de áreas y distancias,Nariño,116861338.5000000000,1191041.3450000000,115670297.0000000000,2469.7809630000,2638.4518130000,2469.7809630000,,,,,,,,,,,,,,,,,,,2468.00271270886
"52207",Consacá,119.47078242100,,1,1675,“No es apropiada su aplicación para la ubicación exacta de puntos ni para el cálculo de áreas y distancias,Nariño,119470782.4000000060,561015.2483000000,118909767.0000000000,2290.2364290000,1659.3042450000,2290.2364290000,,,,,,,,,,,,,,,,,,,2293.24260389795
"86755",San Francisco,407.59611114900,Decreto No. 2830 de 1989,1,2173,“No es apropiada su aplicación para la ubicación exacta de puntos ni para el cálculo de áreas y distancias,Putumayo,407596111.1000000238,740313.9259000000,406855797.1000000238,2370.7137250000,2165.2343940000,2370.7137250000,,,,,,,,,,,,,,,,,,,2371.08604163128
"52838",Túquerres,216.51509709500,,1,3051,“No es apropiada su aplicación para la ubicación exacta de puntos ni para el cálculo de áreas y distancias,Nariño,216515097.0000000000,3882020.2200000002,212633076.5000000000,2985.1619100000,3029.2772940000,2985.1619100000,,,,,,,,,,,,,,,,,,,2984.35472593455
"86219",Colón,64.32293555090,Decreto No. 2830 de 1989,1,2100,“No es apropiada su aplicación para la ubicación exacta de puntos ni para el cálculo de áreas y distancias,Putumayo,64322935.5300000012,1757576.4190000000,62565359.1000000015,2492.2311970000,2094.4876230000,2492.2311970000,,,,,,,,,,,,,,,,,,,2503.40683277866
"52565",Providencia,40.00138595500,Ordenanza No. 34 de 1992,1,2300,“No es apropiada su aplicación para la ubicación exacta de puntos ni para el cálculo de áreas y distancias,Nariño,40001385.9500000030,269899.8982000000,39731486.0300000012,2508.0404580000,2332.9031090000,2508.0404580000,,,,,,,,,,,,,,,,,,,2509.13766762319
"52480",Nariño,25.33619871450,Ordenanza No. 27 de 1999,1,2400,“No es apropiada su aplicación para la ubicación exacta de puntos ni para el cálculo de áreas y distancias,Nariño,25336198.7100000009,337028.1197000000,24999170.5700000003,2600.7000790000,2357.1420510000,2600.7000790000,,,,,,,,,,,,,,,,,,,2603.87619657392
"52036",Ancuya,68.97811108860,,1,1375,“No es apropiada su aplicación para la ubicación exacta de puntos ni para el cálculo de áreas y distancias,Nariño,68978111.0600000024,363787.5822000000,68614323.4500000030,1906.3310260000,1366.1481330000,1906.3310260000,,,,,,,,,,,,,,,,,,,1909.10570674276
"86749",Sibundoy,97.79085126540,Decreto No. 1871 de 1982,1,2137,“No es apropiada su aplicación para la ubicación exacta de puntos ni para el cálculo de áreas y distancias,Putumayo,97790851.2600000054,2916130.9640000002,94874720.2900000066,2587.8373290000,2108.5723690000,2587.8373290000,,,,,,,,,,,,,,,,,,,2602.52196623498
"18860",Valparaíso,1329.92155788000,Ordenanza No. 03 de 1985,1,225,“No es apropiada su aplicación para la ubicación exacta de puntos ni para el cálculo de áreas y distancias,Caquetá,1329921557.0000000000,600196.9164000000,1329321360.0000000000,234.7828932000,228.1003191000,234.7828932000,,,,,,,,,,,,,,,,,,,234.785902130212
"52001",Pasto,1100.29297587000,,1,2559,“No es apropiada su aplicación para la ubicación exacta de puntos ni para el cálculo de áreas y distancias,Nariño,1100292975.0000000000,25326333.5300000012,1074966641.0000000000,2980.3572240000,2580.2353910000,2980.3572240000,,,,,,,,,,,,,,,,,,,2989.82036368531
"18460",Milán,1220.12056809000,,1,207,“No es apropiada su aplicación para la ubicación exacta de puntos ni para el cálculo de áreas y distancias,Caquetá,1220120568.0000000000,361926.6166000000,1219758641.0000000000,227.2090432000,219.0630916000,227.2090432000,,,,,,,,,,,,,,,,,,,227.211554849237
"18029",Albania,412.82769384200,,1,270,“No es apropiada su aplicación para la ubicación exacta de puntos ni para el cálculo de áreas y distancias,Caquetá,412827693.8000000119,333770.3910000000,412493923.3000000119,261.6762532000,271.9012779000,261.6762532000,,,,,,,,,,,,,,,,,,,261.667773515766
"52683",Sandoná,101.71331712200,,1,1800,“No es apropiada su aplicación para la ubicación exacta de puntos ni para el cálculo de áreas y distancias,Nariño,101713317.0000000000,1756308.5540000000,99957008.4300000072,1931.5788630000,1802.3485720000,1931.5788630000,,,,,,,,,,,,,,,,,,,1933.85306766709
"52435",Mallama,569.81370482400,,1,1809,“No es apropiada su aplicación para la ubicación exacta de puntos ni para el cálculo de áreas y distancias,Nariño,569813704.7000000477,260595.5635000000,569553109.1000000238,2438.3955310000,1813.2469180000,2438.3955310000,,,,,,,,,,,,,,,,,,,2438.66902482081
"52381",La Florida,136.44193326800,,1,2150,“No es apropiada su aplicación para la ubicación exacta de puntos ni para el cálculo de áreas y distancias,Nariño,136441933.0000000000,907957.4626000000,135533975.5000000000,2115.0109170000,2174.2093980000,2115.0109170000,,,,,,,,,,,,,,,,,,,2114.60601372939
"52110",Buesaco,636.44797160200,,1,1960,“No es apropiada su aplicación para la ubicación exacta de puntos ni para el cálculo de áreas y distancias,Nariño,636447971.6000000238,1079926.0190000001,635368045.5000000000,2566.7035250000,1956.4346200000,2566.7035250000,,,,,,,,,,,,,,,,,,,2567.7167274316
"52699",Santacruz,541.27497552000,Ordenanza No. 40 de 1913,1,2500,“No es apropiada su aplicación para la ubicación exacta de puntos ni para el cálculo de áreas y distancias,Nariño,541274975.5000000000,211747.6285000000,541063227.7000000477,1993.7624030000,2596.9044790000,1993.7624030000,,,,,,,,,,,,,,,,,,,1993.53253975609
"86001",Mocoa,1305.26519049000,Decreto No. 0013 de 1958,1,605,“No es apropiada su aplicación para la ubicación exacta de puntos ni para el cálculo de áreas y distancias,Putumayo,1305265190.0000000000,6897720.7840000000,1298367469.0000000000,1578.2916910000,650.6326604000,1578.2916910000,,,,,,,,,,,,,,,,,,,1583.23252840767
"52411",Linares,135.77191557200,,1,1450,“No es apropiada su aplicación para la ubicación exacta de puntos ni para el cálculo de áreas y distancias,Nariño,135771915.5000000000,373512.5016000000,135398402.9000000060,1506.2233160000,1473.9061940000,1506.2233160000,,,,,,,,,,,,,,,,,,,1506.30937513312
"52019",Albán,38.63842487960,,1,1700,“No es apropiada su aplicación para la ubicación exacta de puntos ni para el cálculo de áreas y distancias,Nariño,38638424.8500000015,421516.3150000000,38216908.5300000012,1946.3449260000,1910.4333830000,1946.3449260000,,,,,,,,,,,,,,,,,,,1946.72404640383
"52258",El Tablón,307.11094000500,,1,1025,“No es apropiada su aplicación para la ubicación exacta de puntos ni para el cálculo de áreas y distancias,Nariño,307110940.0000000000,220021.6649000000,306890918.3000000119,2770.0496530000,1591.1826210000,2770.0496530000,,,,,,,,,,,,,,,,,,,2770.90555142348
"52240",Chachagüí,146.39866856700,Ordenanza No. 20 de 1992,1,1961,“No es apropiada su aplicación para la ubicación exacta de puntos ni para el cálculo de áreas y distancias,Nariño,146398668.5000000000,966820.4999000001,145431848.0000000000,1885.9169400000,1970.8673690000,1885.9169400000,,,,,,,,,,,,,,,,,,,1885.34085303638
"52051",Arboleda,60.23237842430,,1,2000,“No es apropiada su aplicación para la ubicación exacta de puntos ni para el cálculo de áreas y distancias,Nariño,60232378.4200000018,263640.0415000000,59968738.3500000015,1896.9241870000,2183.8552550000,1896.9241870000,,,,,,,,,,,,,,,,,,,1895.60912077135
"52260",El Tambo,246.54730632100,,1,2200,“No es apropiada su aplicación para la ubicación exacta de puntos ni para el cálculo de áreas y distancias,Nariño,246547306.3000000119,1026686.9040000000,245520619.3000000119,1792.9233670000,2200.6221760000,1792.9233670000,,,,,,,,,,,,,,,,,,,1791.15578372692
"18150",Cartagena Del Chairá,12771.38667110000,Ordenanza No. 03 de 1985,1,242,“No es apropiada su aplicación para la ubicación exacta de puntos ni para el cálculo de áreas y distancias,Caquetá,12771386671.0000000000,2369580.5940000000,12769017090.0000000000,224.3199905000,218.8681619000,224.3199905000,,,,,,,,,,,,,,,,,,,224.321003857433
"52685",San Bernardo,65.21026401640,Ordenanza No. 023 de 1992,1,2100,“No es apropiada su aplicación para la ubicación exacta de puntos ni para el cálculo de áreas y distancias,Nariño,65210264.0000000000,262527.3477000000,64947736.6400000006,2522.7139530000,1952.3643750000,2522.7139530000,,,,,,,,,,,,,,,,,,,2525.04713379937
"18479",Morelia,462.39668395800,Ordenanza No. 03 de 1985,1,258,“No es apropiada su aplicación para la ubicación exacta de puntos ni para el cálculo de áreas y distancias,Caquetá,462396683.8000000119,377826.3966000000,462018857.3000000715,269.6873075000,258.0523667000,269.6873075000,,,,,,,,,,,,,,,,,,,269.696782963135
"18610",San José Del Fragua,1310.24886369000,,1,365,“No es apropiada su aplicación para la ubicación exacta de puntos ni para el cálculo de áreas y distancias,Caquetá,1310248863.0000000000,576700.0845000000,1309672162.0000000000,940.8377237000,379.0758923000,940.8377237000,,,,,,,,,,,,,,,,,,,941.091006116626
"19533",Piamonte,1104.95719443000,Ordenanza No. 24 de 1996,1,306,“No es apropiada su aplicación para la ubicación exacta de puntos ni para el cálculo de áreas y distancias,Cauca,1104957194.0000000000,643856.9678000000,1104313337.0000000000,765.9461726000,303.6700087000,765.9461726000,,,,,,,,,,,,,,,,,,,766.225703597783
"52694",San Pedro De Cartago,55.68932308920,Ordenanza No. 25 de 1989,1,1750,“No es apropiada su aplicación para la ubicación exacta de puntos ni para el cálculo de áreas y distancias,Nariño,55689323.0700000003,161462.7689000000,55527860.2800000012,2302.1460460000,2077.3958510000,2302.1460460000,,,,,,,,,,,,,,,,,,,2302.90896993978
"52678",Samaniego,605.72244783600,,1,1450,“No es apropiada su aplicación para la ubicación exacta de puntos ni para el cálculo de áreas y distancias,Nariño,605722447.7000000477,2226964.6170000001,603495483.0000000000,1580.1069950000,1503.8563220000,1580.1069950000,,,,,,,,,,,,,,,,,,,1580.38697788556
"52254",El Peñol,121.23733344700,Ordenanza No. 36 de 1998,1,1650,“No es apropiada su aplicación para la ubicación exacta de puntos ni para el cálculo de áreas y distancias,Nariño,121237333.4000000060,360405.5568000000,120876927.7000000030,1125.6668450000,1604.4045720000,1125.6668450000,,,,,,,,,,,,,,,,,,,1124.23869119218
"52083",Belén,41.87539432340,Ordenanza No. 53 de 1985,1,2450,“No es apropiada su aplicación para la ubicación exacta de puntos ni para el cálculo de áreas y distancias,Nariño,41875394.3200000003,331386.2106000000,41544008.1000000015,2443.9663480000,2447.7245850000,2443.9663480000,,,,,,,,,,,,,,,,,,,2443.93450580872
"52378",La Cruz,238.99919376200,,1,2500,“No es apropiada su aplicación para la ubicación exacta de puntos ni para el cálculo de áreas y distancias,Nariño,238999193.5000000000,795364.1481000000,238203829.3000000119,2920.8800310000,2402.1007240000,2920.8800310000,,,,,,,,,,,,,,,,,,,2922.69159432125
"52385",La Llanada,245.28129917100,Ordenanza No. 26 de 1989,1,2300,“No es apropiada su aplicación para la ubicación exacta de puntos ni para el cálculo de áreas y distancias,Nariño,245281299.0000000000,430967.3937000000,244850331.5000000000,1439.4642060000,2295.8904150000,1439.4642060000,,,,,,,,,,,,,,,,,,,1437.96228371765
"52687",San Lorenzo,249.35123267300,,1,1950,“No es apropiada su aplicación para la ubicación exacta de puntos ni para el cálculo de áreas y distancias,Nariño,249351232.5000000000,293841.4448000000,249057391.0000000000,1752.4881260000,2074.5437940000,1752.4881260000,,,,,,,,,,,,,,,,,,,1752.06654403273
"52203",Colón,61.79495732510,,1,1750,“No es apropiada su aplicación para la ubicación exacta de puntos ni para el cálculo de áreas y distancias,Nariño,61794957.3200000003,189700.9999000000,61605256.3200000003,1981.0808280000,1918.4924030000,1981.0808280000,,,,,,,,,,,,,,,,,,,1981.27252371458
"52786",Taminango,234.80328352700,,1,1375,“No es apropiada su aplicación para la ubicación exacta de puntos ni para el cálculo de áreas y distancias,Nariño,234803283.5000000000,368344.7044000000,234434938.5000000000,1104.5455170000,1540.1937250000,1104.5455170000,,,,,,,,,,,,,,,,,,,1103.87558370455
"52399",La Unión,142.26366762800,,1,1727,“No es apropiada su aplicación para la ubicación exacta de puntos ni para el cálculo de áreas y distancias,Nariño,142263667.5000000000,1332153.7430000000,140931513.5000000000,1566.1031770000,1758.5290180000,1566.1031770000,,,,,,,,,,,,,,,,,,,1564.26531018885
"52693",San Pablo,111.93413521600,,1,1750,“No es apropiada su aplicación para la ubicación exacta de puntos ni para el cálculo de áreas y distancias,Nariño,111934135.2000000030,862117.2878000000,111072017.9000000060,2300.0038180000,1701.2749600000,2300.0038180000,,,,,,,,,,,,,,,,,,,2304.71931086742
"97161",Carurú,6349.02552019000,Ordenanza No. 03 de 1993,1,200,“No es apropiada su aplicación para la ubicación exacta de puntos ni para el cálculo de áreas y distancias,Vaupés,6349025520.0000000000,884364.9368000000,6348141155.0000000000,235.0773815000,200.5249264000,235.0773815000,,,,,,,,,,,,,,,,,,,235.082541081051
"19290",Florencia,56.69489360930,Ordenanza No. 01 de 1993,1,1500,“No es apropiada su aplicación para la ubicación exacta de puntos ni para el cálculo de áreas y distancias,Cauca,56694893.6000000015,128586.4921000000,56566307.1000000015,1609.1939560000,1591.1120910000,1609.1939560000,,,,,,,,,,,,,,,,,,,1609.23781105632
"18094",Belén De Los Andaquíes,1191.55051045000,Decreto No. 0963 de 1950,1,313,“No es apropiada su aplicación para la ubicación exacta de puntos ni para el cálculo de áreas y distancias,Caquetá,1191550510.0000000000,932977.5088000000,1190617532.0000000000,792.5975068000,308.3766525000,792.5975068000,,,,,,,,,,,,,,,,,,,792.962785907435
"18410",Montañita,1700.23556381000,Decreto No. 83 de 1955,1,237,“No es apropiada su aplicación para la ubicación exacta de puntos ni para el cálculo de áreas y distancias,Caquetá,1700235563.0000000000,416573.4538000000,1699818989.0000000000,335.6762147000,241.8038657000,335.6762147000,,,,,,,,,,,,,,,,,,,335.698867134996
"41530",Palestina,196.96126112500,Ordenanza No. 02 de 1984,1,1740,“No es apropiada su aplicación para la ubicación exacta de puntos ni para el cálculo de áreas y distancias,Huila,196961261.0000000000,277997.7880000000,196683263.0000000000,1963.5615860000,1535.1075550000,1963.5615860000,,,,,,,,,,,,,,,,,,,1964.15803369648
"41006",Acevedo,521.80677226600,,1,1563,“No es apropiada su aplicación para la ubicación exacta de puntos ni para el cálculo de áreas y distancias,Huila,521806772.1000000238,1107518.2150000001,520699253.8000000119,1683.1257310000,1151.4919700000,1683.1257310000,,,,,,,,,,,,,,,,,,,1684.26080560841
"19701",Santa Rosa,3620.75583337000,,1,1750,“No es apropiada su aplicación para la ubicación exacta de puntos ni para el cálculo de áreas y distancias,Cauca,3620755833.0000000000,373332.5471000001,3620382500.0000000000,2070.4558150000,1706.6024280000,2070.4558150000,,,,,,,,,,,,,,,,,,,2070.492826695
"52418",Los Andes,957.96688570000,,1,1550,“No es apropiada su aplicación para la ubicación exacta de puntos ni para el cálculo de áreas y distancias,Nariño,957966885.6000000238,658324.4496000002,957308561.1000000238,1000.5334130000,1556.3221180000,1000.5334130000,,,,,,,,,,,,,,,,,,,1000.14442875356
"52540",Policarpa,434.66529904100,Ordenanza No. 22 de 1972,1,1000,“No es apropiada su aplicación para la ubicación exacta de puntos ni para el cálculo de áreas y distancias,Nariño,434665299.0000000000,270702.9845000000,434394596.0000000000,1017.3053830000,1037.1438590000,1017.3053830000,,,,,,,,,,,,,,,,,,,1017.29284470057
"52233",Cumbitara,355.55104496600,Ordenanza No. 65 de 1968,1,1675,“No es apropiada su aplicación para la ubicación exacta de puntos ni para el cálculo de áreas y distancias,Nariño,355551044.8000000119,276591.2647000000,355274453.5000000000,1101.8528430000,1699.1300300000,1101.8528430000,,,,,,,,,,,,,,,,,,,1101.43419838957
"19450",Mercaderes,698.55523708800,,1,1156,“No es apropiada su aplicación para la ubicación exacta de puntos ni para el cálculo de áreas y distancias,Cauca,698555237.0000000000,2646055.8450000002,695909181.1000000238,934.0918026000,1165.8568870000,934.0918026000,,,,,,,,,,,,,,,,,,,933.24089034558
"19693",San Sebastián,419.24426830500,,1,2100,“No es apropiada su aplicación para la ubicación exacta de puntos ni para el cálculo de áreas y distancias,Cauca,419244268.3000000119,177307.2032000000,419066961.0000000000,2876.5270660000,2132.5060910000,2876.5270660000,,,,,,,,,,,,,,,,,,,2876.83122605952
"19022",Almaguer,236.85163991000,,1,2200,“No es apropiada su aplicación para la ubicación exacta de puntos ni para el cálculo de áreas y distancias,Cauca,236851639.9000000060,358574.4892000000,236493065.4000000060,2212.8171770000,2190.2087460000,2212.8171770000,,,,,,,,,,,,,,,,,,,2212.8515720992
"52256",El Rosario,520.79198100500,,1,1500,“No es apropiada su aplicación para la ubicación exacta de puntos ni para el cálculo de áreas y distancias,Nariño,520791981.0000000000,286693.7356000000,520505287.1000000238,1088.2162160000,1586.8965750000,1088.2162160000,,,,,,,,,,,,,,,,,,,1087.95310833436
"95200",Miraflores,12774.76329620000,Ordenanza No. 01 de 1992,1,200,“No es apropiada su aplicación para la ubicación exacta de puntos ni para el cálculo de áreas y distancias,Guaviare,12774763296.0000000000,875803.9405000000,12773887492.0000000000,231.8387378000,210.6428441000,231.8387378000,,,,,,,,,,,,,,,,,,,231.840238944557
"41770",Suaza,429.62346068600,,1,1000,“No es apropiada su aplicación para la ubicación exacta de puntos ni para el cálculo de áreas y distancias,Huila,429623460.6000000238,725516.8687000000,428897943.6000000238,1516.2487630000,952.3455038000,1516.2487630000,,,,,,,,,,,,,,,,,,,1517.18202462036
"41551",Pitalito,630.73167128800,,1,1271,“No es apropiada su aplicación para la ubicación exacta de puntos ni para el cálculo de áreas y distancias,Huila,630731671.2000000477,11629833.9000000004,619101837.2000000477,1605.9079460000,1268.7141660000,1605.9079460000,,,,,,,,,,,,,,,,,,,1612.28012024084
"41807",Timaná,185.72167465300,,1,1011,“No es apropiada su aplicación para la ubicación exacta de puntos ni para el cálculo de áreas y distancias,Huila,185721674.5000000000,994626.2622000000,184727048.0000000000,1391.0659710000,1021.1486790000,1391.0659710000,,,,,,,,,,,,,,,,,,,1393.12106805307
"41244",Elías,80.44179958770,,1,1500,“No es apropiada su aplicación para la ubicación exacta de puntos ni para el cálculo de áreas y distancias,Huila,80441799.5600000024,629686.6492000000,79812112.9000000060,1252.4708720000,1295.3849520000,1252.4708720000,,,,,,,,,,,,,,,,,,,1252.13542690128
"41319",Guadalupe,249.53561617100,,1,888,“No es apropiada su aplicación para la ubicación exacta de puntos ni para el cálculo de áreas y distancias,Huila,249535616.0000000000,727668.5037000000,248807947.4000000060,1565.7506450000,891.3506374000,1565.7506450000,,,,,,,,,,,,,,,,,,,1567.67399395993
"19100",Bolívar,798.34678938000,,1,1700,“No es apropiada su aplicación para la ubicación exacta de puntos ni para el cálculo de áreas y distancias,Cauca,798346789.2000000477,847857.5035000000,797498931.6000000238,1655.1666700000,1719.8120210000,1655.1666700000,,,,,,,,,,,,,,,,,,,1655.09788923339
"52427",Magüí,1810.61067309000,,1,23,“No es apropiada su aplicación para la ubicación exacta de puntos ni para el cálculo de áreas y distancias,Nariño,1810610673.0000000000,409434.7220000000,1810201238.0000000000,123.9342478000,40.5897305800,123.9342478000,,,,,,,,,,,,,,,,,,,123.953246023981
"52405",Leiva,310.69642021900,Decreto No. 030 Bis de 1978,1,1500,“No es apropiada su aplicación para la ubicación exacta de puntos ni para el cálculo de áreas y distancias,Nariño,310696420.1000000238,241566.9462000000,310454853.1000000238,1357.8334250000,1547.6165640000,1357.8334250000,,,,,,,,,,,,,,,,,,,1357.6865390063
"41503",Oporapa,155.82073728400,Ordenanza No. 10 de 1963,1,1069,“No es apropiada su aplicación para la ubicación exacta de puntos ni para el cálculo de áreas y distancias,Huila,155820737.0000000000,636888.2402000000,155183848.5000000000,1929.3382790000,1411.6314980000,1929.3382790000,,,,,,,,,,,,,,,,,,,1931.42086037755
"19785",Sucre,135.95853989200,Ordenanza No. 09 de 1999,1,1125,“No es apropiada su aplicación para la ubicación exacta de puntos ni para el cálculo de áreas y distancias,Cauca,135958539.8000000119,206468.8407000000,135752070.9000000060,1540.6077970000,1115.7324370000,1540.6077970000,,,,,,,,,,,,,,,,,,,1541.2514259258
"19397",La Vega,516.34694281500,,1,2200,“No es apropiada su aplicación para la ubicación exacta de puntos ni para el cálculo de áreas y distancias,Cauca,516346942.8000000119,492163.1919000000,515854779.6000000238,2425.0303160000,2198.8643590000,2425.0303160000,,,,,,,,,,,,,,,,,,,2425.23688500061
"41026",Altamira,180.97547264100,,1,1027,“No es apropiada su aplicación para la ubicación exacta de puntos ni para el cálculo de áreas y distancias,Huila,180975472.5000000000,674370.6844000000,180301101.8000000119,996.6057994000,1032.2112860000,996.6057994000,,,,,,,,,,,,,,,,,,,996.475797000653
"95015",Calamar,13510.30760060000,Ordenanza No. 01 de 1992,1,233,“No es apropiada su aplicación para la ubicación exacta de puntos ni para el cálculo de áreas y distancias,Guaviare,13510307600.0000000000,1043301.6430000000,13509264298.0000000000,272.1645894000,221.0148139000,272.1645894000,,,,,,,,,,,,,,,,,,,272.168529608959
"41668",San Agustín,1390.85048612000,Ordenanza No. 24 de 1926,1,1627,“No es apropiada su aplicación para la ubicación exacta de puntos ni para el cálculo de áreas y distancias,Huila,1390850486.0000000000,2142630.9750000001,1388707855.0000000000,2584.8318730000,1638.8184100000,2584.8318730000,,,,,,,,,,,,,,,,,,,2586.29538833654
"18001",Florencia,2546.94239385000,Decreto No. 0642 de 1912,1,266,“No es apropiada su aplicación para la ubicación exacta de puntos ni para el cálculo de áreas y distancias,Caquetá,2546942393.0000000000,21368799.1200000010,2525573593.0000000000,1102.5578190000,301.4026299000,1102.5578190000,,,,,,,,,,,,,,,,,,,1109.37417723874
"19075",Balboa,413.55223731300,Ordenanza No. 01 de 1967,1,1500,“No es apropiada su aplicación para la ubicación exacta de puntos ni para el cálculo de áreas y distancias,Cauca,413552237.3000000119,755856.7699000000,412796380.5000000000,1598.5254160000,1605.9749450000,1598.5254160000,,,,,,,,,,,,,,,,,,,1598.51149110194
"41791",Tarqui,362.79091729500,,1,840,“No es apropiada su aplicación para la ubicación exacta de puntos ni para el cálculo de áreas y distancias,Huila,362790917.1000000238,755316.0129000000,362035601.0000000000,1399.3660100000,832.5026427000,1399.3660100000,,,,,,,,,,,,,,,,,,,1400.53079793909
"52621",Roberto Payán,1460.03849900000,,1,69,“No es apropiada su aplicación para la ubicación exacta de puntos ni para el cálculo de áreas y distancias,Nariño,1460038499.0000000000,231705.1386000000,1459806793.0000000000,51.5209719400,34.3991438700,51.5209719400,,,,,,,,,,,,,,,,,,,51.5238992697316
"19392",La Sierra,208.46739426400,,1,1800,“No es apropiada su aplicación para la ubicación exacta de puntos ni para el cálculo de áreas y distancias,Cauca,208467394.0000000000,609077.4247000000,207858316.5000000000,1576.9634330000,1768.1439490000,1576.9634330000,,,,,,,,,,,,,,,,,,,1576.42039648791
"41660",Saladoblanco,466.72644779300,Ordenanza  No. 10 de 1948,1,1415,“No es apropiada su aplicación para la ubicación exacta de puntos ni para el cálculo de áreas y distancias,Huila,466726447.6000000238,748616.9508000000,465977830.6000000238,2346.3077290000,1477.5123620000,2346.3077290000,,,,,,,,,,,,,,,,,,,2347.69540281061
"41359",Isnos,370.72869300500,,1,1900,“No es apropiada su aplicación para la ubicación exacta de puntos ni para el cálculo de áreas y distancias,Huila,370728693.0000000000,950822.8799000001,369777870.1000000238,2121.9787570000,1771.1313730000,2121.9787570000,,,,,,,,,,,,,,,,,,,2122.8555922553
"41378",La Argentina,356.45750695500,Ordenanza No. 36 de 1959,1,1540,“No es apropiada su aplicación para la ubicación exacta de puntos ni para el cálculo de áreas y distancias,Huila,356457506.8000000119,846021.5936000000,355611485.1000000238,2360.9224830000,1522.9792810000,2360.9224830000,,,,,,,,,,,,,,,,,,,2362.93769034937
"52520",Francisco Pizarro,526.08278202000,Decreto No. 126 de 1975,1,1,“No es apropiada su aplicación para la ubicación exacta de puntos ni para el cálculo de áreas y distancias,Nariño,526082782.0000000000,353898.6115000000,525728883.3000000715,23.5417472200,3.7998868380,23.5417472200,,,,,,,,,,,,,,,,,,,23.5549565347583
"18256",El Paujil,1234.15379461000,Decreto No. 1678 de 1967,1,346,“No es apropiada su aplicación para la ubicación exacta de puntos ni para el cálculo de áreas y distancias,Caquetá,1234153794.0000000000,1079098.2870000000,1233074695.0000000000,724.5953802000,334.7481491000,724.5953802000,,,,,,,,,,,,,,,,,,,724.932950040356
"41298",Garzón,606.40399452200,,1,830,“No es apropiada su aplicación para la ubicación exacta de puntos ni para el cálculo de áreas y distancias,Huila,606403994.5000000000,5724736.6730000004,600679257.7000000477,1636.6061990000,844.8781977000,1636.6061990000,,,,,,,,,,,,,,,,,,,1644.14120967206
"19622",Rosas,169.18014592900,,1,1714,“No es apropiada su aplicación para la ubicación exacta de puntos ni para el cálculo de áreas y distancias,Cauca,169180145.9000000060,240946.6893000000,168939199.0000000000,1581.1562570000,1702.6231890000,1581.1562570000,,,,,,,,,,,,,,,,,,,1580.97754833652
"18247",El Doncello,1105.49811350000,Decreto No. 1678 de 1967,1,373,“No es apropiada su aplicación para la ubicación exacta de puntos ni para el cálculo de áreas y distancias,Caquetá,1105498113.0000000000,2153195.6340000001,1103344917.0000000000,813.7621809000,355.1537137000,813.7621809000,,,,,,,,,,,,,,,,,,,814.671350364375
"19532",Patía,755.83883037200,,1,987,“No es apropiada su aplicación para la ubicación exacta de puntos ni para el cálculo de áreas y distancias,Cauca,755838830.2000000477,2287858.1370000001,753550972.0000000000,1050.9803500000,971.4360081000,1050.9803500000,,,,,,,,,,,,,,,,,,,1051.22380156194
"41548",Pital,193.64325082300,,1,918,“No es apropiada su aplicación para la ubicación exacta de puntos ni para el cálculo de áreas y distancias,Huila,193643250.8000000119,913076.2341000000,192730174.5000000000,1464.8608170000,920.7867899000,1464.8608170000,,,,,,,,,,,,,,,,,,,1467.44108163992
"41013",Agrado,273.68701987300,,1,838,“No es apropiada su aplicación para la ubicación exacta de puntos ni para el cálculo de áreas y distancias,Huila,273687019.8000000119,1769696.5940000000,271917323.1000000238,963.1482859000,854.4977586000,963.1482859000,,,,,,,,,,,,,,,,,,,963.862080969949
"00000",Area En Litigio Cauca - Huila,342.09908699000,,4,0,“No es apropiada su aplicación para la ubicación exacta de puntos ni para el cálculo de áreas y distancias,N/A,342099086.8000000119,0.0000000000,342099086.8000000119,2941.5170890000,0.0000000000,2941.5170890000,,,,,,,,,,,,,,,,,,,2941.51708927582
"19760",Sotará,516.16559360700,Ordenanza No. 02 de 1936,1,2450,“No es apropiada su aplicación para la ubicación exacta de puntos ni para el cálculo de áreas y distancias,Cauca,516165593.6000000238,280651.6500000000,515884941.8000000119,2679.8842670000,2509.8494220000,2679.8842670000,,,,,,,,,,,,,,,,,,,2679.98023015121
"19585",Puracé,506.45343333700,,1,2400,“No es apropiada su aplicación para la ubicación exacta de puntos ni para el cálculo de áreas y distancias,Cauca,506453433.3000000715,319340.7544000000,506134092.3999999762,3223.0011430000,2415.2784870000,3223.0011430000,,,,,,,,,,,,,,,,,,,3223.47924726239
"95025",El Retorno,12405.90945180000,Ordenanza No. 01 de 1992,1,200,“No es apropiada su aplicación para la ubicación exacta de puntos ni para el cálculo de áreas y distancias,Guaviare,12405909451.0000000000,837642.1292000000,12405071808.0000000000,215.3526125000,197.9877882000,215.3526125000,,,,,,,,,,,,,,,,,,,215.353771608206
"19807",Timbío,201.39793710500,,1,1798,“No es apropiada su aplicación para la ubicación exacta de puntos ni para el cálculo de áreas y distancias,Cauca,201397937.0000000000,2351048.3530000001,199046888.5000000000,1699.9769180000,1802.2143820000,1699.9769180000,,,,,,,,,,,,,,,,,,,1698.78979791418
"41518",Paicol,278.26747840400,,1,866,“No es apropiada su aplicación para la ubicación exacta de puntos ni para el cálculo de áreas y distancias,Huila,278267478.3000000119,552479.9010000000,277714998.3000000119,1129.6811660000,864.9013199000,1129.6811660000,,,,,,,,,,,,,,,,,,,1130.18630044574
"41396",La Plata,814.67129022700,,1,1018,“No es apropiada su aplicación para la ubicación exacta de puntos ni para el cálculo de áreas y distancias,Huila,814671290.2000000477,3816202.4430000000,810855087.7000000477,1886.5727070000,1023.7685660000,1886.5727070000,,,,,,,,,,,,,,,,,,,1890.67718147715
"19050",Argelia,776.45549120700,Ordenanza No. 2 de 1967,1,1750,“No es apropiada su aplicación para la ubicación exacta de puntos ni para el cálculo de áreas y distancias,Cauca,776455491.2000000477,491459.3526000000,775964031.7000000477,2040.1184590000,1248.8853280000,2040.1184590000,,,,,,,,,,,,,,,,,,,2040.61686067492
"41306",Gigante,503.51972292400,,1,808,“No es apropiada su aplicación para la ubicación exacta de puntos ni para el cálculo de áreas y distancias,Huila,503519722.8000000119,2161024.4330000002,501358698.3000000715,1359.6621770000,816.2667925000,1359.6621770000,,,,,,,,,,,,,,,,,,,1361.94893022178
"19001",Popayán,480.37351969200,,1,1738,“No es apropiada su aplicación para la ubicación exacta de puntos ni para el cálculo de áreas y distancias,Cauca,480373519.6000000238,33054304.1900000013,447319215.3000000119,1955.6425130000,1756.1622710000,1955.6425130000,,,,,,,,,,,,,,,,,,,1970.32033406654
"19824",Totoró,404.58453634500,,1,2600,“No es apropiada su aplicación para la ubicación exacta de puntos ni para el cálculo de áreas y distancias,Cauca,404584536.3000000119,876580.2853000000,403707956.0000000000,2758.7841070000,2554.7134430000,2758.7841070000,,,,,,,,,,,,,,,,,,,2759.2254910178
"18592",Puerto Rico,4143.96132161000,,1,250,“No es apropiada su aplicación para la ubicación exacta de puntos ni para el cálculo de áreas y distancias,Caquetá,4143961321.0000000000,2437892.0070000002,4141523426.9999995232,975.0706568000,253.7943140000,975.0706568000,,,,,,,,,,,,,,,,,,,975.494561694973
"50350",La Macarena,8108.29627162000,Ordenanza No. 11 de 1980,1,233,“No es apropiada su aplicación para la ubicación exacta de puntos ni para el cálculo de áreas y distancias,Meta,8108296270.0000000000,3183904.2130000000,8105112366.0000000000,327.5372571000,238.5792523000,327.5372571000,,,,,,,,,,,,,,,,,,,327.572472773997
"52473",Mosquera,769.30849268600,,1,8,“No es apropiada su aplicación para la ubicación exacta de puntos ni para el cálculo de áreas y distancias,Nariño,769308492.6000000238,246779.4539000000,769061713.1000000238,12.4939104600,3.2144054260,12.4939104600,,,,,,,,,,,,,,,,,,,12.4968173822085
"41797",Tesalia,366.95732048500,,1,833,“No es apropiada su aplicación para la ubicación exacta de puntos ni para el cálculo de áreas y distancias,Huila,366957320.3000000119,1087946.0750000000,365869374.1000000238,1015.1957770000,831.9637846000,1015.1957770000,,,,,,,,,,,,,,,,,,,1015.73064279327
"52490",Olaya Herrera,1004.66718363000,,1,1,“No es apropiada su aplicación para la ubicación exacta de puntos ni para el cálculo de áreas y distancias,Nariño,1004667183.0000001192,861201.2524000000,1003805980.0000000000,17.6913609000,4.6421572570,17.6913609000,,,,,,,,,,,,,,,,,,,17.7027629570602
"52696",Santa Bárbara,1226.12581425000,Ordenanza No. 58 de 1966,1,2,“No es apropiada su aplicación para la ubicación exacta de puntos ni para el cálculo de áreas y distancias,Nariño,1226125814.0000000000,378357.5442000000,1225747456.0000000000,171.2576628000,3.9313462330,171.2576628000,,,,,,,,,,,,,,,,,,,171.305734308481
"52390",La Tola,416.53210344000,Ordenanza No. 13 de 1988,1,5,“No es apropiada su aplicación para la ubicación exacta de puntos ni para el cálculo de áreas y distancias,Nariño,416532103.3000000119,592835.3128000000,415939267.8000000119,13.1766748400,3.4151495650,13.1766748400,,,,,,,,,,,,,,,,,,,13.190607761852
"41349",Hobo,194.27530932000,,1,595,“No es apropiada su aplicación para la ubicación exacta de puntos ni para el cálculo de áreas y distancias,Huila,194275309.3000000119,863224.6928000000,193412084.5000000000,955.4793042000,606.2357805000,955.4793042000,,,,,,,,,,,,,,,,,,,957.067896543933
"19355",Inzá,866.41159548000,,1,1800,“No es apropiada su aplicación para la ubicación exacta de puntos ni para el cálculo de áreas y distancias,Cauca,866411595.2000000477,309556.0231000000,866102039.1000000238,2715.0468940000,1816.9070660000,2715.0468940000,,,,,,,,,,,,,,,,,,,2715.33064685163
"41483",Nátaga,131.92360741700,Ordenanza No. 25 de 1967,1,1475,“No es apropiada su aplicación para la ubicación exacta de puntos ni para el cálculo de áreas y distancias,Huila,131923607.4000000060,555696.8713000000,131367910.5000000000,1573.8474790000,1481.9901770000,1573.8474790000,,,,,,,,,,,,,,,,,,,1574.24789817875
"52250",El Charco,2493.69842675000,,1,2,“No es apropiada su aplicación para la ubicación exacta de puntos ni para el cálculo de áreas y distancias,Nariño,2493698426.0000000000,795423.8260000000,2492903002.0000000000,627.6428606000,2.3581479430,627.6428606000,,,,,,,,,,,,,,,,,,,627.84751886345
"41020",Algeciras,589.42716251900,Ordenanza No. 41 de 1924,1,1078,“No es apropiada su aplicación para la ubicación exacta de puntos ni para el cálculo de áreas y distancias,Huila,589427162.5000000000,2130823.1930000000,587296339.2000000477,2037.9904270000,1007.2365920000,2037.9904270000,,,,,,,,,,,,,,,,,,,2041.72287046153
"19318",Guapi,2570.88669410000,,1,4,“No es apropiada su aplicación para la ubicación exacta de puntos ni para el cálculo de áreas y distancias,Cauca,2570886694.0000000000,2536387.5140000000,2568350306.0000000000,390.7041839000,4.3329500950,390.7041839000,,,,,,,,,,,,,,,,,,,391.081257442891
"19130",Cajibío,552.61942342800,,1,1800,“No es apropiada su aplicación para la ubicación exacta de puntos ni para el cálculo de áreas y distancias,Cauca,552619423.2000000477,553377.0079000000,552066046.1000000238,1745.8177870000,1815.7816180000,1745.8177870000,,,,,,,,,,,,,,,,,,,1745.74522886821
"41885",Yaguará,332.81663021500,,1,681,“No es apropiada su aplicación para la ubicación exacta de puntos ni para el cálculo de áreas y distancias,Huila,332816630.1000000238,1004921.9990000000,331811708.1000000238,708.9102418000,576.1666870000,708.9102418000,,,,,,,,,,,,,,,,,,,709.310143896341
"41132",Campoalegre,462.49718876100,,1,531,“No es apropiada su aplicación para la ubicación exacta de puntos ni para el cálculo de áreas y distancias,Huila,462497188.6000000238,3600737.6510000001,458896450.8000000119,932.7966000000,528.2440842000,932.7966000000,,,,,,,,,,,,,,,,,,,935.920470532153
"19743",Silvia,681.16671449500,,1,2750,“No es apropiada su aplicación para la ubicación exacta de puntos ni para el cálculo de áreas y distancias,Cauca,681166714.2000000477,4835278.1670000004,676331436.0000000000,2930.5699230000,2525.1698920000,2930.5699230000,,,,,,,,,,,,,,,,,,,2933.49024621833
"41357",Íquira,356.44847521700,,1,1122,“No es apropiada su aplicación para la ubicación exacta de puntos ni para el cálculo de áreas y distancias,Huila,356448475.1000000238,501993.1088000000,355946481.8000000119,1738.5693870000,1097.8225970000,1738.5693870000,,,,,,,,,,,,,,,,,,,1739.50772617835
"19256",El Tambo,2741.48858935000,,1,1750,“No es apropiada su aplicación para la ubicación exacta de puntos ni para el cálculo de áreas y distancias,Cauca,2741488589.0000000000,1193419.1450000000,2740295169.0000000000,1360.9162150000,1723.1956190000,1360.9162150000,,,,,,,,,,,,,,,,,,,1360.75647999726
"19548",Piendamó Tunia,181.26987864500,,1,1865,“No es apropiada su aplicación para la ubicación exacta de puntos ni para el cálculo de áreas y distancias,Cauca,181269878.5000000000,5783453.1820000000,175486425.3000000119,1702.8129730000,1828.8062240000,1702.8129730000,,,,,,,,,,,,,,,,,,,1698.72373044853
"41615",Rivera,251.10922900400,,1,700,“No es apropiada su aplicación para la ubicación exacta de puntos ni para el cálculo de áreas y distancias,Huila,251109229.0000000000,2637880.9210000001,248471348.0000000000,1100.3560630000,706.5488133000,1100.3560630000,,,,,,,,,,,,,,,,,,,1104.55010756513
"19137",Caldono,354.85572951900,,1,1700,“No es apropiada su aplicación para la ubicación exacta de puntos ni para el cálculo de áreas y distancias,Cauca,354855729.5000000000,689756.2373000000,354165973.1000000238,1948.6218300000,1673.6938660000,1948.6218300000,,,,,,,,,,,,,,,,,,,1949.1796692067
"19809",Timbiquí,2059.78546951000,,1,10,“No es apropiada su aplicación para la ubicación exacta de puntos ni para el cálculo de áreas y distancias,Cauca,2059785469.0000000000,1309618.4050000000,2058475849.0000000000,325.2986650000,8.3336366640,325.2986650000,,,,,,,,,,,,,,,,,,,325.499434706682
"18753",San Vicente Del Caguán,20170.29528780000,Decreto No. 0963 de 1950,1,250,“No es apropiada su aplicación para la ubicación exacta de puntos ni para el cálculo de áreas y distancias,Caquetá,20170295287.0000000000,4879124.6780000003,20165416162.0000000000,442.6093610000,271.9690121000,442.6093610000,,,,,,,,,,,,,,,,,,,442.651541501176
"19473",Morales,511.74339035600,,1,1500,“No es apropiada su aplicación para la ubicación exacta de puntos ni para el cálculo de áreas y distancias,Cauca,511743390.3000000715,1383121.4800000000,510360268.8000000119,1832.7000450000,1673.9153900000,1832.7000450000,,,,,,,,,,,,,,,,,,,1833.13414527392
"41801",Teruel,471.65019794500,,1,853,“No es apropiada su aplicación para la ubicación exacta de puntos ni para el cálculo de áreas y distancias,Huila,471650197.8000000119,780675.6311000000,470869522.1000000238,2358.8300030000,859.3643785000,2358.8300030000,,,,,,,,,,,,,,,,,,,2361.27779976228
"19364",Jambaló,234.49983866600,,1,2250,“No es apropiada su aplicación para la ubicación exacta de puntos ni para el cálculo de áreas y distancias,Cauca,234499838.5000000000,477022.6476000000,234022815.8000000119,2512.3111270000,2307.3627830000,2512.3111270000,,,,,,,,,,,,,,,,,,,2512.70665605183
"41676",Santa María,339.30524820600,Ordenanza No. 06 de 1965,1,1700,“No es apropiada su aplicación para la ubicación exacta de puntos ni para el cálculo de áreas y distancias,Huila,339305248.1000000238,469699.9323000000,338835548.1000000238,2180.0581010000,1321.0591650000,2180.0581010000,,,,,,,,,,,,,,,,,,,2181.22716050393
"19517",Páez,1793.18373865000,,1,1400,“No es apropiada su aplicación para la ubicación exacta de puntos ni para el cálculo de áreas y distancias,Cauca,1793183738.0000000000,618316.5267000000,1792565421.0000000000,2598.5533560000,1447.7909640000,2598.5533560000,,,,,,,,,,,,,,,,,,,2598.95950754812
"19780",Suárez,392.58508782200,Ordenanza No. 13 de 1989,1,1250,“No es apropiada su aplicación para la ubicación exacta de puntos ni para el cálculo de áreas y distancias,Cauca,392585087.8000000119,2821577.4750000001,389763510.3000000119,1656.0447450000,1076.7009980000,1656.0447450000,,,,,,,,,,,,,,,,,,,1660.25482552527
"19821",Toribío,492.21838307500,,1,1700,“No es apropiada su aplicación para la ubicación exacta de puntos ni para el cálculo de áreas y distancias,Cauca,492218383.0000000000,950050.3264000000,491268332.6000000238,2774.6333780000,1716.0667240000,2774.6333780000,,,,,,,,,,,,,,,,,,,2776.6968608528
"41524",Palermo,884.00206832400,,1,549,“No es apropiada su aplicación para la ubicación exacta de puntos ni para el cálculo de áreas y distancias,Huila,884002068.2000000477,1449045.2900000000,882553022.7000000477,944.8345391000,557.4523859000,944.8345391000,,,,,,,,,,,,,,,,,,,945.540774483649
"19698",Santander De Quilichao,518.36450827800,,1,1071,“No es apropiada su aplicación para la ubicación exacta de puntos ni para el cálculo de áreas y distancias,Cauca,518364508.1000000238,11007503.7200000007,507357004.3000000715,1307.3011130000,1049.9068180000,1307.3011130000,,,,,,,,,,,,,,,,,,,1312.91023209716
"41799",Tello,530.11522314100,,1,573,“No es apropiada su aplicación para la ubicación exacta de puntos ni para el cálculo de áreas y distancias,Huila,530115223.1000000238,854174.6322000000,529261048.3000000715,1109.3883440000,570.8354529000,1109.3883440000,,,,,,,,,,,,,,,,,,,1110.2305933085
"50711",Vistahermosa,4813.98945963000,Ordenanza No. 19 de 1969,1,390,“No es apropiada su aplicación para la ubicación exacta de puntos ni para el cálculo de áreas y distancias,Meta,4813989459.0000000000,1722073.0970000001,4812267385.0000000000,377.0619671000,294.2770767000,377.0619671000,,,,,,,,,,,,,,,,,,,377.091740027792
"19212",Corinto,325.96788231700,,1,1052,“No es apropiada su aplicación para la ubicación exacta de puntos ni para el cálculo de áreas y distancias,Cauca,325967882.3000000119,1636076.9960000000,324331805.3000000119,2060.6478100000,1058.4384800000,2060.6478100000,,,,,,,,,,,,,,,,,,,2065.69253260399
"19110",Buenos Aires,435.25033343400,,1,1200,“No es apropiada su aplicación para la ubicación exacta de puntos ni para el cálculo de áreas y distancias,Cauca,435250333.3000000119,553590.6360000002,434696742.6000000238,1460.4046340000,1214.2363630000,1460.4046340000,,,,,,,,,,,,,,,,,,,1460.7284887207
"19513",Padilla,69.69699274800,Ordenanza No. 04 de 1967,1,1000,“No es apropiada su aplicación para la ubicación exacta de puntos ni para el cálculo de áreas y distancias,Cauca,69696992.7300000042,1271837.8070000000,68425154.9200000018,990.5381540000,996.2222946000,990.5381540000,,,,,,,,,,,,,,,,,,,990.43564942839
"19418",López,3370.42700552000,,1,390,“No es apropiada su aplicación para la ubicación exacta de puntos ni para el cálculo de áreas y distancias,Cauca,3370427005.0000000000,346752.4861000000,3370080252.0000000000,489.9700115000,32.4162334000,489.9700115000,,,,,,,,,,,,,,,,,,,490.015391355783
"41001",Neiva,1269.14313362000,,1,442,“No es apropiada su aplicación para la ubicación exacta de puntos ni para el cálculo de áreas y distancias,Huila,1269143133.0000000000,48109879.7500000000,1221033253.0000000000,1245.2209180000,469.0473979000,1245.2209180000,,,,,,,,,,,,,,,,,,,1275.67132276122
"19455",Miranda,189.71928464300,,1,1094,“No es apropiada su aplicación para la ubicación exacta de puntos ni para el cálculo de áreas y distancias,Cauca,189719284.5000000000,3228922.0180000002,186490362.4000000060,1806.0881090000,1096.4332380000,1806.0881090000,,,,,,,,,,,,,,,,,,,1818.5929007518
"41078",Baraya,785.47923055100,,1,612,“No es apropiada su aplicación para la ubicación exacta de puntos ni para el cálculo de áreas y distancias,Huila,785479230.5000000000,747064.5331000000,784732165.7000000477,1432.6861670000,611.3048116000,1432.6861670000,,,,,,,,,,,,,,,,,,,1433.48089413886
"73555",Planadas,1753.93489435000,Ordenanza No. 36 de 1966,1,1224,“No es apropiada su aplicación para la ubicación exacta de puntos ni para el cálculo de áreas y distancias,Tolima,1753934894.0000000000,802366.3916000000,1753132527.0000000000,2681.0220590000,1203.1934690000,2681.0220590000,,,,,,,,,,,,,,,,,,,2681.6846147119
"76364",Jamundí,629.19842803300,,1,970,“No es apropiada su aplicación para la ubicación exacta de puntos ni para el cálculo de áreas y distancias,Valle del Cauca,629198428.0000000000,26266361.3900000006,602932066.6000000238,1519.4259790000,971.6063839000,1519.4259790000,,,,,,,,,,,,,,,,,,,1543.2641785592
"76275",Florida,401.59541383200,,1,1038,“No es apropiada su aplicación para la ubicación exacta de puntos ni para el cálculo de áreas y distancias,Valle del Cauca,401595413.8000000119,3479700.3410000000,398115713.3000000119,2251.0984350000,1042.2487580000,2251.0984350000,,,,,,,,,,,,,,,,,,,2261.68485446155
"41016",Aipe,795.29855776800,,1,391,“No es apropiada su aplicación para la ubicación exacta de puntos ni para el cálculo de áreas y distancias,Huila,795298557.7000000477,2245164.1170000001,793053393.5000000000,798.9397625000,392.6782323000,798.9397625000,,,,,,,,,,,,,,,,,,,800.076782265326
"41872",Villavieja,543.62984802600,,1,375,“No es apropiada su aplicación para la ubicación exacta de puntos ni para el cálculo de áreas y distancias,Huila,543629848.0000000000,746873.0027000000,542882974.7000000477,483.9651796000,384.5620232000,483.9651796000,,,,,,,,,,,,,,,,,,,484.101140747425
"76130",Candelaria,295.78174023600,,1,975,“No es apropiada su aplicación para la ubicación exacta de puntos ni para el cálculo de áreas y distancias,Valle del Cauca,295781740.1000000238,1363588.6820000000,294418151.3000000119,968.9000269000,977.6404979000,968.9000269000,,,,,,,,,,,,,,,,,,,968.860007944305
"76563",Pradera,356.77461406100,,1,1058,“No es apropiada su aplicación para la ubicación exacta de puntos ni para el cálculo de áreas y distancias,Valle del Cauca,356774614.0000000000,3090684.4500000002,353683929.5000000000,1956.8332250000,1059.1409990000,1956.8332250000,,,,,,,,,,,,,,,,,,,1964.55493646746
"50577",Puerto Lleras,2531.22576893000,Ordenanza No. 63 de 1965,1,240,“No es apropiada su aplicación para la ubicación exacta de puntos ni para el cálculo de áreas y distancias,Meta,2531225768.0000000000,1005712.7070000001,2530220055.0000000000,239.4835977000,236.0592259000,239.4835977000,,,,,,,,,,,,,,,,,,,239.484981826825
"50683",San Juan De Arama,1165.36000753000,,1,648,“No es apropiada su aplicación para la ubicación exacta de puntos ni para el cálculo de áreas y distancias,Meta,1165360007.0000000000,1481840.3250000000,1163878166.0000000000,446.6497315000,443.7456745000,446.6497315000,,,,,,,,,,,,,,,,,,,446.653346350815
"73024",Alpujarra,501.17177617900,,1,1306,“No es apropiada su aplicación para la ubicación exacta de puntos ni para el cálculo de áreas y distancias,Tolima,501171776.1000000238,701102.1932000000,500470673.8000000119,1127.3167640000,1308.4059550000,1127.3167640000,,,,,,,,,,,,,,,,,,,1127.04821928041
"50287",Fuentedeoro,570.08418327400,Ordenanza No. 24 de 1960,1,295,“No es apropiada su aplicación para la ubicación exacta de puntos ni para el cálculo de áreas y distancias,Meta,570084183.2000000477,1570499.4900000000,568513683.7000000477,271.0990912000,296.1853059000,271.0990912000,,,,,,,,,,,,,,,,,,,271.028764808883
"76001",Santiago de Cali,564.13858620600,Ley 1933 de 2018,2,991,“No es apropiada su aplicación para la ubicación exacta de puntos ni para el cálculo de áreas y distancias,Valle del Cauca,564138586.2000000477,148602324.0000000000,415536262.1000000238,1530.7709830000,988.4866008000,1530.7709830000,,,,,,,,,,,,,,,,,,,1724.88842736741
"50330",Mesetas,2277.86175335000,Ordenanza No. 35 de 1981,1,827,“No es apropiada su aplicación para la ubicación exacta de puntos ni para el cálculo de áreas y distancias,Meta,2277861753.0000000000,1005779.6270000000,2276855973.0000000000,865.2590715000,544.8875881000,865.2590715000,,,,,,,,,,,,,,,,,,,865.401819806652
"50313",Granada,347.81989497400,Decreto No. 0299 de 1956,1,333,“No es apropiada su aplicación para la ubicación exacta de puntos ni para el cálculo de áreas y distancias,Meta,347819894.8000000119,11924243.4100000001,335895651.3000000119,344.1798729000,334.6101410000,344.1798729000,,,,,,,,,,,,,,,,,,,344.51856218295
"73067",Ataco,1017.32428603000,,1,450,“No es apropiada su aplicación para la ubicación exacta de puntos ni para el cálculo de áreas y distancias,Tolima,1017324286.0000000000,1649462.5330000001,1015674823.0000001192,1128.7056990000,451.8441443000,1128.7056990000,,,,,,,,,,,,,,,,,,,1129.79770519567
"73483",Natagaima,859.35024137300,,1,326,“No es apropiada su aplicación para la ubicación exacta de puntos ni para el cálculo de áreas y distancias,Tolima,859350241.2000000477,1814125.3250000000,857536115.7000000477,636.9505912000,325.6768865000,636.9505912000,,,,,,,,,,,,,,,,,,,637.616268384978
"76892",Yumbo,230.81302343700,,1,998,“No es apropiada su aplicación para la ubicación exacta de puntos ni para el cálculo de áreas y distancias,Valle del Cauca,230813023.4000000060,33665308.1000000015,197147715.0000000000,1311.3067660000,977.0710024000,1311.3067660000,,,,,,,,,,,,,,,,,,,1368.53380060184
"76520",Palmira,1005.05238720000,,1,1003,“No es apropiada su aplicación para la ubicación exacta de puntos ni para el cálculo de áreas y distancias,Valle del Cauca,1005052387.0000001192,25318370.5000000000,979734016.5000000000,1789.0299010000,1006.0746900000,1789.0299010000,,,,,,,,,,,,,,,,,,,1809.33072210415
"94343",Barrancominas,14343.08427830000,Ordenanza No. 248 de 2019,1,119,“No es apropiada su aplicación para la ubicación exacta de puntos ni para el cálculo de áreas y distancias,Guainía,14343084278.0000000000,721903.8395000000,14342362374.0000000000,171.8266945000,119.0814125000,171.8266945000,,,,,,,,,,,,,,,,,,,171.82933614994
"50251",El Castillo,567.43971329900,Ordenanza No. 01 de 1976,1,350,“No es apropiada su aplicación para la ubicación exacta de puntos ni para el cálculo de áreas y distancias,Meta,567439713.2000000477,1040037.7520000000,566399675.2000000477,935.0887011000,347.5475030000,935.0887011000,,,,,,,,,,,,,,,,,,,936.202204983427
"50270",El Dorado,117.17599541900,Ordenanza No. 44 de 1992,1,550,“No es apropiada su aplicación para la ubicación exacta de puntos ni para el cálculo de áreas y distancias,Meta,117175995.4000000060,283530.7038000000,116892464.5000000000,654.2921131000,549.8523319000,654.2921131000,,,,,,,,,,,,,,,,,,,654.543243448229
"76248",El Cerrito,442.00765517500,,1,988,“No es apropiada su aplicación para la ubicación exacta de puntos ni para el cálculo de áreas y distancias,Valle del Cauca,442007655.1000000238,3637888.5780000002,438369766.5000000000,1795.0675930000,990.3817574000,1795.0675930000,,,,,,,,,,,,,,,,,,,1801.74730611117
"73616",Rioblanco,2046.08217227000,Ordenanza No. 11 de 1948,1,1250,“No es apropiada su aplicación para la ubicación exacta de puntos ni para el cálculo de áreas y distancias,Tolima,2046082172.0000000000,412047.7377000000,2045670124.0000000000,2776.3285980000,1041.7770180000,2776.3285980000,,,,,,,,,,,,,,,,,,,2776.67616455686
"50370",Uribe,6454.45538194000,Ordenanza No. 037 de 1990,1,1000,“No es apropiada su aplicación para la ubicación exacta de puntos ni para el cálculo de áreas y distancias,Meta,6454455381.0000000000,854146.7449000000,6453601234.0000000000,1195.0099240000,696.4124526000,1195.0099240000,,,,,,,,,,,,,,,,,,,1195.07646582256
"50400",Lejanías,814.42101235700,Ordenanza No. 20 de 1981,1,700,“No es apropiada su aplicación para la ubicación exacta de puntos ni para el cálculo de áreas y distancias,Meta,814421012.2000000477,2435847.6690000002,811985164.5000000000,1920.9620620000,681.3291879000,1920.9620620000,,,,,,,,,,,,,,,,,,,1924.69546539917
"50689",San Martín,5922.03563765000,,1,421,“No es apropiada su aplicación para la ubicación exacta de puntos ni para el cálculo de áreas y distancias,Meta,5922035637.0000000000,6424154.7390000001,5915611482.0000000000,236.6526037000,424.1841914000,236.6526037000,,,,,,,,,,,,,,,,,,,236.450950728135
"73563",Prado,422.70726895500,,1,320,“No es apropiada su aplicación para la ubicación exacta de puntos ni para el cálculo de áreas y distancias,Tolima,422707268.8000000119,1087494.7370000000,421619774.0000000000,587.6045531000,315.7907480000,587.6045531000,,,,,,,,,,,,,,,,,,,588.319013810388
"76869",Vijes,112.97115356800,,1,900,“No es apropiada su aplicación para la ubicación exacta de puntos ni para el cálculo de áreas y distancias,Valle del Cauca,112971153.5000000000,1433210.0240000000,111537943.4000000060,1443.4249200000,971.8037109000,1443.4249200000,,,,,,,,,,,,,,,,,,,1449.68425864222
"76306",Ginebra,268.76749552100,Decreto No. 0206 de 1950,1,1036,“No es apropiada su aplicación para la ubicación exacta de puntos ni para el cálculo de áreas y distancias,Valle del Cauca,268767495.5000000000,1323272.9230000000,267444222.5000000000,2004.0351860000,1028.5105030000,2004.0351860000,,,,,,,,,,,,,,,,,,,2008.86667710287
"41206",Colombia,1583.62303257000,,1,770,“No es apropiada su aplicación para la ubicación exacta de puntos ni para el cálculo de áreas y distancias,Huila,1583623032.0000000000,757614.8299000000,1582865417.0000000000,2160.2020330000,768.0696142000,2160.2020330000,,,,,,,,,,,,,,,,,,,2160.88437077032
"73236",Dolores,651.44951781800,,1,1450,“No es apropiada su aplicación para la ubicación exacta de puntos ni para el cálculo de áreas y distancias,Tolima,651449517.7000000477,692620.1721000000,650756897.5000000000,1450.6567130000,1435.3592830000,1450.6567130000,,,,,,,,,,,,,,,,,,,1450.67334954738
"76318",Guacarí,162.52375387200,,1,966,“No es apropiada su aplicación para la ubicación exacta de puntos ni para el cálculo de áreas y distancias,Valle del Cauca,162523753.8000000119,2556516.4330000002,159967237.3000000119,1197.4488240000,972.4819685000,1197.4488240000,,,,,,,,,,,,,,,,,,,1201.10193695285
"76377",La Cumbre,255.55014049100,,1,1584,“No es apropiada su aplicación para la ubicación exacta de puntos ni para el cálculo de áreas y distancias,Valle del Cauca,255550140.4000000060,810989.7552000000,254739150.5000000000,1453.2750110000,1563.2424900000,1453.2750110000,,,,,,,,,,,,,,,,,,,1452.93895683978
"76606",Restrepo,137.24335405200,Ordenanza No. 30 de 1925,1,1400,“No es apropiada su aplicación para la ubicación exacta de puntos ni para el cálculo de áreas y distancias,Valle del Cauca,137243354.0000000000,966954.5502000001,136276399.4000000060,1488.7501490000,1394.5158450000,1488.7501490000,,,,,,,,,,,,,,,,,,,1489.39409280781
"76233",Dagua,917.07275684100,,1,827,“No es apropiada su aplicación para la ubicación exacta de puntos ni para el cálculo de áreas y distancias,Valle del Cauca,917072756.7000000477,1677952.9970000000,915394803.7000000477,1361.0312240000,872.4350165000,1361.0312240000,,,,,,,,,,,,,,,,,,,1361.92587188956
"73217",Coyaima,668.69383890600,,1,358,“No es apropiada su aplicación para la ubicación exacta de puntos ni para el cálculo de áreas y distancias,Tolima,668693838.7000000477,655865.3195000000,668037973.2000000477,457.7737881000,362.1726791000,457.7737881000,,,,,,,,,,,,,,,,,,,457.86775524756
"50150",Castilla La Nueva,513.86550248600,Ordenanza No. 08 de 1961,1,400,“No es apropiada su aplicación para la ubicación exacta de puntos ni para el cálculo de áreas y distancias,Meta,513865502.3000000715,1685467.5950000000,512180034.6000000238,328.6804700000,415.2921021000,328.6804700000,,,,,,,,,,,,,,,,,,,328.396780780371
"50680",San Carlos De Guaroa,806.56564863500,Ordenanza No. 08 de 1961,1,230,“No es apropiada su aplicación para la ubicación exacta de puntos ni para el cálculo de áreas y distancias,Meta,806565648.6000000238,1218000.0440000000,805347648.5000000000,235.3163000000,221.7063991000,235.3163000000,,,,,,,,,,,,,,,,,,,235.335843401015
"73873",Villarrica,430.08013928500,,1,1125,“No es apropiada su aplicación para la ubicación exacta de puntos ni para el cálculo de áreas y distancias,Tolima,430080139.1000000238,600709.0832000000,429479430.0000000000,1743.3920780000,1153.7120940000,1743.3920780000,,,,,,,,,,,,,,,,,,,1744.26968275996
"76111",Buga,825.88247886900,,1,967,“No es apropiada su aplicación para la ubicación exacta de puntos ni para el cálculo de áreas y distancias,Valle del Cauca,825882478.7000000477,11640642.0000000000,814241836.7000000477,2367.1544500000,974.7836433000,2367.1544500000,,,,,,,,,,,,,,,,,,,2387.00352261545
"73671",Saldaña,193.10562931300,Ordenanza No. 05 de 1969,1,311,“No es apropiada su aplicación para la ubicación exacta de puntos ni para el cálculo de áreas y distancias,Tolima,193105629.3000000119,1996136.0240000000,191109493.0000000000,314.8294720000,311.6674364000,314.8294720000,,,,,,,,,,,,,,,,,,,314.86179096926
"73585",Purificación,401.97651812700,,1,310,“No es apropiada su aplicación para la ubicación exacta de puntos ni para el cálculo de áreas y distancias,Tolima,401976518.1000000238,4180156.4720000001,397796361.6000000238,462.7391826000,303.2647483000,462.7391826000,,,,,,,,,,,,,,,,,,,464.417465110538
"50223",Cubarral,1156.41771699000,Ordenanza No. 23 de 1960,1,565,“No es apropiada su aplicación para la ubicación exacta de puntos ni para el cálculo de áreas y distancias,Meta,1156417716.0000000000,847342.2126000000,1155570373.0000000000,2397.3503800000,577.7602400000,2397.3503800000,,,,,,,,,,,,,,,,,,,2398.65150560051
"25120",Cabrera,421.41640180800,Ordenanza No. 79 de 1963,1,1900,“No es apropiada su aplicación para la ubicación exacta de puntos ni para el cálculo de áreas y distancias,Cundinamarca,421416401.8000000119,268486.0365000000,421147915.6000000238,2863.3980650000,1842.8839550000,2863.3980650000,,,,,,,,,,,,,,,,,,,2864.07964743742
"73168",Chaparral,2101.53586256000,,1,853,“No es apropiada su aplicación para la ubicación exacta de puntos ni para el cálculo de áreas y distancias,Tolima,2101535862.0000002384,6787036.7220000001,2094748825.0000000000,1814.1010410000,839.0590718000,1814.1010410000,,,,,,,,,,,,,,,,,,,1817.2590498963
"76670",San Pedro,202.22701070700,,1,975,“No es apropiada su aplicación para la ubicación exacta de puntos ni para el cálculo de áreas y distancias,Valle del Cauca,202227010.5000000000,1116336.3210000000,201110674.0000000000,1279.2331000000,986.9968142000,1279.2331000000,,,,,,,,,,,,,,,,,,,1280.82100385781
"76890",Yotoco,327.75060209900,,1,850,“No es apropiada su aplicación para la ubicación exacta de puntos ni para el cálculo de áreas y distancias,Valle del Cauca,327750602.0000000000,1643264.1760000000,326107337.8000000119,1247.4743240000,950.8041318000,1247.4743240000,,,,,,,,,,,,,,,,,,,1248.9670047912
"76126",Calima,793.84586471900,Ordenanza No. 049 de 1939,1,1500,“No es apropiada su aplicación para la ubicación exacta de puntos ni para el cálculo de áreas y distancias,Valle del Cauca,793845864.7000000477,1956659.3110000000,791889205.2000000477,1368.4465960000,1524.4857600000,1368.4465960000,,,,,,,,,,,,,,,,,,,1368.05751762309
"50318",Guamal,594.91977375800,Decreto No. 0299 de 1956,1,521,“No es apropiada su aplicación para la ubicación exacta de puntos ni para el cálculo de áreas y distancias,Meta,594919773.7000000477,3009008.6710000001,591910765.0000000000,2220.3148910000,520.3043720000,2220.3148910000,,,,,,,,,,,,,,,,,,,2229.04870170733
"25506",Venecia,122.08121246800,,1,1630,“No es apropiada su aplicación para la ubicación exacta de puntos ni para el cálculo de áreas y distancias,Cundinamarca,122081212.4000000060,248510.4474000000,121832701.9000000060,2304.7410640000,1635.6932040000,2304.7410640000,,,,,,,,,,,,,,,,,,,2306.14397451484
"73504",Ortega,953.28589725200,,1,400,“No es apropiada su aplicación para la ubicación exacta de puntos ni para el cálculo de áreas y distancias,Tolima,953285897.2000000477,3235556.1290000002,950050340.8999999762,827.6640699000,385.9707503000,827.6640699000,,,,,,,,,,,,,,,,,,,829.158875825861
"73675",San Antonio,383.35098178100,,1,1447,“No es apropiada su aplicación para la ubicación exacta de puntos ni para el cálculo de áreas y distancias,Tolima,383350981.6000000238,984793.9157000000,382366187.6000000238,2045.1381720000,1435.1797600000,2045.1381720000,,,,,,,,,,,,,,,,,,,2046.75783235703
"73226",Cunday,507.02544570100,,1,460,“No es apropiada su aplicación para la ubicación exacta de puntos ni para el cálculo de áreas y distancias,Tolima,507025445.6000000238,888043.4691000000,506137402.1000000238,852.1484399000,456.5350431000,852.1484399000,,,,,,,,,,,,,,,,,,,852.854428566013
"50006",Acacías,1121.91997288000,Decreto No. 1353 de 1947,1,523,“No es apropiada su aplicación para la ubicación exacta de puntos ni para el cálculo de áreas y distancias,Meta,1121919972.0000000000,11744922.8300000001,1110175049.0000000000,1034.5613920000,533.3805189000,1034.5613920000,,,,,,,,,,,,,,,,,,,1039.86680561183
"76616",Riofrío,308.16272900400,,1,939,“No es apropiada su aplicación para la ubicación exacta de puntos ni para el cálculo de áreas y distancias,Valle del Cauca,308162729.0000000000,671437.9706000000,307491291.0000000000,1538.3001180000,942.8991651000,1538.3001180000,,,,,,,,,,,,,,,,,,,1539.57460630933
"25649",San Bernardo,246.74977575600,,1,1750,“No es apropiada su aplicación para la ubicación exacta de puntos ni para el cálculo de áreas y distancias,Cundinamarca,246749775.5000000000,648791.3550000000,246100984.0000000000,2871.2458280000,1755.4279930000,2871.2458280000,,,,,,,,,,,,,,,,,,,2874.06442796033
"25524",Pandi,71.62678547380,,1,925,“No es apropiada su aplicación para la ubicación exacta de puntos ni para el cálculo de áreas y distancias,Cundinamarca,71626785.4500000030,387067.9359000000,71239717.5100000054,1351.8945710000,938.6323921000,1351.8945710000,,,,,,,,,,,,,,,,,,,1354.06937540121
"76109",Buenaventura,6295.93503203000,"Acto Legislativo 2 de 2007, Art.1",2,6,“No es apropiada su aplicación para la ubicación exacta de puntos ni para el cálculo de áreas y distancias,Valle del Cauca,6295935032.0000000000,33115140.8200000003,6262819891.0000000000,406.1391728000,20.2219972800,406.1391728000,,,,,,,,,,,,,,,,,,,408.181127400792
"73148",Carmen De Apicalá,190.68323590400,,1,350,“No es apropiada su aplicación para la ubicación exacta de puntos ni para el cálculo de áreas y distancias,Tolima,190683235.9000000060,4816561.4460000005,185866674.4000000060,454.1351471000,319.6398293000,454.1351471000,,,,,,,,,,,,,,,,,,,457.612676996917
"73268",Espinal,216.34435864100,,1,323,“No es apropiada su aplicación para la ubicación exacta de puntos ni para el cálculo de áreas y distancias,Tolima,216344358.5000000000,9193036.6970000006,207151321.8000000119,328.9032674000,322.3789554000,328.9032674000,,,,,,,,,,,,,,,,,,,329.193427603971
"73319",Guamo,505.31285851700,,1,321,“No es apropiada su aplicación para la ubicación exacta de puntos ni para el cálculo de áreas y distancias,Tolima,505312858.3999999762,4472630.1840000004,500840228.3000000715,349.3364389000,317.6985779000,349.3364389000,,,,,,,,,,,,,,,,,,,349.615891093981
"73770",Suárez,190.00863933000,Ordenanza No. 16 de 1903,1,275,“No es apropiada su aplicación para la ubicación exacta de puntos ni para el cálculo de áreas y distancias,Tolima,190008639.3000000119,354281.6400000000,189654357.5000000000,404.0389981000,290.7498570000,404.0389981000,,,,,,,,,,,,,,,,,,,404.273100452955
"73352",Icononzo,214.97355782300,,1,1250,“No es apropiada su aplicación para la ubicación exacta de puntos ni para el cálculo de áreas y distancias,Tolima,214973557.8000000119,797805.9252000002,214175751.8000000119,1418.2941030000,1300.3463590000,1418.2941030000,,,,,,,,,,,,,,,,,,,1418.73030450094
"73449",Melgar,201.99633796000,,1,324,“No es apropiada su aplicación para la ubicación exacta de puntos ni para el cálculo de áreas y distancias,Tolima,201996337.9000000060,14264999.8800000008,187731338.0000000000,613.8366882000,343.2924851000,613.8366882000,,,,,,,,,,,,,,,,,,,634.280804464959
"73854",Valle De San Juan,197.74217319800,,1,590,“No es apropiada su aplicación para la ubicación exacta de puntos ni para el cálculo de áreas y distancias,Tolima,197742173.0000000000,726294.4949000000,197015878.5000000000,827.5830452000,587.6645220000,827.5830452000,,,,,,,,,,,,,,,,,,,828.465403957242
"50001",Villavicencio,1283.75745176000,,1,467,“No es apropiada su aplicación para la ubicación exacta de puntos ni para el cálculo de áreas y distancias,Meta,1283757451.0000000000,68733856.1500000060,1215023594.0000000000,489.4226942000,427.5298260000,489.4226942000,,,,,,,,,,,,,,,,,,,492.927946734841
"25053",Arbeláez,142.31224831800,,1,1350,“No es apropiada su aplicación para la ubicación exacta de puntos ni para el cálculo de áreas y distancias,Cundinamarca,142312248.3000000119,1354828.7690000001,140957419.5000000000,1991.1936140000,1366.1040200000,1991.1936140000,,,,,,,,,,,,,,,,,,,1997.24335623168
"73275",Flandes,96.74433965530,Ordenanza No. 01 de 1949,1,290,“No es apropiada su aplicación para la ubicación exacta de puntos ni para el cálculo de áreas y distancias,Tolima,96744339.6500000060,7436384.3880000003,89307955.2600000054,294.6432053000,288.0940129000,294.6432053000,,,,,,,,,,,,,,,,,,,295.202694310254
"25339",Gutiérrez,452.64521914500,,1,2275,“No es apropiada su aplicación para la ubicación exacta de puntos ni para el cálculo de áreas y distancias,Cundinamarca,452645219.1000000238,168413.6654000000,452476805.3000000119,2840.0861100000,2296.6395010000,2840.0861100000,,,,,,,,,,,,,,,,,,,2840.29060563641
"76828",Trujillo,307.74167626200,Ordenanza No. 019 de 1930,1,1308,“No es apropiada su aplicación para la ubicación exacta de puntos ni para el cálculo de áreas y distancias,Valle del Cauca,307741676.1000000238,1039055.0690000000,306702621.0000000000,1727.1867290000,1311.8912620000,1727.1867290000,,,,,,,,,,,,,,,,,,,1728.55055226455
"73678",San Luis,411.99658575300,,1,475,“No es apropiada su aplicación para la ubicación exacta de puntos ni para el cálculo de áreas y distancias,Tolima,411996585.6000000238,800896.1370000000,411195689.3000000119,558.1032803000,476.3299693000,558.1032803000,,,,,,,,,,,,,,,,,,,558.259219814914
"73624",Rovira,739.18893593800,Decreto de 1853,1,875,“No es apropiada su aplicación para la ubicación exacta de puntos ni para el cálculo de áreas y distancias,Tolima,739188935.7000000477,1836774.8870000001,737352160.7000000477,1802.2535010000,883.1990969000,1802.2535010000,,,,,,,,,,,,,,,,,,,1804.55990622326
"25335",Guayabetal,222.50484636200,Ordenanza No. 28 de 1980,1,972,“No es apropiada su aplicación para la ubicación exacta de puntos ni para el cálculo de áreas y distancias,Cundinamarca,222504846.3000000119,439234.1403000001,222065612.0000000000,2039.9464210000,966.1584404000,2039.9464210000,,,,,,,,,,,,,,,,,,,2042.16856252706
"25281",Fosca,111.05589557400,,1,2100,“No es apropiada su aplicación para la ubicación exacta de puntos ni para el cálculo de áreas y distancias,Cundinamarca,111055895.5000000000,235172.2963000000,110820723.2000000030,2394.9493560000,2111.2260830000,2394.9493560000,,,,,,,,,,,,,,,,,,,2395.53817469885
"50226",Cumaral,623.82771269200,Decreto No. 2543 de 1955,1,412,“No es apropiada su aplicación para la ubicación exacta de puntos ni para el cálculo de áreas y distancias,Meta,623827712.6000000238,5807488.5680000000,618020224.0000000000,296.9426240000,409.7669508000,296.9426240000,,,,,,,,,,,,,,,,,,,295.885881824724
"25488",Nilo,224.45324303100,,1,400,“No es apropiada su aplicación para la ubicación exacta de puntos ni para el cálculo de áreas y distancias,Cundinamarca,224453243.0000000000,557605.2592000000,223895637.5000000000,607.7783560000,338.9980997000,607.7783560000,,,,,,,,,,,,,,,,,,,608.498061287497
"25612",Ricaurte,127.91838140100,,1,284,“No es apropiada su aplicación para la ubicación exacta de puntos ni para el cálculo de áreas y distancias,Cundinamarca,127918381.4000000060,13491081.2300000004,114427300.0000000000,345.3649089000,283.3523886000,345.3649089000,,,,,,,,,,,,,,,,,,,352.475647351517
"25805",Tibacuy,84.64381601540,,1,1625,“No es apropiada su aplicación para la ubicación exacta de puntos ni para el cálculo de áreas y distancias,Cundinamarca,84643816.0100000054,235193.4018000000,84408622.5900000036,1290.3790110000,1645.4863280000,1290.3790110000,,,,,,,,,,,,,,,,,,,1289.37557930734
"25594",Quetame,137.59643048900,,1,1400,“No es apropiada su aplicación para la ubicación exacta de puntos ni para el cálculo de áreas y distancias,Cundinamarca,137596430.4000000060,254304.3964000000,137342126.0000000000,2196.1612410000,1469.8851990000,2196.1612410000,,,,,,,,,,,,,,,,,,,2197.46733184667
"25001",Agua De Dios,85.88512036160,Ordenanza No. 78 de 1963,1,350,“No es apropiada su aplicación para la ubicación exacta de puntos ni para el cálculo de áreas y distancias,Cundinamarca,85885120.3400000036,3876796.1340000001,82008324.2000000030,412.8078121000,384.6648830000,412.8078121000,,,,,,,,,,,,,,,,,,,414.157712290828
"25845",Une,208.86648100300,,1,2380,“No es apropiada su aplicación para la ubicación exacta de puntos ni para el cálculo de áreas y distancias,Cundinamarca,208866481.0000000000,473001.6870000000,208393479.3000000119,3099.2810570000,2377.8802550000,3099.2810570000,,,,,,,,,,,,,,,,,,,3100.90264668573
"25307",Girardot,130.25268621400,,1,289,“No es apropiada su aplicación para la ubicación exacta de puntos ni para el cálculo de áreas y distancias,Cundinamarca,130252686.2000000030,21612378.9200000018,108640307.2000000030,376.3722800000,291.3396179000,376.3722800000,,,,,,,,,,,,,,,,,,,393.485787647986
"50573",Puerto López,6898.19676567000,Decreto No. 2543 de 1955,1,184,“No es apropiada su aplicación para la ubicación exacta de puntos ni para el cálculo de áreas y distancias,Meta,6898196765.0000000000,8676142.7730000000,6889520622.0000000000,198.6150932000,179.3060591000,198.6150932000,,,,,,,,,,,,,,,,,,,198.639596547423
"25151",Cáqueza,111.40520939000,,1,1658,“No es apropiada su aplicación para la ubicación exacta de puntos ni para el cálculo de áreas y distancias,Cundinamarca,111405209.2000000030,943565.6476000000,110461643.5000000000,2029.1993170000,1706.8662760000,2029.1993170000,,,,,,,,,,,,,,,,,,,2031.95366412978
"50606",Restrepo,364.49231721200,,1,488,“No es apropiada su aplicación para la ubicación exacta de puntos ni para el cálculo de áreas y distancias,Meta,364492317.1000000238,2770770.3080000002,361721546.6000000238,763.3717692000,485.2667684000,763.3717692000,,,,,,,,,,,,,,,,,,,765.472181147056
"50245",El Calvario,269.90593187300,Decreto No. 2543 de 1955,1,1900,“No es apropiada su aplicación para la ubicación exacta de puntos ni para el cálculo de áreas y distancias,Meta,269905931.8000000119,258142.7779000000,269647789.0000000000,2258.9060210000,1895.3196430000,2258.9060210000,,,,,,,,,,,,,,,,,,,2259.26176949993
"76895",Zarzal,367.95292729300,Decreto No. 0155 de 1909,1,917,“No es apropiada su aplicación para la ubicación exacta de puntos ni para el cálculo de áreas y distancias,Valle del Cauca,367952927.1000000238,4881408.7180000003,363071518.3000000119,979.7641913000,922.1973144000,979.7641913000,,,,,,,,,,,,,,,,,,,980.530740233675
"50124",Cabuyaro,911.84372023800,,1,175,“No es apropiada su aplicación para la ubicación exacta de puntos ni para el cálculo de áreas y distancias,Meta,911843720.2000000477,1086528.9110000001,910757191.2000000477,182.0694099000,169.3543165000,182.0694099000,,,,,,,,,,,,,,,,,,,182.08419166733
"25483",Nariño,55.08897389070,,1,262,“No es apropiada su aplicación para la ubicación exacta de puntos ni para el cálculo de áreas y distancias,Cundinamarca,55088973.8900000006,1173805.9820000001,53915167.8900000006,470.9354041000,267.6112553000,470.9354041000,,,,,,,,,,,,,,,,,,,475.339421336057
"76100",Bolívar,743.77841927700,,1,930,“No es apropiada su aplicación para la ubicación exacta de puntos ni para el cálculo de áreas y distancias,Valle del Cauca,743778419.2000000477,1105611.8970000001,742672807.2000000477,1460.7960600000,932.8690824000,1460.7960600000,,,,,,,,,,,,,,,,,,,1461.56103169128
"25178",Chipaque,150.36015825400,,1,2441,“No es apropiada su aplicación para la ubicación exacta de puntos ni para el cálculo de áreas y distancias,Cundinamarca,150360158.0000000000,304738.8981000000,150055419.0000000000,2891.2839590000,2442.8074980000,2891.2839590000,,,,,,,,,,,,,,,,,,,2892.17369285266
"73200",Coello,343.42282874900,,1,300,“No es apropiada su aplicación para la ubicación exacta de puntos ni para el cálculo de áreas y distancias,Tolima,343422828.6000000238,501798.1439000000,342921030.3000000119,495.4058348000,288.7684481000,495.4058348000,,,,,,,,,,,,,,,,,,,495.708867364528
"76622",Roldanillo,235.16663508800,,1,945,“No es apropiada su aplicación para la ubicación exacta de puntos ni para el cálculo de áreas y distancias,Valle del Cauca,235166635.0000000000,4578461.7460000003,230588173.0000000000,1350.1338830000,944.2874441000,1350.1338830000,,,,,,,,,,,,,,,,,,,1358.12405059636
"25878",Viotá,201.10380116300,,1,567,“No es apropiada su aplicación para la ubicación exacta de puntos ni para el cálculo de áreas y distancias,Cundinamarca,201103801.0000000000,1927479.3100000001,199176321.5000000000,1203.9544380000,590.0189453000,1203.9544380000,,,,,,,,,,,,,,,,,,,1209.78044849026
"25841",Ubaque,106.95017511200,,1,1820,“No es apropiada su aplicación para la ubicación exacta de puntos ni para el cálculo de áreas y distancias,Cundinamarca,106950175.0000000000,297299.4812000000,106652875.5000000000,2580.9867260000,1813.4831150000,2580.9867260000,,,,,,,,,,,,,,,,,,,2583.13367583136
"50686",San Juanito,244.52350765500,Ordenanza No. 32 de 1981,1,1950,“No es apropiada su aplicación para la ubicación exacta de puntos ni para el cálculo de áreas y distancias,Meta,244523507.5000000000,232915.9602000000,244290591.5000000000,2610.4898140000,1956.1205170000,2610.4898140000,,,,,,,,,,,,,,,,,,,2611.15125428416
"27250",El Litoral Del San Juán,4136.15271933000,Ordenanza No. 001 de 1993,1,25,“No es apropiada su aplicación para la ubicación exacta de puntos ni para el cálculo de áreas y distancias,Chocó,4136152719.0000000000,1074684.2870000000,4135078034.0000000000,319.7692872000,8.9171193300,319.7692872000,,,,,,,,,,,,,,,,,,,319.849653141942
"25324",Guataquí,90.89217542400,,1,255,“No es apropiada su aplicación para la ubicación exacta de puntos ni para el cálculo de áreas y distancias,Cundinamarca,90892175.4200000018,735557.0857000002,90156618.3100000024,454.4815879000,259.7419523000,454.4815879000,,,,,,,,,,,,,,,,,,,456.060974913421
"76400",La Unión,120.87266239600,,1,963,“No es apropiada su aplicación para la ubicación exacta de puntos ni para el cálculo de áreas y distancias,Valle del Cauca,120872662.2000000030,4166900.9870000002,116705761.2000000030,1170.0013530000,952.8358694000,1170.0013530000,,,,,,,,,,,,,,,,,,,1177.85204849885
"25815",Tocaima,245.58097678700,,1,399,“No es apropiada su aplicación para la ubicación exacta de puntos ni para el cálculo de áreas y distancias,Cundinamarca,245580976.5000000000,3156669.3480000002,242424307.0000000000,548.5754626000,380.3334724000,548.5754626000,,,,,,,,,,,,,,,,,,,550.744230122863
"25245",El Colegio,118.15611212500,,1,980,“No es apropiada su aplicación para la ubicación exacta de puntos ni para el cálculo de áreas y distancias,Cundinamarca,118156112.0000000000,1948661.8140000000,116207450.0000000000,1433.1819310000,1031.2995670000,1433.1819310000,,,,,,,,,,,,,,,,,,,1439.98501139192
"25599",Apulo,121.87188078600,Decreto No. 1336 de 1949,1,417,“No es apropiada su aplicación para la ubicación exacta de puntos ni para el cálculo de áreas y distancias,Cundinamarca,121871880.7000000030,1430910.2720000001,120440970.4000000060,660.8220967000,429.6674851000,660.8220967000,,,,,,,,,,,,,,,,,,,663.600397325749
"73547",Piedras,354.16431678000,,1,433,“No es apropiada su aplicación para la ubicación exacta de puntos ni para el cálculo de áreas y distancias,Tolima,354164316.6000000238,929126.4782000000,353235190.1000000238,522.2452322000,390.8375456000,522.2452322000,,,,,,,,,,,,,,,,,,,522.597313538429
"25035",Anapoima,123.83748530700,,1,689,“No es apropiada su aplicación para la ubicación exacta de puntos ni para el cálculo de áreas y distancias,Cundinamarca,123837485.2000000030,5501665.2810000004,118335819.9000000060,756.2336047000,721.5796848000,756.2336047000,,,,,,,,,,,,,,,,,,,757.841646377234
"25181",Choachí,212.13244779700,,1,1920,“No es apropiada su aplicación para la ubicación exacta de puntos ni para el cálculo de áreas y distancias,Cundinamarca,212132447.5000000000,1113308.2050000001,211019139.0000000000,2708.9766180000,1922.3515420000,2708.9766180000,,,,,,,,,,,,,,,,,,,2713.13177520752
"25645",San Antonio Del Tequendama,88.47406007340,,1,1500,“No es apropiada su aplicación para la ubicación exacta de puntos ni para el cálculo de áreas y distancias,Cundinamarca,88474060.0600000024,208324.4868000000,88265735.5600000024,1828.6830950000,1495.1374300000,1828.6830950000,,,,,,,,,,,,,,,,,,,1829.45437353031
"25368",Jerusalén,221.67275314900,,1,300,“No es apropiada su aplicación para la ubicación exacta de puntos ni para el cálculo de áreas y distancias,Cundinamarca,221672753.0000000000,367476.7246000000,221305276.0000000000,621.2218249000,301.9367046000,621.2218249000,,,,,,,,,,,,,,,,,,,621.811705478184
"76250",El Dovio,236.02934989900,Ordenanza No. 14 de 1956,1,1250,“No es apropiada su aplicación para la ubicación exacta de puntos ni para el cálculo de áreas y distancias,Valle del Cauca,236029349.8000000119,974312.3588000000,235055037.4000000060,1510.4112190000,1434.8778430000,1510.4112190000,,,,,,,,,,,,,,,,,,,1510.72939303031
"25438",Medina,1194.92912504000,,1,533,“No es apropiada su aplicación para la ubicación exacta de puntos ni para el cálculo de áreas y distancias,Cundinamarca,1194929125.0000000000,1554606.9020000000,1193374518.0000000000,1044.9333120000,532.2414936000,1044.9333120000,,,,,,,,,,,,,,,,,,,1045.59863285036
"25279",Fómeque,459.51731988500,,1,1925,“No es apropiada su aplicación para la ubicación exacta de puntos ni para el cálculo de áreas y distancias,Cundinamarca,459517319.8000000119,1380731.5200000000,458136588.1000000238,2921.7740090000,1911.5049520000,2921.7740090000,,,,,,,,,,,,,,,,,,,2924.81410548254
"25797",Tena,51.38366388700,,1,1350,“No es apropiada su aplicación para la ubicación exacta de puntos ni para el cálculo de áreas y distancias,Cundinamarca,51383663.8800000027,197708.9411000000,51185954.9200000018,1458.4671480000,1352.5225160000,1458.4671480000,,,,,,,,,,,,,,,,,,,1458.8901514013
"73026",Alvarado,344.11186540700,,1,418,“No es apropiada su aplicación para la ubicación exacta de puntos ni para el cálculo de áreas y distancias,Tolima,344111865.3000000119,822460.2657000000,343289405.0000000000,681.7984146000,415.8121101000,681.7984146000,,,,,,,,,,,,,,,,,,,682.438677448243
"76863",Versalles,200.63763862300,,1,1900,“No es apropiada su aplicación para la ubicación exacta de puntos ni para el cálculo de áreas y distancias,Valle del Cauca,200637638.5000000000,763125.4520000000,199874513.0000000000,1641.8551740000,1852.8637360000,1641.8551740000,,,,,,,,,,,,,,,,,,,1641.06238305287
"25386",La Mesa,148.12919557000,,1,1275,“No es apropiada su aplicación para la ubicación exacta de puntos ni para el cálculo de áreas y distancias,Cundinamarca,148129195.5000000000,3903191.7760000001,144226003.5000000000,1048.8626060000,1281.0967830000,1048.8626060000,,,,,,,,,,,,,,,,,,,1042.47712595519
"85440",Villanueva,832.18052432600,Ordenanza No. 2287 de 1982,1,200,“No es apropiada su aplicación para la ubicación exacta de puntos ni para el cálculo de áreas y distancias,Casanare,832180524.2000000477,4929011.6050000004,827251512.5000000000,217.7696985000,285.2530304000,217.7696985000,,,,,,,,,,,,,,,,,,,217.370539783419
"73043",Anzoátegui,469.46925983000,Ordenanza No. 21 de 1915,1,1900,“No es apropiada su aplicación para la ubicación exacta de puntos ni para el cálculo de áreas y distancias,Tolima,469469259.8000000119,241751.3591000000,469227508.3000000715,2853.8255590000,1946.9328170000,2853.8255590000,,,,,,,,,,,,,,,,,,,2854.28658844134
"50110",Barranca De Upía,403.01385949000,Ordenanza No. 05 de 1990,1,225,“No es apropiada su aplicación para la ubicación exacta de puntos ni para el cálculo de áreas y distancias,Meta,403013859.3000000119,1595307.6410000001,401418551.6000000238,237.5947125000,229.2432860000,237.5947125000,,,,,,,,,,,,,,,,,,,237.627217293716
"25473",Mosquera,106.01016872400,,1,2543,“No es apropiada su aplicación para la ubicación exacta de puntos ni para el cálculo de áreas y distancias,Cundinamarca,106010168.7000000030,14960594.2500000000,91049574.4300000072,2574.5852650000,2546.4970960000,2574.5852650000,,,,,,,,,,,,,,,,,,,2579.55057689389
"25530",Paratebueno,883.90653757800,Ordenanza No. 36 de 1981,1,250,“No es apropiada su aplicación para la ubicación exacta de puntos ni para el cálculo de áreas y distancias,Cundinamarca,883906537.5000000000,605607.8975000000,883300929.6000000238,359.4637737000,255.9770415000,359.4637737000,,,,,,,,,,,,,,,,,,,359.537548263155
"76823",Toro,175.75564192600,,1,958,“No es apropiada su aplicación para la ubicación exacta de puntos ni para el cálculo de áreas y distancias,Valle del Cauca,175755641.9000000060,1951589.3450000000,173804052.5000000000,1233.0798110000,951.2766310000,1233.0798110000,,,,,,,,,,,,,,,,,,,1236.24722736404
"25580",Pulí,197.51970932400,,1,1000,“No es apropiada su aplicación para la ubicación exacta de puntos ni para el cálculo de áreas y distancias,Cundinamarca,197519709.3000000119,190154.7755000000,197329554.5000000000,931.0130395000,1289.1286510000,931.0130395000,,,,,,,,,,,,,,,,,,,930.67338862767
"25099",Bojacá,102.20749081900,,1,2600,“No es apropiada su aplicación para la ubicación exacta de puntos ni para el cálculo de áreas y distancias,Cundinamarca,102207490.7000000030,1180085.5020000001,101027405.0000000000,2572.4951800000,2581.6859920000,2572.4951800000,,,,,,,,,,,,,,,,,,,2572.38515734701
"25123",Cachipay,53.39584477380,Ordenanza No. 006 de 1982,1,1650,“No es apropiada su aplicación para la ubicación exacta de puntos ni para el cálculo de áreas y distancias,Cundinamarca,53395844.7700000033,760298.2888000000,52635546.4600000009,1395.0095170000,1613.7967080000,1395.0095170000,,,,,,,,,,,,,,,,,,,1391.82895775377
"76054",Argelia,90.80595341020,Ordenanza No. 15 de 1956,1,1512,“No es apropiada su aplicación para la ubicación exacta de puntos ni para el cálculo de áreas y distancias,Valle del Cauca,90805953.4000000060,374707.5558000000,90431245.8400000036,1595.2638230000,1518.1208670000,1595.2638230000,,,,,,,,,,,,,,,,,,,1595.56928272235
"25299",Gama,107.51893092300,Ordenanza No. 14 de 1903,1,2150,“No es apropiada su aplicación para la ubicación exacta de puntos ni para el cálculo de áreas y distancias,Cundinamarca,107518930.9000000060,178489.6091000000,107340441.2000000030,2369.4437860000,2170.2092860000,2369.4437860000,,,,,,,,,,,,,,,,,,,2369.77544944905
"25286",Funza,69.97262576930,,1,2548,“No es apropiada su aplicación para la ubicación exacta de puntos ni para el cálculo de áreas y distancias,Cundinamarca,69972625.7600000054,7784795.3940000003,62187830.3500000015,2552.2095370000,2547.8237130000,2552.2095370000,,,,,,,,,,,,,,,,,,,2553.0594901345
"25596",Quipile,127.58956541100,,1,1448,“No es apropiada su aplicación para la ubicación exacta de puntos ni para el cálculo de áreas y distancias,Cundinamarca,127589565.4000000060,133765.1900000000,127455800.2000000030,1448.3815560000,1453.2689770000,1448.3815560000,,,,,,,,,,,,,,,,,,,1448.37665257074
"25293",Gachalá,384.37423107300,,1,1700,“No es apropiada su aplicación para la ubicación exacta de puntos ni para el cálculo de áreas y distancias,Cundinamarca,384374231.0000000000,330108.6683000000,384044122.3000000119,2216.5129120000,1713.0590100000,2216.5129120000,,,,,,,,,,,,,,,,,,,2216.94791495971
"25898",Zipacón,54.14079878250,,1,2550,“No es apropiada su aplicación para la ubicación exacta de puntos ni para el cálculo de áreas y distancias,Cundinamarca,54140798.7800000012,244978.6025000000,53895820.1700000018,2450.0803940000,2536.2863090000,2450.0803940000,,,,,,,,,,,,,,,,,,,2449.68626324664
"27745",Sipí,1577.45312748000,Ordenanza No. 014 de 1956,1,50,“No es apropiada su aplicación para la ubicación exacta de puntos ni para el cálculo de áreas y distancias,Chocó,1577453127.0000000000,413537.2830000000,1577039589.0000000000,587.4007315000,48.6152962400,587.4007315000,,,,,,,,,,,,,,,,,,,587.546610221791
"73861",Venadillo,334.39856405800,,1,332,“No es apropiada su aplicación para la ubicación exacta de puntos ni para el cálculo de áreas y distancias,Tolima,334398564.0000000000,1466489.3510000000,332932074.6000000238,570.6908506000,338.1881840000,570.6908506000,,,,,,,,,,,,,,,,,,,571.695682611481
"73686",Santa Isabel,270.05215758300,Ordenanza No. 13 de 1904,1,2270,“No es apropiada su aplicación para la ubicación exacta de puntos ni para el cálculo de áreas y distancias,Tolima,270052157.5000000000,257407.8025000000,269794749.6000000238,3055.1433500000,2262.8131310000,3055.1433500000,,,,,,,,,,,,,,,,,,,3055.86860700566
"25372",Junín,343.26591299700,,1,2325,“No es apropiada su aplicación para la ubicación exacta de puntos ni para el cálculo de áreas y distancias,Cundinamarca,343265912.8000000119,339786.3896000000,342926126.3000000119,2717.7204340000,2336.8700760000,2717.7204340000,,,,,,,,,,,,,,,,,,,2718.11723250116
"25086",Beltrán,176.72663673300,,1,229,“No es apropiada su aplicación para la ubicación exacta de puntos ni para el cálculo de áreas y distancias,Cundinamarca,176726636.5000000000,577449.2288000000,176149187.0000000000,432.4709293000,231.8749311000,432.4709293000,,,,,,,,,,,,,,,,,,,433.160052019474
"76246",El Cairo,214.23703663900,Ordenanza No. 045 de 1947,1,1800,“No es apropiada su aplicación para la ubicación exacta de puntos ni para el cálculo de áreas y distancias,Valle del Cauca,214237036.5000000000,396996.6736000000,213840039.8000000119,1861.7898210000,1907.6609200000,1861.7898210000,,,,,,,,,,,,,,,,,,,1861.71296446032
"25040",Anolaima,120.83149557800,,1,1650,“No es apropiada su aplicación para la ubicación exacta de puntos ni para el cálculo de áreas y distancias,Cundinamarca,120831495.5000000000,915361.7010000000,119916133.7000000030,1788.2961530000,1667.9959190000,1788.2961530000,,,,,,,,,,,,,,,,,,,1789.24413885279
"25430",Madrid,119.44521083900,,1,2550,“No es apropiada su aplicación para la ubicación exacta de puntos ni para el cálculo de áreas y distancias,Cundinamarca,119445210.7000000030,8505841.5280000009,110939369.0000000000,2575.2583850000,2550.4228330000,2575.2583850000,,,,,,,,,,,,,,,,,,,2577.17112370156
"25839",Ubalá,521.57832970300,,1,1900,“No es apropiada su aplicación para la ubicación exacta de puntos ni para el cálculo de áreas y distancias,Cundinamarca,521578329.6000000238,682920.1080000000,520895409.3000000715,1678.8715090000,1906.2000400000,1678.8715090000,,,,,,,,,,,,,,,,,,,1678.58201827688
"66170",Dosquebradas,69.97443523670,Ordenanza No. 12 de 1972,1,1479,“No es apropiada su aplicación para la ubicación exacta de puntos ni para el cálculo de áreas y distancias,Risaralda,69974435.2300000042,17077185.5700000003,52897249.6400000006,1638.1994210000,1456.4645140000,1638.1994210000,,,,,,,,,,,,,,,,,,,1696.17498399052
"76041",Ansermanuevo,305.46048146100,,1,964,“No es apropiada su aplicación para la ubicación exacta de puntos ni para el cálculo de áreas y distancias,Valle del Cauca,305460481.3000000119,1438691.9190000000,304021789.3000000119,1295.5233320000,951.6693499000,1295.5233320000,,,,,,,,,,,,,,,,,,,1297.16348868904
"25269",Facatativá,157.87906128400,,1,2586,“No es apropiada su aplicación para la ubicación exacta de puntos ni para el cálculo de áreas y distancias,Cundinamarca,157879061.0000000000,7874967.6420000000,150004093.3000000119,2700.8707870000,2602.8373180000,2700.8707870000,,,,,,,,,,,,,,,,,,,2706.00480995414
"50568",Puerto Gaitán,17199.25417800000,Ordenanza No. 39 de 1969,1,149,“No es apropiada su aplicación para la ubicación exacta de puntos ni para el cálculo de áreas y distancias,Meta,17199254177.0000000000,4487360.7300000004,17194766816.0000000000,183.2726787000,157.2245059000,183.2726787000,,,,,,,,,,,,,,,,,,,183.27952009743
"25799",Tenjo,114.00982296000,,1,2600,“No es apropiada su aplicación para la ubicación exacta de puntos ni para el cálculo de áreas y distancias,Cundinamarca,114009822.9000000060,1707644.1690000000,112302178.7000000030,2607.0835310000,2589.5590210000,2607.0835310000,,,,,,,,,,,,,,,,,,,2607.35209627168
"73461",Murillo,423.72151346600,Ordenanza No. 83 de 1985,1,2950,“No es apropiada su aplicación para la ubicación exacta de puntos ni para el cálculo de áreas y distancias,Tolima,423721513.3000000119,859584.7233000000,422861928.5000000000,3312.9081250000,2987.4684250000,3312.9081250000,,,,,,,,,,,,,,,,,,,3313.54418494958
"15236",Chivor,108.49320336500,Ordenanza No. 23 de 1990,1,1850,“No es apropiada su aplicación para la ubicación exacta de puntos ni para el cálculo de áreas y distancias,Boyacá,108493203.2000000030,132861.8890000000,108360341.2000000030,1889.3035190000,1817.1222980000,1889.3035190000,,,,,,,,,,,,,,,,,,,1889.38847865448
"66400",La Virginia,32.80016849270,Ordenanza No. 057 de 1959,1,900,“No es apropiada su aplicación para la ubicación exacta de puntos ni para el cálculo de áreas y distancias,Risaralda,32800168.4800000004,2159120.7740000002,30641047.6900000013,996.3297793000,901.7919840000,996.3297793000,,,,,,,,,,,,,,,,,,,1002.86545709055
"25095",Bituima,61.01694359140,,1,1400,“No es apropiada su aplicación para la ubicación exacta de puntos ni para el cálculo de áreas y distancias,Cundinamarca,61016943.5900000036,180801.2072000000,60836142.3800000027,1482.1767930000,1371.4318610000,1482.1767930000,,,,,,,,,,,,,,,,,,,1482.50183093526
"25260",El Rosal,87.12009013320,Ordenanza No. 25 de 1997,1,2600,“No es apropiada su aplicación para la ubicación exacta de puntos ni para el cálculo de áreas y distancias,Cundinamarca,87120090.1200000048,1040376.1520000000,86079713.9500000030,2652.1911600000,2608.2373060000,2652.1911600000,,,,,,,,,,,,,,,,,,,2652.72231191014
"25328",Guayabal De Síquima,61.83974025250,,1,1600,“No es apropiada su aplicación para la ubicación exacta de puntos ni para el cálculo de áreas y distancias,Cundinamarca,61839740.2500000000,251834.5931000000,61587905.6400000006,1583.4956030000,1606.9344520000,1583.4956030000,,,,,,,,,,,,,,,,,,,1583.40816910789
"73030",Ambalema,237.83825443000,,1,238,“No es apropiada su aplicación para la ubicación exacta de puntos ni para el cálculo de áreas y distancias,Tolima,237838254.4000000060,1536406.2320000001,236301848.0000000000,258.7695832000,238.4170914000,258.7695832000,,,,,,,,,,,,,,,,,,,258.903061501823
"25019",Albán,50.75098508890,Ordenanza No. 019 de 1903,1,2245,“No es apropiada su aplicación para la ubicación exacta de puntos ni para el cálculo de áreas y distancias,Cundinamarca,50750985.0700000003,451484.8410000000,50299500.2100000009,2023.9737960000,2239.3096820000,2023.9737960000,,,,,,,,,,,,,,,,,,,2022.08169294733
"25297",Gachetá,258.50579108000,,1,1750,“No es apropiada su aplicación para la ubicación exacta de puntos ni para el cálculo de áreas y distancias,Cundinamarca,258505791.0000000000,1236762.2200000000,257269028.5000000000,2439.1212360000,1729.8147620000,2439.1212360000,,,,,,,,,,,,,,,,,,,2442.66331239614
"25867",Vianí,67.03580905800,,1,1480,“No es apropiada su aplicación para la ubicación exacta de puntos ni para el cálculo de áreas y distancias,Cundinamarca,67035809.0300000012,381649.7106000000,66654159.3100000024,1612.8292890000,1481.0763730000,1612.8292890000,,,,,,,,,,,,,,,,,,,1613.60321838356
"73408",Lérida,271.76637273400,,1,345,“No es apropiada su aplicación para la ubicación exacta de puntos ni para el cálculo de áreas y distancias,Tolima,271766372.6000000238,3497755.2960000001,268268617.3000000119,538.6458258000,349.4847063000,538.6458258000,,,,,,,,,,,,,,,,,,,541.119226548607
"15690",Santa María,309.10660684400,Ordenanza No. 28 de 1961,1,900,“No es apropiada su aplicación para la ubicación exacta de puntos ni para el cálculo de áreas y distancias,Boyacá,309106606.8000000119,825098.9043000002,308281507.8000000119,1047.2705780000,828.2096220000,1047.2705780000,,,,,,,,,,,,,,,,,,,1047.850856803
"25662",San Juan De Rioseco,313.81682183900,,1,1268,“No es apropiada su aplicación para la ubicación exacta de puntos ni para el cálculo de áreas y distancias,Cundinamarca,313816821.8000000119,582763.5490000000,313234058.1000000238,949.6661098000,1273.7031410000,949.6661098000,,,,,,,,,,,,,,,,,,,949.08481431485
"66682",Santa Rosa De Cabal,543.32923051000,,1,1701,“No es apropiada su aplicación para la ubicación exacta de puntos ni para el cálculo de áreas y distancias,Risaralda,543329230.5000000000,7724270.7450000001,535604959.6000000238,2556.2290210000,1667.7369880000,2556.2290210000,,,,,,,,,,,,,,,,,,,2569.02599913096
"25126",Cajicá,51.25631772640,,1,2558,“No es apropiada su aplicación para la ubicación exacta de puntos ni para el cálculo de áreas y distancias,Cundinamarca,51256317.7100000009,6673180.4850000003,44583137.2100000009,2603.7406110000,2559.3742210000,2603.7406110000,,,,,,,,,,,,,,,,,,,2610.76327459503
"25326",Guatavita,251.99787801400,,1,2700,“No es apropiada su aplicación para la ubicación exacta de puntos ni para el cálculo de áreas y distancias,Cundinamarca,251997878.0000000000,826326.3513000000,251171551.5000000000,2920.4890780000,2705.4425310000,2920.4890780000,,,,,,,,,,,,,,,,,,,2921.1955345723
"15325",Guayatá,99.80420325980,,1,1700,“No es apropiada su aplicación para la ubicación exacta de puntos ni para el cálculo de áreas y distancias,Boyacá,99804203.2500000000,317889.4925000000,99486313.7500000000,2211.5671820000,1710.2338900000,2211.5671820000,,,,,,,,,,,,,,,,,,,2213.10882385363
"66075",Balboa,119.47932658700,,1,1550,“No es apropiada su aplicación para la ubicación exacta de puntos ni para el cálculo de áreas y distancias,Risaralda,119479326.5000000000,270230.1908000000,119209096.2000000030,1151.6183840000,1582.0789790000,1151.6183840000,,,,,,,,,,,,,,,,,,,1150.71890322708
"15667",San Luis De Gaceno,468.96632065000,,1,400,“No es apropiada su aplicación para la ubicación exacta de puntos ni para el cálculo de áreas y distancias,Boyacá,468966320.6000000238,1167393.5240000000,467798927.0000000000,675.2967781000,383.1106626000,675.2967781000,,,,,,,,,,,,,,,,,,,676.040470582963
"73411",Líbano,282.20024438400,,1,1600,“No es apropiada su aplicación para la ubicación exacta de puntos ni para el cálculo de áreas y distancias,Tolima,282200244.3000000119,3637481.2570000002,278562763.0000000000,1503.5801630000,1569.7793390000,1503.5801630000,,,,,,,,,,,,,,,,,,,1502.71567477675
"85300",Sabanalarga,400.15819659800,Ordenanza No. 05 de 1965,1,450,“No es apropiada su aplicación para la ubicación exacta de puntos ni para el cálculo de áreas y distancias,Casanare,400158196.5000000000,863747.8441000000,399294448.6000000238,579.7864925000,470.0631529000,579.7864925000,,,,,,,,,,,,,,,,,,,580.022557232827
"25785",Tabio,75.12982250950,,1,2600,“No es apropiada su aplicación para la ubicación exacta de puntos ni para el cálculo de áreas y distancias,Cundinamarca,75129822.5000000000,1010269.0880000000,74119553.4000000060,2768.9411580000,2588.8812320000,2768.9411580000,,,,,,,,,,,,,,,,,,,2771.43740674097
"25168",Chaguaní,171.87468249700,,1,1023,“No es apropiada su aplicación para la ubicación exacta de puntos ni para el cálculo de áreas y distancias,Cundinamarca,171874682.4000000060,229442.2691000000,171645240.0000000000,1015.0848790000,1042.6100620000,1015.0848790000,,,,,,,,,,,,,,,,,,,1015.04801574586
"15022",Almeida,57.57419619880,,1,1925,“No es apropiada su aplicación para la ubicación exacta de puntos ni para el cálculo de áreas y distancias,Boyacá,57574196.1700000018,161493.0720000000,57412703.0900000036,2120.9625970000,1922.0192190000,2120.9625970000,,,,,,,,,,,,,,,,,,,2121.55214708458
"15761",Somondoco,58.69677713830,,1,1680,“No es apropiada su aplicación para la ubicación exacta de puntos ni para el cálculo de áreas y distancias,Boyacá,58696777.1300000027,399127.5206000000,58297649.6000000015,1948.2528300000,1667.1049480000,1948.2528300000,,,,,,,,,,,,,,,,,,,1950.13835311113
"25718",Sasaima,111.50661033600,,1,1191,“No es apropiada su aplicación para la ubicación exacta de puntos ni para el cálculo de áreas y distancias,Cundinamarca,111506610.2000000030,630724.0142000000,110875886.0000000000,1581.7858700000,1189.0813090000,1581.7858700000,,,,,,,,,,,,,,,,,,,1584.10564409204
"25817",Tocancipá,73.14810780360,,1,2564,“No es apropiada su aplicación para la ubicación exacta de puntos ni para el cálculo de áreas y distancias,Cundinamarca,73148107.7900000066,1701632.2050000001,71446475.5600000024,2642.9526760000,2573.2100270000,2642.9526760000,,,,,,,,,,,,,,,,,,,2644.64953953496
"27491",Nóvita,945.67601730100,,1,100,“No es apropiada su aplicación para la ubicación exacta de puntos ni para el cálculo de áreas y distancias,Chocó,945676017.2000000477,610359.4026000000,945065657.6000000238,279.4289168000,56.9829763300,279.4289168000,,,,,,,,,,,,,,,,,,,279.573620653827
"25658",San Francisco,118.61559755300,,1,1505,“No es apropiada su aplicación para la ubicación exacta de puntos ni para el cálculo de áreas y distancias,Cundinamarca,118615597.5000000000,770767.2382000000,117844830.2000000030,2163.6571310000,1521.8206150000,2163.6571310000,,,,,,,,,,,,,,,,,,,2168.01296416507
"25295",Gachancipá,42.86544066330,,1,2563,“No es apropiada su aplicación para la ubicación exacta de puntos ni para el cálculo de áreas y distancias,Cundinamarca,42865440.6400000006,1031914.6520000000,41833525.9600000009,2660.2325360000,2569.8916230000,2660.2325360000,,,,,,,,,,,,,,,,,,,2662.49289667985
"66440",Marsella,149.29766879300,,1,1600,“No es apropiada su aplicación para la ubicación exacta de puntos ni para el cálculo de áreas y distancias,Risaralda,149297668.5000000000,2365398.6690000002,146932269.8000000119,1305.7383580000,1567.9298210000,1305.7383580000,,,,,,,,,,,,,,,,,,,1301.52345358146
"66383",La Celia,92.47551289070,Ordenanza No. 96 de 1959,1,1500,“No es apropiada su aplicación para la ubicación exacta de puntos ni para el cálculo de áreas y distancias,Risaralda,92475512.8900000006,413001.6467000000,92062511.2300000042,1592.5993800000,1394.0510880000,1592.5993800000,,,,,,,,,,,,,,,,,,,1593.48132728635
"76243",El Águila,187.82405545800,Decreto No. 0284 de 1950,1,1750,“No es apropiada su aplicación para la ubicación exacta de puntos ni para el cálculo de áreas y distancias,Valle del Cauca,187824055.4000000060,341441.0937000001,187482614.3000000119,1870.2658850000,1843.4879460000,1870.2658850000,,,,,,,,,,,,,,,,,,,1870.31336634125
"15778",Sutatenza,41.06350102780,,1,1950,“No es apropiada su aplicación para la ubicación exacta de puntos ni para el cálculo de áreas y distancias,Boyacá,41063501.0200000033,413608.7124000000,40649892.2800000012,1839.3015180000,1918.0715710000,1839.3015180000,,,,,,,,,,,,,,,,,,,1838.47271895893
"17873",Villamaria,454.87084767000,,1,1944,“No es apropiada su aplicación para la ubicación exacta de puntos ni para el cálculo de áreas y distancias,Caldas,454870847.6000000238,5007720.0530000003,449863127.5000000000,3040.0074350000,1928.2914170000,3040.0074350000,,,,,,,,,,,,,,,,,,,3052.22603867344
"15322",Guateque,36.07517975430,,1,1810,“No es apropiada su aplicación para la ubicación exacta de puntos ni para el cálculo de áreas y distancias,Boyacá,36075179.7500000000,1896910.5270000000,34178269.2100000009,1852.8333980000,1796.0644100000,1852.8333980000,,,,,,,,,,,,,,,,,,,1855.99846087374
"85162",Monterrey,777.57342581100,,1,430,“No es apropiada su aplicación para la ubicación exacta de puntos ni para el cálculo de áreas y distancias,Casanare,777573425.7000000477,3081172.3730000001,774492253.2000000477,501.7892910000,445.1520432000,501.7892910000,,,,,,,,,,,,,,,,,,,502.015660909055
"15425",Macanal,199.61414899400,,1,1850,“No es apropiada su aplicación para la ubicación exacta de puntos ni para el cálculo de áreas y distancias,Boyacá,199614148.9000000060,233397.0772000000,199380751.8000000119,1828.0456520000,1680.1341070000,1828.0456520000,,,,,,,,,,,,,,,,,,,1828.22227801841
"73870",Villahermosa,279.06490291500,,1,2000,“No es apropiada su aplicación para la ubicación exacta de puntos ni para el cálculo de áreas y distancias,Tolima,279064902.8000000119,691190.9863000000,278373711.8000000119,2481.3407130000,2032.4775800000,2481.3407130000,,,,,,,,,,,,,,,,,,,2482.38394238953
"25436",Manta,107.73563287300,,1,1900,“No es apropiada su aplicación para la ubicación exacta de puntos ni para el cálculo de áreas y distancias,Cundinamarca,107735632.7000000030,467136.9175000000,107268495.7000000030,2277.1600240000,1901.8293680000,2277.1600240000,,,,,,,,,,,,,,,,,,,2278.88691426004
"85139",Maní,3745.28132605000,,1,175,“No es apropiada su aplicación para la ubicación exacta de puntos ni para el cálculo de áreas y distancias,Casanare,3745281326.0000000000,3888829.8300000001,3741392496.0000000000,166.2221246000,176.3045057000,166.2221246000,,,,,,,,,,,,,,,,,,,166.211761266796
"25875",Villeta,140.77470257600,,1,799,“No es apropiada su aplicación para la ubicación exacta de puntos ni para el cálculo de áreas y distancias,Cundinamarca,140774702.5000000000,5496865.3090000004,135277837.0000000000,1123.0806470000,809.9083074000,1123.0806470000,,,,,,,,,,,,,,,,,,,1135.68949852124
"25769",Subachoque,208.96738288000,,1,2600,“No es apropiada su aplicación para la ubicación exacta de puntos ni para el cálculo de áreas y distancias,Cundinamarca,208967382.8000000119,687137.1294000000,208280245.5000000000,2967.8118060000,2657.6079330000,2967.8118060000,,,,,,,,,,,,,,,,,,,2968.86355975781
"17088",Belalcázar,113.31640904600,Ordenanza No. 17 de 1911,1,1600,“No es apropiada su aplicación para la ubicación exacta de puntos ni para el cálculo de áreas y distancias,Caldas,113316409.0000000000,594783.1838000000,112721625.7000000030,1186.1509670000,1572.9588280000,1186.1509670000,,,,,,,,,,,,,,,,,,,1183.92540973447
"25402",La Vega,155.27047997700,,1,1200,“No es apropiada su aplicación para la ubicación exacta de puntos ni para el cálculo de áreas y distancias,Cundinamarca,155270479.9000000060,1889121.6390000000,153381358.0000000000,1652.2063160000,1204.3752170000,1652.2063160000,,,,,,,,,,,,,,,,,,,1657.69706130876
"17174",Chinchiná,109.32067247600,Ordenanza No. 011 de 1880,1,1378,“No es apropiada su aplicación para la ubicación exacta de puntos ni para el cálculo de áreas y distancias,Caldas,109320672.4000000060,4972469.6500000004,104348202.7000000030,1314.5173960000,1362.8787330000,1314.5173960000,,,,,,,,,,,,,,,,,,,1312.20854256189
"25736",Sesquilé,140.98732717900,,1,2601,“No es apropiada su aplicación para la ubicación exacta de puntos ni para el cálculo de áreas y distancias,Cundinamarca,140987327.0000000000,745733.8085000000,140241593.0000000000,2834.6552010000,2606.3998690000,2834.6552010000,,,,,,,,,,,,,,,,,,,2835.88632223047
"15135",Campohermoso,298.17353905400,,1,1300,“No es apropiada su aplicación para la ubicación exacta de puntos ni para el cálculo de áreas y distancias,Boyacá,298173539.0000000000,304795.3295000000,297868743.6000000238,1358.0976700000,1103.7043070000,1358.0976700000,,,,,,,,,,,,,,,,,,,1358.35182413947
"25491",Nocaima,68.86639535280,,1,1100,“No es apropiada su aplicación para la ubicación exacta de puntos ni para el cálculo de áreas y distancias,Cundinamarca,68866395.3400000036,459498.9719000000,68406896.3400000036,1149.7287930000,1112.6238700000,1149.7287930000,,,,,,,,,,,,,,,,,,,1149.98710762832
"25777",Supatá,130.23778994900,,1,1788,“No es apropiada su aplicación para la ubicación exacta de puntos ni para el cálculo de áreas y distancias,Cundinamarca,130237789.9000000060,484837.0972000000,129752952.7000000030,2118.0394070000,1795.3545840000,2118.0394070000,,,,,,,,,,,,,,,,,,,2119.181729845
"15798",Tenza,45.78731272920,,1,1600,“No es apropiada su aplicación para la ubicación exacta de puntos ni para el cálculo de áreas y distancias,Boyacá,45787312.7100000009,305582.7809000000,45481729.9200000018,1850.0728530000,1554.0634580000,1850.0728530000,,,,,,,,,,,,,,,,,,,1851.95368356692
"73152",Casabianca,174.83995692700,Ordenanza No.26 de 1896,1,1900,“No es apropiada su aplicación para la ubicación exacta de puntos ni para el cálculo de áreas y distancias,Tolima,174839956.9000000060,388122.7053000000,174451834.0000000000,2601.9654240000,2031.1786210000,2601.9654240000,,,,,,,,,,,,,,,,,,,2603.30124908998
"17665",San José,60.96031049640,Ordenanza No. 233 de 1997,1,1750,“No es apropiada su aplicación para la ubicación exacta de puntos ni para el cálculo de áreas y distancias,Caldas,60960310.4900000021,471607.1553000000,60488703.3200000003,1254.2955530000,1775.6524520000,1254.2955530000,,,,,,,,,,,,,,,,,,,1250.18286395902
"25807",Tibirita,56.45602635060,,1,1950,“No es apropiada su aplicación para la ubicación exacta de puntos ni para el cálculo de áreas y distancias,Cundinamarca,56456026.3500000015,330968.0025000000,56125058.3400000036,2303.4127490000,1960.0737600000,2303.4127490000,,,,,,,,,,,,,,,,,,,2305.49359191895
"27450",Medio San Juan,663.77404724300,Ordenanza No. 016 de 2000,1,41,“No es apropiada su aplicación para la ubicación exacta de puntos ni para el cálculo de áreas y distancias,Chocó,663774047.2000000477,2090884.6080000000,661683162.5000000000,56.1967797400,58.6324601500,56.1967797400,,,,,,,,,,,,,,,,,,,56.1892617291133
"17877",Viterbo,112.89618868400,Decreto No. 0826 de 1951,1,1000,“No es apropiada su aplicación para la ubicación exacta de puntos ni para el cálculo de áreas y distancias,Caldas,112896188.5000000000,2559769.3420000002,110336419.0000000000,1035.3067740000,961.9014355000,1035.3067740000,,,,,,,,,,,,,,,,,,,1037.00096136378
"66687",Santuario,190.85961486500,,1,1600,“No es apropiada su aplicación para la ubicación exacta de puntos ni para el cálculo de áreas y distancias,Risaralda,190859614.8000000119,444099.8280000000,190415514.9000000060,1804.4675170000,1615.9089390000,1804.4675170000,,,,,,,,,,,,,,,,,,,1804.94077278868
"17524",Palestina,112.20389366600,Ordenanza No. 007 de 1876,1,1600,“No es apropiada su aplicación para la ubicación exacta de puntos ni para el cálculo de áreas y distancias,Caldas,112203893.5000000000,2239465.6860000002,109964427.7000000030,1193.4031120000,1536.9214040000,1193.4031120000,,,,,,,,,,,,,,,,,,,1186.27661259713
"73520",Palocabildo,64.97293673370,Ordenanza No. 39 de 1996,1,1410,“No es apropiada su aplicación para la ubicación exacta de puntos ni para el cálculo de áreas y distancias,Tolima,64972936.7100000009,476166.3767000000,64496770.3200000003,1349.1624850000,1470.1251600000,1349.1624850000,,,,,,,,,,,,,,,,,,,1348.20335246021
"73055",Armero,440.30391927100,,1,331,“No es apropiada su aplicación para la ubicación exacta de puntos ni para el cálculo de áreas y distancias,Tolima,440303919.1000000238,2123837.7760000001,438180081.3000000119,371.0477318000,283.1214936000,371.0477318000,,,,,,,,,,,,,,,,,,,371.481581261769
"25426",Machetá,228.83676638200,,1,2108,“No es apropiada su aplicación para la ubicación exacta de puntos ni para el cálculo de áreas y distancias,Cundinamarca,228836766.3000000119,405571.7657000000,228431194.5000000000,2634.4824200000,2084.2591420000,2634.4824200000,,,,,,,,,,,,,,,,,,,2635.4451728015
"25592",Quebradanegra,79.77743453930,,1,1300,“No es apropiada su aplicación para la ubicación exacta de puntos ni para el cálculo de áreas y distancias,Cundinamarca,79777434.5300000012,185278.9478000000,79592155.5600000024,1175.0038830000,1366.3500480000,1175.0038830000,,,,,,,,,,,,,,,,,,,1174.59454360719
"15380",La Capilla,56.83715275370,,1,1975,“No es apropiada su aplicación para la ubicación exacta de puntos ni para el cálculo de áreas y distancias,Boyacá,56837152.7500000000,279515.5724000000,56557637.1700000018,2387.4198670000,1749.9484080000,2387.4198670000,,,,,,,,,,,,,,,,,,,2390.58230823877
"25899",Zipaquirá,194.58141191000,,1,2611,“No es apropiada su aplicación para la ubicación exacta de puntos ni para el cálculo de áreas y distancias,Cundinamarca,194581411.9000000060,10251412.0600000005,184329999.8000000119,2961.6209050000,2601.5373570000,2961.6209050000,,,,,,,,,,,,,,,,,,,2981.66336995574
"25486",Nemocón,98.22993756130,,1,2583,“No es apropiada su aplicación para la ubicación exacta de puntos ni para el cálculo de áreas y distancias,Cundinamarca,98229937.5600000024,805796.9584000000,97424140.5900000036,2660.5090130000,2590.1919520000,2660.5090130000,,,,,,,,,,,,,,,,,,,2661.1046604486
"15299",Garagoa,193.17456874300,,1,1675,“No es apropiada su aplicación para la ubicación exacta de puntos ni para el cálculo de áreas y distancias,Boyacá,193174568.5000000000,2032686.3480000000,191141882.0000000000,2095.7729740000,1658.4332920000,2095.7729740000,,,,,,,,,,,,,,,,,,,2100.42386802028
"17001",Manizales,440.88801962300,Ordenanza de 1849,1,2126,“No es apropiada su aplicación para la ubicación exacta de puntos ni para el cálculo de áreas y distancias,Caldas,440888019.6000000238,37385449.9200000018,403502569.6000000238,1996.1575490000,2088.4870350000,1996.1575490000,,,,,,,,,,,,,,,,,,,1987.65997661834
"73347",Herveo,322.53847451300,,1,2250,“No es apropiada su aplicación para la ubicación exacta de puntos ni para el cálculo de áreas y distancias,Tolima,322538474.5000000000,327111.8006000000,322211362.6000000238,2713.4384440000,2300.3279900000,2713.4384440000,,,,,,,,,,,,,,,,,,,2713.85335646415
"73270",Falan,181.19798474000,,1,930,“No es apropiada su aplicación para la ubicación exacta de puntos ni para el cálculo de áreas y distancias,Tolima,181197984.5000000000,519673.5083000000,180678310.9000000060,882.3658555000,974.8423940000,882.3658555000,,,,,,,,,,,,,,,,,,,882.104450088885
"25200",Cogua,132.70127930500,,1,2620,“No es apropiada su aplicación para la ubicación exacta de puntos ni para el cálculo de áreas y distancias,Cundinamarca,132701279.2000000030,754313.9682000000,131946965.2000000030,2918.9081470000,2626.9479080000,2918.9081470000,,,,,,,,,,,,,,,,,,,2920.54678617005
"17616",Risaralda,89.90593397620,,1,1700,“No es apropiada su aplicación para la ubicación exacta de puntos ni para el cálculo de áreas y distancias,Caldas,89905933.9500000030,359706.9114000000,89546227.0300000012,1242.0446070000,1730.3702360000,1242.0446070000,,,,,,,,,,,,,,,,,,,1240.18591216248
"85410",Tauramena,2380.17369698000,,1,475,“No es apropiada su aplicación para la ubicación exacta de puntos ni para el cálculo de áreas y distancias,Casanare,2380173696.0000000000,3895179.3590000002,2376278516.0000000000,315.9206427000,456.6686109000,315.9206427000,,,,,,,,,,,,,,,,,,,315.691413954412
"27660",San José Del Palmar,1582.52436377000,Decreto No. 0052 de 1948,1,2500,“No es apropiada su aplicación para la ubicación exacta de puntos ni para el cálculo de áreas y distancias,Chocó,1582524363.0000000000,166124.1109000000,1582358238.0000000000,1294.5940070000,1085.1771530000,1294.5940070000,,,,,,,,,,,,,,,,,,,1294.61771765782
"25862",Vergara,144.49245868600,,1,1350,“No es apropiada su aplicación para la ubicación exacta de puntos ni para el cálculo de áreas y distancias,Cundinamarca,144492458.5000000000,251402.9256000000,144241055.5000000000,1389.6811520000,1555.7136320000,1389.6811520000,,,,,,,,,,,,,,,,,,,1389.41675360142
"25489",Nimaima,59.43884376530,Ordenanza No. 30 de 1904,1,1175,“No es apropiada su aplicación para la ubicación exacta de puntos ni para el cálculo de áreas y distancias,Cundinamarca,59438843.7500000000,152926.3683000000,59285917.3800000027,1066.6683310000,1102.3491640000,1066.6683310000,,,,,,,,,,,,,,,,,,,1066.58129218073
"15514",Páez,338.40819423700,Ordenanza No. 38 de 1962,1,1500,“No es apropiada su aplicación para la ubicación exacta de puntos ni para el cálculo de áreas y distancias,Boyacá,338408194.1000000238,603778.2618000000,337804415.8000000119,1434.0684570000,1301.0416480000,1434.0684570000,,,,,,,,,,,,,,,,,,,1434.31955902236
"15511",Pachavita,66.57743066160,,1,2000,“No es apropiada su aplicación para la ubicación exacta de puntos ni para el cálculo de áreas y distancias,Boyacá,66577430.6400000006,324363.5241000000,66253067.1000000015,2044.7487740000,1986.1902340000,2044.7487740000,,,,,,,,,,,,,,,,,,,2045.04973039133
"27205",Condoto,467.88642397500,,1,50,“No es apropiada su aplicación para la ubicación exacta de puntos ni para el cálculo de áreas y distancias,Chocó,467886423.8000000119,1187847.5170000000,466698576.1000000238,295.2512180000,67.2921480500,295.2512180000,,,,,,,,,,,,,,,,,,,295.843297821303
"85230",Orocué,4739.87721130000,,1,131,“No es apropiada su aplicación para la ubicación exacta de puntos ni para el cálculo de áreas y distancias,Casanare,4739877211.0000000000,2631935.9190000002,4737245275.0000000000,145.9399591000,130.9345391000,145.9399591000,,,,,,,,,,,,,,,,,,,145.948422628713
"25772",Suesca,173.01882049000,,1,2600,“No es apropiada su aplicación para la ubicación exacta de puntos ni para el cálculo de áreas y distancias,Cundinamarca,173018820.4000000060,1040437.6830000000,171978382.5000000000,2823.8652320000,2584.6150720000,2823.8652320000,,,,,,,,,,,,,,,,,,,2825.33142849993
"15455",Miraflores,258.23948491600,,1,1523,“No es apropiada su aplicación para la ubicación exacta de puntos ni para el cálculo de áreas y distancias,Boyacá,258239484.9000000060,952364.9331000000,257287119.9000000060,2071.2676260000,1521.1415020000,2071.2676260000,,,,,,,,,,,,,,,,,,,2073.28447062101
"25183",Chocontá,299.65600373900,,1,2656,“No es apropiada su aplicación para la ubicación exacta de puntos ni para el cálculo de áreas y distancias,Cundinamarca,299656003.6000000238,1574152.6440000001,298081850.8000000119,2824.5001680000,2656.4119090000,2824.5001680000,,,,,,,,,,,,,,,,,,,2825.39234172459
"66045",Apía,149.97960973600,,1,1619,“No es apropiada su aplicación para la ubicación exacta de puntos ni para el cálculo de áreas y distancias,Risaralda,149979609.5000000000,746344.5196000000,149233264.9000000060,1911.8574220000,1616.3962710000,1911.8574220000,,,,,,,,,,,,,,,,,,,1913.35928087988
"25851",Útica,91.99412620890,,1,500,“No es apropiada su aplicación para la ubicación exacta de puntos ni para el cálculo de áreas y distancias,Cundinamarca,91994126.2000000030,2968589.8820000002,89025536.3100000024,761.3786712000,516.1148587000,761.3786712000,,,,,,,,,,,,,,,,,,,769.510387613831
"27580",Rio Iró,325.21630711900,Ordenanza No. 015 de 2000,1,158,“No es apropiada su aplicación para la ubicación exacta de puntos ni para el cálculo de áreas y distancias,Chocó,325216307.1000000238,238913.2440000000,324977393.8000000119,313.0716793000,122.8169918000,313.0716793000,,,,,,,,,,,,,,,,,,,313.211543162313
"17486",Neira,369.19936572200,,1,1965,“No es apropiada su aplicación para la ubicación exacta de puntos ni para el cálculo de áreas y distancias,Caldas,369199365.6000000238,898197.2831000000,368301168.3000000119,1977.7944730000,1953.8673490000,1977.7944730000,,,,,,,,,,,,,,,,,,,1977.8531186862
"15172",Chinavita,136.13765639200,,1,1757,“No es apropiada su aplicación para la ubicación exacta de puntos ni para el cálculo de áreas y distancias,Boyacá,136137656.3000000119,423928.8302000001,135713727.4000000060,2333.1340610000,1763.4422500000,2333.1340610000,,,,,,,,,,,,,,,,,,,2334.91746921859
"25398",La Peña,128.33834507900,,1,1230,“No es apropiada su aplicación para la ubicación exacta de puntos ni para el cálculo de áreas y distancias,Cundinamarca,128338345.0000000000,183566.2733000000,128154778.7000000030,1078.8024160000,1236.4546420000,1078.8024160000,,,,,,,,,,,,,,,,,,,1078.5617903372
"17042",Anserma,209.15969799000,,1,1765,“No es apropiada su aplicación para la ubicación exacta de puntos ni para el cálculo de áreas y distancias,Caldas,209159697.9000000060,2133592.6480000000,207026105.0000000000,1315.6237630000,1751.1195190000,1315.6237630000,,,,,,,,,,,,,,,,,,,1311.16219373435
"27361",Istmina,1881.08165145000,,1,47,“No es apropiada su aplicación para la ubicación exacta de puntos ni para el cálculo de áreas y distancias,Chocó,1881081651.0000000000,3053258.8620000002,1878028392.0000000000,71.7714746900,57.5272203600,71.7714746900,,,,,,,,,,,,,,,,,,,71.7944143874433
"73283",Fresno,219.55672679100,,1,1478,“No es apropiada su aplicación para la ubicación exacta de puntos ni para el cálculo de áreas y distancias,Tolima,219556726.5000000000,1427716.2030000000,218129010.0000000000,1443.2254480000,1486.2980060000,1443.2254480000,,,,,,,,,,,,,,,,,,,1442.94154577865
"25513",Pacho,402.14740600100,,1,1791,“No es apropiada su aplicación para la ubicación exacta de puntos ni para el cálculo de áreas y distancias,Cundinamarca,402147406.0000000000,4157108.9040000001,397990297.0000000000,2145.3406060000,1788.8601130000,2145.3406060000,,,,,,,,,,,,,,,,,,,2149.06552966162
"15090",Berbeo,57.90361948160,Ordenanza No. 28 de 1913,1,1525,“No es apropiada su aplicación para la ubicación exacta de puntos ni para el cálculo de áreas y distancias,Boyacá,57903619.4600000009,144888.7047000000,57758730.7500000000,1615.3714240000,1338.8063460000,1615.3714240000,,,,,,,,,,,,,,,,,,,1616.06385540295
"15842",Úmbita,145.84450274200,,1,2500,“No es apropiada su aplicación para la ubicación exacta de puntos ni para el cálculo de áreas y distancias,Boyacá,145844502.5000000000,477480.3609000000,145367022.0000000000,2690.8791350000,2474.1715830000,2690.8791350000,,,,,,,,,,,,,,,,,,,2691.53801385728
"15660",San Eduardo,109.25946076800,Ordenanza No. 13 de 1965,1,1950,“No es apropiada su aplicación para la ubicación exacta de puntos ni para el cálculo de áreas y distancias,Boyacá,109259460.7000000030,298524.8139000000,108960935.7000000030,2046.3470100000,1706.7557930000,2046.3470100000,,,,,,,,,,,,,,,,,,,2047.27499976745
"17433",Manzanares,197.80451558800,,1,2075,“No es apropiada su aplicación para la ubicación exacta de puntos ni para el cálculo de áreas y distancias,Caldas,197804515.5000000000,1296886.8890000000,196507628.5000000000,2016.4564960000,1870.2830220000,2016.4564960000,,,,,,,,,,,,,,,,,,,2017.4129965219
"73443",Mariquita,293.11576110300,,1,496,“No es apropiada su aplicación para la ubicación exacta de puntos ni para el cálculo de áreas y distancias,Tolima,293115761.1000000238,5909170.7620000001,287206590.3000000119,673.2997320000,477.9342980000,673.2997320000,,,,,,,,,,,,,,,,,,,677.339140308476
"73349",Honda,304.71219281800,,1,206,“No es apropiada su aplicación para la ubicación exacta de puntos ni para el cálculo de áreas y distancias,Tolima,304712192.8000000119,10145511.6300000008,294566681.1000000238,366.2395302000,250.7477950000,366.2395302000,,,,,,,,,,,,,,,,,,,370.188509474685
"25258",El Peñón,133.94409038300,Ordenanza No. 14 de 1903,1,1200,“No es apropiada su aplicación para la ubicación exacta de puntos ni para el cálculo de áreas y distancias,Cundinamarca,133944090.2000000030,115249.9233000000,133828840.2000000030,1317.8468260000,1341.6548030000,1317.8468260000,,,,,,,,,,,,,,,,,,,1317.82716211893
"25871",Villagómez,62.89506278080,Ordenanza No. 2 de 1965,1,1700,“No es apropiada su aplicación para la ubicación exacta de puntos ni para el cálculo de áreas y distancias,Cundinamarca,62895062.7800000012,223880.3901000000,62671182.3800000027,1829.0399030000,1675.0370590000,1829.0399030000,,,,,,,,,,,,,,,,,,,1829.60378731173
"17444",Marquetalia,90.27744029570,Ordenanza No. 32 de 1924,1,1275,“No es apropiada su aplicación para la ubicación exacta de puntos ni para el cálculo de áreas y distancias,Caldas,90277440.2900000066,749204.9301000000,89528235.3400000036,1343.5699350000,1539.0513710000,1343.5699350000,,,,,,,,,,,,,,,,,,,1341.85926423916
"17050",Aranzazu,149.52957467800,,1,1908,“No es apropiada su aplicación para la ubicación exacta de puntos ni para el cálculo de áreas y distancias,Caldas,149529574.5000000000,596264.9325000000,148933309.5000000000,2161.1298410000,1881.3612670000,2161.1298410000,,,,,,,,,,,,,,,,,,,2162.26587648509
"25873",Villapinzón,225.80392514200,,1,2724,“No es apropiada su aplicación para la ubicación exacta de puntos ni para el cálculo de áreas y distancias,Cundinamarca,225803925.0000000000,1826209.2320000001,223977715.5000000000,2970.9610460000,2730.8589510000,2970.9610460000,,,,,,,,,,,,,,,,,,,2972.91183600869
"15835",Turmequé,79.57757658130,,1,2450,“No es apropiada su aplicación para la ubicación exacta de puntos ni para el cálculo de áreas y distancias,Boyacá,79577576.5600000024,1013412.5810000000,78564163.9500000030,2661.9581950000,2371.5867210000,2661.9581950000,,,,,,,,,,,,,,,,,,,2665.82394836934
"15804",Tibaná,121.62620639000,,1,2085,“No es apropiada su aplicación para la ubicación exacta de puntos ni para el cálculo de áreas y distancias,Boyacá,121626206.2000000030,646134.1576000000,120980072.0000000000,2385.0417430000,2089.2557510000,2385.0417430000,,,,,,,,,,,,,,,,,,,2386.68246046403
"85010",Aguazul,1439.26519039000,,1,278,“No es apropiada su aplicación para la ubicación exacta de puntos ni para el cálculo de áreas y distancias,Casanare,1439265190.0000000000,4620621.2130000005,1434644568.0000000000,427.4179944000,278.7118890000,427.4179944000,,,,,,,,,,,,,,,,,,,427.895698573545
"15897",Zetaquirá,251.04174055000,,1,1661,“No es apropiada su aplicación para la ubicación exacta de puntos ni para el cálculo de áreas y distancias,Boyacá,251041740.5000000000,270486.9192000000,250771253.5000000000,2264.5029330000,1671.1100260000,2264.5029330000,,,,,,,,,,,,,,,,,,,2265.10603594664
"25843",Ubaté,102.11177111900,,1,2559,“No es apropiada su aplicación para la ubicación exacta de puntos ni para el cálculo de áreas y distancias,Cundinamarca,102111771.0000000000,4381729.5460000001,97730041.4500000030,2721.1413960000,2566.1454730000,2721.1413960000,,,,,,,,,,,,,,,,,,,2728.11008028806
"85015",Chámeza,309.16338257800,Ordenanza No. 21 de 1959,1,1100,“No es apropiada su aplicación para la ubicación exacta de puntos ni para el cálculo de áreas y distancias,Casanare,309163382.5000000000,324913.8604000000,308838468.6000000238,1775.7614090000,1128.4439120000,1775.7614090000,,,,,,,,,,,,,,,,,,,1776.40286457247
"25407",Lenguazaque,155.39601091200,,1,2600,“No es apropiada su aplicación para la ubicación exacta de puntos ni para el cálculo de áreas y distancias,Cundinamarca,155396010.9000000060,517896.7863000000,154878114.0000000000,2882.0675770000,2580.4501410000,2882.0675770000,,,,,,,,,,,,,,,,,,,2883.04416758739
"99624",Santa Rosalía,3678.02479051000,Ordenanza No. 19 de 1993,1,125,“No es apropiada su aplicación para la ubicación exacta de puntos ni para el cálculo de áreas y distancias,Vichada,3678024790.0000000000,1645566.5770000000,3676379223.0000000000,133.5494505000,117.1252614000,133.5494505000,,,,,,,,,,,,,,,,,,,133.556793922679
"17446",Marulanda,376.09138031700,,1,2825,“No es apropiada su aplicación para la ubicación exacta de puntos ni para el cálculo de áreas y distancias,Caldas,376091380.3000000119,178919.8969000000,375912460.3000000119,2970.3758040000,2842.1204720000,2970.3758040000,,,,,,,,,,,,,,,,,,,2970.43972913278
"17272",Filadelfia,192.56029993000,,1,1575,“No es apropiada su aplicación para la ubicación exacta de puntos ni para el cálculo de áreas y distancias,Caldas,192560299.9000000060,435570.3917000000,192124729.5000000000,1225.2935780000,1586.1346290000,1225.2935780000,,,,,,,,,,,,,,,,,,,1224.47813606735
"85279",Recetor,180.84587338500,,1,750,“No es apropiada su aplicación para la ubicación exacta de puntos ni para el cálculo de áreas y distancias,Casanare,180845873.3000000119,171165.3918000000,180674707.9000000060,1397.5182770000,777.4566436000,1397.5182770000,,,,,,,,,,,,,,,,,,,1398.10128860649
"27430",Medio Baudó,1372.94299540000,Ordenanza No. 003 de 1999,1,50,“No es apropiada su aplicación para la ubicación exacta de puntos ni para el cálculo de áreas y distancias,Chocó,1372942995.0000000000,259012.1826000000,1372683982.0000000000,63.3235992100,13.3088622000,63.3235992100,,,,,,,,,,,,,,,,,,,63.3323157828794
"66594",Quinchía,140.13777893900,,1,1800,“No es apropiada su aplicación para la ubicación exacta de puntos ni para el cálculo de áreas y distancias,Risaralda,140137778.9000000060,1090791.1590000000,139046987.5000000000,1556.4458730000,1836.4062660000,1556.4458730000,,,,,,,,,,,,,,,,,,,1554.28587011204
"15494",Nuevo Colón,51.31156965040,,1,2450,“No es apropiada su aplicación para la ubicación exacta de puntos ni para el cálculo de áreas y distancias,Boyacá,51311569.6400000006,429305.4805000000,50882264.1400000006,2605.0495420000,2461.8073770000,2605.0495420000,,,,,,,,,,,,,,,,,,,2606.31505873538
"27810",Unión Panamericana,177.83774322300,Ordenanza No. 011 de 1999,1,94,“No es apropiada su aplicación para la ubicación exacta de puntos ni para el cálculo de áreas y distancias,Chocó,177837743.0000000000,286628.8835000000,177551114.0000000000,102.3783390000,96.2269185300,102.3783390000,,,,,,,,,,,,,,,,,,,102.388976558598
"27787",Tadó,714.99591925000,,1,78,“No es apropiada su aplicación para la ubicación exacta de puntos ni para el cálculo de áreas y distancias,Chocó,714995919.2000000477,1353117.2000000000,713642802.0000000000,692.4717535000,79.5412676300,692.4717535000,,,,,,,,,,,,,,,,,,,693.621565787427
"25823",Topaipí,143.55160097400,Ordenanza No. 062 de 1927,1,1300,“No es apropiada su aplicación para la ubicación exacta de puntos ni para el cálculo de áreas y distancias,Cundinamarca,143551600.9000000060,278710.9558000000,143272889.9000000060,1290.7723940000,1333.1282680000,1290.7723940000,,,,,,,,,,,,,,,,,,,1290.69444222723
"15367",Jenesano,58.95018550440,,1,2075,“No es apropiada su aplicación para la ubicación exacta de puntos ni para el cálculo de áreas y distancias,Boyacá,58950185.5000000000,800104.1922000000,58150081.2800000012,2425.6184890000,2088.9649240000,2425.6184890000,,,,,,,,,,,,,,,,,,,2430.39686198202
"25653",San Cayetano,287.44813064200,,1,2100,“No es apropiada su aplicación para la ubicación exacta de puntos ni para el cálculo de áreas y distancias,Cundinamarca,287448130.6000000238,209128.6192000000,287239001.8000000119,2350.1325420000,2803.6392230000,2350.1325420000,,,,,,,,,,,,,,,,,,,2349.82389752754
"25394",La Palma,190.59401304800,,1,1452,“No es apropiada su aplicación para la ubicación exacta de puntos ni para el cálculo de áreas y distancias,Cundinamarca,190594013.0000000000,815871.1678000002,189778141.8000000119,1330.4088280000,1451.2190230000,1330.4088280000,,,,,,,,,,,,,,,,,,,1329.88909790121
"25320",Guaduas,762.81970023000,,1,992,“No es apropiada su aplicación para la ubicación exacta de puntos ni para el cálculo de áreas y distancias,Cundinamarca,762819700.2000000477,8520760.2890000008,754298939.7000000477,723.6618383000,995.8171130000,723.6618383000,,,,,,,,,,,,,,,,,,,720.701548181148
"15189",Ciénega,53.89698168850,,1,2400,“No es apropiada su aplicación para la ubicación exacta de puntos ni para el cálculo de áreas y distancias,Boyacá,53896981.6700000018,365198.5513000000,53531783.1000000015,2734.0608250000,2464.4058330000,2734.0608250000,,,,,,,,,,,,,,,,,,,2735.94682410729
"15599",Ramiriquí,125.42156313900,,1,2313,“No es apropiada su aplicación para la ubicación exacta de puntos ni para el cálculo de áreas y distancias,Boyacá,125421563.0000000000,1397047.7400000000,124024515.2000000030,2642.0264300000,2311.9606480000,2642.0264300000,,,,,,,,,,,,,,,,,,,2645.69081258774
"25317",Guachetá,169.91833083100,,1,2750,“No es apropiada su aplicación para la ubicación exacta de puntos ni para el cálculo de áreas y distancias,Cundinamarca,169918330.8000000119,848947.4203000000,169069383.3000000119,2785.6092720000,2688.3562300000,2785.6092720000,,,,,,,,,,,,,,,,,,,2786.10326535753
"17388",La Merced,88.57738222370,Ordenanza No. 001 de 1969,1,1800,“No es apropiada su aplicación para la ubicación exacta de puntos ni para el cálculo de áreas y distancias,Caldas,88577382.2000000030,400771.2859000000,88176610.9000000060,1361.4337830000,1800.5524460000,1361.4337830000,,,,,,,,,,,,,,,,,,,1359.31407565927
"15861",Ventaquemada,159.75372962500,,1,2642,“No es apropiada su aplicación para la ubicación exacta de puntos ni para el cálculo de áreas y distancias,Boyacá,159753729.5000000000,928766.6814000000,158824962.8000000119,2960.7911200000,2642.1028600000,2960.7911200000,,,,,,,,,,,,,,,,,,,2962.66696155235
"17653",Salamina,387.95878921200,,1,1793,“No es apropiada su aplicación para la ubicación exacta de puntos ni para el cálculo de áreas y distancias,Caldas,387958789.1000000238,1565529.7910000000,386393259.3000000119,2473.6874370000,1816.0124530000,2473.6874370000,,,,,,,,,,,,,,,,,,,2476.36756807397
"25518",Paime,173.42898415100,,1,950,“No es apropiada su aplicación para la ubicación exacta de puntos ni para el cálculo de áreas y distancias,Cundinamarca,173428984.0000000000,76364.9920500000,173352619.0000000000,1271.5168260000,980.7486960000,1271.5168260000,,,,,,,,,,,,,,,,,,,1271.67361365524
"15104",Boyacá,47.94112081940,,1,2411,“No es apropiada su aplicación para la ubicación exacta de puntos ni para el cálculo de áreas y distancias,Boyacá,47941120.8100000024,318842.8133000000,47622277.9900000021,2593.5431080000,2413.1713170000,2593.5431080000,,,,,,,,,,,,,,,,,,,2594.79747686236
"25288",Fúquene,77.34910605020,,1,2875,“No es apropiada su aplicación para la ubicación exacta de puntos ni para el cálculo de áreas y distancias,Cundinamarca,77349106.0400000066,192314.8217000000,77156791.2000000030,2649.0029930000,2856.4973810000,2649.0029930000,,,,,,,,,,,,,,,,,,,2648.50036486685
"15621",Rondón,205.98719506900,Ordenanza No. 5 de 1904,1,2075,“No es apropiada su aplicación para la ubicación exacta de puntos ni para el cálculo de áreas y distancias,Boyacá,205987195.0000000000,175362.4298000000,205811832.5000000000,2579.3416700000,2092.8389130000,2579.3416700000,,,,,,,,,,,,,,,,,,,2579.7635113323
"15518",Pajarito,313.00817624400,,1,793,“No es apropiada su aplicación para la ubicación exacta de puntos ni para el cálculo de áreas y distancias,Boyacá,313008176.1000000238,162433.5581000000,312845742.5000000000,1828.2225110000,804.9218750000,1828.2225110000,,,,,,,,,,,,,,,,,,,1828.80625430113
"15879",Viracachá,62.46990645930,,1,2500,“No es apropiada su aplicación para la ubicación exacta de puntos ni para el cálculo de áreas y distancias,Boyacá,62469906.4500000030,476786.4157000000,61993120.0300000012,2888.5384880000,2533.7059560000,2888.5384880000,,,,,,,,,,,,,,,,,,,2891.31137763594
"25779",Susa,104.00739407700,,1,2557,“No es apropiada su aplicación para la ubicación exacta de puntos ni para el cálculo de áreas y distancias,Cundinamarca,104007394.0000000000,742739.4530000000,103264654.5000000000,2857.6807570000,2559.2278140000,2857.6807570000,,,,,,,,,,,,,,,,,,,2859.76904314962
"27160",Cértegui,423.51400080900,Ordenanza No. 012 de 2000,1,54,“No es apropiada su aplicación para la ubicación exacta de puntos ni para el cálculo de áreas y distancias,Chocó,423514000.8000000119,640425.9780000000,422873574.8000000119,127.2471902000,57.7456218100,127.2471902000,,,,,,,,,,,,,,,,,,,127.350919791908
"27135",El Cantón Del San Pablo,380.69333434700,Ordenanza No. 004 de 1994,1,35,“No es apropiada su aplicación para la ubicación exacta de puntos ni para el cálculo de áreas y distancias,Chocó,380693334.3000000119,268165.3320000000,380425168.8000000119,97.8485586900,50.5922201800,97.8485586900,,,,,,,,,,,,,,,,,,,97.8814286082806
"15212",Coper,149.67799683800,,1,950,“No es apropiada su aplicación para la ubicación exacta de puntos ni para el cálculo de áreas y distancias,Boyacá,149677996.8000000119,287542.3886000000,149390454.4000000060,1496.9045500000,975.5146414000,1496.9045500000,,,,,,,,,,,,,,,,,,,1497.94276242013
"17442",Marmato,36.85375171700,,1,1050,“No es apropiada su aplicación para la ubicación exacta de puntos ni para el cálculo de áreas y distancias,Caldas,36853751.7100000009,222826.3542000000,36630925.3500000015,1346.8510560000,1304.1106930000,1346.8510560000,,,,,,,,,,,,,,,,,,,1347.09931571422
"15764",Soracá,55.66054922960,,1,2799,“No es apropiada su aplicación para la ubicación exacta de puntos ni para el cálculo de áreas y distancias,Boyacá,55660549.2100000009,359631.0316000000,55300918.1700000018,2872.6545670000,2808.9270850000,2872.6545670000,,,,,,,,,,,,,,,,,,,2873.05629344532
"17777",Supia,121.43960951300,,1,1184,“No es apropiada su aplicación para la ubicación exacta de puntos ni para el cálculo de áreas y distancias,Caldas,121439609.5000000000,2039807.4750000001,119399802.0000000000,1510.0835750000,1160.7845200000,1510.0835750000,,,,,,,,,,,,,,,,,,,1515.96000655288
"17541",Pensilvania,498.94378848000,,1,2100,“No es apropiada su aplicación para la ubicación exacta de puntos ni para el cálculo de áreas y distancias,Caldas,498943788.3000000715,1266464.4920000001,497677323.8000000119,2228.8703410000,2040.1210750000,2228.8703410000,,,,,,,,,,,,,,,,,,,2229.35439634279
"85325",San Luis De Palenque,2981.01215909000,,1,175,“No es apropiada su aplicación para la ubicación exacta de puntos ni para el cálculo de áreas y distancias,Casanare,2981012159.0000000000,861243.7378000000,2980150915.0000000000,157.2520191000,171.3831975000,157.2520191000,,,,,,,,,,,,,,,,,,,157.248049654145
"15109",Buenavista,110.01024755900,,1,2197,“No es apropiada su aplicación para la ubicación exacta de puntos ni para el cálculo de áreas y distancias,Boyacá,110010247.5000000000,253126.8534000000,109757120.5000000000,2106.4425530000,2183.9886340000,2106.4425530000,,,,,,,,,,,,,,,,,,,2106.26852223807
"15740",Siachoque,119.00719309700,,1,2700,“No es apropiada su aplicación para la ubicación exacta de puntos ni para el cálculo de áreas y distancias,Boyacá,119007193.0000000000,462552.5108000000,118544640.4000000060,3122.0123690000,2760.1540760000,3122.0123690000,,,,,,,,,,,,,,,,,,,3123.35997658292
"15401",La Victoria,27.97306235100,Ordenanza No. 5 de 1965,1,1400,“No es apropiada su aplicación para la ubicación exacta de puntos ni para el cálculo de áreas y distancias,Boyacá,27973062.3500000015,71974.2579300000,27901088.0700000003,1469.2506100000,1469.0719120000,1469.2506100000,,,,,,,,,,,,,,,,,,,1469.2511021232
"25148",Caparrapí,615.08045727800,,1,1272,“No es apropiada su aplicación para la ubicación exacta de puntos ni para el cálculo de áreas y distancias,Cundinamarca,615080457.2000000477,515836.5218000000,614564620.6000000238,870.8165857000,1271.8163050000,870.8165857000,,,,,,,,,,,,,,,,,,,870.472541974837
"15646",Samacá,167.31627653500,,1,2604,“No es apropiada su aplicación para la ubicación exacta de puntos ni para el cálculo de áreas y distancias,Boyacá,167316276.5000000000,1244547.2300000000,166071729.0000000000,2974.4906140000,2613.3299580000,2974.4906140000,,,,,,,,,,,,,,,,,,,2977.17067027722
"15224",Cucaita,42.05808743910,,1,2634,“No es apropiada su aplicación para la ubicación exacta de puntos ni para el cálculo de áreas y distancias,Boyacá,42058087.4200000018,341500.0205000000,41716587.3900000006,2879.7055810000,2634.6972460000,2879.7055810000,,,,,,,,,,,,,,,,,,,2881.60061838688
"17614",Riosucio,384.09536099700,,1,1783,“No es apropiada su aplicación para la ubicación exacta de puntos ni para el cálculo de áreas y distancias,Caldas,384095360.8000000119,2482518.0980000002,381612842.6000000238,2144.9081410000,1767.4080840000,2144.9081410000,,,,,,,,,,,,,,,,,,,2147.36846775474
"85001",Yopal,2476.85303647000,,1,355,“No es apropiada su aplicación para la ubicación exacta de puntos ni para el cálculo de áreas y distancias,Casanare,2476853036.0000000000,25640652.6200000010,2451212383.0000000000,325.4221487000,324.5107150000,325.4221487000,,,,,,,,,,,,,,,,,,,325.431701449426
"25745",Simijaca,96.58026493790,,1,2543,“No es apropiada su aplicación para la ubicación exacta de puntos ni para el cálculo de áreas y distancias,Cundinamarca,96580264.9300000072,1735704.2840000000,94844560.6400000006,2676.9072070000,2561.9306130000,2676.9072070000,,,,,,,,,,,,,,,,,,,2678.9892579657
"85430",Trinidad,2959.93143151000,Ordenanza No. 21 de 1959,1,166,“No es apropiada su aplicación para la ubicación exacta de puntos ni para el cálculo de áreas y distancias,Casanare,2959931431.0000000000,1854956.8680000000,2958076474.0000000000,136.6027527000,166.3287167000,136.6027527000,,,,,,,,,,,,,,,,,,,136.584608579603
"27077",Bajo Baudó,3482.19823267000,,1,5,“No es apropiada su aplicación para la ubicación exacta de puntos ni para el cálculo de áreas y distancias,Chocó,3482198232.0000000000,647778.7489000000,3481550453.0000000000,113.2223970000,3.8930891920,113.2223970000,,,,,,,,,,,,,,,,,,,113.243066026705
"15001",Tunja,119.51846098400,,1,2778,“No es apropiada su aplicación para la ubicación exacta de puntos ni para el cálculo de áreas y distancias,Boyacá,119518460.9000000060,21550897.5700000003,97967563.3100000024,2875.0135640000,2745.4755570000,2875.0135640000,,,,,,,,,,,,,,,,,,,2903.43376633983
"17513",Pácora,257.19256616500,,1,1814,“No es apropiada su aplicación para la ubicación exacta de puntos ni para el cálculo de áreas y distancias,Caldas,257192566.0000000000,1360932.1910000001,255831633.8000000119,1789.1622770000,1818.5780530000,1789.1622770000,,,,,,,,,,,,,,,,,,,1789.00961599455
"15600",Ráquira,220.32645700700,,1,2150,“No es apropiada su aplicación para la ubicación exacta de puntos ni para el cálculo de áreas y distancias,Boyacá,220326457.0000000000,641957.3153000000,219684499.5000000000,2641.7467960000,2177.4585410000,2641.7467960000,,,,,,,,,,,,,,,,,,,2643.09417401532
"15822",Tota,195.66418154800,,1,2875,“No es apropiada su aplicación para la ubicación exacta de puntos ni para el cálculo de áreas y distancias,Boyacá,195664181.5000000000,508197.6123000000,195155983.8000000119,3203.5001910000,2869.1880370000,3203.5001910000,,,,,,,,,,,,,,,,,,,3204.3591196113
"15676",San Miguel De Sema,93.86057543520,Ordenanza No. 40 de 1960,1,2543,“No es apropiada su aplicación para la ubicación exacta de puntos ni para el cálculo de áreas y distancias,Boyacá,93860575.4300000072,228856.2966000000,93631719.1200000048,2593.0358340000,2608.0554360000,2593.0358340000,,,,,,,,,,,,,,,,,,,2592.99632327408
"17867",Victoria,558.46585308300,,1,675,“No es apropiada su aplicación para la ubicación exacta de puntos ni para el cálculo de áreas y distancias,Caldas,558465853.0000000000,1032758.6640000000,557433094.2000000477,398.3180761000,720.4137679000,398.3180761000,,,,,,,,,,,,,,,,,,,397.723576989217
"15480",Muzo,137.71030446900,,1,843,“No es apropiada su aplicación para la ubicación exacta de puntos ni para el cálculo de áreas y distancias,Boyacá,137710304.4000000060,743027.2478000000,136967277.0000000000,985.8290656000,859.1144683000,985.8290656000,,,,,,,,,,,,,,,,,,,986.528712010604
"05145",Caramanta,92.06265401590,,1,2117,“No es apropiada su aplicación para la ubicación exacta de puntos ni para el cálculo de áreas y distancias,Antioquia,92062654.0100000054,356774.2345000000,91705879.7600000054,1803.9183600000,2104.2852640000,1803.9183600000,,,,,,,,,,,,,,,,,,,1802.66287893047
"15762",Sora,47.76554730960,,1,2700,“No es apropiada su aplicación para la ubicación exacta de puntos ni para el cálculo de áreas y distancias,Boyacá,47765547.2800000012,354343.3005000000,47411203.9600000009,2921.1389990000,2673.5123940000,2921.1389990000,,,,,,,,,,,,,,,,,,,2923.04757552037
"15226",Cuítiva,44.03984059200,,1,2750,“No es apropiada su aplicación para la ubicación exacta de puntos ni para el cálculo de áreas y distancias,Boyacá,44039840.5900000036,135823.6756000000,43904016.8900000006,3002.3163700000,2727.0537100000,3002.3163700000,,,,,,,,,,,,,,,,,,,3003.11500459003
"15638",Sáchica,63.82522150810,,1,2152,“No es apropiada su aplicación para la ubicación exacta de puntos ni para el cálculo de áreas y distancias,Boyacá,63825221.5000000000,793750.4056000002,63031471.0900000036,2366.2557110000,2148.7456340000,2366.2557110000,,,,,,,,,,,,,,,,,,,2368.94824777199
"15187",Chivatá,49.44420996600,,1,2900,“No es apropiada su aplicación para la ubicación exacta de puntos ni para el cálculo de áreas y distancias,Boyacá,49444209.9600000009,248389.9183000000,49195820.0300000012,2870.5915910000,2921.2881400000,2870.5915910000,,,,,,,,,,,,,,,,,,,2870.35555004601
"15808",Tinjacá,79.63103042770,,1,2113,“No es apropiada su aplicación para la ubicación exacta de puntos ni para el cálculo de áreas y distancias,Boyacá,79631030.4200000018,246582.6971000000,79384447.7000000030,2399.8577440000,2121.9915540000,2399.8577440000,,,,,,,,,,,,,,,,,,,2400.80954446631
"15131",Caldas,78.85688400840,,1,2650,“No es apropiada su aplicación para la ubicación exacta de puntos ni para el cálculo de áreas y distancias,Boyacá,78856884.0000000000,196169.0508000000,78660714.9300000072,2769.9289460000,2668.3627920000,2769.9289460000,,,,,,,,,,,,,,,,,,,2770.17027488879
"15580",Quípama,167.12896517000,Ordenanza No. 28 de 1986,1,1200,“No es apropiada su aplicación para la ubicación exacta de puntos ni para el cálculo de áreas y distancias,Boyacá,167128965.0000000000,371489.9983000000,166757475.0000000000,1129.8980370000,1234.6542410000,1129.8980370000,,,,,,,,,,,,,,,,,,,1129.66315780403
"15047",Aquitania,940.35437545100,,1,3042,“No es apropiada su aplicación para la ubicación exacta de puntos ni para el cálculo de áreas y distancias,Boyacá,940354375.2000000477,1089450.7900000000,939264924.2000000477,2974.0974650000,3038.2970400000,2974.0974650000,,,,,,,,,,,,,,,,,,,2974.02313338976
"15542",Pesca,262.59265771400,,1,2600,“No es apropiada su aplicación para la ubicación exacta de puntos ni para el cálculo de áreas y distancias,Boyacá,262592657.5000000000,831673.9465000000,261760983.5000000000,2948.8504520000,2628.2751660000,2948.8504520000,,,,,,,,,,,,,,,,,,,2949.870001828
"15362",Iza,34.18027705700,,1,2500,“No es apropiada su aplicación para la ubicación exacta de puntos ni para el cálculo de áreas y distancias,Boyacá,34180277.0300000012,892808.2020000000,33287468.8200000003,2761.5011720000,2530.9011620000,2761.5011720000,,,,,,,,,,,,,,,,,,,2767.73201617713
"15442",Maripí,160.47834122300,,1,1250,“No es apropiada su aplicación para la ubicación exacta de puntos ni para el cálculo de áreas y distancias,Boyacá,160478341.0000000000,160557.1876000000,160317783.8000000119,1307.7079230000,1278.1105740000,1307.7079230000,,,,,,,,,,,,,,,,,,,1307.73462355349
"15814",Toca,167.94120211900,,1,2700,“No es apropiada su aplicación para la ubicación exacta de puntos ni para el cálculo de áreas y distancias,Boyacá,167941202.0000000000,974202.1229000000,166966999.8000000119,2978.9901770000,2760.4613470000,2978.9901770000,,,,,,,,,,,,,,,,,,,2980.26890394785
"05364",Jardín,201.14093006900,Decreto No. 118 de 1882,1,1750,“No es apropiada su aplicación para la ubicación exacta de puntos ni para el cálculo de áreas y distancias,Antioquia,201140930.0000000000,1400766.0370000000,199740163.9000000060,2295.6267850000,1766.4604670000,2295.6267850000,,,,,,,,,,,,,,,,,,,2299.34933653185
"15500",Oicatá,60.19551750390,,1,2525,“No es apropiada su aplicación para la ubicación exacta de puntos ni para el cálculo de áreas y distancias,Boyacá,60195517.5000000000,350119.8016000000,59845397.6700000018,2690.4423550000,2704.5391140000,2690.4423550000,,,,,,,,,,,,,,,,,,,2690.35824333068
"15476",Motavita,59.94727947500,,1,2908,“No es apropiada su aplicación para la ubicación exacta de puntos ni para el cálculo de áreas y distancias,Boyacá,59947279.4600000009,233041.8369000000,59714237.6000000015,3050.9857270000,2900.9092880000,3050.9857270000,,,,,,,,,,,,,,,,,,,3051.61044751948
"05483",Nariño,316.62008308800,Ordenanza No. 37 de 1913,1,1661,“No es apropiada su aplicación para la ubicación exacta de puntos ni para el cálculo de áreas y distancias,Antioquia,316620083.0000000000,805057.8099000000,315815025.1000000238,1622.1697540000,1672.9498220000,1622.1697540000,,,,,,,,,,,,,,,,,,,1622.04254451917
"27073",Bagadó,807.56872133200,,1,200,“No es apropiada su aplicación para la ubicación exacta de puntos ni para el cálculo de áreas y distancias,Chocó,807568721.2000000477,293370.8197000000,807275350.2000000477,956.7177882000,118.1617989000,956.7177882000,,,,,,,,,,,,,,,,,,,957.036533170635
"15776",Sutamarchán,103.34567001400,,1,2093,“No es apropiada su aplicación para la ubicación exacta de puntos ni para el cálculo de áreas y distancias,Boyacá,103345670.0000000000,654593.6108000000,102691076.2000000030,2478.2941920000,2095.6244390000,2478.2941920000,,,,,,,,,,,,,,,,,,,2480.76303006181
"27600",Rio Quito,699.36305532700,Ordenanza No. 004 de 1999,1,35,“No es apropiada su aplicación para la ubicación exacta de puntos ni para el cálculo de áreas y distancias,Chocó,699363055.2000000477,224095.5172000000,699138959.6000000238,104.8194255000,39.2179927000,104.8194255000,,,,,,,,,,,,,,,,,,,104.839441861947
"27050",Atrato,421.73941580500,Ordenanza No. 010 de 1997,1,55,“No es apropiada su aplicación para la ubicación exacta de puntos ni para el cálculo de áreas y distancias,Chocó,421739415.8000000119,438669.4687000001,421300746.3000000119,82.4076232400,51.4179980400,82.4076232400,,,,,,,,,,,,,,,,,,,82.4408718964289
"15377",Labranzagrande,579.98715092500,,1,1100,“No es apropiada su aplicación para la ubicación exacta de puntos ni para el cálculo de áreas y distancias,Boyacá,579987150.7000000477,274146.8073000000,579713003.7000000477,1859.4189970000,1108.3017490000,1859.4189970000,,,,,,,,,,,,,,,,,,,1859.74917859572
"15176",Chiquinquirá,164.77838788200,,1,2565,“No es apropiada su aplicación para la ubicación exacta de puntos ni para el cálculo de áreas y distancias,Boyacá,164778387.8000000119,6370222.8920000000,158408164.9000000060,2648.9965340000,2560.8960480000,2648.9965340000,,,,,,,,,,,,,,,,,,,2652.49071227327
"15232",Chíquiza,116.31848789800,Ordenanza No. 19 de 1982,1,2600,“No es apropiada su aplicación para la ubicación exacta de puntos ni para el cálculo de áreas y distancias,Boyacá,116318487.7000000030,141028.8297000000,116177458.7000000030,3008.4118030000,2958.2257380000,3008.4118030000,,,,,,,,,,,,,,,,,,,3008.47053021066
"15272",Firavitoba,109.11753477400,,1,2500,“No es apropiada su aplicación para la ubicación exacta de puntos ni para el cálculo de áreas y distancias,Boyacá,109117534.7000000030,711093.6710000000,108406441.0000000000,2722.8237500000,2492.2014640000,2722.8237500000,,,,,,,,,,,,,,,,,,,2724.28715843263
"15407",Villa De Leiva,126.38401348800,,1,2143,“No es apropiada su aplicación para la ubicación exacta de puntos ni para el cálculo de áreas y distancias,Boyacá,126384013.4000000060,2471972.9380000001,123912040.4000000060,2423.6949310000,2146.8102660000,2423.6949310000,,,,,,,,,,,,,,,,,,,2429.25730441633
"85225",Nunchía,1099.12873736000,,1,387,“No es apropiada su aplicación para la ubicación exacta de puntos ni para el cálculo de áreas y distancias,Casanare,1099128737.0000000000,999294.3369000000,1098129442.0000000000,290.5427590000,388.7861004000,290.5427590000,,,,,,,,,,,,,,,,,,,290.456093897263
"15106",Briceño,64.51202572520,Ordenanza No. 14 de 1890,1,1340,“No es apropiada su aplicación para la ubicación exacta de puntos ni para el cálculo de áreas y distancias,Boyacá,64512025.7100000009,184212.0260000000,64327813.6700000018,1779.7170120000,1352.9901730000,1779.7170120000,,,,,,,,,,,,,,,,,,,1780.95864554553
"15837",Tuta,165.23680907800,,1,2600,“No es apropiada su aplicación para la ubicación exacta de puntos ni para el cálculo de áreas y distancias,Boyacá,165236809.0000000000,976638.3092000000,164260170.5000000000,2714.6765350000,2567.2799840000,2714.6765350000,,,,,,,,,,,,,,,,,,,2715.5534424207
"17013",Aguadas,475.55103066900,,1,2181,“No es apropiada su aplicación para la ubicación exacta de puntos ni para el cálculo de áreas y distancias,Caldas,475551030.6000000238,1276904.9460000000,474274125.6000000238,1813.9388420000,2172.7296310000,1813.9388420000,,,,,,,,,,,,,,,,,,,1812.94722728702
"15832",Tununguá,29.18230252230,Ordenanza No. 37 de 1962,1,1250,“No es apropiada su aplicación para la ubicación exacta de puntos ni para el cálculo de áreas y distancias,Boyacá,29182302.5100000016,89366.0284800000,29092936.4800000004,1099.8847320000,1264.2158470000,1099.8847320000,,,,,,,,,,,,,,,,,,,1099.45316520626
"17662",Samaná,757.68425166700,,1,1250,“No es apropiada su aplicación para la ubicación exacta de puntos ni para el cálculo de áreas y distancias,Caldas,757684251.6000000238,537196.8345000000,757147054.7000000477,1043.2733550000,1463.3375550000,1043.2733550000,,,,,,,,,,,,,,,,,,,1042.96184333842
"17495",Norcasia,227.37856761700,Ordenanza No. 327 de 1999,1,727,“No es apropiada su aplicación para la ubicación exacta de puntos ni para el cálculo de áreas y distancias,Caldas,227378567.5000000000,608548.7828000000,226770018.5000000000,484.4565991000,746.7725550000,484.4565991000,,,,,,,,,,,,,,,,,,,483.748461129011
"27413",Lloró,843.12259025500,Ordenanza No. 015 de 1955,1,100,“No es apropiada su aplicación para la ubicación exacta de puntos ni para el cálculo de áreas y distancias,Chocó,843122590.2000000477,274395.3270000000,842848194.7000000477,349.7070480000,66.1391990600,349.7070480000,,,,,,,,,,,,,,,,,,,349.793086299158
"15466",Monguí,68.67388203410,,1,2900,“No es apropiada su aplicación para la ubicación exacta de puntos ni para el cálculo de áreas y distancias,Boyacá,68673882.0300000012,795741.2434000000,67878140.7800000012,3394.2749630000,2910.3027180000,3394.2749630000,,,,,,,,,,,,,,,,,,,3399.90254738367
"15533",Paya,442.76158326900,,1,980,“No es apropiada su aplicación para la ubicación exacta de puntos ni para el cálculo de áreas y distancias,Boyacá,442761583.1000000238,131425.9660000000,442630157.1000000238,1165.5251480000,987.1936798000,1165.5251480000,,,,,,,,,,,,,,,,,,,1165.57991974349
"15681",San Pablo De Borbur,195.66468354300,Ordenanza No. 40 de 1960,1,678,“No es apropiada su aplicación para la ubicación exacta de puntos ni para el cálculo de áreas y distancias,Boyacá,195664683.5000000000,142805.7953000000,195521877.5000000000,991.4364986000,684.7682566000,991.4364986000,,,,,,,,,,,,,,,,,,,991.662881081846
"05055",Argelia,245.19924078200,Ordenanza No. 19 de 1960,1,1700,“No es apropiada su aplicación para la ubicación exacta de puntos ni para el cálculo de áreas y distancias,Antioquia,245199240.5000000000,562871.1588000000,244636369.3000000119,1384.6424360000,1743.5781100000,1384.6424360000,,,,,,,,,,,,,,,,,,,1383.80645457991
"05856",Valparaiso,126.14562884800,,1,1358,“No es apropiada su aplicación para la ubicación exacta de puntos ni para el cálculo de áreas y distancias,Antioquia,126145628.7000000030,672003.6944000000,125473625.0000000000,1070.1105030000,1359.4218680000,1070.1105030000,,,,,,,,,,,,,,,,,,,1068.55886714441
"15759",Sogamoso,207.32078412300,,1,2492,“No es apropiada su aplicación para la ubicación exacta de puntos ni para el cálculo de áreas y distancias,Boyacá,207320784.0000000000,22069051.8500000015,185251732.0000000000,3093.7428310000,2499.4663300000,3093.7428310000,,,,,,,,,,,,,,,,,,,3164.45658659568
"17380",La Dorada,549.08284714200,Ordenanza No. 043 de 1923,1,176,“No es apropiada su aplicación para la ubicación exacta de puntos ni para el cálculo de áreas y distancias,Caldas,549082847.1000000238,7644085.3940000003,541438761.7000000477,204.6862724000,181.5778488000,204.6862724000,,,,,,,,,,,,,,,,,,,205.005233084861
"15632",Saboyá,248.28825862400,,1,2625,“No es apropiada su aplicación para la ubicación exacta de puntos ni para el cálculo de áreas y distancias,Boyacá,248288258.5000000000,559958.1869000000,247728300.3000000119,2852.4716350000,2613.0613970000,2852.4716350000,,,,,,,,,,,,,,,,,,,2852.99690957473
"05034",Andes,402.48718307900,,1,1350,“No es apropiada su aplicación para la ubicación exacta de puntos ni para el cálculo de áreas y distancias,Antioquia,402487183.0000000000,2092550.9960000000,400394632.0000000000,2118.9467990000,1301.1595750000,2118.9467990000,,,,,,,,,,,,,,,,,,,2123.18854295617
"15464",Mongua,360.04045098400,,1,3000,“No es apropiada su aplicación para la ubicación exacta de puntos ni para el cálculo de áreas y distancias,Boyacá,360040450.8000000119,736300.6388000000,359304150.1000000238,2856.2359460000,2967.5244670000,2856.2359460000,,,,,,,,,,,,,,,,,,,2856.0070827068
"25572",Puerto Salgar,515.25272202400,Ordenanza No. 047 de 1935,1,176,“No es apropiada su aplicación para la ubicación exacta de puntos ni para el cálculo de áreas y distancias,Cundinamarca,515252722.0000000000,1977843.6540000001,513274878.3000000715,246.3781591000,178.8032255000,246.3781591000,,,,,,,,,,,,,,,,,,,246.643487067594
"15696",Santa Sofía,77.44203290050,,1,2370,“No es apropiada su aplicación para la ubicación exacta de puntos ni para el cálculo de áreas y distancias,Boyacá,77442032.9000000060,365751.5840000000,77076281.3100000024,2422.7048780000,2364.6564030000,2422.7048780000,,,,,,,,,,,,,,,,,,,2422.98008088403
"15820",Tópaga,33.55898545460,,1,2900,“No es apropiada su aplicación para la ubicación exacta de puntos ni para el cálculo de áreas y distancias,Boyacá,33558985.4500000030,360653.5140000000,33198331.9200000018,2802.8733480000,2890.5699700000,2802.8733480000,,,,,,,,,,,,,,,,,,,2801.86250098807
"05091",Betania,180.52637662300,Ordenanza No. 42 de 1920,1,1500,“No es apropiada su aplicación para la ubicación exacta de puntos ni para el cálculo de áreas y distancias,Antioquia,180526376.5000000000,375117.5708000000,180151258.9000000060,1954.4497590000,1560.6153470000,1954.4497590000,,,,,,,,,,,,,,,,,,,1955.23195333558
"15293",Gachantivá,88.02566182100,,1,2450,“No es apropiada su aplicación para la ubicación exacta de puntos ni para el cálculo de áreas y distancias,Boyacá,88025661.8100000024,155470.7409000000,87870191.0600000024,2375.3007250000,2377.4884220000,2375.3007250000,,,,,,,,,,,,,,,,,,,2375.29671017619
"15204",Cómbita,138.00257239900,,1,2825,“No es apropiada su aplicación para la ubicación exacta de puntos ni para el cálculo de áreas y distancias,Boyacá,138002572.3000000119,522840.1790000000,137479732.0000000000,2974.0175240000,2821.3245020000,2974.0175240000,,,,,,,,,,,,,,,,,,,2974.62472194383
"05789",Támesis,252.19453599700,,1,1500,“No es apropiada su aplicación para la ubicación exacta de puntos ni para el cálculo de áreas y distancias,Antioquia,252194535.9000000060,1240596.1380000000,250953939.5000000000,1734.2049770000,1624.8019550000,1734.2049770000,,,,,,,,,,,,,,,,,,,1734.73186356013
"15491",Nobsa,55.40296761730,,1,2500,“No es apropiada su aplicación para la ubicación exacta de puntos ni para el cálculo de áreas y distancias,Boyacá,55402967.6000000015,1464740.7470000000,53938226.8500000015,2642.7269750000,2496.1411340000,2642.7269750000,,,,,,,,,,,,,,,,,,,2646.70731787163
"15806",Tibasosa,93.56784186280,,1,2500,“No es apropiada su aplicación para la ubicación exacta de puntos ni para el cálculo de áreas y distancias,Boyacá,93567841.8400000036,1351506.8850000000,92216334.9500000030,2641.0310960000,2517.2879880000,2641.0310960000,,,,,,,,,,,,,,,,,,,2642.92426749263
"05390",La Pintada,54.29841112700,Ordenanza No. 42E de 1996,1,592,“No es apropiada su aplicación para la ubicación exacta de puntos ni para el cálculo de áreas y distancias,Antioquia,54298411.1000000015,1584016.2160000000,52714394.8800000027,812.8695584000,593.0147071000,812.8695584000,,,,,,,,,,,,,,,,,,,819.403768242128
"15531",Pauna,252.30162524600,,1,1121,“No es apropiada su aplicación para la ubicación exacta de puntos ni para el cálculo de áreas y distancias,Boyacá,252301625.0000000000,429804.7726000001,251871820.0000000000,1251.7804820000,1125.3098120000,1251.7804820000,,,,,,,,,,,,,,,,,,,1251.99371938054
"25885",Yacopí,955.76564442500,,1,1200,“No es apropiada su aplicación para la ubicación exacta de puntos ni para el cálculo de áreas y distancias,Cundinamarca,955765644.2000000477,480406.4320000000,955285237.6000000238,888.6960356000,1304.7946600000,888.6960356000,,,,,,,,,,,,,,,,,,,888.481328555607
"85263",Pore,779.44547436900,,1,250,“No es apropiada su aplicación para la ubicación exacta de puntos ni para el cálculo de áreas y distancias,Casanare,779445474.2000000477,1792100.8880000000,777653373.2000000477,267.2456847000,283.4149062000,267.2456847000,,,,,,,,,,,,,,,,,,,267.20858802607
"15051",Arcabuco,137.66889195700,,1,2563,“No es apropiada su aplicación para la ubicación exacta de puntos ni para el cálculo de áreas y distancias,Boyacá,137668891.9000000060,654196.7280000000,137014695.0000000000,2815.7763040000,2561.3482220000,2815.7763040000,,,,,,,,,,,,,,,,,,,2817.00565401134
"05353",Hispania,54.17829273640,Ordenanza No. 8 de 1983,1,960,“No es apropiada su aplicación para la ubicación exacta de puntos ni para el cálculo de áreas y distancias,Antioquia,54178292.7100000009,683855.0731000000,53494437.6300000027,1201.3701550000,960.2076021000,1201.3701550000,,,,,,,,,,,,,,,,,,,1204.52210470777
"15550",Pisba,463.87513335100,,1,1500,“No es apropiada su aplicación para la ubicación exacta de puntos ni para el cálculo de áreas y distancias,Boyacá,463875133.3000000715,192395.5909000000,463682737.6000000238,1990.4999080000,1483.4256320000,1990.4999080000,,,,,,,,,,,,,,,,,,,1990.71352279615
"15296",Gámeza,123.41894101700,,1,2750,“No es apropiada su aplicación para la ubicación exacta de puntos ni para el cálculo de áreas y distancias,Boyacá,123418941.0000000000,416640.6919000000,123002300.2000000030,3304.5349760000,2748.0675870000,3304.5349760000,,,,,,,,,,,,,,,,,,,3306.41688020195
"68271",Florián,176.36525725100,Ordenanza No. 25 de 1974,1,1600,“No es apropiada su aplicación para la ubicación exacta de puntos ni para el cálculo de áreas y distancias,Santander,176365257.0000000000,370747.6162000000,175994509.3000000119,1687.1565720000,1635.3707690000,1687.1565720000,,,,,,,,,,,,,,,,,,,1687.27400603898
"15763",Sotaquirá,291.55711322300,,1,2650,“No es apropiada su aplicación para la ubicación exacta de puntos ni para el cálculo de áreas y distancias,Boyacá,291557113.1000000238,345138.5540000000,291211974.5000000000,2919.1200880000,2665.7808830000,2919.1200880000,,,,,,,,,,,,,,,,,,,2919.43044434021
"15114",Busbanzá,25.30119275200,,1,2500,“No es apropiada su aplicación para la ubicación exacta de puntos ni para el cálculo de áreas y distancias,Boyacá,25301192.7500000000,108529.0359000000,25192663.7100000009,2654.9772960000,2473.3975540000,2654.9772960000,,,,,,,,,,,,,,,,,,,2655.77208987663
"68020",Albania,165.98258951500,,1,1640,“No es apropiada su aplicación para la ubicación exacta de puntos ni para el cálculo de áreas y distancias,Santander,165982589.5000000000,211716.0020000000,165770873.4000000060,2274.9489790000,1644.9976390000,2274.9489790000,,,,,,,,,,,,,,,,,,,2275.72370829718
"15215",Corrales,60.72684209650,,1,2388,“No es apropiada su aplicación para la ubicación exacta de puntos ni para el cálculo de áreas y distancias,Boyacá,60726842.0900000036,496652.7597000000,60230189.3200000003,2628.2100740000,2407.2232600000,2628.2100740000,,,,,,,,,,,,,,,,,,,2630.0495523836
"05368",Jericó,204.97123321500,,1,1975,“No es apropiada su aplicación para la ubicación exacta de puntos ni para el cálculo de áreas y distancias,Antioquia,204971233.0000000000,1491114.7720000001,203480118.0000000000,1707.0289910000,1967.0778530000,1707.0289910000,,,,,,,,,,,,,,,,,,,1705.12526640741
"68368",Jesús María,89.46644804580,,1,1890,“No es apropiada su aplicación para la ubicación exacta de puntos ni para el cálculo de áreas y distancias,Santander,89466448.0400000066,191361.2688000000,89275086.7600000054,2110.3811520000,1879.1674850000,2110.3811520000,,,,,,,,,,,,,,,,,,,2110.88713857431
"05576",Pueblorrico,75.42683137300,,1,1800,“No es apropiada su aplicación para la ubicación exacta de puntos ni para el cálculo de áreas y distancias,Antioquia,75426831.3700000048,719109.2533000000,74707722.0900000036,1605.5915670000,1806.2191680000,1605.5915670000,,,,,,,,,,,,,,,,,,,1603.76415028833
"68572",Puente Nacional,251.29897670900,,1,1625,“No es apropiada su aplicación para la ubicación exacta de puntos ni para el cálculo de áreas y distancias,Santander,251298976.5000000000,1275539.0410000000,250023437.4000000060,2114.6580880000,1626.0889730000,2114.6580880000,,,,,,,,,,,,,,,,,,,2117.11412740404
"15276",Floresta,87.95789621910,,1,2500,“No es apropiada su aplicación para la ubicación exacta de puntos ni para el cálculo de áreas y distancias,Boyacá,87957896.2000000030,468191.8436000000,87489704.3400000036,2730.1815700000,2504.6288460000,2730.1815700000,,,,,,,,,,,,,,,,,,,2731.42953305771
"05756",Sonsón,1345.60992671000,,1,2492,“No es apropiada su aplicación para la ubicación exacta de puntos ni para el cálculo de áreas y distancias,Antioquia,1345609926.0000000000,2676711.7530000000,1342933214.0000000000,1346.5580740000,2505.4076800000,1346.5580740000,,,,,,,,,,,,,,,,,,,1344.23214306915
"05101",Ciudad Bolívar,263.79091045400,,1,1180,“No es apropiada su aplicación para la ubicación exacta de puntos ni para el cálculo de áreas y distancias,Antioquia,263790910.4000000060,1471949.6810000001,262318960.5000000000,1615.2105290000,1191.1250490000,1615.2105290000,,,,,,,,,,,,,,,,,,,1617.60571511941
"05792",Tarso,120.46149571100,Ordenanza No. 03 de 1936,1,1325,“No es apropiada su aplicación para la ubicación exacta de puntos ni para el cálculo de áreas y distancias,Antioquia,120461495.7000000030,413284.0882000000,120048211.5000000000,1126.5376180000,1342.6103890000,1126.5376180000,,,,,,,,,,,,,,,,,,,1125.75602278333
"05002",Abejorral,506.95279799300,,1,2275,“No es apropiada su aplicación para la ubicación exacta de puntos ni para el cálculo de áreas y distancias,Antioquia,506952797.8000000119,1238247.3980000000,505714550.3000000715,1948.6183080000,2165.6424640000,1948.6183080000,,,,,,,,,,,,,,,,,,,1948.09996742143
"15469",Moniquirá,217.93006831400,,1,1669,“No es apropiada su aplicación para la ubicación exacta de puntos ni para el cálculo de áreas y distancias,Boyacá,217930068.3000000119,3572137.7110000001,214357930.5000000000,1996.3077740000,1688.2474730000,1996.3077740000,,,,,,,,,,,,,,,,,,,2001.63552542139
"05467",Montebello,76.00528343210,,1,2200,“No es apropiada su aplicación para la ubicación exacta de puntos ni para el cálculo de áreas y distancias,Antioquia,76005283.4300000072,411946.3387000000,75593337.0900000036,1695.5627100000,2336.8948850000,1695.5627100000,,,,,,,,,,,,,,,,,,,1692.02860339976
"15816",Togüí,101.27758914700,,1,1650,“No es apropiada su aplicación para la ubicación exacta de puntos ni para el cálculo de áreas y distancias,Boyacá,101277589.0000000000,238413.3653000000,101039175.5000000000,1980.9667910000,1658.7280720000,1980.9667910000,,,,,,,,,,,,,,,,,,,1981.69786042673
"15790",Tasco,209.25278032700,,1,2525,“No es apropiada su aplicación para la ubicación exacta de puntos ni para el cálculo de áreas y distancias,Boyacá,209252780.3000000119,318080.9258000001,208934699.3000000119,3276.8328940000,2531.0667450000,3276.8328940000,,,,,,,,,,,,,,,,,,,3277.96728030499
"68077",Barbosa,46.59552892730,,1,1579,“No es apropiada su aplicación para la ubicación exacta de puntos ni para el cálculo de áreas y distancias,Santander,46595528.9200000018,3607081.5150000001,42988447.3900000006,1739.6620510000,1565.1654570000,1739.6620510000,,,,,,,,,,,,,,,,,,,1753.87307719973
"68324",Guavatá,83.67144473870,,1,1970,“No es apropiada su aplicación para la ubicación exacta de puntos ni para el cálculo de áreas y distancias,Santander,83671444.7300000042,284350.6082000000,83387094.1200000048,1878.6447190000,1976.6492570000,1878.6447190000,,,,,,,,,,,,,,,,,,,1878.32555178365
"15516",Paipa,304.54372280400,,1,2513,“No es apropiada su aplicación para la ubicación exacta de puntos ni para el cálculo de áreas y distancias,Boyacá,304543722.8000000119,4656523.1500000004,299887199.6000000238,2715.7343260000,2526.1442670000,2715.7343260000,,,,,,,,,,,,,,,,,,,2718.67628775452
"05652",San Francisco,354.20157116000,Ordenanza No. 57 de 1986,1,1250,“No es apropiada su aplicación para la ubicación exacta de puntos ni para el cálculo de áreas y distancias,Antioquia,354201571.1000000238,214549.4272000000,353987021.6000000238,878.3619004000,1270.5093050000,878.3619004000,,,,,,,,,,,,,,,,,,,878.117067283723
"05282",Fredonia,254.04507618000,,1,1820,“No es apropiada su aplicación para la ubicación exacta de puntos ni para el cálculo de áreas y distancias,Antioquia,254045076.0000000000,2159367.5150000001,251885708.4000000060,1224.4645060000,1817.4738990000,1224.4645060000,,,,,,,,,,,,,,,,,,,1219.356328141
"05679",Santa Bárbara,196.11812820100,,1,1806,“No es apropiada su aplicación para la ubicación exacta de puntos ni para el cálculo de áreas y distancias,Antioquia,196118128.0000000000,1060071.9820000001,195058056.0000000000,1445.0432290000,1776.4292120000,1445.0432290000,,,,,,,,,,,,,,,,,,,1443.20749633225
"05861",Venecia,143.63047348900,,1,1330,“No es apropiada su aplicación para la ubicación exacta de puntos ni para el cálculo de áreas y distancias,Antioquia,143630473.4000000060,1286404.3910000001,142344069.0000000000,1134.7117250000,1314.5244090000,1134.7117250000,,,,,,,,,,,,,,,,,,,1133.1007894427
"15693",Santa Rosa De Viterbo,116.48160381800,,1,2748,“No es apropiada su aplicación para la ubicación exacta de puntos ni para el cálculo de áreas y distancias,Boyacá,116481603.7000000030,2027331.2000000000,114454272.5000000000,3062.2160980000,2755.0823940000,3062.2160980000,,,,,,,,,,,,,,,,,,,3067.72747036061
"27495",Nuquí,704.58336614600,,1,5,“No es apropiada su aplicación para la ubicación exacta de puntos ni para el cálculo de áreas y distancias,Chocó,704583366.1000000238,722782.1128000000,703860583.7000000477,202.0559637000,4.7020425850,202.0559637000,,,,,,,,,,,,,,,,,,,202.24989771103
"15238",Duitama,233.54543513700,,1,2532,“No es apropiada su aplicación para la ubicación exacta de puntos ni para el cálculo de áreas y distancias,Boyacá,233545435.0000000000,12678956.8300000001,220866478.0000000000,3118.1681830000,2536.9556950000,3118.1681830000,,,,,,,,,,,,,,,,,,,3151.54101983901
"27245",El Carmen,830.29380889700,,1,1726,“No es apropiada su aplicación para la ubicación exacta de puntos ni para el cálculo de áreas y distancias,Chocó,830293808.7000000477,434093.1925000000,829859715.5000000000,1642.7144920000,1729.0855960000,1642.7144920000,,,,,,,,,,,,,,,,,,,1642.6710564565
"05400",La Unión,167.67031783900,,1,2472,“No es apropiada su aplicación para la ubicación exacta de puntos ni para el cálculo de áreas y distancias,Antioquia,167670317.8000000119,927111.7956000000,166743206.0000000000,2451.2093240000,2474.7688470000,2451.2093240000,,,,,,,,,,,,,,,,,,,2451.07717014996
"15664",San José De Pare,74.28480851280,,1,1525,“No es apropiada su aplicación para la ubicación exacta de puntos ni para el cálculo de áreas y distancias,Boyacá,74284808.5100000054,558664.4390000000,73726144.0600000024,1707.2906800000,1489.9799320000,1707.2906800000,,,,,,,,,,,,,,,,,,,1708.89112746894
"05591",Puerto Triunfo,369.65442638300,Ordenanza No. 24 de 1977,1,152,“No es apropiada su aplicación para la ubicación exacta de puntos ni para el cálculo de áreas y distancias,Antioquia,369654426.3000000119,472028.0944000000,369182398.1000000238,223.7661123000,154.5784687000,223.7661123000,,,,,,,,,,,,,,,,,,,223.943254673349
"15757",Socha,149.88258684900,,1,2667,“No es apropiada su aplicación para la ubicación exacta de puntos ni para el cálculo de áreas y distancias,Boyacá,149882586.8000000119,724130.7205000002,149158456.0000000000,3178.8965870000,2677.3529540000,3178.8965870000,,,,,,,,,,,,,,,,,,,3181.37877041648
"27025",Alto Baudó,2051.87789424000,Ordenanza No. 016 de 1958,1,50,“No es apropiada su aplicación para la ubicación exacta de puntos ni para el cálculo de áreas y distancias,Chocó,2051877894.0000002384,234064.6981000000,2051643829.0000000000,221.1288217000,21.8937632000,221.1288217000,,,,,,,,,,,,,,,,,,,221.152032647584
"85400",Támara,1088.44818755000,,1,1125,“No es apropiada su aplicación para la ubicación exacta de puntos ni para el cálculo de áreas y distancias,Casanare,1088448187.0000000000,465271.0094000000,1087982915.0000000000,1198.9605790000,1105.7307100000,1198.9605790000,,,,,,,,,,,,,,,,,,,1198.9998689733
"05376",La Ceja,132.66673572400,,1,2143,“No es apropiada su aplicación para la ubicación exacta de puntos ni para el cálculo de áreas y distancias,Antioquia,132666735.7000000030,4028256.8870000001,128638478.7000000030,2248.7524010000,2143.1197950000,2248.7524010000,,,,,,,,,,,,,,,,,,,2252.05844466962
"05642",Salgar,288.23919450200,Ordenanza No. 1 de 1903,1,1250,“No es apropiada su aplicación para la ubicación exacta de puntos ni para el cálculo de áreas y distancias,Antioquia,288239194.5000000000,683680.0296000000,287555514.3000000119,1720.9695660000,1283.0581840000,1720.9695660000,,,,,,,,,,,,,,,,,,,1722.03271032069
"15185",Chitaraque,158.27015351900,,1,1650,“No es apropiada su aplicación para la ubicación exacta de puntos ni para el cálculo de áreas y distancias,Boyacá,158270153.5000000000,248033.2697000000,158022120.0000000000,1962.5158440000,1572.7897730000,1962.5158440000,,,,,,,,,,,,,,,,,,,1963.1020251095
"68327",Güepsa,30.10931217210,,1,1440,“No es apropiada su aplicación para la ubicación exacta de puntos ni para el cálculo de áreas y distancias,Santander,30109312.1700000018,1082156.1960000000,29027155.9600000009,1466.9358930000,1523.8424090000,1466.9358930000,,,,,,,,,,,,,,,,,,,1464.78122896822
"68298",Gámbita,607.17315350600,,1,2100,“No es apropiada su aplicación para la ubicación exacta de puntos ni para el cálculo de áreas y distancias,Santander,607173153.5000000000,179092.6588000000,606994060.7000000477,2295.8772150000,1896.6736480000,2295.8772150000,,,,,,,,,,,,,,,,,,,2295.98331438385
"05030",Amagá,84.11897676110,,1,1400,“No es apropiada su aplicación para la ubicación exacta de puntos ni para el cálculo de áreas y distancias,Antioquia,84118976.7600000054,1617211.3010000000,82501765.4500000030,1515.2404980000,1392.4451780000,1515.2404980000,,,,,,,,,,,,,,,,,,,1517.63656638896
"15723",Sativasur,54.62583171440,,1,2600,“No es apropiada su aplicación para la ubicación exacta de puntos ni para el cálculo de áreas y distancias,Boyacá,54625831.7100000009,142413.5949000000,54483418.1000000015,2796.1461150000,2604.8792570000,2796.1461150000,,,,,,,,,,,,,,,,,,,2796.62316411198
"15686",Santana,67.85294924340,,1,1591,“No es apropiada su aplicación para la ubicación exacta de puntos ni para el cálculo de áreas y distancias,Boyacá,67852949.2300000042,620237.6561000000,67232711.5600000024,1511.2726600000,1595.2366960000,1511.2726600000,,,,,,,,,,,,,,,,,,,1510.50935090961
"15755",Socotá,602.30379155400,,1,2400,“No es apropiada su aplicación para la ubicación exacta de puntos ni para el cálculo de áreas y distancias,Boyacá,602303791.5000000000,154071.3190000000,602149720.1000000238,3023.4534880000,2375.5891110000,3023.4534880000,,,,,,,,,,,,,,,,,,,3023.63622018963
"05129",Caldas,132.76962607300,,1,1751,“No es apropiada su aplicación para la ubicación exacta de puntos ni para el cálculo de áreas y distancias,Antioquia,132769626.0000000000,4046598.3100000001,128723027.5000000000,2109.1743650000,1777.0254070000,2109.1743650000,,,,,,,,,,,,,,,,,,,2119.74896506797
"05197",Cocorná,257.80940667600,,1,1300,“No es apropiada su aplicación para la ubicación exacta de puntos ni para el cálculo de áreas y distancias,Antioquia,257809406.5000000000,811530.9957000000,256997875.5000000000,1377.7611620000,1295.0262070000,1377.7611620000,,,,,,,,,,,,,,,,,,,1378.02667189682
"68179",Chipatá,94.83627653120,,1,1750,“No es apropiada su aplicación para la ubicación exacta de puntos ni para el cálculo de áreas y distancias,Santander,94836276.5300000012,254030.2986000000,94582246.2300000042,1886.3544380000,1790.1425100000,1886.3544380000,,,,,,,,,,,,,,,,,,,1886.60492336233
"85315",Sácama,311.46707536100,,1,1300,“No es apropiada su aplicación para la ubicación exacta de puntos ni para el cálculo de áreas y distancias,Casanare,311467075.3000000119,976362.5890000000,310490712.6000000238,1540.5755160000,1304.6802280000,1540.5755160000,,,,,,,,,,,,,,,,,,,1541.31742711202
"05660",San Luis,518.37978273700,,1,1050,“No es apropiada su aplicación para la ubicación exacta de puntos ni para el cálculo de áreas y distancias,Antioquia,518379782.6000000238,515841.1557000000,517863941.3000000715,878.0915361000,1064.6714550000,878.0915361000,,,,,,,,,,,,,,,,,,,877.898617479082
"85250",Paz De Ariporo,12074.55971340000,,1,275,“No es apropiada su aplicación para la ubicación exacta de puntos ni para el cálculo de áreas y distancias,Casanare,12074559713.0000000000,6474250.0760000004,12068085462.0000000000,138.5853927000,269.1359830000,138.5853927000,,,,,,,,,,,,,,,,,,,138.515381566843
"05809",Titiribí,140.32861234000,,1,1550,“No es apropiada su aplicación para la ubicación exacta de puntos ni para el cálculo de áreas y distancias,Antioquia,140328612.3000000119,479381.8910000000,139849230.4000000060,1251.0236540000,1530.6352050000,1251.0236540000,,,,,,,,,,,,,,,,,,,1250.08804366405
"05148",Carmen De Viboral,409.12776332400,,1,2150,“No es apropiada su aplicación para la ubicación exacta de puntos ni para el cálculo de áreas y distancias,Antioquia,409127763.3000000119,3259073.1140000001,405868690.1000000238,2122.0841700000,2155.2444060000,2122.0841700000,,,,,,,,,,,,,,,,,,,2121.8139763691
"15839",Tutazá,121.76009902800,,1,2800,“No es apropiada su aplicación para la ubicación exacta de puntos ni para el cálculo de áreas y distancias,Boyacá,121760099.0000000000,110956.3257000000,121649142.5000000000,3268.9506850000,2872.6816960000,3268.9506850000,,,,,,,,,,,,,,,,,,,3269.31012605097
"68673",San Benito,59.01805915470,,1,1200,“No es apropiada su aplicación para la ubicación exacta de puntos ni para el cálculo de áreas y distancias,Santander,59018059.1400000006,96491.0256400000,58921568.1000000015,1278.8572680000,1356.7641840000,1278.8572680000,,,,,,,,,,,,,,,,,,,1278.74522032313
"05607",El Retiro,241.92023086200,,1,2250,“No es apropiada su aplicación para la ubicación exacta de puntos ni para el cálculo de áreas y distancias,Antioquia,241920230.8000000119,1929396.2670000000,239990834.5000000000,2384.0880080000,2168.0480780000,2384.0880080000,,,,,,,,,,,,,,,,,,,2385.82619002503
"05631",Sabaneta,15.73285151210,Ordenanza No. 7 de 1967,1,1600,“No es apropiada su aplicación para la ubicación exacta de puntos ni para el cálculo de áreas y distancias,Antioquia,15732851.5000000000,5063795.8490000004,10669055.6500000004,1833.6771330000,1623.1439390000,1833.6771330000,,,,,,,,,,,,,,,,,,,1935.91295467279
"68773",Sucre,521.84692058400,Ordenanza No. 38 de 1892,1,2200,“No es apropiada su aplicación para la ubicación exacta de puntos ni para el cálculo de áreas y distancias,Santander,521846920.3999999762,202666.9111000000,521644253.5000000596,1559.3082750000,2157.3913060000,1559.3082750000,,,,,,,,,,,,,,,,,,,1559.07469485913
"05697",Santuario,83.52831963080,,1,2137,“No es apropiada su aplicación para la ubicación exacta de puntos ni para el cálculo de áreas y distancias,Antioquia,83528319.6200000048,2026322.9760000000,81501996.6400000006,2216.6142470000,2136.1198130000,2216.6142470000,,,,,,,,,,,,,,,,,,,2218.63625645036
"05209",Concordia,247.88694583500,,1,1950,“No es apropiada su aplicación para la ubicación exacta de puntos ni para el cálculo de áreas y distancias,Antioquia,247886945.8000000119,818838.6548000000,247068107.0000000000,1403.7887260000,1968.4943320000,1403.7887260000,,,,,,,,,,,,,,,,,,,1401.92109522841
"05380",La Estrella,36.83844656020,,1,1764,“No es apropiada su aplicación para la ubicación exacta de puntos ni para el cálculo de áreas y distancias,Antioquia,36838446.5600000024,7313303.4670000002,29525143.0700000003,2050.3040030000,1727.3039000000,2050.3040030000,,,,,,,,,,,,,,,,,,,2130.21435159574
"15720",Sativanorte,161.07007160000,,1,2600,“No es apropiada su aplicación para la ubicación exacta de puntos ni para el cálculo de áreas y distancias,Boyacá,161070071.5000000000,279563.6346000000,160790507.8000000119,2903.8267360000,2618.1570380000,2903.8267360000,,,,,,,,,,,,,,,,,,,2904.35449761929
"68250",El Peñón,397.67677653700,,1,2650,“No es apropiada su aplicación para la ubicación exacta de puntos ni para el cálculo de áreas y distancias,Santander,397676776.5000000000,206732.7167000000,397470043.6000000238,1214.7851510000,2546.4609960000,1214.7851510000,,,,,,,,,,,,,,,,,,,1214.07399942455
"05036",Angelópolis,81.85993331370,Ordenanza No. 16 de1896,1,1950,“No es apropiada su aplicación para la ubicación exacta de puntos ni para el cálculo de áreas y distancias,Antioquia,81859933.3100000024,771602.5338000000,81088330.7600000054,1806.8725760000,1863.5095590000,1806.8725760000,,,,,,,,,,,,,,,,,,,1806.3378172381
"68770",Suaita,282.92678637000,,1,1750,“No es apropiada su aplicación para la ubicación exacta de puntos ni para el cálculo de áreas y distancias,Santander,282926786.3000000119,605571.0512000000,282321215.1000000238,1677.8562860000,1633.2857060000,1677.8562860000,,,,,,,,,,,,,,,,,,,1677.95411374421
"05266",Envigado,80.01006295760,,1,1566,“No es apropiada su aplicación para la ubicación exacta de puntos ni para el cálculo de áreas y distancias,Antioquia,80010062.9500000030,13696085.7500000000,66313977.2000000030,2259.5423130000,1630.2121640000,2259.5423130000,,,,,,,,,,,,,,,,,,,2393.49837609637
"68264",Encino,399.66773645400,,1,1875,“No es apropiada su aplicación para la ubicación exacta de puntos ni para el cálculo de áreas y distancias,Santander,399667736.3000000119,118689.6389000000,399549046.6000000238,2721.0038040000,1848.4044350000,2721.0038040000,,,,,,,,,,,,,,,,,,,2721.28182060352
"05360",Itagüí,19.50785335880,,1,1578,“No es apropiada su aplicación para la ubicación exacta de puntos ni para el cálculo de áreas y distancias,Antioquia,19507853.3500000015,12906243.9100000001,6601609.4100000001,1655.5040740000,1587.6061930000,1655.5040740000,,,,,,,,,,,,,,,,,,,1784.81227496198
"15368",Jericó,131.36450917000,,1,3100,“No es apropiada su aplicación para la ubicación exacta de puntos ni para el cálculo de áreas y distancias,Boyacá,131364509.0000000000,245464.0984000000,131119044.9000000060,2624.2008400000,3083.1114970000,2624.2008400000,,,,,,,,,,,,,,,,,,,2623.42931295371
"27425",Medio Atrato,1813.74920955000,Ordenanza No. 008 de 1999,1,25,“No es apropiada su aplicación para la ubicación exacta de puntos ni para el cálculo de áreas y distancias,Chocó,1813749209.0000000000,123439.3752000000,1813625769.0000000000,178.7438219000,29.5875684200,178.7438219000,,,,,,,,,,,,,,,,,,,178.752934825542
"05313",Granada,190.08441933300,,1,2075,“No es apropiada su aplicación para la ubicación exacta de puntos ni para el cálculo de áreas y distancias,Antioquia,190084419.3000000119,594086.4081000000,189490332.8000000119,1771.3051000000,2078.9383240000,1771.3051000000,,,,,,,,,,,,,,,,,,,1770.33960842915
"05615",Rionegro,195.87111402500,,1,2088,“No es apropiada su aplicación para la ubicación exacta de puntos ni para el cálculo de áreas y distancias,Antioquia,195871114.0000000000,10143388.3300000001,185727725.5000000000,2166.2650590000,2104.0213330000,2166.2650590000,,,,,,,,,,,,,,,,,,,2169.6654057318
"68013",Aguada,75.11051604690,,1,1650,“No es apropiada su aplicación para la ubicación exacta de puntos ni para el cálculo de áreas y distancias,Santander,75110516.0400000066,113131.3302000000,74997384.7000000030,1752.2112760000,1743.3501620000,1752.2112760000,,,,,,,,,,,,,,,,,,,1752.22631242847
"05059",Armenia,110.42213791900,,1,1500,“No es apropiada su aplicación para la ubicación exacta de puntos ni para el cálculo de áreas y distancias,Antioquia,110422137.9000000060,300179.1158000001,110121958.7000000030,1049.7500980000,1768.4320170000,1049.7500980000,,,,,,,,,,,,,,,,,,,1047.86335704557
"05440",Marinilla,112.23453727300,,1,2088,“No es apropiada su aplicación para la ubicación exacta de puntos ni para el cálculo de áreas y distancias,Antioquia,112234537.2000000030,4734022.2410000004,107500514.9000000060,2133.3665350000,2103.0636800000,2133.3665350000,,,,,,,,,,,,,,,,,,,2134.70896110236
"05347",Heliconia,114.83091616800,,1,1450,“No es apropiada su aplicación para la ubicación exacta de puntos ni para el cálculo de áreas y distancias,Antioquia,114830916.0000000000,721013.9669000000,114109902.0000000000,1661.4775080000,1436.2272840000,1661.4775080000,,,,,,,,,,,,,,,,,,,1662.85364563961
"05093",Betulia,262.36212121200,,1,1600,“No es apropiada su aplicación para la ubicación exacta de puntos ni para el cálculo de áreas y distancias,Antioquia,262362121.0000000000,598374.7297000000,261763746.0000000000,1630.0010460000,1621.0784300000,1630.0010460000,,,,,,,,,,,,,,,,,,,1630.02192889362
"05585",Puerto Nare,579.06711650600,Ordenanza No. 7 de 1967,1,131,“No es apropiada su aplicación para la ubicación exacta de puntos ni para el cálculo de áreas y distancias,Antioquia,579067116.5000000000,873288.7644000000,578193827.7000000477,311.8952744000,131.9334221000,311.8952744000,,,,,,,,,,,,,,,,,,,312.159622771059
"15774",Susacón,182.31291111100,,1,2484,“No es apropiada su aplicación para la ubicación exacta de puntos ni para el cálculo de áreas y distancias,Boyacá,182312911.0000000000,242788.6856000000,182070122.3000000119,2900.2518710000,2483.3445810000,2900.2518710000,,,,,,,,,,,,,,,,,,,2900.77638092972
"15183",Chita,675.80778929700,,1,2949,“No es apropiada su aplicación para la ubicación exacta de puntos ni para el cálculo de áreas y distancias,Boyacá,675807789.2000000477,561004.4902000000,675246784.7000000477,3037.6107460000,2942.1278860000,3037.6107460000,,,,,,,,,,,,,,,,,,,3037.6923980899
"85125",Hato Corozal,5492.26014620000,,1,230,“No es apropiada su aplicación para la ubicación exacta de puntos ni para el cálculo de áreas y distancias,Casanare,5492260146.0000000000,2896886.8820000002,5489363259.0000000000,183.0376411000,254.2712463000,183.0376411000,,,,,,,,,,,,,,,,,,,182.999930452498
"68320",Guadalupe,146.08436949200,,1,1410,“No es apropiada su aplicación para la ubicación exacta de puntos ni para el cálculo de áreas y distancias,Santander,146084369.4000000060,679849.7279000002,145404519.5000000000,1371.5595590000,1434.5204070000,1371.5595590000,,,,,,,,,,,,,,,,,,,1371.27309038324
"68245",El Guacamayo,92.81876820860,Ordenanza No. 11 de 1956,1,1950,“No es apropiada su aplicación para la ubicación exacta de puntos ni para el cálculo de áreas y distancias,Santander,92818768.2000000030,246033.2604000000,92572734.9300000072,1571.9855390000,1974.1400590000,1571.9855390000,,,,,,,,,,,,,,,,,,,1570.87899687346
"05541",Peñol,118.25519809700,,1,1891,“No es apropiada su aplicación para la ubicación exacta de puntos ni para el cálculo de áreas y distancias,Antioquia,118255198.0000000000,1203369.3610000000,117051828.5000000000,1996.5920510000,1963.1104050000,1996.5920510000,,,,,,,,,,,,,,,,,,,1996.93985555977
"68500",Oiba,287.34076480900,,1,1420,“No es apropiada su aplicación para la ubicación exacta de puntos ni para el cálculo de áreas y distancias,Santander,287340764.8000000119,758804.5023000002,286581960.1000000238,1680.4897980000,1442.3484980000,1680.4897980000,,,,,,,,,,,,,,,,,,,1681.13151744134
"05321",Guatapé,83.28166199380,,1,1891,“No es apropiada su aplicación para la ubicación exacta de puntos ni para el cálculo de áreas y distancias,Antioquia,83281661.9800000042,696729.0441000002,82584932.9300000072,1947.9498620000,1897.1666220000,1947.9498620000,,,,,,,,,,,,,,,,,,,1948.37266482968
"05649",San Carlos,716.41256348800,,1,1000,“No es apropiada su aplicación para la ubicación exacta de puntos ni para el cálculo de áreas y distancias,Antioquia,716412563.2000000477,2209609.6570000001,714202953.5000000000,1025.7821380000,976.5476772000,1025.7821380000,,,,,,,,,,,,,,,,,,,1025.93319275987
"85136",La Salina,199.41924371200,,1,1525,“No es apropiada su aplicación para la ubicación exacta de puntos ni para el cálculo de áreas y distancias,Casanare,199419243.5000000000,130429.5898000000,199288813.9000000060,2603.1020390000,1507.7894530000,2603.1020390000,,,,,,,,,,,,,,,,,,,2603.80165150259
"15403",La Uvita,161.20129722600,,1,2367,“No es apropiada su aplicación para la ubicación exacta de puntos ni para el cálculo de áreas y distancias,Boyacá,161201297.0000000000,486316.9846000000,160714980.0000000000,2882.6236970000,2374.3191710000,2882.6236970000,,,,,,,,,,,,,,,,,,,2884.18036180328
"05318",Guarne,152.15569275800,,1,2138,“No es apropiada su aplicación para la ubicación exacta de puntos ni para el cálculo de áreas y distancias,Antioquia,152155692.5000000000,1729809.7870000000,150425882.5000000000,2300.7574920000,2147.4568350000,2300.7574920000,,,,,,,,,,,,,,,,,,,2302.51667991108
"27001",Quibdó,3508.65591872000,,1,32,“No es apropiada su aplicación para la ubicación exacta de puntos ni para el cálculo de áreas y distancias,Chocó,3508655918.0000000000,28828270.5700000003,3479827647.0000000000,398.6374855000,55.0770044400,398.6374855000,,,,,,,,,,,,,,,,,,,401.480584536281
"68322",Guapotá,67.18362163100,,1,1475,“No es apropiada su aplicación para la ubicación exacta de puntos ni para el cálculo de áreas y distancias,Santander,67183621.6200000048,307069.5572000000,66876552.0600000024,1261.5262210000,1472.1959650000,1261.5262210000,,,,,,,,,,,,,,,,,,,1260.53778846271
"68211",Contratación,136.94941271300,Ordenanza No. 7 de 1962,1,1650,“No es apropiada su aplicación para la ubicación exacta de puntos ni para el cálculo de áreas y distancias,Santander,136949412.5000000000,960108.7058000000,135989303.5000000000,1779.9356100000,1668.3427250000,1779.9356100000,,,,,,,,,,,,,,,,,,,1780.72186743968
"68217",Coromoro,576.36242968900,,1,1510,“No es apropiada su aplicación para la ubicación exacta de puntos ni para el cálculo de áreas y distancias,Santander,576362429.6000000238,217732.2736000000,576144697.2000000477,2584.3668580000,1530.1403290000,2584.3668580000,,,,,,,,,,,,,,,,,,,2584.77058637643
"68397",La Paz,283.90908081400,,1,1950,“No es apropiada su aplicación para la ubicación exacta de puntos ni para el cálculo de áreas y distancias,Santander,283909080.8000000119,231475.2116000000,283677605.5000000000,1323.0593810000,1905.4043250000,1323.0593810000,,,,,,,,,,,,,,,,,,,1322.60615453727
"15753",Soatá,122.83095483500,,1,1960,“No es apropiada su aplicación para la ubicación exacta de puntos ni para el cálculo de áreas y distancias,Boyacá,122830954.7000000030,1240614.0370000000,121590340.5000000000,2364.0823910000,1981.5928040000,2364.0823910000,,,,,,,,,,,,,,,,,,,2368.00604559825
"68167",Charalá,418.46749108000,,1,1285,“No es apropiada su aplicación para la ubicación exacta de puntos ni para el cálculo de áreas y distancias,Santander,418467491.0000000000,1292026.9480000001,417175464.0000000000,1896.2864550000,1288.8973280000,1896.2864550000,,,,,,,,,,,,,,,,,,,1898.22664068461
"68498",Ocamonte,75.06879569540,,1,1430,“No es apropiada su aplicación para la ubicación exacta de puntos ni para el cálculo de áreas y distancias,Santander,75068795.6800000072,133325.9549000000,74935469.7000000030,1613.7971690000,1396.7888340000,1613.7971690000,,,,,,,,,,,,,,,,,,,1614.16564681623
"05674",San Vicente,230.39152057600,,1,2200,“No es apropiada su aplicación para la ubicación exacta de puntos ni para el cálculo de áreas y distancias,Antioquia,230391520.5000000000,995124.4836000000,229396396.0000000000,2200.8584330000,2152.6839470000,2200.8584330000,,,,,,,,,,,,,,,,,,,2201.06909084239
"05667",San Rafael,363.69313317500,,1,1011,“No es apropiada su aplicación para la ubicación exacta de puntos ni para el cálculo de áreas y distancias,Antioquia,363693133.1000000238,1325538.0800000001,362367595.0000000000,1235.7025940000,1003.9128580000,1235.7025940000,,,,,,,,,,,,,,,,,,,1236.56117535395
"68209",Confines,71.29356374070,,1,1600,“No es apropiada su aplicación para la ubicación exacta de puntos ni para el cálculo de áreas y distancias,Santander,71293563.7300000042,221353.5890000000,71072210.1400000006,1658.0509590000,1507.9657170000,1658.0509590000,,,,,,,,,,,,,,,,,,,1658.49876146491
"05044",Anzá,255.91052737200,,1,625,“No es apropiada su aplicación para la ubicación exacta de puntos ni para el cálculo de áreas y distancias,Antioquia,255910527.3000000119,224239.3514000000,255686287.9000000060,1472.5762710000,647.0738891000,1472.5762710000,,,,,,,,,,,,,,,,,,,1473.26274840637
"05021",Alejandría,128.85643966800,,1,1750,“No es apropiada su aplicación para la ubicación exacta de puntos ni para el cálculo de áreas y distancias,Antioquia,128856439.5000000000,401902.2995000000,128454537.2000000030,1547.7745130000,1639.3724210000,1547.7745130000,,,,,,,,,,,,,,,,,,,1547.47167084884
"68524",Palmas Del Socorro,58.43772572700,,1,1190,“No es apropiada su aplicación para la ubicación exacta de puntos ni para el cálculo de áreas y distancias,Santander,58437725.7100000009,209393.8197000000,58228331.8900000006,1293.7206410000,1177.9533780000,1293.7206410000,,,,,,,,,,,,,,,,,,,1294.15953703419
"05240",Ebéjico,237.74737661300,,1,1250,“No es apropiada su aplicación para la ubicación exacta de puntos ni para el cálculo de áreas y distancias,Antioquia,237747376.5000000000,279534.8735000000,237467841.5000000000,1256.6942870000,1176.6422950000,1256.6942870000,,,,,,,,,,,,,,,,,,,1256.79457832312
"15244",El Cocuy,237.78957099900,,1,2700,“No es apropiada su aplicación para la ubicación exacta de puntos ni para el cálculo de áreas y distancias,Boyacá,237789570.9000000060,643785.6934000000,237145785.0000000000,3706.6445190000,2713.0732480000,3706.6445190000,,,,,,,,,,,,,,,,,,,3709.30986899574
"15097",Boavita,144.98587837300,,1,2161,“No es apropiada su aplicación para la ubicación exacta de puntos ni para el cálculo de áreas y distancias,Boyacá,144985878.3000000119,524217.8711000000,144461660.4000000060,2076.3818830000,2173.3161080000,2076.3818830000,,,,,,,,,,,,,,,,,,,2076.04597802769
"05206",Concepción,201.95259131300,,1,1900,“No es apropiada su aplicación para la ubicación exacta de puntos ni para el cálculo de áreas y distancias,Antioquia,201952591.3000000119,607899.7997000000,201344691.5000000000,2010.1445230000,1845.7972950000,2010.1445230000,,,,,,,,,,,,,,,,,,,2010.64384817033
"05142",Caracolí,262.58365696200,Ordenanza No. 19 de 1963,1,650,“No es apropiada su aplicación para la ubicación exacta de puntos ni para el cálculo de áreas y distancias,Antioquia,262583656.9000000060,321550.3883000000,262262106.5000000000,629.3183503000,624.8633777000,629.3183503000,,,,,,,,,,,,,,,,,,,629.324552679652
"68176",Chima,172.92798669900,,1,1150,“No es apropiada su aplicación para la ubicación exacta de puntos ni para el cálculo de áreas y distancias,Santander,172927986.5000000000,230631.2047000000,172697355.0000000000,1746.0296780000,1149.5282630000,1746.0296780000,,,,,,,,,,,,,,,,,,,1746.85057880683
"15810",Tipacoque,71.79305065590,,1,1850,“No es apropiada su aplicación para la ubicación exacta de puntos ni para el cálculo de áreas y distancias,Boyacá,71793050.6500000060,462830.0383000000,71330220.5900000036,2057.3737180000,1889.1347090000,2057.3737180000,,,,,,,,,,,,,,,,,,,2058.45319927781
"68855",Valle De San José,80.96254986730,,1,1230,“No es apropiada su aplicación para la ubicación exacta de puntos ni para el cálculo de áreas y distancias,Santander,80962549.8400000036,413804.8411000000,80548744.9800000042,1567.2726790000,1234.2786940000,1567.2726790000,,,,,,,,,,,,,,,,,,,1568.95836907986
"15673",San Mateo,123.60233334300,,1,2221,“No es apropiada su aplicación para la ubicación exacta de puntos ni para el cálculo de áreas y distancias,Boyacá,123602333.2000000030,392587.5153000001,123209745.5000000000,2495.8293140000,2217.2902030000,2495.8293140000,,,,,,,,,,,,,,,,,,,2496.71155660149
"15317",Guacamayas,57.52173076600,,1,2195,“No es apropiada su aplicación para la ubicación exacta de puntos ni para el cálculo de áreas y distancias,Boyacá,57521730.7500000000,264014.5961000000,57257716.1400000006,2669.8850400000,2192.5103070000,2669.8850400000,,,,,,,,,,,,,,,,,,,2672.14982846814
"15522",Panqueba,39.62387661720,,1,2250,“No es apropiada su aplicación para la ubicación exacta de puntos ni para el cálculo de áreas y distancias,Boyacá,39623876.6000000015,228135.0025000000,39395741.5900000036,2774.0059670000,2235.9642520000,2774.0059670000,,,,,,,,,,,,,,,,,,,2777.01631460401
"68533",Páramo,72.84692079310,,1,1406,“No es apropiada su aplicación para la ubicación exacta de puntos ni para el cálculo de áreas y distancias,Santander,72846920.7900000066,202748.8798000000,72644171.9000000060,1561.6903100000,1402.2502840000,1561.6903100000,,,,,,,,,,,,,,,,,,,1562.13681683357
"05125",Caicedo,200.13033332000,Decreto No. 1303 de1908,1,800,“No es apropiada su aplicación para la ubicación exacta de puntos ni para el cálculo de áreas y distancias,Antioquia,200130333.3000000119,164124.7597000000,199966208.5000000000,2344.5034770000,1794.3404600000,2344.5034770000,,,,,,,,,,,,,,,,,,,2344.92452043287
"68720",Santa Helena Del Opón,373.26689294000,Decreto No. 2355 de 1975,1,1150,“No es apropiada su aplicación para la ubicación exacta de puntos ni para el cálculo de áreas y distancias,Santander,373266892.8000000119,190375.1089000000,373076517.6000000238,1040.3275960000,1081.1251220000,1040.3275960000,,,,,,,,,,,,,,,,,,,1040.30440619754
"68755",Socorro,127.59689377100,,1,1215,“No es apropiada su aplicación para la ubicación exacta de puntos ni para el cálculo de áreas y distancias,Santander,127596893.7000000030,4119817.3730000001,123477076.2000000030,1339.8018590000,1271.6046110000,1339.8018590000,,,,,,,,,,,,,,,,,,,1342.08696322924
"68502",Onzaga,488.21431644600,,1,1945,“No es apropiada su aplicación para la ubicación exacta de puntos ni para el cálculo de áreas y distancias,Santander,488214316.3000000715,384833.2665000001,487829483.0000000000,2704.3607430000,1944.9541700000,2704.3607430000,,,,,,,,,,,,,,,,,,,2704.96837431794
"15248",El Espino,69.24184310690,,1,2128,“No es apropiada su aplicación para la ubicación exacta de puntos ni para el cálculo de áreas y distancias,Boyacá,69241843.0900000036,300447.3059000000,68941395.7800000012,2795.4642460000,2122.8192230000,2795.4642460000,,,,,,,,,,,,,,,,,,,2798.52548449752
"05670",San Roque,424.52722915800,,1,1427,“No es apropiada su aplicación para la ubicación exacta de puntos ni para el cálculo de áreas y distancias,Antioquia,424527229.1000000238,668960.7888000000,423858268.3000000119,1127.2240040000,1433.5537200000,1127.2240040000,,,,,,,,,,,,,,,,,,,1126.74543099282
"68861",Vélez,446.98404065000,,1,2133,“No es apropiada su aplicación para la ubicación exacta de puntos ni para el cálculo de áreas y distancias,Santander,446984040.6000000238,2467285.2760000001,444516755.3000000119,1282.5940250000,2128.8884220000,1282.5940250000,,,,,,,,,,,,,,,,,,,1277.94405612666
"68549",Pinchote,55.45541427050,,1,1170,“No es apropiada su aplicación para la ubicación exacta de puntos ni para el cálculo de áreas y distancias,Santander,55455414.2700000033,322093.0780000000,55133321.1700000018,1436.0410760000,1198.1133550000,1436.0410760000,,,,,,,,,,,,,,,,,,,1437.48225402832
"05690",Santo Domingo,265.76738469500,,1,1950,“No es apropiada su aplicación para la ubicación exacta de puntos ni para el cálculo de áreas y distancias,Antioquia,265767384.5000000000,537285.9840000002,265230098.5000000000,1704.1228530000,1954.7805750000,1704.1228530000,,,,,,,,,,,,,,,,,,,1703.67947938612
"68385",Landázuri,589.37461785200,Ordenanza No. 10 de 1974,1,926,“No es apropiada su aplicación para la ubicación exacta de puntos ni para el cálculo de áreas y distancias,Santander,589374617.7000000477,571079.7748000000,588803537.7000000477,721.9812711000,936.4313946000,721.9812711000,,,,,,,,,,,,,,,,,,,721.780394114353
"68522",Palmar,19.65973990480,,1,870,“No es apropiada su aplicación para la ubicación exacta de puntos ni para el cálculo de áreas y distancias,Santander,19659739.8900000006,216796.2972000000,19442943.5700000003,808.3400542000,892.5829031000,808.3400542000,,,,,,,,,,,,,,,,,,,807.308659482221
"68682",San Joaquín,142.84073607900,,1,1974,“No es apropiada su aplicación para la ubicación exacta de puntos ni para el cálculo de áreas y distancias,Santander,142840736.0000000000,183314.0465000000,142657421.9000000060,2030.1949760000,1970.6835660000,2030.1949760000,,,,,,,,,,,,,,,,,,,2030.27277427355
"15218",Covarachía,102.08774770000,,1,2350,“No es apropiada su aplicación para la ubicación exacta de puntos ni para el cálculo de áreas y distancias,Boyacá,102087747.7000000030,102117.0234000000,101985630.5000000000,1685.1386540000,2333.3309320000,1685.1386540000,,,,,,,,,,,,,,,,,,,1684.48679005397
"05190",Cisneros,46.91492104520,Ordenanza No. 11 de 1923,1,1044,“No es apropiada su aplicación para la ubicación exacta de puntos ni para el cálculo de áreas y distancias,Antioquia,46914921.0300000012,1450321.3350000000,45464599.6700000018,1385.3795690000,1062.4116080000,1385.3795690000,,,,,,,,,,,,,,,,,,,1395.55068248754
"68425",Macaravita,102.68901574300,,1,2270,“No es apropiada su aplicación para la ubicación exacta de puntos ni para el cálculo de áreas y distancias,Santander,102689015.7000000030,80154.0188600000,102608861.5000000000,2476.6642020000,2289.1031180000,2476.6642020000,,,,,,,,,,,,,,,,,,,2476.78824057133
"68147",Capitanejo,85.22614944160,,1,1100,“No es apropiada su aplicación para la ubicación exacta de puntos ni para el cálculo de áreas y distancias,Santander,85226149.4300000072,2198066.4320000000,83028082.9800000042,1593.4766200000,1100.1629750000,1593.4766200000,,,,,,,,,,,,,,,,,,,1606.51929733904
"05847",Urrao,2563.84971941000,,1,2000,“No es apropiada su aplicación para la ubicación exacta de puntos ni para el cálculo de áreas y distancias,Antioquia,2563849719.0000000000,2343105.7820000001,2561506613.0000000000,1615.1571380000,1844.2372010000,1615.1571380000,,,,,,,,,,,,,,,,,,,1614.95010555319
"68686",San Miguel,71.05594367510,,1,1890,“No es apropiada su aplicación para la ubicación exacta de puntos ni para el cálculo de áreas y distancias,Santander,71055943.6700000018,237275.3722000000,70818668.2900000066,2295.4639050000,1935.3298150000,2295.4639050000,,,,,,,,,,,,,,,,,,,2296.58514703224
"81591",Puerto Rondón,2273.95745362000,Decreto No. 0677 de 1987,1,140,“No es apropiada su aplicación para la ubicación exacta de puntos ni para el cálculo de áreas y distancias,Arauca,2273957453.0000000000,2307951.2940000002,2271649501.0000000000,131.6347047000,139.8334640000,131.6347047000,,,,,,,,,,,,,,,,,,,131.626367459533
"68121",Cabrera,65.45711848340,,1,1020,“No es apropiada su aplicación para la ubicación exacta de puntos ni para el cálculo de áreas y distancias,Santander,65457118.4600000009,343687.4541000000,65113431.0000000000,909.4454404000,1001.7992910000,909.4454404000,,,,,,,,,,,,,,,,,,,908.939919543207
"68344",Hato,168.72778998000,,1,1300,“No es apropiada su aplicación para la ubicación exacta de puntos ni para el cálculo de áreas y distancias,Santander,168727789.9000000060,436128.3969000000,168291661.5000000000,1976.6721870000,1335.9245790000,1976.6721870000,,,,,,,,,,,,,,,,,,,1978.31918725179
"05761",Sopetrán,219.03648514400,,1,660,“No es apropiada su aplicación para la ubicación exacta de puntos ni para el cálculo de áreas y distancias,Antioquia,219036485.0000000000,3953716.4980000001,215082768.5000000000,1254.4874190000,733.8660517000,1254.4874190000,,,,,,,,,,,,,,,,,,,1263.99366703686
"68464",Mogotes,483.01315086500,,1,1682,“No es apropiada su aplicación para la ubicación exacta de puntos ni para el cálculo de áreas y distancias,Santander,483013150.8000000119,947008.6766000000,482066142.1000000238,1830.3375080000,1686.4750580000,1830.3375080000,,,,,,,,,,,,,,,,,,,1830.62094614664
"68679",San Gil,146.58026201600,,1,1117,“No es apropiada su aplicación para la ubicación exacta de puntos ni para el cálculo de áreas y distancias,Santander,146580262.0000000000,7672916.7670000000,138907345.0000000000,1488.6306320000,1158.6163910000,1488.6306320000,,,,,,,,,,,,,,,,,,,1506.76104828371
"05425",Maceo,455.28664720600,Ordenanza No. 60 de 1942,1,1100,“No es apropiada su aplicación para la ubicación exacta de puntos ni para el cálculo de áreas y distancias,Antioquia,455286647.1000000238,676987.2108000000,454609659.8000000119,803.6177435000,942.1356116000,803.6177435000,,,,,,,,,,,,,,,,,,,803.413390315136
"05501",Olaya,86.97390426650,,1,400,“No es apropiada su aplicación para la ubicación exacta de puntos ni para el cálculo de áreas y distancias,Antioquia,86973904.2600000054,50806.6006200000,86923097.6500000060,1201.8818040000,499.5055541000,1201.8818040000,,,,,,,,,,,,,,,,,,,1202.22516450073
"05042",Santa Fe De Antioquia,525.57181578500,,1,570,“No es apropiada su aplicación para la ubicación exacta de puntos ni para el cálculo de áreas y distancias,Antioquia,525571815.6000000238,3596276.4120000000,521975539.1000000238,1501.6008760000,568.3417805000,1501.6008760000,,,,,,,,,,,,,,,,,,,1508.03211293756
"68229",Curití,243.74945365700,,1,1500,“No es apropiada su aplicación para la ubicación exacta de puntos ni para el cálculo de áreas y distancias,Santander,243749453.5000000000,786938.0971000000,242962515.4000000060,1665.2658380000,1490.8044610000,1665.2658380000,,,,,,,,,,,,,,,,,,,1665.83844210875
"68684",San José De Miranda,75.13294958420,,1,1979,“No es apropiada su aplicación para la ubicación exacta de puntos ni para el cálculo de áreas y distancias,Santander,75132949.5600000024,253333.3419000000,74879616.2000000030,1893.8526650000,1986.7364380000,1893.8526650000,,,,,,,,,,,,,,,,,,,1893.49395859748
"81794",Tame,5403.88160248000,Decreto No. 1243 de 1960,1,325,“No es apropiada su aplicación para la ubicación exacta de puntos ni para el cálculo de áreas y distancias,Arauca,5403881602.0000000000,9675907.0710000005,5394205694.0000000000,958.3314606000,357.3864346000,958.3314606000,,,,,,,,,,,,,,,,,,,959.411227405488
"68266",Enciso,74.65455024930,,1,1570,“No es apropiada su aplicación para la ubicación exacta de puntos ni para el cálculo de áreas y distancias,Santander,74654550.2300000042,164535.0160000000,74490015.2000000030,2062.8108880000,1579.1406570000,2062.8108880000,,,,,,,,,,,,,,,,,,,2063.85719794276
"68468",Molagavita,180.09854331300,,1,2180,“No es apropiada su aplicación para la ubicación exacta de puntos ni para el cálculo de áreas y distancias,Santander,180098543.3000000119,217856.3748000000,179880686.9000000060,1956.9195240000,2191.3721150000,1956.9195240000,,,,,,,,,,,,,,,,,,,1956.62108402685
"68079",Barichara,137.02735975700,,1,1284,“No es apropiada su aplicación para la ubicación exacta de puntos ni para el cálculo de áreas y distancias,Santander,137027359.5000000000,1197695.6020000000,135829663.8000000119,1203.3370870000,1280.9580560000,1203.3370870000,,,,,,,,,,,,,,,,,,,1202.63971947446
"05306",Giraldo,93.49176506910,,1,1950,“No es apropiada su aplicación para la ubicación exacta de puntos ni para el cálculo de áreas y distancias,Antioquia,93491765.0600000024,503298.0822000000,92988466.9500000030,2095.0458810000,1983.2324540000,2095.0458810000,,,,,,,,,,,,,,,,,,,2095.65928560194
"68370",Jordán,39.82396332060,,1,300,“No es apropiada su aplicación para la ubicación exacta de puntos ni para el cálculo de áreas y distancias,Santander,39823963.3200000003,47643.9233900000,39776319.3900000006,969.9697533000,442.7661234000,969.9697533000,,,,,,,,,,,,,,,,,,,970.644214238083
"05579",Puerto Berrío,1218.93162729000,,1,113,“No es apropiada su aplicación para la ubicación exacta de puntos ni para el cálculo de áreas y distancias,Antioquia,1218931627.0000000000,6135524.0650000004,1212796102.0000000000,306.3738784000,116.3771398000,306.3738784000,,,,,,,,,,,,,,,,,,,307.345997454162
"68152",Carcasí,258.36871991800,,1,2080,“No es apropiada su aplicación para la ubicación exacta de puntos ni para el cálculo de áreas y distancias,Santander,258368719.9000000060,150379.3679000000,258218340.5000000000,3160.3600640000,2123.9773760000,3160.3600640000,,,,,,,,,,,,,,,,,,,3160.97242252366
"15332",Güicán De La Sierra,949.89977106400,,1,2880,“No es apropiada su aplicación para la ubicación exacta de puntos ni para el cálculo de áreas y distancias,Boyacá,949899771.0000001192,309076.5835000000,949590694.2000000477,3625.1023640000,2883.9661640000,3625.1023640000,,,,,,,,,,,,,,,,,,,3625.32744829767
"05004",Abriaquí,296.97419196000,Ordenanza No. 39 de 1912,1,1900,“No es apropiada su aplicación para la ubicación exacta de puntos ni para el cálculo de áreas y distancias,Antioquia,296974191.8000000119,156834.2238000000,296817357.5000000000,2373.3924330000,1917.4517880000,2373.3924330000,,,,,,,,,,,,,,,,,,,2373.65368002211
"68872",Villanueva,97.42699932020,Ordenanza No. 26 de 1966,1,1470,“No es apropiada su aplicación para la ubicación exacta de puntos ni para el cálculo de áreas y distancias,Santander,97426999.3100000024,1523299.8010000000,95903699.5000000000,1308.3923400000,1458.1554090000,1308.3923400000,,,,,,,,,,,,,,,,,,,1306.03803227367
"68190",Cimitarra,3170.54228611000,Ordenanza No. 025 de 1966,1,159,“No es apropiada su aplicación para la ubicación exacta de puntos ni para el cálculo de áreas y distancias,Santander,3170542286.0000000000,3491018.1120000002,3167051267.0000000000,155.9085021000,166.5551126000,155.9085021000,,,,,,,,,,,,,,,,,,,155.896663712758
"68296",Galán,201.38080284900,,1,944,“No es apropiada su aplicación para la ubicación exacta de puntos ni para el cálculo de áreas y distancias,Santander,201380802.8000000119,257232.4351000000,201123570.3000000119,1583.9882500000,934.8529404000,1583.9882500000,,,,,,,,,,,,,,,,,,,1584.89123336148
"68432",Málaga,57.07166107050,,1,2206,“No es apropiada su aplicación para la ubicación exacta de puntos ni para el cálculo de áreas y distancias,Santander,57071661.0700000003,2939461.3700000001,54132199.7000000030,2509.5666140000,2209.7275330000,2509.5666140000,,,,,,,,,,,,,,,,,,,2525.79022000076
"05885",Yalí,440.55524404400,Ordenanza No. 11 de 1959,1,1200,“No es apropiada su aplicación para la ubicación exacta de puntos ni para el cálculo de áreas y distancias,Antioquia,440555244.0000000000,561555.7215000000,439993688.1000000238,909.7250871000,1223.9187290000,909.7250871000,,,,,,,,,,,,,,,,,,,909.312886767557
"05411",Liborina,216.38676515400,,1,750,“No es apropiada su aplicación para la ubicación exacta de puntos ni para el cálculo de áreas y distancias,Antioquia,216386765.0000000000,337657.2511000000,216049107.5000000000,1719.8327820000,698.8605748000,1719.8327820000,,,,,,,,,,,,,,,,,,,1721.47834690135
"68160",Cepitá,107.75164236400,,1,670,“No es apropiada su aplicación para la ubicación exacta de puntos ni para el cálculo de áreas y distancias,Santander,107751642.2000000030,120186.4411000000,107631455.7000000030,1519.3455970000,664.7862810000,1519.3455970000,,,,,,,,,,,,,,,,,,,1520.2872607835
"68051",Aratoca,169.46175821200,,1,1764,“No es apropiada su aplicación para la ubicación exacta de puntos ni para el cálculo de áreas y distancias,Santander,169461758.0000000000,437564.0806000000,169024193.9000000060,1381.1376020000,1784.6182930000,1381.1376020000,,,,,,,,,,,,,,,,,,,1380.10495779535
"05150",Carolina,149.51422490500,,1,1800,“No es apropiada su aplicación para la ubicación exacta de puntos ni para el cálculo de áreas y distancias,Antioquia,149514224.9000000060,1540253.6180000000,147973971.0000000000,2017.1567850000,1794.3124970000,2017.1567850000,,,,,,,,,,,,,,,,,,,2019.45744391557
"27075",Bahía Solano,896.06565817800,Ordenanza No. 008 de 1962,1,34,“No es apropiada su aplicación para la ubicación exacta de puntos ni para el cálculo de áreas y distancias,Chocó,896065658.1000000238,1501168.0260000001,894564490.0000000000,263.5525646000,9.4738458520,263.5525646000,,,,,,,,,,,,,,,,,,,263.97652743334
"68235",El Carmen,922.57030791200,Decreto No. 0703 de 1986,1,500,“No es apropiada su aplicación para la ubicación exacta de puntos ni para el cálculo de áreas y distancias,Santander,922570307.6000000238,275447.1562000001,922294860.5000000000,895.3262584000,761.9145050000,895.3262584000,,,,,,,,,,,,,,,,,,,895.365512388908
"05890",Yolombó,943.39805813500,,1,1462,“No es apropiada su aplicación para la ubicación exacta de puntos ni para el cálculo de áreas y distancias,Antioquia,943398058.0000000000,2584456.8920000000,940813601.2000000477,1165.3438360000,1441.9018410000,1165.3438360000,,,,,,,,,,,,,,,,,,,1164.58552802041
"15180",Chiscas,657.28074577600,,1,2400,“No es apropiada su aplicación para la ubicación exacta de puntos ni para el cálculo de áreas y distancias,Boyacá,657280745.7000000477,187305.0404000000,657093440.6000000238,3409.2022170000,2365.8382560000,3409.2022170000,,,,,,,,,,,,,,,,,,,3409.47142082253
"05310",Gómez Plata,332.03088992400,Ordenanza No. 26 de 1903,1,1750,“No es apropiada su aplicación para la ubicación exacta de puntos ni para el cálculo de áreas y distancias,Antioquia,332030889.8000000119,1053674.1210000000,330977215.6000000238,1500.5675700000,1820.4224520000,1500.5675700000,,,,,,,,,,,,,,,,,,,1499.57458879756
"05873",Vigía Del Fuerte,1662.72991614000,Ordenanza No. 6 de 1983,1,7,“No es apropiada su aplicación para la ubicación exacta de puntos ni para el cálculo de áreas y distancias,Antioquia,1662729916.0000000000,655458.4661000000,1662074457.0000000000,155.0619597000,13.1706355700,155.0619597000,,,,,,,,,,,,,,,,,,,155.116491342704
"81300",Fortul,1155.52525327000,Decreto No. 2926 de 1989,1,244,“No es apropiada su aplicación para la ubicación exacta de puntos ni para el cálculo de áreas y distancias,Arauca,1155525253.0000000000,2684212.9210000001,1152841040.0000000000,1083.4260840000,237.0931736000,1083.4260840000,,,,,,,,,,,,,,,,,,,1085.43730861042
"27099",Bojayá,3633.17806513000,Ordenanza No. 013 de 1960,1,13,“No es apropiada su aplicación para la ubicación exacta de puntos ni para el cálculo de áreas y distancias,Chocó,3633178065.0000000000,309689.0288000000,3632868375.0000000000,202.8942023000,19.4831037200,202.8942023000,,,,,,,,,,,,,,,,,,,202.91012575809
"68573",Puerto Parra,761.33382158600,Ordenanza No. 20 de 1980,1,100,“No es apropiada su aplicación para la ubicación exacta de puntos ni para el cálculo de áreas y distancias,Santander,761333821.5000000000,593376.1314000000,760740445.2000000477,124.6938249000,100.8633193000,124.6938249000,,,,,,,,,,,,,,,,,,,124.712150775421
"05658",San José De La Montaña,126.04753658900,Ordenanza No. 2 de 1964,1,2550,“No es apropiada su aplicación para la ubicación exacta de puntos ni para el cálculo de áreas y distancias,Antioquia,126047536.5000000000,367756.2887000000,125679780.2000000030,2784.7499790000,2577.6701770000,2784.7499790000,,,,,,,,,,,,,,,,,,,2785.3519554819
"68207",Concepción,336.37615734600,,1,2005,“No es apropiada su aplicación para la ubicación exacta de puntos ni para el cálculo de áreas y distancias,Santander,336376157.3000000119,456371.4335000000,335919785.8000000119,3215.7422250000,2014.6343290000,3215.7422250000,,,,,,,,,,,,,,,,,,,3217.37960347635
"68418",Los Santos,289.58256508700,,1,1295,“No es apropiada su aplicación para la ubicación exacta de puntos ni para el cálculo de áreas y distancias,Santander,289582565.0000000000,417705.2869000000,289164859.6000000238,1210.7337030000,1297.1597490000,1210.7337030000,,,,,,,,,,,,,,,,,,,1210.60452380608
"68745",Simacota,903.35872211300,,1,1080,“No es apropiada su aplicación para la ubicación exacta de puntos ni para el cálculo de áreas y distancias,Santander,903358722.1000000238,382795.8880000000,902975926.2000000477,642.7351103000,1063.4426370000,642.7351103000,,,,,,,,,,,,,,,,,,,642.553401370105
"05284",Frontino,1384.45596340000,,1,1500,“No es apropiada su aplicación para la ubicación exacta de puntos ni para el cálculo de áreas y distancias,Antioquia,1384455963.0000000000,3078698.4500000002,1381377264.0000000000,1257.7464330000,1350.7037780000,1257.7464330000,,,,,,,,,,,,,,,,,,,1257.53807333768
"05315",Guadalupe,118.17417334900,Ordenanza No. 2 de 1964,1,1725,“No es apropiada su aplicación para la ubicación exacta de puntos ni para el cálculo de áreas y distancias,Antioquia,118174173.2000000030,409151.6777000000,117765021.5000000000,1549.5189030000,1865.2262870000,1549.5189030000,,,,,,,,,,,,,,,,,,,1548.45078850726
"68669",San Andrés,280.97616197700,,1,1607,“No es apropiada su aplicación para la ubicación exacta de puntos ni para el cálculo de áreas y distancias,Santander,280976161.8000000119,488311.7222000000,280487850.0000000000,2556.1618410000,1628.2681470000,2556.1618410000,,,,,,,,,,,,,,,,,,,2557.81669128798
"05038",Angostura,338.35447373400,,1,1675,“No es apropiada su aplicación para la ubicación exacta de puntos ni para el cálculo de áreas y distancias,Antioquia,338354473.6000000238,481920.6134000000,337872552.8000000119,2068.1319080000,1695.9151850000,2068.1319080000,,,,,,,,,,,,,,,,,,,2068.65574906413
"05113",Buriticá,355.19124234400,,1,1600,“No es apropiada su aplicación para la ubicación exacta de puntos ni para el cálculo de áreas y distancias,Antioquia,355191242.3000000119,170153.0460000000,355021089.1000000238,1658.2649040000,1632.1030940000,1658.2649040000,,,,,,,,,,,,,,,,,,,1658.27742792242
"05138",Cañasgordas,364.83860141900,,1,1298,“No es apropiada su aplicación para la ubicación exacta de puntos ni para el cálculo de áreas y distancias,Antioquia,364838601.3000000119,907747.8949000000,363930853.3000000119,1773.9669070000,1270.7762560000,1773.9669070000,,,,,,,,,,,,,,,,,,,1775.23613693131
"05858",Vegachí,540.29881964100,Ordenanza No. 9 de 1983,1,1000,“No es apropiada su aplicación para la ubicación exacta de puntos ni para el cálculo de áreas y distancias,Antioquia,540298819.6000000238,1076053.7840000000,539222765.7000000477,895.1529591000,974.5408730000,895.1529591000,,,,,,,,,,,,,,,,,,,894.993144486019
"68895",Zapatoca,363.77435028300,,1,1707,“No es apropiada su aplicación para la ubicación exacta de puntos ni para el cálculo de áreas y distancias,Santander,363774350.1000000238,2576925.4950000001,361197424.6000000238,1344.5399040000,1702.0535380000,1344.5399040000,,,,,,,,,,,,,,,,,,,1341.99952995902
"05842",Uramita,265.93702083800,Ordenanza No. 43 de 1978,1,647,“No es apropiada su aplicación para la ubicación exacta de puntos ni para el cálculo de áreas y distancias,Antioquia,265937020.8000000119,306001.1251000000,265631019.5000000000,1390.7561610000,668.0759313000,1390.7561610000,,,,,,,,,,,,,,,,,,,1391.54228625018
"05647",San Andrés de Cuerquia,206.82016464800,,1,1400,“No es apropiada su aplicación para la ubicación exacta de puntos ni para el cálculo de áreas y distancias,Antioquia,206820164.5000000000,748445.5665000000,206071718.9000000060,2185.7381760000,1454.2047790000,2185.7381760000,,,,,,,,,,,,,,,,,,,2188.38942362472
"05475",Murindó,1266.83987582000,,1,25,“No es apropiada su aplicación para la ubicación exacta de puntos ni para el cálculo de áreas y distancias,Antioquia,1266839875.0000000000,685116.2627000000,1266154758.0000000000,203.1742986000,8.5110306070,203.1742986000,,,,,,,,,,,,,,,,,,,203.277674541593
"05628",Sabanalarga,265.72701219400,,1,850,“No es apropiada su aplicación para la ubicación exacta de puntos ni para el cálculo de áreas y distancias,Antioquia,265727012.0000000000,587001.6207000000,265140010.3000000119,1388.1625370000,843.1388048000,1388.1625370000,,,,,,,,,,,,,,,,,,,1389.33260384206
"05819",Toledo,134.41754239700,Ordenanza No. 33 de 1912,1,1850,“No es apropiada su aplicación para la ubicación exacta de puntos ni para el cálculo de áreas y distancias,Antioquia,134417542.3000000119,272835.1999000000,134144707.0000000000,1319.0567220000,1823.2113320000,1319.0567220000,,,,,,,,,,,,,,,,,,,1317.97148945353
"68547",Piedecuesta,483.79585049400,,1,1009,“No es apropiada su aplicación para la ubicación exacta de puntos ni para el cálculo de áreas y distancias,Santander,483795850.3000000715,11448522.0800000001,472347328.1000000238,1778.1500860000,1008.1075550000,1778.1500860000,,,,,,,,,,,,,,,,,,,1796.81502117125
"68276",Floridablanca,99.93336422540,,1,930,“No es apropiada su aplicación para la ubicación exacta de puntos ni para el cálculo de áreas y distancias,Santander,99933364.2000000030,17123759.1000000015,82809605.0900000036,1445.4209960000,899.5679532000,1445.4209960000,,,,,,,,,,,,,,,,,,,1558.20488117515
"68689",San Vicente De Chucurí,1114.68359487000,,1,652,“No es apropiada su aplicación para la ubicación exacta de puntos ni para el cálculo de áreas y distancias,Santander,1114683594.0000000000,1855996.4180000001,1112827597.0000000000,575.3066939000,648.7206640000,575.3066939000,,,,,,,,,,,,,,,,,,,575.183689667942
"68092",Betulia,430.51655971600,,1,1620,“No es apropiada su aplicación para la ubicación exacta de puntos ni para el cálculo de áreas y distancias,Santander,430516559.6000000238,479899.5264000000,430036660.0000000000,735.0615027000,1819.4626020000,735.0615027000,,,,,,,,,,,,,,,,,,,733.864827881142
"68307",Girón,491.57224660400,,1,703,“No es apropiada su aplicación para la ubicación exacta de puntos ni para el cálculo de áreas y distancias,Santander,491572246.6000000238,9967525.5230000000,481604721.0000000000,821.6033102000,719.0300045000,821.6033102000,,,,,,,,,,,,,,,,,,,823.888969198293
"05134",Campamento,232.05911927700,,1,1725,“No es apropiada su aplicación para la ubicación exacta de puntos ni para el cálculo de áreas y distancias,Antioquia,232059119.0000000000,566915.9263000002,231492203.0000000000,1400.8124780000,1701.2564920000,1400.8124780000,,,,,,,,,,,,,,,,,,,1400.09637446472
"05543",Peque,434.03883133900,Ordenanza No. 13 de 1915,1,1200,“No es apropiada su aplicación para la ubicación exacta de puntos ni para el cálculo de áreas y distancias,Antioquia,434038831.3000000119,514763.9362000000,433524067.3000000119,2011.4127260000,1177.3943600000,2011.4127260000,,,,,,,,,,,,,,,,,,,2012.44225817155
"05887",Yarumal,712.32993568700,,1,2269,“No es apropiada su aplicación para la ubicación exacta de puntos ni para el cálculo de áreas y distancias,Antioquia,712329935.6000000238,2553446.9780000001,709776488.6000000238,2129.0328440000,2266.3502860000,2129.0328440000,,,,,,,,,,,,,,,,,,,2128.54196723111
"68081",Barrancabermeja,1324.66620590000,Ordenanza No. 13 de 1922,2,81,“No es apropiada su aplicación para la ubicación exacta de puntos ni para el cálculo de áreas y distancias,Santander,1324666205.0000000000,32781020.8500000015,1291885184.0000000000,95.8198530300,88.1945894400,95.8198530300,,,,,,,,,,,,,,,,,,,96.0103475226152
"05107",Briceño,376.24010751600,Ordenanza No. 27 de 1980,1,1200,“No es apropiada su aplicación para la ubicación exacta de puntos ni para el cálculo de áreas y distancias,Antioquia,376240107.5000000000,499080.6007000000,375741026.8000000119,1289.2171170000,1226.5506500000,1289.2171170000,,,,,,,,,,,,,,,,,,,1289.29920312545
"68001",Bucaramanga,153.23482276500,,1,960,“No es apropiada su aplicación para la ubicación exacta de puntos ni para el cálculo de áreas y distancias,Santander,153234822.5000000000,55384475.4600000009,97850347.0300000012,1103.6919140000,859.0712322000,1103.6919140000,,,,,,,,,,,,,,,,,,,1239.01707038578
"05604",Remedios,1964.99784597000,,1,728,“No es apropiada su aplicación para la ubicación exacta de puntos ni para el cálculo de áreas y distancias,Antioquia,1964997845.0000000000,3049846.0140000000,1961947998.0000002384,523.1442026000,697.7120381000,523.1442026000,,,,,,,,,,,,,,,,,,,522.87334547517
"05893",Yondó,1892.95354185000,Ordenanza No. 38 de 1978,1,100,“No es apropiada su aplicación para la ubicación exacta de puntos ni para el cálculo de áreas y distancias,Antioquia,1892953541.0000000000,3018483.5610000002,1889935057.0000000000,102.8741878000,77.9933927500,102.8741878000,,,,,,,,,,,,,,,,,,,102.916040970296
"05031",Amalfi,1208.34621589000,,1,1500,“No es apropiada su aplicación para la ubicación exacta de puntos ni para el cálculo de áreas y distancias,Antioquia,1208346215.0000000000,1661721.2050000001,1206684493.0000000000,1094.7136020000,1555.5774280000,1094.7136020000,,,,,,,,,,,,,,,,,,,1094.07532743829
"68169",Charta,126.45830047200,,1,2000,“No es apropiada su aplicación para la ubicación exacta de puntos ni para el cálculo de áreas y distancias,Santander,126458300.4000000060,244037.8606000000,126214262.5000000000,2199.1764620000,1985.0830830000,2199.1764620000,,,,,,,,,,,,,,,,,,,2199.59323816837
"54125",Cácota,138.62005654700,,1,2400,“No es apropiada su aplicación para la ubicación exacta de puntos ni para el cálculo de áreas y distancias,Norte de Santander,138620056.5000000000,276896.4731000000,138343160.0000000000,2756.5397020000,2410.9842560000,2756.5397020000,,,,,,,,,,,,,,,,,,,2757.19564633775
"54480",Mutiscua,158.50838615200,,1,2600,“No es apropiada su aplicación para la ubicación exacta de puntos ni para el cálculo de áreas y distancias,Norte de Santander,158508386.0000000000,167138.0752000000,158341247.9000000060,3183.5694360000,2601.9525780000,3183.5694360000,,,,,,,,,,,,,,,,,,,3184.22272899858
"68867",Vetas,92.23515737050,Ordenanza No. 37 de 1978,1,3350,“No es apropiada su aplicación para la ubicación exacta de puntos ni para el cálculo de áreas y distancias,Santander,92235157.3700000048,188136.4046000000,92047020.9500000030,3468.5635920000,3253.9786820000,3468.5635920000,,,,,,,,,,,,,,,,,,,3468.99757529173
"68132",California,44.92357983750,,1,2000,“No es apropiada su aplicación para la ubicación exacta de puntos ni para el cálculo de áreas y distancias,Santander,44923579.8200000003,142385.0205000000,44781194.7800000012,2718.5301120000,2018.9531860000,2718.5301120000,,,,,,,,,,,,,,,,,,,2720.64723540642
"54377",Labateca,255.46142914000,,1,1534,“No es apropiada su aplicación para la ubicación exacta de puntos ni para el cálculo de áreas y distancias,Norte de Santander,255461429.0000000000,254788.5729000000,255206640.4000000060,2284.7744860000,1581.2840610000,2284.7744860000,,,,,,,,,,,,,,,,,,,2285.42802797962
"68406",Lebrija,549.46776773600,,1,1013,“No es apropiada su aplicación para la ubicación exacta de puntos ni para el cálculo de áreas y distancias,Santander,549467767.7000000477,2913640.1940000001,546554127.5000000000,685.3895149000,1028.9859170000,685.3895149000,,,,,,,,,,,,,,,,,,,683.563658346622
"13160",Cantagallo,879.58754817000,Ordenanza No. 30 de 1994,1,64,“No es apropiada su aplicación para la ubicación exacta de puntos ni para el cálculo de áreas y distancias,Bolívar,879587548.1000000238,1154953.1220000000,878432594.7000000477,261.8086951000,64.4354345900,261.8086951000,,,,,,,,,,,,,,,,,,,262.077012669931
"05854",Valdivia,567.48166159600,,1,1064,“No es apropiada su aplicación para la ubicación exacta de puntos ni para el cálculo de áreas y distancias,Antioquia,567481661.5000000000,426148.0050000000,567055513.2000000477,866.5469791000,1084.9464580000,866.5469791000,,,,,,,,,,,,,,,,,,,866.38688618945
"05040",Anorí,1412.95737086000,,1,1550,“No es apropiada su aplicación para la ubicación exacta de puntos ni para el cálculo de áreas y distancias,Antioquia,1412957370.0000000000,1297711.7130000000,1411659658.0000000000,926.2086930000,1570.9549090000,926.2086930000,,,,,,,,,,,,,,,,,,,925.616145224105
"68444",Matanza,235.29742138100,,1,1580,“No es apropiada su aplicación para la ubicación exacta de puntos ni para el cálculo de áreas y distancias,Santander,235297421.3000000119,298684.1808000000,234998737.0000000000,1954.5460200000,1587.2473030000,1954.5460200000,,,,,,,,,,,,,,,,,,,1955.00901328745
"54518",Pamplona,297.65003053900,,1,2288,“No es apropiada su aplicación para la ubicación exacta de puntos ni para el cálculo de áreas y distancias,Norte de Santander,297650030.5000000000,5259752.3150000004,292390278.1000000238,2623.2489780000,2364.1800720000,2623.2489780000,,,,,,,,,,,,,,,,,,,2627.92837163383
"05736",Segovia,1132.80940287000,,1,681,“No es apropiada su aplicación para la ubicación exacta de puntos ni para el cálculo de áreas y distancias,Antioquia,1132809402.0000000000,3825211.9670000002,1128984190.0000000000,529.7734464000,663.3307879000,529.7734464000,,,,,,,,,,,,,,,,,,,529.323336560284
"54520",Pamplonita,170.54166127700,,1,1700,“No es apropiada su aplicación para la ubicación exacta de puntos ni para el cálculo de áreas y distancias,Norte de Santander,170541661.0000000000,445254.4807000000,170096406.5000000000,2017.3096710000,1744.2340110000,2017.3096710000,,,,,,,,,,,,,,,,,,,2018.00279126257
"05361",Ituango,2840.92641740000,,1,1750,“No es apropiada su aplicación para la ubicación exacta de puntos ni para el cálculo de áreas y distancias,Antioquia,2840926417.0000000000,936626.2312000000,2839989790.0000000000,1481.3129980000,1590.3951260000,1481.3129980000,,,,,,,,,,,,,,,,,,,1481.27648586548
"68780",Suratá,362.29847178800,,1,1740,“No es apropiada su aplicación para la ubicación exacta de puntos ni para el cálculo de áreas y distancias,Santander,362298471.6000000238,201576.0305000000,362096895.5000000000,2558.1422590000,1747.9777890000,2558.1422590000,,,,,,,,,,,,,,,,,,,2558.53993773575
"68255",El Playón,454.15314600500,Decreto No.3515 de 1984,1,445,“No es apropiada su aplicación para la ubicación exacta de puntos ni para el cálculo de áreas y distancias,Santander,454153146.0000000000,584862.9408000000,453568283.0000000000,1164.1531570000,440.6397448000,1164.1531570000,,,,,,,,,,,,,,,,,,,1165.08456321231
"54223",Cucutilla,374.13064732500,,1,1300,“No es apropiada su aplicación para la ubicación exacta de puntos ni para el cálculo de áreas y distancias,Norte de Santander,374130647.3000000119,319293.0661000000,373811354.1000000238,2346.0803570000,1285.4882320000,2346.0803570000,,,,,,,,,,,,,,,,,,,2346.92106786349
"68655",Sabana De Torres,1426.70872276000,Ordenanza No. 16 de 1973,1,135,“No es apropiada su aplicación para la ubicación exacta de puntos ni para el cálculo de áreas y distancias,Santander,1426708722.0000000000,5589463.4330000002,1421119258.0000000000,115.4074925000,136.5666919000,115.4074925000,,,,,,,,,,,,,,,,,,,115.324288350355
"54172",Chinácota,165.89175982300,,1,1230,“No es apropiada su aplicación para la ubicación exacta de puntos ni para el cálculo de áreas y distancias,Norte de Santander,165891759.8000000119,4169891.7990000001,161721868.0000000000,1639.5891310000,1251.6301520000,1639.5891310000,,,,,,,,,,,,,,,,,,,1649.59874971137
"13670",San Pablo,2018.55750048000,Ordenanza No. 02 de 1968,1,75,“No es apropiada su aplicación para la ubicación exacta de puntos ni para el cálculo de áreas y distancias,Bolívar,2018557500.0000000000,2543367.6600000001,2016014132.0000000000,451.0991764000,67.3840466700,451.0991764000,,,,,,,,,,,,,,,,,,,451.576062585728
"05895",Zaragoza,1166.73534616000,,1,67,“No es apropiada su aplicación para la ubicación exacta de puntos ni para el cálculo de áreas y distancias,Antioquia,1166735346.0000000000,1768643.3210000000,1164966702.0000000000,162.4746015000,73.7786338000,162.4746015000,,,,,,,,,,,,,,,,,,,162.650532442805
"54051",Arboledas,455.21921246600,,1,920,“No es apropiada su aplicación para la ubicación exacta de puntos ni para el cálculo de áreas y distancias,Norte de Santander,455219212.3000000119,369615.6558000000,454849596.6000000238,2177.3171710000,936.4981369000,2177.3171710000,,,,,,,,,,,,,,,,,,,2178.28645290367
"05790",Tarazá,1148.69450836000,Ordenanza No. 41 de 1978,1,97,“No es apropiada su aplicación para la ubicación exacta de puntos ni para el cálculo de áreas y distancias,Antioquia,1148694508.0000000000,1899363.4660000000,1146795144.0000000000,497.1028822000,117.5784213000,497.1028822000,,,,,,,,,,,,,,,,,,,497.780057414598
"54099",Bochalema,169.96362801200,,1,1058,“No es apropiada su aplicación para la ubicación exacta de puntos ni para el cálculo de áreas y distancias,Norte de Santander,169963628.0000000000,710255.8696000000,169253372.0000000000,1521.5684730000,1051.4850970000,1521.5684730000,,,,,,,,,,,,,,,,,,,1523.49504518566
"05172",Chigorodó,721.98166706200,Ordenanza No. 52 de 1915,1,31,“No es apropiada su aplicación para la ubicación exacta de puntos ni para el cálculo de áreas y distancias,Antioquia,721981667.0000000000,3934803.3190000001,718046863.6000000238,160.4258501000,34.0727669300,160.4258501000,,,,,,,,,,,,,,,,,,,161.122364528275
"54239",Durania,174.57788162900,Ordenanza No. 12 de 1911,1,950,“No es apropiada su aplicación para la ubicación exacta de puntos ni para el cálculo de áreas y distancias,Norte de Santander,174577881.5000000000,470439.2437000000,174107442.0000000000,972.9926001000,953.4862060000,972.9926001000,,,,,,,,,,,,,,,,,,,973.048530403238
"54128",Cáchira,614.67165625700,,1,2020,“No es apropiada su aplicación para la ubicación exacta de puntos ni para el cálculo de áreas y distancias,Norte de Santander,614671656.2000000477,208819.9474000000,614462836.2000000477,1825.5666770000,1996.6888680000,1825.5666770000,,,,,,,,,,,,,,,,,,,1825.51013464972
"54405",Los Patios,126.14392196500,Ordenanza No. 13 de 1985,1,403,“No es apropiada su aplicación para la ubicación exacta de puntos ni para el cálculo de áreas y distancias,Norte de Santander,126143921.9000000060,10527460.1300000008,115616461.7000000030,809.8255786000,407.8451659000,809.8255786000,,,,,,,,,,,,,,,,,,,846.44543475126
"05147",Carepa,387.43533412600,Ordenanza No. 7 de 1983,1,34,“No es apropiada su aplicación para la ubicación exacta de puntos ni para el cálculo de áreas y distancias,Antioquia,387435334.1000000238,2725279.5830000001,384710054.5000000000,157.1036170000,39.6050995400,157.1036170000,,,,,,,,,,,,,,,,,,,157.935873372686
"54660",Salazar,492.90551091500,,1,850,“No es apropiada su aplicación para la ubicación exacta de puntos ni para el cálculo de áreas y distancias,Norte de Santander,492905510.8000000119,964244.9796000000,491941265.8000000119,1846.1435820000,872.2892222000,1846.1435820000,,,,,,,,,,,,,,,,,,,1848.06961959032
"54673",San Cayetano,138.97553902200,,1,240,“No es apropiada su aplicación para la ubicación exacta de puntos ni para el cálculo de áreas y distancias,Norte de Santander,138975539.0000000000,1715570.6080000000,137259968.3000000119,542.4437735000,246.4147729000,542.4437735000,,,,,,,,,,,,,,,,,,,546.089973350087
"23682",San José De Uré,525.45901805200,Ordenanza No. 11 de 2007,1,96,“No es apropiada su aplicación para la ubicación exacta de puntos ni para el cálculo de áreas y distancias,Córdoba,525459018.0000000000,722630.8565000000,524736387.1000000238,287.1354880000,98.2725031100,287.1354880000,,,,,,,,,,,,,,,,,,,287.4069831871
"05120",Cáceres,1872.69675959000,,1,114,“No es apropiada su aplicación para la ubicación exacta de puntos ni para el cálculo de áreas y distancias,Antioquia,1872696759.0000000000,1655243.9020000000,1871041515.0000000000,198.4014178000,94.8399236000,198.4014178000,,,,,,,,,,,,,,,,,,,198.485138574493
"54680",Santiago,172.17061647000,,1,411,“No es apropiada su aplicación para la ubicación exacta de puntos ni para el cálculo de áreas y distancias,Norte de Santander,172170616.4000000060,246569.7177000000,171924046.5000000000,774.0510582000,410.7714734000,774.0510582000,,,,,,,,,,,,,,,,,,,774.551197287209
"05250",El Bagre,1558.62054923000,Ordenanza No. 22 de 1979,1,50,“No es apropiada su aplicación para la ubicación exacta de puntos ni para el cálculo de áreas y distancias,Antioquia,1558620549.0000000000,11027210.8300000001,1547593338.0000000000,323.2670055000,65.4854563300,323.2670055000,,,,,,,,,,,,,,,,,,,325.032627106693
"54313",Gramalote,148.71499803600,,1,1047,“No es apropiada su aplicación para la ubicación exacta de puntos ni para el cálculo de áreas y distancias,Norte de Santander,148714998.0000000000,837241.6222000000,147877756.3000000119,1582.2286980000,1471.4484430000,1582.2286980000,,,,,,,,,,,,,,,,,,,1582.85557748294
"54418",Lourdes,86.41008330150,Ordenanza No. 44 de 1925,1,1411,“No es apropiada su aplicación para la ubicación exacta de puntos ni para el cálculo de áreas y distancias,Norte de Santander,86410083.2900000066,210623.9205000000,86199459.3400000036,1547.5025770000,1410.8969210000,1547.5025770000,,,,,,,,,,,,,,,,,,,1547.8509924793
"23580",Puerto Libertador,1647.24756414000,Ordenanza No. 6 de 1980,1,90,“No es apropiada su aplicación para la ubicación exacta de puntos ni para el cálculo de áreas y distancias,Córdoba,1647247564.0000000000,2429241.5660000001,1644818322.0000000000,430.1463474000,68.9800847400,430.1463474000,,,,,,,,,,,,,,,,,,,430.678799406126
"05045",Apartadó,535.36472256800,Ordenanza No. 7 de 1967,1,28,“No es apropiada su aplicación para la ubicación exacta de puntos ni para el cálculo de áreas y distancias,Antioquia,535364722.3999999762,6750453.0820000004,528614269.3000000715,286.9342086000,32.3094101800,286.9342086000,,,,,,,,,,,,,,,,,,,290.177914771239
"54871",Villa Caro,400.27398820300,Ordenanza No. 09 de 1948,1,1600,“No es apropiada su aplicación para la ubicación exacta de puntos ni para el cálculo de áreas y distancias,Norte de Santander,400273988.1000000238,439042.2527000000,399834945.8000000119,2372.9489900000,1604.4366100000,2372.9489900000,,,,,,,,,,,,,,,,,,,2373.79374214582
"05154",Caucasia,1428.23932093000,,1,51,“No es apropiada su aplicación para la ubicación exacta de puntos ni para el cálculo de áreas y distancias,Antioquia,1428239320.0000000000,17148978.0700000003,1411090341.0000000000,70.6218922200,59.0008282700,70.6218922200,,,,,,,,,,,,,,,,,,,70.763638028522
"68575",Puerto Wilches,1480.48890653000,,1,65,“No es apropiada su aplicación para la ubicación exacta de puntos ni para el cálculo de áreas y distancias,Santander,1480488906.0000000000,2574268.9980000001,1477914637.0000000000,68.8241301200,66.2084571300,68.8241301200,,,,,,,,,,,,,,,,,,,68.8290371828185
"23350",La Apartada,286.89539702700,Ordenanza No. 07 de 1997,1,40,“No es apropiada su aplicación para la ubicación exacta de puntos ni para el cálculo de áreas y distancias,Córdoba,286895397.0000000000,1037776.3530000000,285857620.6000000238,56.3431125700,39.2787345300,56.3431125700,,,,,,,,,,,,,,,,,,,56.4052806510991
"13688",Santa Rosa Del Sur,2380.12020930000,Ordenanza No. 21 de 1984,1,600,“No es apropiada su aplicación para la ubicación exacta de puntos ni para el cálculo de áreas y distancias,Bolívar,2380120209.0000000000,2877254.9700000002,2377242954.0000000000,965.0661058000,617.7474418000,965.0661058000,,,,,,,,,,,,,,,,,,,965.477801074922
"13744",Simití,1352.83547658000,,1,25,“No es apropiada su aplicación para la ubicación exacta de puntos ni para el cálculo de áreas y distancias,Bolívar,1352835476.0000000000,1467098.7870000000,1351368377.0000000000,240.5304344000,52.6644885500,240.5304344000,,,,,,,,,,,,,,,,,,,240.733865850102
"23466",Montelíbano,1550.83896207000,Decreto No. 810 de 1954,1,39,“No es apropiada su aplicación para la ubicación exacta de puntos ni para el cálculo de áreas y distancias,Córdoba,1550838962.0000000000,11078064.7300000004,1539760897.0000000000,223.2612229000,47.6911255100,223.2612229000,,,,,,,,,,,,,,,,,,,224.523309086963
"54109",Bucarasica,270.25103599800,,1,1100,“No es apropiada su aplicación para la ubicación exacta de puntos ni para el cálculo de áreas y distancias,Norte de Santander,270251035.8000000119,131323.1477000000,270119712.6000000238,1732.9885500000,1133.6265860000,1732.9885500000,,,,,,,,,,,,,,,,,,,1733.25118946915
"05495",Nechí,936.58107899400,Ordenanza No. 1 de 1981,1,35,“No es apropiada su aplicación para la ubicación exacta de puntos ni para el cálculo de áreas y distancias,Antioquia,936581078.7000000477,1596835.5740000000,934984243.1000000238,101.1945823000,35.8372006200,101.1945823000,,,,,,,,,,,,,,,,,,,101.306984924261
"54261",El Zulia,504.24625119900,Ordenanza No. 04 de 1959,1,204,“No es apropiada su aplicación para la ubicación exacta de puntos ni para el cálculo de áreas y distancias,Norte de Santander,504246251.1000000238,1932416.0100000000,502313835.0000000000,470.5425328000,221.0438802000,470.5425328000,,,,,,,,,,,,,,,,,,,471.47866705078
"23807",Tierralta,4938.33118658000,Ordenanza No. 63 de 1948,1,51,“No es apropiada su aplicación para la ubicación exacta de puntos ni para el cálculo de áreas y distancias,Córdoba,4938331186.0000000000,8059787.1900000004,4930271398.0000000000,395.3891108000,51.3888401000,395.3891108000,,,,,,,,,,,,,,,,,,,395.951345101202
"20614",Río De Oro,517.75932253200,,1,1165,“No es apropiada su aplicación para la ubicación exacta de puntos ni para el cálculo de áreas y distancias,Cesar,517759322.3999999762,1296912.1610000001,516462410.3000000715,521.6423677000,1182.7516400000,521.6423677000,,,,,,,,,,,,,,,,,,,519.976287577113
"54398",La Playa,241.77236676100,,1,1500,“No es apropiada su aplicación para la ubicación exacta de puntos ni para el cálculo de áreas y distancias,Norte de Santander,241772366.5000000000,369573.6055000000,241402792.8000000119,1584.1479590000,1431.7311450000,1584.1479590000,,,,,,,,,,,,,,,,,,,1584.38283241183
"23079",Buenavista,834.58344041700,Ordenanza No. 10 de 1969,1,56,“No es apropiada su aplicación para la ubicación exacta de puntos ni para el cálculo de áreas y distancias,Córdoba,834583440.2000000477,2037076.8890000000,832546363.2000000477,50.3483960200,60.8257425400,50.3483960200,,,,,,,,,,,,,,,,,,,50.3228319132276
"23855",Valencia,919.22065717100,Ordenanza No. 29 de 1959,1,55,“No es apropiada su aplicación para la ubicación exacta de puntos ni para el cálculo de áreas y distancias,Córdoba,919220657.1000000238,7420207.7500000000,911800449.2000000477,146.9860335000,61.9395917600,146.9860335000,,,,,,,,,,,,,,,,,,,147.677057478573
"13655",San Jacinto Del Cauca,569.45673457900,Ordenanza No. 13 de 1997,1,25,“No es apropiada su aplicación para la ubicación exacta de puntos ni para el cálculo de áreas y distancias,Bolívar,569456734.5000000000,373965.0049000000,569082769.2000000477,48.7780244800,31.6695557000,48.7780244800,,,,,,,,,,,,,,,,,,,48.7892093158534
"13458",Montecristo,2090.71746623000,Ordenanza No. 30 de 1994,1,50,“No es apropiada su aplicación para la ubicación exacta de puntos ni para el cálculo de áreas y distancias,Bolívar,2090717465.0000000000,389374.4974000000,2090328091.0000000000,513.3723388000,33.5757326700,513.3723388000,,,,,,,,,,,,,,,,,,,513.459712957833
"20310",González,72.57410030300,,1,1300,“No es apropiada su aplicación para la ubicación exacta de puntos ni para el cálculo de áreas y distancias,Cesar,72574100.2900000066,321090.2963000000,72253009.9800000042,1380.0911740000,1304.9267140000,1380.0911740000,,,,,,,,,,,,,,,,,,,1380.41595391983
"13473",Morales,1345.74855158000,,1,41,“No es apropiada su aplicación para la ubicación exacta de puntos ni para el cálculo de áreas y distancias,Bolívar,1345748551.0000000000,926323.7707000000,1344822227.0000000000,465.4245357000,41.1981411800,465.4245357000,,,,,,,,,,,,,,,,,,,465.723084037582
"13042",Arenal,461.36296980100,Ordenanza No. 18 de 1996,1,50,“No es apropiada su aplicación para la ubicación exacta de puntos ni para el cálculo de áreas y distancias,Bolívar,461362969.8000000119,655065.0951000000,460707904.6000000238,566.8417176000,43.5778833300,566.8417176000,,,,,,,,,,,,,,,,,,,567.580533361675
"20295",Gamarra,326.42655470800,Ordenanza No. 15 de 1929,1,43,“No es apropiada su aplicación para la ubicación exacta de puntos ni para el cálculo de áreas y distancias,Cesar,326426554.6000000238,1865737.5070000000,324560817.0000000000,58.7466036400,45.6967418000,58.7466036400,,,,,,,,,,,,,,,,,,,58.8214234801294
"54344",Hacarí,418.21019391300,,1,1000,“No es apropiada su aplicación para la ubicación exacta de puntos ni para el cálculo de áreas y distancias,Norte de Santander,418210193.8000000119,153219.1357000000,418056974.6000000238,1143.8935720000,1068.5548890000,1143.8935720000,,,,,,,,,,,,,,,,,,,1143.92249840938
"20011",Aguachica,876.31769060400,,1,152,“No es apropiada su aplicación para la ubicación exacta de puntos ni para el cálculo de áreas y distancias,Cesar,876317690.6000000238,11535868.1300000008,864781822.2000000477,297.4660582000,164.7982585000,297.4660582000,,,,,,,,,,,,,,,,,,,299.241030113229
"70265",Guaranda,361.39744511400,Ordenanza No. 02 de 1984,1,25,“No es apropiada su aplicación para la ubicación exacta de puntos ni para el cálculo de áreas y distancias,Sucre,361397445.1000000238,1041218.1690000000,360356226.8000000119,26.1222246400,25.9868523600,26.1222246400,,,,,,,,,,,,,,,,,,,26.1226088389095
"54720",Sardinata,1464.66497222000,,1,300,“No es apropiada su aplicación para la ubicación exacta de puntos ni para el cálculo de áreas y distancias,Norte de Santander,1464664972.0000000000,1122575.4410000001,1463542396.0000000000,624.8612872000,312.6341700000,624.8612872000,,,,,,,,,,,,,,,,,,,625.095560774705
"23068",Ayapel,1963.72979464000,,1,26,“No es apropiada su aplicación para la ubicación exacta de puntos ni para el cálculo de áreas y distancias,Córdoba,1963729793.0000000000,14166152.7500000000,1949563641.0000000000,37.1468136900,27.7013939700,37.1468136900,,,,,,,,,,,,,,,,,,,37.2154966307524
"23555",Planeta Rica,1140.09893388000,Decreto No. 811 de 1954,1,87,“No es apropiada su aplicación para la ubicación exacta de puntos ni para el cálculo de áreas y distancias,Córdoba,1140098933.0000000000,4483412.2450000001,1135615520.0000000000,84.6375680700,82.2810634500,84.6375680700,,,,,,,,,,,,,,,,,,,84.6469310636742
"54670",San Calixto,397.28757348900,,1,1650,“No es apropiada su aplicación para la ubicación exacta de puntos ni para el cálculo de áreas y distancias,Norte de Santander,397287573.3000000119,460656.2835000000,396826917.0000000000,1120.2612080000,1672.7752480000,1120.2612080000,,,,,,,,,,,,,,,,,,,1119.62621554217
"05665",San Pedro De Urabá,602.65121750000,Ordenanza No. 22 de 1977,1,434,“No es apropiada su aplicación para la ubicación exacta de puntos ni para el cálculo de áreas y distancias,Antioquia,602651217.5000000000,3338129.3190000001,599313088.1000000238,147.5311963000,137.9691968000,147.5311963000,,,,,,,,,,,,,,,,,,,147.584210423059
"13490",Norosí,415.85261748500,Decreto No. 0699 de 2007,1,50,“No es apropiada su aplicación para la ubicación exacta de puntos ni para el cálculo de áreas y distancias,Bolívar,415852617.3000000119,295833.8039000000,415556783.3000000119,269.4247843000,60.4766601100,269.4247843000,,,,,,,,,,,,,,,,,,,269.569132424533
"23570",Pueblo Nuevo,848.95155683900,Ordenanza No. 4 de 1957,1,120,“No es apropiada su aplicación para la ubicación exacta de puntos ni para el cálculo de áreas y distancias,Córdoba,848951556.7000000477,2048693.9080000001,846902862.7000000477,72.3499696000,115.7932283000,72.3499696000,,,,,,,,,,,,,,,,,,,72.2458317872737
"13810",Tiquisio,761.96262239900,Ordenanza No. 30 de 1994,1,25,“No es apropiada su aplicación para la ubicación exacta de puntos ni para el cálculo de áreas y distancias,Bolívar,761962622.2000000477,667335.2439000000,761295286.7000000477,168.6458143000,29.3576854500,168.6458143000,,,,,,,,,,,,,,,,,,,168.766368653371
"13600",Rioviejo,844.25962604300,Ordenanza No. 10 de 1982,1,10,“No es apropiada su aplicación para la ubicación exacta de puntos ni para el cálculo de áreas y distancias,Bolívar,844259626.0000000000,699743.6328000000,843559882.2000000477,202.8905328000,36.3506542200,202.8905328000,,,,,,,,,,,,,,,,,,,203.041132194688
"05490",Necoclí,1256.11451340000,Ordenanza No. 23 de 1977,1,6,“No es apropiada su aplicación para la ubicación exacta de puntos ni para el cálculo de áreas y distancias,Antioquia,1256114513.0000000000,2836991.5920000002,1253277521.0000000000,65.7829541500,8.6954416670,65.7829541500,,,,,,,,,,,,,,,,,,,65.907361542755
"70708",San Marcos,969.79218571800,,1,20,“No es apropiada su aplicación para la ubicación exacta de puntos ni para el cálculo de áreas y distancias,Sucre,969792185.6000000238,7137337.8190000001,962654847.6000000238,31.5462162100,26.4805071200,31.5462162100,,,,,,,,,,,,,,,,,,,31.5837485482879
"70429",Majagual,844.58564862800,,1,22,“No es apropiada su aplicación para la ubicación exacta de puntos ni para el cálculo de áreas y distancias,Sucre,844585648.6000000238,1408706.3400000001,843176942.2000000477,22.0056097700,23.2418409700,22.0056097700,,,,,,,,,,,,,,,,,,,22.0035283294941
"20383",La Gloria,801.57807923500,,1,35,“No es apropiada su aplicación para la ubicación exacta de puntos ni para el cálculo de áreas y distancias,Cesar,801578079.2000000477,1027297.8630000000,800550781.2000000477,236.5293116000,34.5686261800,236.5293116000,,,,,,,,,,,,,,,,,,,236.79128012229
"05659",San Juan De Urabá,252.02597949800,Ordenanza No. 58 de 1986,1,7,“No es apropiada su aplicación para la ubicación exacta de puntos ni para el cálculo de áreas y distancias,Antioquia,252025979.4000000060,1094126.2130000000,250931853.0000000000,57.7036603900,16.9987711100,57.7036603900,,,,,,,,,,,,,,,,,,,57.8740024746042
"13580",Regidor,183.24156720700,Ordenanza No. 40 de 1995,1,10,“No es apropiada su aplicación para la ubicación exacta de puntos ni para el cálculo de áreas y distancias,Bolívar,183241567.0000000000,687600.7570000000,182553966.0000000000,33.8615693200,32.5342952300,33.8615693200,,,,,,,,,,,,,,,,,,,33.8654704965097
"13030",Altos Del Rosario,303.39090837300,Ordenanza No. 30 de 1994,1,33,“No es apropiada su aplicación para la ubicación exacta de puntos ni para el cálculo de áreas y distancias,Bolívar,303390908.3000000119,792761.4404000000,302598146.8000000119,59.5593303800,29.4904438500,59.5593303800,,,,,,,,,,,,,,,,,,,59.6381589067881
"13006",Achí,950.75656581500,,1,24,“No es apropiada su aplicación para la ubicación exacta de puntos ni para el cálculo de áreas y distancias,Bolívar,950756565.6000000238,669843.9734000000,950086721.6000000238,30.7657590400,24.1678343600,30.7657590400,,,,,,,,,,,,,,,,,,,30.7703924625925
"23090",Canalete,420.08897124500,Ordenanza No. 28 de 1978,1,50,“No es apropiada su aplicación para la ubicación exacta de puntos ni para el cálculo de áreas y distancias,Córdoba,420088971.1000000238,716157.3808000000,419372813.6000000238,117.7578463000,51.0139018600,117.7578463000,,,,,,,,,,,,,,,,,,,117.87371886915
"23678",San Carlos,446.43970663600,,1,12,“No es apropiada su aplicación para la ubicación exacta de puntos ni para el cálculo de áreas y distancias,Córdoba,446439706.6000000238,1160007.5340000000,445279699.0000000000,64.5458809400,12.7576743100,64.5458809400,,,,,,,,,,,,,,,,,,,64.6796167533463
"54250",El Tarra,702.74404750000,Ordenanza No. 04 de 1990,1,150,“No es apropiada su aplicación para la ubicación exacta de puntos ni para el cálculo de áreas y distancias,Norte de Santander,702744047.2000000477,1277508.0480000000,701466539.1000000238,481.8193119000,205.6274103000,481.8193119000,,,,,,,,,,,,,,,,,,,482.324409346623
"05051",Arboletes,754.39450586500,Decreto No. 340 de 1958,1,6,“No es apropiada su aplicación para la ubicación exacta de puntos ni para el cálculo de áreas y distancias,Antioquia,754394505.7000000477,1543955.9890000001,752850549.7000000477,93.8315553300,11.3254383400,93.8315553300,,,,,,,,,,,,,,,,,,,93.9968880145776
"20550",Pelaya,422.73952237300,Ordenanza No. 006 de 1980,1,70,“No es apropiada su aplicación para la ubicación exacta de puntos ni para el cálculo de áreas y distancias,Cesar,422739522.3000000119,2650401.6590000000,420089120.6000000238,267.4199447000,69.4469908900,267.4199447000,,,,,,,,,,,,,,,,,,,268.660456531344
"70400",La Unión,232.19007820600,Ordenanza No. 19 de 1968,1,80,“No es apropiada su aplicación para la ubicación exacta de puntos ni para el cálculo de áreas y distancias,Sucre,232190078.0000000000,7427929.7160000000,224762148.0000000000,59.3857484000,60.0468332200,59.3857484000,,,,,,,,,,,,,,,,,,,59.3638664104416
"70124",Caimito,412.22408664800,,1,20,“No es apropiada su aplicación para la ubicación exacta de puntos ni para el cálculo de áreas y distancias,Sucre,412224086.6000000238,1004590.6120000000,411219495.8000000119,26.3148487200,26.1263983800,26.3148487200,,,,,,,,,,,,,,,,,,,26.315301645346
"23419",Los Córdobas,366.12672556700,Ordenanza No. 6 de 1963,1,7,“No es apropiada su aplicación para la ubicación exacta de puntos ni para el cálculo de áreas y distancias,Córdoba,366126725.5000000000,857552.8530000000,365269172.6000000238,77.8555794200,9.1483360070,77.8555794200,,,,,,,,,,,,,,,,,,,78.0099669965088
"13074",Barranco De Loba,430.20967930700,,1,25,“No es apropiada su aplicación para la ubicación exacta de puntos ni para el cálculo de áreas y distancias,Bolívar,430209679.3000000119,2223716.6990000000,427985962.6000000238,77.4024270500,29.4967850000,77.4024270500,,,,,,,,,,,,,,,,,,,77.6467289976343
"23001",Montería,3137.34686502000,Ordenanza No. 42 de 1923,1,17,“No es apropiada su aplicación para la ubicación exacta de puntos ni para el cálculo de áreas y distancias,Córdoba,3137346865.0000000000,44162125.8900000006,3093184739.0000000000,59.8458000600,15.6187875600,59.8458000600,,,,,,,,,,,,,,,,,,,60.4785999605653
"13667",San Martín De Loba,449.54598213500,,1,27,“No es apropiada su aplicación para la ubicación exacta de puntos ni para el cálculo de áreas y distancias,Bolívar,449545982.1000000238,1200619.9010000001,448345362.1000000238,111.8606947000,35.6876107400,111.8606947000,,,,,,,,,,,,,,,,,,,112.062794832657
"23162",Cereté,290.44660766200,,1,12,“No es apropiada su aplicación para la ubicación exacta de puntos ni para el cálculo de áreas y distancias,Córdoba,290446607.6000000238,19545013.3200000003,270901594.1000000238,23.8768332800,12.2603909200,23.8768332800,,,,,,,,,,,,,,,,,,,24.7138060574914
"13268",El Peñón,318.55216771800,Ordenanza No. 42 de 1995,1,25,“No es apropiada su aplicación para la ubicación exacta de puntos ni para el cálculo de áreas y distancias,Bolívar,318552167.6000000238,295016.2804000000,318257151.3000000119,31.3501422700,34.8345351200,31.3501422700,,,,,,,,,,,,,,,,,,,31.3471868997211
"23660",Sahagún,964.36619125000,,1,83,“No es apropiada su aplicación para la ubicación exacta de puntos ni para el cálculo de áreas y distancias,Córdoba,964366191.2000000477,12046031.2500000000,952320159.6000000238,88.6960617500,78.6358663900,88.6960617500,,,,,,,,,,,,,,,,,,,88.8233913111084
"13300",Hatillo De Loba,194.02398014000,Ordenanza No. 30 de 1994,1,26,“No es apropiada su aplicación para la ubicación exacta de puntos ni para el cálculo de áreas y distancias,Bolívar,194023980.0000000000,991047.8687000000,193032932.0000000000,25.1174116800,26.8641057900,25.1174116800,,,,,,,,,,,,,,,,,,,25.1083495346232
"70771",Sucre,1130.33009731000,,1,19,“No es apropiada su aplicación para la ubicación exacta de puntos ni para el cálculo de áreas y distancias,Sucre,1130330097.0000000000,1257029.0190000001,1129073067.0000000000,17.5254537800,19.0607022500,17.5254537800,,,,,,,,,,,,,,,,,,,17.5237661211402
"23189",Ciénaga De Oro,641.06945143800,,1,13,“No es apropiada su aplicación para la ubicación exacta de puntos ni para el cálculo de áreas y distancias,Córdoba,641069451.2000000477,3233829.7310000001,637835621.2000000477,62.1424060800,19.4862433400,62.1424060800,,,,,,,,,,,,,,,,,,,62.3593995161612
"20787",Tamalameque,512.47036389000,,1,32,“No es apropiada su aplicación para la ubicación exacta de puntos ni para el cálculo de áreas y distancias,Cesar,512470363.8000000119,1949112.3880000000,510521251.3000000715,35.8749815900,33.5773039100,35.8749815900,,,,,,,,,,,,,,,,,,,35.8836765802438
"20517",Pailitas,530.90962513300,Ordenanza No. 21 Bis de 1963,1,75,“No es apropiada su aplicación para la ubicación exacta de puntos ni para el cálculo de áreas y distancias,Cesar,530909625.1000000238,2137728.7000000002,528771896.3000000715,532.1291098000,76.0265032700,532.1291098000,,,,,,,,,,,,,,,,,,,533.963097800051
"13549",Pinillos,774.81728695300,,1,20,“No es apropiada su aplicación para la ubicación exacta de puntos ni para el cálculo de áreas y distancias,Bolívar,774817286.7000000477,805150.3377000000,774012136.2000000477,19.7467927100,20.8536276100,19.7467927100,,,,,,,,,,,,,,,,,,,19.7455979728362
"23686",San Pelayo,445.58548524000,,1,9,“No es apropiada su aplicación para la ubicación exacta de puntos ni para el cálculo de áreas y distancias,Córdoba,445585485.1000000238,3772293.3020000001,441813191.6000000238,38.2107470600,9.9653923210,38.2107470600,,,,,,,,,,,,,,,,,,,38.4523451315184
"70678",San Benito Abad,1493.13820738000,,1,22,“No es apropiada su aplicación para la ubicación exacta de puntos ni para el cálculo de áreas y distancias,Sucre,1493138207.0000000000,2307470.8990000002,1490830736.0000000000,21.8016568800,22.4515483300,21.8016568800,,,,,,,,,,,,,,,,,,,21.8006591153182
"23574",Puerto Escondido,411.17702838500,Ordenanza No. 11 de 1961,1,9,“No es apropiada su aplicación para la ubicación exacta de puntos ni para el cálculo de áreas y distancias,Córdoba,411177028.3000000119,2678462.8670000001,408498565.3000000119,51.3525888600,17.7464012500,51.3525888600,,,,,,,,,,,,,,,,,,,51.5713514655637
"70233",El Roble,198.36216572100,Decreto No. 356 de 1998,1,100,“No es apropiada su aplicación para la ubicación exacta de puntos ni para el cálculo de áreas y distancias,Sucre,198362165.5000000000,1346160.6120000000,197016004.8000000119,65.7674139400,89.7231302400,65.7674139400,,,,,,,,,,,,,,,,,,,65.5988853952209
"23182",Chinú,625.99868218000,,1,122,“No es apropiada su aplicación para la ubicación exacta de puntos ni para el cálculo de áreas y distancias,Córdoba,625998682.1000000238,3610379.9500000002,622388302.1000000238,73.9535204800,114.6922793000,73.9535204800,,,,,,,,,,,,,,,,,,,73.7196058011369
"13440",Margarita,292.62005973000,,1,25,“No es apropiada su aplicación para la ubicación exacta de puntos ni para el cálculo de áreas y distancias,Bolívar,292620059.6000000238,3104487.7340000002,289515571.8000000119,22.0588488900,22.6038597800,22.0588488900,,,,,,,,,,,,,,,,,,,22.0522627260407
"70235",Galeras,321.63589692700,Ordenanza No. 04 de 1968,1,55,“No es apropiada su aplicación para la ubicación exacta de puntos ni para el cálculo de áreas y distancias,Sucre,321635896.8000000119,2067106.5120000001,319568790.1000000238,51.4373876000,85.5708236000,51.4373876000,,,,,,,,,,,,,,,,,,,51.2147527659596
"13650",San Fernando,317.77725939600,,1,25,“No es apropiada su aplicación para la ubicación exacta de puntos ni para el cálculo de áreas y distancias,Bolívar,317777259.3000000119,1786369.5740000000,315990889.6000000238,19.6102313800,21.1782984300,19.6102313800,,,,,,,,,,,,,,,,,,,19.5959101884592
"23168",Chima,324.05822486800,,1,4,“No es apropiada su aplicación para la ubicación exacta de puntos ni para el cálculo de áreas y distancias,Córdoba,324058224.8000000119,642161.4129000000,323416063.3000000119,9.3857947780,9.2536913060,9.3857947780,,,,,,,,,,,,,,,,,,,9.38605011770242
"70670",Sampués,214.00899688100,,1,160,“No es apropiada su aplicación para la ubicación exacta de puntos ni para el cálculo de áreas y distancias,Sucre,214008996.8000000119,2812967.2650000001,211196029.5000000000,119.3397717000,157.6798605000,119.3397717000,,,,,,,,,,,,,,,,,,,118.824995779062
"23670",San Andrés De Sotavento,206.74384582500,,1,117,“No es apropiada su aplicación para la ubicación exacta de puntos ni para el cálculo de áreas y distancias,Córdoba,206743845.8000000119,1428393.4730000000,205315452.3000000119,66.1370215100,104.2729336000,66.1370215100,,,,,,,,,,,,,,,,,,,65.8641067876562
"13468",Mompós,651.57663737800,Ley 1875 de 2017,2,20,“No es apropiada su aplicación para la ubicación exacta de puntos ni para el cálculo de áreas y distancias,Bolívar,651576637.2000000477,4659574.0480000004,646917063.1000000238,16.7991100100,20.5015921100,16.7991100100,,,,,,,,,,,,,,,,,,,16.7725578940758
"23815",Tuchín,106.52481749200,Ordenanza No. 09 de 2007,1,45,“No es apropiada su aplicación para la ubicación exacta de puntos ni para el cálculo de áreas y distancias,Córdoba,106524817.4000000060,1118337.8670000001,105406479.5000000000,71.2350454800,50.3898533400,71.2350454800,,,,,,,,,,,,,,,,,,,71.4638382565267
"13188",Cicuco,132.01644735300,Ordenanza No. 30 de 1994,1,20,“No es apropiada su aplicación para la ubicación exacta de puntos ni para el cálculo de áreas y distancias,Bolívar,132016447.2000000030,1985189.4770000000,130031257.7000000030,15.6116510800,20.4950753900,15.6116510800,,,,,,,,,,,,,,,,,,,15.5379043844021
"23500",Moñitos,203.41361339100,Ordenanza No. 002 de 1978,1,3,“No es apropiada su aplicación para la ubicación exacta de puntos ni para el cálculo de áreas y distancias,Córdoba,203413613.3000000119,1364926.5090000001,202048686.5000000000,52.3310975600,3.3617450780,52.3310975600,,,,,,,,,,,,,,,,,,,52.6670793161293
"47245",El Banco,814.04520563900,,1,35,“No es apropiada su aplicación para la ubicación exacta de puntos ni para el cálculo de áreas y distancias,Magdalena,814045205.6000000238,5753885.4390000002,808291320.1000000238,30.2606009700,30.0885705500,30.2606009700,,,,,,,,,,,,,,,,,,,30.2618303429582
"70215",Corozal,285.51349429700,,1,150,“No es apropiada su aplicación para la ubicación exacta de puntos ni para el cálculo de áreas y distancias,Sucre,285513494.1000000238,4945605.4500000002,280567888.6000000238,127.8230030000,156.5091530000,127.8230030000,,,,,,,,,,,,,,,,,,,127.321766376037
"23464",Momil,158.63964724600,,1,7,“No es apropiada su aplicación para la ubicación exacta de puntos ni para el cálculo de áreas y distancias,Córdoba,158639647.0000000000,1819942.0980000000,156819704.9000000060,24.6203884700,9.3674380740,24.6203884700,,,,,,,,,,,,,,,,,,,24.7970033187206
"23586",Purísima,117.49475350300,,1,6,“No es apropiada su aplicación para la ubicación exacta de puntos ni para el cálculo de áreas y distancias,Córdoba,117494753.5000000000,2045086.1490000000,115449667.2000000030,38.2567083900,9.9179401170,38.2567083900,,,,,,,,,,,,,,,,,,,38.7540251836333
"47318",Guamal,563.81396055000,,1,24,“No es apropiada su aplicación para la ubicación exacta de puntos ni para el cálculo de áreas y distancias,Magdalena,563813960.5000000000,1733751.0310000000,562080209.2000000477,39.9696362800,26.6867686500,39.9696362800,,,,,,,,,,,,,,,,,,,40.0102517022593
"70742",Sincé,418.71906742300,,1,140,“No es apropiada su aplicación para la ubicación exacta de puntos ni para el cálculo de áreas y distancias,Sucre,418719067.3000000119,3039508.4610000001,415679558.8000000119,110.0217557000,134.8473025000,110.0217557000,,,,,,,,,,,,,,,,,,,109.842857374004
"70702",San Juan De Betulia,168.02617422900,Ordenanza No. 28 de 1968,1,145,“No es apropiada su aplicación para la ubicación exacta de puntos ni para el cálculo de áreas y distancias,Sucre,168026174.0000000000,1916097.9990000001,166110076.0000000000,142.8439122000,138.6701055000,142.8439122000,,,,,,,,,,,,,,,,,,,142.892011236353
"70523",Palmito,174.59545907000,,1,40,“No es apropiada su aplicación para la ubicación exacta de puntos ni para el cálculo de áreas y distancias,Sucre,174595459.0000000000,735076.0341000000,173860382.9000000060,36.1096090100,34.0924068700,36.1096090100,,,,,,,,,,,,,,,,,,,36.1182282840534
"13780",Talaigua Nuevo,249.09437378600,Ordenanza No. 10 de 1984,1,16,“No es apropiada su aplicación para la ubicación exacta de puntos ni para el cálculo de áreas y distancias,Bolívar,249094373.5000000000,1096035.3510000000,247998338.0000000000,15.3606927500,18.5926786400,15.3606927500,,,,,,,,,,,,,,,,,,,15.3464702671572
"70001",Sincelejo,279.81390755300,,1,213,“No es apropiada su aplicación para la ubicación exacta de puntos ni para el cálculo de áreas y distancias,Sucre,279813907.5000000000,30718888.9800000004,249095018.5000000000,124.9254176000,200.6043402000,124.9254176000,,,,,,,,,,,,,,,,,,,115.589549921703
"23672",San Antero,208.10687075600,Ordenanza No. 22 de 1929,1,42,“No es apropiada su aplicación para la ubicación exacta de puntos ni para el cálculo de áreas y distancias,Córdoba,208106870.5000000000,3767572.1710000001,204339298.3000000119,36.1028612400,34.7625770900,36.1028612400,,,,,,,,,,,,,,,,,,,36.1964355219468
"70110",Buenavista,146.40010681800,Ordenanza No. 09 de 1968,1,87,“No es apropiada su aplicación para la ubicación exacta de puntos ni para el cálculo de áreas y distancias,Sucre,146400106.8000000119,1174838.3080000000,145225268.4000000060,76.3171538100,99.3039107200,76.3171538100,,,,,,,,,,,,,,,,,,,76.1316152722929
"23675",San Bernardo Del Viento,315.79774193900,Ordenanza No. 13 de 1945,1,4,“No es apropiada su aplicación para la ubicación exacta de puntos ni para el cálculo de áreas y distancias,Córdoba,315797741.8000000119,2516370.3960000002,313281371.3000000119,13.4928168000,4.7684645220,13.4928168000,,,,,,,,,,,,,,,,,,,13.5617458941595
"13430",Magangué,1129.98750562000,,1,20,“No es apropiada su aplicación para la ubicación exacta de puntos ni para el cálculo de áreas y distancias,Bolívar,1129987505.0000000000,34331283.9200000018,1095656221.0000000000,27.6106184900,24.8138586100,27.6106184900,,,,,,,,,,,,,,,,,,,27.6983381925611
"70221",Coveñas,55.81680326130,Decreto No. 063 de 2002,1,2,“No es apropiada su aplicación para la ubicación exacta de puntos ni para el cálculo de áreas y distancias,Sucre,55816803.2500000000,8201015.6310000001,47615787.6000000015,14.9024249400,9.4301658080,14.9024249400,,,,,,,,,,,,,,,,,,,15.7863854835295
"70717",San Pedro,212.80240106800,Ordenanza No. 14 de 1939,1,137,“No es apropiada su aplicación para la ubicación exacta de puntos ni para el cálculo de áreas y distancias,Sucre,212802401.0000000000,1501652.1120000000,211300748.8000000119,130.1357518000,140.3648653000,130.1357518000,,,,,,,,,,,,,,,,,,,130.06265466725
"47703",San Zenón,268.53949238100,,1,25,“No es apropiada su aplicación para la ubicación exacta de puntos ni para el cálculo de áreas y distancias,Magdalena,268539492.3000000119,435008.9079000000,268104483.3000000119,31.5195996900,19.1818639900,31.5195996900,,,,,,,,,,,,,,,,,,,31.5405551765938
"70473",Morroa,170.16473295400,,1,160,“No es apropiada su aplicación para la ubicación exacta de puntos ni para el cálculo de áreas y distancias,Sucre,170164732.9000000060,1525422.6000000001,168639310.3000000119,152.6822051000,163.8374149000,152.6822051000,,,,,,,,,,,,,,,,,,,152.575879781236
"20175",Chimichagua,1374.36713776000,Ordenanza No. 54 de 1892,1,30,“No es apropiada su aplicación para la ubicación exacta de puntos ni para el cálculo de áreas y distancias,Cesar,1374367137.0000000000,2049374.3080000000,1372317762.0000000000,146.6447431000,37.6218203400,146.6447431000,,,,,,,,,,,,,,,,,,,146.808789131583
"47692",San Sebastián De Buenavista,437.11108122900,Decreto No. 0687 de 1957,1,22,“No es apropiada su aplicación para la ubicación exacta de puntos ni para el cálculo de áreas y distancias,Magdalena,437111081.1000000238,989051.3774000000,436122029.6000000238,50.6404923500,24.8521562100,50.6404923500,,,,,,,,,,,,,,,,,,,50.7035669852799
"70418",Los Palmitos,198.76472296700,Ordenanza No. 27 de 1968,1,184,“No es apropiada su aplicación para la ubicación exacta de puntos ni para el cálculo de áreas y distancias,Sucre,198764722.9000000060,1448560.0480000000,197316162.8000000119,200.3161110000,182.7868997000,200.3161110000,,,,,,,,,,,,,,,,,,,200.442334328844
"20032",Astrea,637.04714962000,Ordenanza No. 013 de 1984,1,75,“No es apropiada su aplicación para la ubicación exacta de puntos ni para el cálculo de áreas y distancias,Cesar,637047149.6000000238,1794262.7260000000,635252886.7000000477,72.3129729600,87.2783041100,72.3129729600,,,,,,,,,,,,,,,,,,,72.2693214359858
"70823",Toluviejo,284.70232970700,,1,68,“No es apropiada su aplicación para la ubicación exacta de puntos ni para el cálculo de áreas y distancias,Sucre,284702329.6000000238,1265716.2470000000,283436613.3000000119,64.8656442700,61.2286628100,64.8656442700,,,,,,,,,,,,,,,,,,,64.8817739923266
"47720",Santa Bárbara De Pinto,494.24944043500,Ordenanza No. 003 de 2000,1,25,“No es apropiada su aplicación para la ubicación exacta de puntos ni para el cálculo de áreas y distancias,Magdalena,494249440.3000000715,1559306.4020000000,492690133.8000000119,39.7141349800,20.0883501900,39.7141349800,,,,,,,,,,,,,,,,,,,39.7757681796949
"70820",Tolú,302.59127993400,,1,4,“No es apropiada su aplicación para la ubicación exacta de puntos ni para el cálculo de áreas y distancias,Sucre,302591279.8000000119,8778264.8420000002,293813014.8000000119,11.9208289800,4.1350707130,11.9208289800,,,,,,,,,,,,,,,,,,,12.1441723765823
"13212",Córdoba,596.86562587500,,1,20,“No es apropiada su aplicación para la ubicación exacta de puntos ni para el cálculo de áreas y distancias,Bolívar,596865625.7000000477,907356.9224000000,595958268.7000000477,53.1587338200,17.5307747800,53.1587338200,,,,,,,,,,,,,,,,,,,53.212136214809
"47545",Pijiño Del Carmen,660.76317685600,Ordenanza No. 1 de 1996,1,25,“No es apropiada su aplicación para la ubicación exacta de puntos ni para el cálculo de áreas y distancias,Magdalena,660763176.7000000477,909284.8075000000,659853891.7000000477,64.4404424000,22.4093369400,64.4404424000,,,,,,,,,,,,,,,,,,,64.4967778961285
"47707",Santa Ana,1119.22242329000,,1,25,“No es apropiada su aplicación para la ubicación exacta de puntos ni para el cálculo de áreas y distancias,Magdalena,1119222423.0000000000,2189046.7620000001,1117033376.0000000000,50.8001636600,25.4294353500,50.8001636600,,,,,,,,,,,,,,,,,,,50.8497121276223
"13894",Zambrano,309.30984970300,,1,21,“No es apropiada su aplicación para la ubicación exacta de puntos ni para el cálculo de áreas y distancias,Bolívar,309309849.6000000238,2291336.8250000002,307018512.6000000238,50.4311588900,14.5331100700,50.4311588900,,,,,,,,,,,,,,,,,,,50.7030093403252
"20250",El Paso,812.31387919000,Ordenanza No. 29 de 1979,1,37,“No es apropiada su aplicación para la ubicación exacta de puntos ni para el cálculo de áreas y distancias,Cesar,812313879.1000000238,3674206.8610000000,808639672.2000000477,44.6583201300,40.2784357500,44.6583201300,,,,,,,,,,,,,,,,,,,44.6780542743641
"13654",San Jacinto,442.65142066000,,1,239,“No es apropiada su aplicación para la ubicación exacta de puntos ni para el cálculo de áreas y distancias,Bolívar,442651420.6000000238,3951252.1560000000,438700168.3000000119,269.6945511000,248.5168599000,269.6945511000,,,,,,,,,,,,,,,,,,,269.884784574454
"47460",Nueva Granada,841.12438200700,Ordenanza No. 004 de 2000,1,112,“No es apropiada su aplicación para la ubicación exacta de puntos ni para el cálculo de áreas y distancias,Magdalena,841124382.0000000000,1190085.7000000000,839934296.2000000477,101.4059324000,109.7700056000,101.4059324000,,,,,,,,,,,,,,,,,,,101.393860326578
"47058",Ariguaní,1130.33761469000,Ordenanza No. 14 Bis de 1966,1,187,“No es apropiada su aplicación para la ubicación exacta de puntos ni para el cálculo de áreas y distancias,Magdalena,1130337614.0000000000,2677872.4240000001,1127659741.0000000000,105.9376875000,174.1093354000,105.9376875000,,,,,,,,,,,,,,,,,,,105.775422525171
"47798",Tenerife,491.78018574800,,1,20,“No es apropiada su aplicación para la ubicación exacta de puntos ni para el cálculo de áreas y distancias,Magdalena,491780185.6000000238,1713688.0000000000,490066497.6000000238,68.2017547700,16.7991871000,68.2017547700,,,,,,,,,,,,,,,,,,,68.3809839239894
"47555",Plato,1455.59656092000,,1,14,“No es apropiada su aplicación para la ubicación exacta de puntos ni para el cálculo de áreas y distancias,Magdalena,1455596560.0000000000,7881048.7630000003,1447715511.0000000000,74.6918429400,31.3226306900,74.6918429400,,,,,,,,,,,,,,,,,,,74.9279537338327
"20060",Bosconia,585.79767416500,Ordenanza No. 001 de 1979,1,83,“No es apropiada su aplicación para la ubicación exacta de puntos ni para el cálculo de áreas y distancias,Cesar,585797674.1000000238,9641072.8010000009,576156601.2000000477,85.7836916500,82.8100473000,85.7836916500,,,,,,,,,,,,,,,,,,,85.8334390541636
"13442",María La Baja,561.01990104900,,1,12,“No es apropiada su aplicación para la ubicación exacta de puntos ni para el cálculo de áreas y distancias,Bolívar,561019901.0000000000,3001038.5180000002,558018862.2000000477,26.3605609800,14.2676419000,26.3605609800,,,,,,,,,,,,,,,,,,,26.4262714657164
"13657",San Juan Nepomuceno,630.80722240900,,1,166,“No es apropiada su aplicación para la ubicación exacta de puntos ni para el cálculo de áreas y distancias,Bolívar,630807222.2000000477,4100574.2990000001,626706647.7000000477,184.3820463000,177.1443859000,184.3820463000,,,,,,,,,,,,,,,,,,,184.429608163981
"13248",El Guamo,382.97617820600,,1,100,“No es apropiada su aplicación para la ubicación exacta de puntos ni para el cálculo de áreas y distancias,Bolívar,382976178.1000000238,779628.0890000000,382196550.0000000000,89.5657213200,73.2767027500,89.5657213200,,,,,,,,,,,,,,,,,,,89.5990769435071
"70713",San Onofre,1034.69921812000,,1,34,“No es apropiada su aplicación para la ubicación exacta de puntos ni para el cálculo de áreas y distancias,Sucre,1034699218.0000000000,3417019.5170000000,1031282198.0000000000,51.2242746800,29.6558201400,51.2242746800,,,,,,,,,,,,,,,,,,,51.2962106689643
"47170",Chivolo,536.09968757800,Decreto No. 0107 de 1947,1,100,“No es apropiada su aplicación para la ubicación exacta de puntos ni para el cálculo de áreas y distancias,Magdalena,536099687.5000000596,1704399.7190000000,534395287.6000000238,97.5416005900,125.7397200000,97.5416005900,,,,,,,,,,,,,,,,,,,97.4488217179108
"47541",Pedraza,305.46358605900,,1,10,“No es apropiada su aplicación para la ubicación exacta de puntos ni para el cálculo de áreas y distancias,Magdalena,305463586.0000000000,369279.2856000000,305094306.6000000238,30.1181306100,10.8725200900,30.1181306100,,,,,,,,,,,,,,,,,,,30.1398962601541
"47960",Zapayán,372.60620366800,Ordenanza No. 005 de 2000,1,24,“No es apropiada su aplicación para la ubicación exacta de puntos ni para el cálculo de áreas y distancias,Magdalena,372606203.6000000238,446483.8871000000,372159719.6000000238,31.5018102200,14.4188670200,31.5018102200,,,,,,,,,,,,,,,,,,,31.5222725397175
"47205",Concordia,109.39500170900,Ordenanza No. 007 de 1999,1,25,“No es apropiada su aplicación para la ubicación exacta de puntos ni para el cálculo de áreas y distancias,Magdalena,109395001.7000000030,589336.7309000000,108805664.9000000060,28.8508908600,11.7565107700,28.8508908600,,,,,,,,,,,,,,,,,,,28.9459403201377
"13433",Mahates,432.09796334500,,1,10,“No es apropiada su aplicación para la ubicación exacta de puntos ni para el cálculo de áreas y distancias,Bolívar,432097963.3000000119,2104269.1390000000,429993694.1000000238,43.2469559500,8.4891151450,43.2469559500,,,,,,,,,,,,,,,,,,,43.4143128056476
"13838",Turbana,191.07858647500,,1,50,“No es apropiada su aplicación para la ubicación exacta de puntos ni para el cálculo de áreas y distancias,Bolívar,191078586.4000000060,1144892.5310000000,189933693.8000000119,38.4096476400,89.4882223400,38.4096476400,,,,,,,,,,,,,,,,,,,38.1130609085862
"13062",Arroyohondo,163.68634148700,Ordenanza No. 41 de 1997,1,25,“No es apropiada su aplicación para la ubicación exacta de puntos ni para el cálculo de áreas y distancias,Bolívar,163686341.4000000060,585756.7647000002,163100584.5000000000,44.4588124700,34.7326209300,44.4588124700,,,,,,,,,,,,,,,,,,,44.4944395539266
"13052",Arjona,587.18979133600,,1,62,“No es apropiada su aplicación para la ubicación exacta de puntos ni para el cálculo de áreas y distancias,Bolívar,587189791.2000000477,7203319.7460000003,579986471.2000000477,27.9324375600,59.0942231300,27.9324375600,,,,,,,,,,,,,,,,,,,27.5434636567738
"20750",San Diego,644.88180328300,Ordenanza No. 28 de 1982,1,167,“No es apropiada su aplicación para la ubicación exacta de puntos ni para el cálculo de áreas y distancias,Cesar,644881803.2000000477,2640309.0750000002,642241494.1000000238,181.7440535000,168.3848677000,181.7440535000,,,,,,,,,,,,,,,,,,,181.799660030293
"47161",Cerro De San Antonio,176.88336149700,,1,7,“No es apropiada su aplicación para la ubicación exacta de puntos ni para el cálculo de áreas y distancias,Magdalena,176883361.4000000060,514443.6244000000,176368917.5000000000,14.3149045600,8.9103342170,14.3149045600,,,,,,,,,,,,,,,,,,,14.3298499789265
"47660",Sabanas De San Ángel,1237.52338861000,Ordenanza No. 006 de 1999,1,140,“No es apropiada su aplicación para la ubicación exacta de puntos ni para el cálculo de áreas y distancias,Magdalena,1237523388.0000000000,802138.6977000000,1236721249.0000000000,138.0284392000,129.1604305000,138.0284392000,,,,,,,,,,,,,,,,,,,138.034288441507
"47030",Algarrobo,405.91779127900,Ordenanza No. 008 de 1999,1,100,“No es apropiada su aplicación para la ubicación exacta de puntos ni para el cálculo de áreas y distancias,Magdalena,405917791.1000000238,1387609.0490000001,404530182.0000000000,120.0770736000,109.9137089000,120.0770736000,,,,,,,,,,,,,,,,,,,120.111493516261
"20238",El Copey,955.14981838700,Ordenanza No. 08 de 1971,1,135,“No es apropiada su aplicación para la ubicación exacta de puntos ni para el cálculo de áreas y distancias,Cesar,955149818.2000000477,3659790.4430000000,951490027.6000000238,392.4085922000,139.2155494000,392.4085922000,,,,,,,,,,,,,,,,,,,393.381474048689
"13836",Turbaco,202.57632488300,,1,179,“No es apropiada su aplicación para la ubicación exacta de puntos ni para el cálculo de áreas y distancias,Bolívar,202576324.8000000119,14878790.5500000007,187697534.0000000000,99.4413293400,117.9599746000,99.4413293400,,,,,,,,,,,,,,,,,,,98.033480756076
"47258",El Piñón,556.68602428400,,1,5,“No es apropiada su aplicación para la ubicación exacta de puntos ni para el cálculo de áreas y distancias,Magdalena,556686024.2000000477,932912.4063000000,555753111.7000000477,22.0984051000,6.3959547260,22.0984051000,,,,,,,,,,,,,,,,,,,22.1254864867949
"08137",Campo De La Cruz,99.91931720070,,1,7,“No es apropiada su aplicación para la ubicación exacta de puntos ni para el cálculo de áreas y distancias,Atlántico,99919317.2000000030,3402911.6970000002,96516405.5000000000,4.2424003170,5.7427244470,4.2424003170,,,,,,,,,,,,,,,,,,,4.18920474999956
"13683",Santa Rosa,154.61311308900,,1,50,“No es apropiada su aplicación para la ubicación exacta de puntos ni para el cálculo de áreas y distancias,Bolívar,154613113.0000000000,4186346.2960000001,150426766.5000000000,57.2087181500,35.8836968300,57.2087181500,,,,,,,,,,,,,,,,,,,57.8046430004023
"08141",Candelaria,135.68066078400,,1,13,“No es apropiada su aplicación para la ubicación exacta de puntos ni para el cálculo de áreas y distancias,Atlántico,135680660.5000000000,1323471.4480000001,134357189.0000000000,26.0279876500,10.2158902000,26.0279876500,,,,,,,,,,,,,,,,,,,26.178211968309
"47675",Salamina,170.16413800800,,1,5,“No es apropiada su aplicación para la ubicación exacta de puntos ni para el cálculo de áreas y distancias,Magdalena,170164138.0000000000,1817765.8990000000,168346372.0000000000,3.3099538140,5.5593534920,3.3099538140,,,,,,,,,,,,,,,,,,,3.28598950880632
"47288",Fundación,970.56788386700,Ordenanza No. 47 de 1945,1,45,“No es apropiada su aplicación para la ubicación exacta de puntos ni para el cálculo de áreas y distancias,Magdalena,970567883.6000000238,7392911.8030000003,963174971.6000000238,978.0547602000,50.1894021500,978.0547602000,,,,,,,,,,,,,,,,,,,985.143145414766
"47551",Pivijay,1638.66126696000,Ordenanza No. 54 de 1892,1,4,“No es apropiada su aplicación para la ubicación exacta de puntos ni para el cálculo de áreas y distancias,Magdalena,1638661266.0000000000,3858823.7710000002,1634802442.0000000000,45.9975999400,9.4712734850,45.9975999400,,,,,,,,,,,,,,,,,,,46.0835791339547
"13001",Cartagena De Indias,567.13609646200,Acto Legislativo  02 de 2018,2,1,“No es apropiada su aplicación para la ubicación exacta de puntos ni para el cálculo de áreas y distancias,Bolívar,567136096.2000000477,83647886.4800000042,483488209.6000000238,23.7470369900,11.6240672000,23.7470369900,,,,,,,,,,,,,,,,,,,25.7928851249539
"08638",Sabanalarga,395.57894111900,,1,99,“No es apropiada su aplicación para la ubicación exacta de puntos ni para el cálculo de áreas y distancias,Atlántico,395578941.1000000238,8152013.4450000003,387426927.6000000238,69.3395340500,96.0065267600,69.3395340500,,,,,,,,,,,,,,,,,,,68.7792618129738
"08560",Ponedera,206.50811290400,Ordenanza No. 75 de 1965,1,8,“No es apropiada su aplicación para la ubicación exacta de puntos ni para el cálculo de áreas y distancias,Atlántico,206508112.9000000060,1757744.8680000000,204750368.0000000000,22.1353173400,11.3302503300,22.1353173400,,,,,,,,,,,,,,,,,,,22.2411870887395
"20570",Pueblo Bello,742.63686326100,Ordenanza No. 37 de 1997,1,1100,“No es apropiada su aplicación para la ubicación exacta de puntos ni para el cálculo de áreas y distancias,Cesar,742636863.2000000477,2053928.0940000000,740582935.1000000238,1612.8538080000,1099.9937360000,1612.8538080000,,,,,,,,,,,,,,,,,,,1614.27221925924
"08520",Palmar De Varela,92.19176099440,,1,4,“No es apropiada su aplicación para la ubicación exacta de puntos ni para el cálculo de áreas y distancias,Atlántico,92191760.9800000042,2857213.4720000001,89334547.5000000000,17.0422880200,5.6519830360,17.0422880200,,,,,,,,,,,,,,,,,,,17.3989324427533
"47605",Remolino,594.37513970700,,1,5,“No es apropiada su aplicación para la ubicación exacta de puntos ni para el cálculo de áreas y distancias,Magdalena,594375139.7000000477,730722.2749000000,593644417.2000000477,3.2655039300,4.2837992720,3.2655039300,,,,,,,,,,,,,,,,,,,3.26425109606067
"47268",El Retén,261.90228944900,Ordenanza No. 04 de 1996,1,20,“No es apropiada su aplicación para la ubicación exacta de puntos ni para el cálculo de áreas y distancias,Magdalena,261902289.4000000060,1245507.3610000000,260656782.0000000000,14.2889256000,24.3656740300,14.2889256000,,,,,,,,,,,,,,,,,,,14.2381910883025
"08685",Santo Tomás,65.03235866620,,1,6,“No es apropiada su aplicación para la ubicación exacta de puntos ni para el cálculo de áreas y distancias,Atlántico,65032358.6400000006,3363827.8670000001,61668530.7700000033,28.5942033200,7.3517418370,28.5942033200,,,,,,,,,,,,,,,,,,,29.7956833595953
"08849",Usiacurí,101.30913405800,,1,110,“No es apropiada su aplicación para la ubicación exacta de puntos ni para el cálculo de áreas y distancias,Atlántico,101309134.0000000000,1375798.1520000000,99933335.8400000036,110.3781669000,112.7949336000,110.3781669000,,,,,,,,,,,,,,,,,,,110.344411563833
"08558",Polonuevo,73.80719457280,,1,75,“No es apropiada su aplicación para la ubicación exacta de puntos ni para el cálculo de áreas y distancias,Atlántico,73807194.5600000024,1508997.8750000000,72298196.6800000072,75.7759137200,80.6531498200,75.7759137200,,,,,,,,,,,,,,,,,,,75.6728775117401
"08634",Sabanagrande,43.06589498810,,1,6,“No es apropiada su aplicación para la ubicación exacta de puntos ni para el cálculo de áreas y distancias,Atlántico,43065894.9600000009,3302334.7700000000,39763560.1700000018,14.0513456100,8.1082338200,14.0513456100,,,,,,,,,,,,,,,,,,,14.5497434566708
"20001",Valledupar,4181.84482461000,,1,169,“No es apropiada su aplicación para la ubicación exacta de puntos ni para el cálculo de áreas y distancias,Cesar,4181844824.0000000000,47935576.5300000012,4133909247.0000000000,711.0177318000,170.9631546000,711.0177318000,,,,,,,,,,,,,,,,,,,717.292996148015
"08433",Malambo,98.18981709900,Ordenanza No. 24 de 1912,1,10,“No es apropiada su aplicación para la ubicación exacta de puntos ni para el cálculo de áreas y distancias,Atlántico,98189817.0900000036,12387054.9100000001,85802762.1800000072,46.8879646600,16.9406190800,46.8879646600,,,,,,,,,,,,,,,,,,,51.3174755566607
"08758",Soledad,59.12799250600,,1,14,“No es apropiada su aplicación para la ubicación exacta de puntos ni para el cálculo de áreas y distancias,Atlántico,59127992.5000000000,37353548.9900000021,21774443.5000000000,26.9230030200,30.5449767500,26.9230030200,,,,,,,,,,,,,,,,,,,20.6558611486643
"44098",Distracción,231.22870064700,Ordenanza No. 41 de 1995,1,205,“No es apropiada su aplicación para la ubicación exacta de puntos ni para el cálculo de áreas y distancias,La Guajira,231228700.5000000000,983022.0074000000,230245678.4000000060,474.5578733000,206.5909834000,474.5578733000,,,,,,,,,,,,,,,,,,,475.670417024317
"08573",Puerto Colombia,70.31064754600,Decreto No. 483 de 1906,1,4,“No es apropiada su aplicación para la ubicación exacta de puntos ni para el cálculo de áreas y distancias,Atlántico,70310647.5400000066,14252044.1300000008,56058603.3900000006,41.7184990800,26.1867932400,41.7184990800,,,,,,,,,,,,,,,,,,,45.5816733442649
"47745",Sitionuevo,970.21714502400,,1,5,“No es apropiada su aplicación para la ubicación exacta de puntos ni para el cálculo de áreas y distancias,Magdalena,970217144.8999999762,911776.3388000000,969305368.6000001431,2.4323070580,2.9766119570,2.4323070580,,,,,,,,,,,,,,,,,,,2.43180288931198
"08001",Barranquilla,153.79129480500,"Acto Legislativo No.1 de 1993, Art. 1",2,32,“No es apropiada su aplicación para la ubicación exacta de puntos ni para el cálculo de áreas y distancias,Atlántico,153791294.8000000119,106088890.2000000030,47702404.6000000015,35.0144110500,40.3904520300,35.0144110500,,,,,,,,,,,,,,,,,,,22.9801074580076
"44090",Dibulla,1746.78683360000,Ordenanza No. 30 de 1995,1,3,“No es apropiada su aplicación para la ubicación exacta de puntos ni para el cálculo de áreas y distancias,La Guajira,1746786833.0000000000,1081016.4830000000,1745705816.0000000000,1282.3366590000,6.9156956780,1282.3366590000,,,,,,,,,,,,,,,,,,,1283.12013759851
"47001",Santa Marta,2344.07159966000,Acto Legislativo 02 de 2018,2,2,“No es apropiada su aplicación para la ubicación exacta de puntos ni para el cálculo de áreas y distancias,Magdalena,2344071599.0000000000,67961871.0400000066,2276109727.0000000000,1101.8091420000,37.9975388500,1101.8091420000,,,,,,,,,,,,,,,,,,,1133.57378009354
"44001",Riohacha,3082.41094691000,Ley 1766 de 2015,2,3,“No es apropiada su aplicación para la ubicación exacta de puntos ni para el cálculo de áreas y distancias,La Guajira,3082410946.0000000000,25911814.2300000004,3056499131.0000000000,299.3191501000,12.8027559400,299.3191501000,,,,,,,,,,,,,,,,,,,301.730398279799
"44560",Manaure,1616.12560070000,Ordenanza No. 15 de 1973,1,3,“No es apropiada su aplicación para la ubicación exacta de puntos ni para el cálculo de áreas y distancias,La Guajira,1616125600.0000000000,5674140.4500000002,1610451459.0000000000,23.3755033100,4.0229216610,23.3755033100,,,,,,,,,,,,,,,,,,,23.4432528060848
"88564",Providencia y Santa Catalina,22.48978688240,Decreto No. 2964 Bis de 1953,1,5,“No es apropiada su aplicación para la ubicación exacta de puntos ni para el cálculo de áreas y distancias,San Andrés y Providencia,22489786.8700000010,2417442.1000000001,20072344.7600000016,80.8031929000,15.5305645700,80.8031929000,,,,,,,,,,,,,,,,,,,88.5220511196552
"94888",Morichal,8513.75390171000,Decreto No. 0083 de 1988,3,151,“No es apropiada su aplicación para la ubicación exacta de puntos ni para el cálculo de áreas y distancias,Guainía,8513753900.0000000000,0.0000000000,8513753900.0000000000,185.0500283000,0.0000000000,185.0500283000,,,,,,,,,,,,,,,,,,,185.050028309303
"52835",Tumaco,3616.89087813000,Acto Legislativo 02 de 2018,2,3,“No es apropiada su aplicación para la ubicación exacta de puntos ni para el cálculo de áreas y distancias,Nariño,3616890878.0000000000,11356417.2100000009,3605534460.0000000000,70.8142340800,4.8354424860,70.8142340800,,,,,,,,,,,,,,,,,,,71.0211887543664
"91540",Puerto Nariño,1455.58351811000,Decreto No. 0106 de 1984,1,100,“No es apropiada su aplicación para la ubicación exacta de puntos ni para el cálculo de áreas y distancias,Amazonas,1455583518.0000000000,724342.9735000000,1454859175.0000000000,108.6959609000,82.9243360600,108.6959609000,,,,,,,,,,,,,,,,,,,108.708810572319
"91001",Leticia,6010.30247228000,Decreto No. 0352 de 1964,1,82,“No es apropiada su aplicación para la ubicación exacta de puntos ni para el cálculo de áreas y distancias,Amazonas,6010302472.0000000000,12790030.6500000004,5997512441.0000000000,124.9146539000,77.8862312200,124.9146539000,,,,,,,,,,,,,,,,,,,125.003707849136
"97666",Taraira,6494.49659691000,Ordenanza No. 22 de 1992,1,100,“No es apropiada su aplicación para la ubicación exacta de puntos ni para el cálculo de áreas y distancias,Vaupés,6494496596.0000000000,402454.6564000000,6494094141.0000000000,127.5265761000,121.1285762000,127.5265761000,,,,,,,,,,,,,,,,,,,127.52698087448
"86757",San Miguel,373.64269876500,,1,535,“No es apropiada su aplicación para la ubicación exacta de puntos ni para el cálculo de áreas y distancias,Putumayo,373642698.6000000238,1075212.6320000000,372567485.8000000119,292.2499019000,305.5136101000,292.2499019000,,,,,,,,,,,,,,,,,,,292.211756248622
"86865",Valle Del Guamuez,814.51542248200,Decreto No. 3293 de 1985,1,720,“No es apropiada su aplicación para la ubicación exacta de puntos ni para el cálculo de áreas y distancias,Putumayo,814515422.2000000477,2746682.0800000001,811768740.1000000238,330.7486114000,320.1463296000,330.7486114000,,,,,,,,,,,,,,,,,,,330.784225607642
"86568",Puerto Asís,2802.38601582000,Decreto No. 1951 de 1967,1,253,“No es apropiada su aplicación para la ubicación exacta de puntos ni para el cálculo de áreas y distancias,Putumayo,2802386015.0000000000,5640903.4850000003,2796745111.0000000000,263.8746909000,255.4452083000,263.8746909000,,,,,,,,,,,,,,,,,,,263.891674202434
"86573",Leguízamo,10651.21268210000,,1,200,“No es apropiada su aplicación para la ubicación exacta de puntos ni para el cálculo de áreas y distancias,Putumayo,10651212682.0000000000,2542476.3760000002,10648670205.0000000000,214.9905414000,184.0393439000,214.9905414000,,,,,,,,,,,,,,,,,,,214.996210717412
"52356",Ipiales,1543.04646704000,,1,2897,“No es apropiada su aplicación para la ubicación exacta de puntos ni para el cálculo de áreas y distancias,Nariño,1543046467.0000000000,14337618.5800000001,1528708848.0000000000,1864.8027160000,2885.7978560000,1864.8027160000,,,,,,,,,,,,,,,,,,,1855.28423007862
"52224",Cuaspud,57.39483418580,,1,3050,“No es apropiada su aplicación para la ubicación exacta de puntos ni para el cálculo de áreas y distancias,Nariño,57394834.1700000018,1058958.8310000000,56335875.3200000003,3065.2260500000,3022.6552430000,3065.2260500000,,,,,,,,,,,,,,,,,,,3066.01295392403
"52022",Aldana,47.69150286680,,1,3013,“No es apropiada su aplicación para la ubicación exacta de puntos ni para el cálculo de áreas y distancias,Nariño,47691502.8500000015,351103.3240000000,47340399.5200000033,3124.5055300000,3010.4354150000,3124.5055300000,,,,,,,,,,,,,,,,,,,3125.35279089886
"52227",Cumbal,917.61720914500,,1,3100,“No es apropiada su aplicación para la ubicación exacta de puntos ni para el cálculo de áreas y distancias,Nariño,917617209.1000000238,2037582.2840000000,915579626.7000000477,2784.1003210000,3125.6752710000,2784.1003210000,,,,,,,,,,,,,,,,,,,2783.34976273606
"52612",Ricaurte,1056.43719399000,,1,1181,“No es apropiada su aplicación para la ubicación exacta de puntos ni para el cálculo de áreas y distancias,Nariño,1056437192.0000000000,426068.9351000000,1056011124.0000000000,1362.7307350000,1184.9950720000,1362.7307350000,,,,,,,,,,,,,,,,,,,1362.80599352223
"97001",Mitú,16153.96330180000,Decreto No. 1666 de 1974,1,182,“No es apropiada su aplicación para la ubicación exacta de puntos ni para el cálculo de áreas y distancias,Vaupés,16153963301.0000000000,3321587.9550000001,16150641713.0000000000,217.2616711000,176.2535026000,217.2616711000,,,,,,,,,,,,,,,,,,,217.270007978089
"52079",Barbacoas,2735.90395380000,,1,24,“No es apropiada su aplicación para la ubicación exacta de puntos ni para el cálculo de áreas y distancias,Nariño,2735903953.0000000000,791397.8882000000,2735112555.0000000000,467.2780313000,50.8314599200,467.2780313000,,,,,,,,,,,,,,,,,,,467.399830792989
"94001",Inírida,15878.86900320000,Decreto No. 1593 de 1974,1,94,“No es apropiada su aplicación para la ubicación exacta de puntos ni para el cálculo de áreas y distancias,Guainía,15878869003.0000019073,8687408.5170000009,15870181593.0000019073,124.6433402000,95.8229309000,124.6433402000,,,,,,,,,,,,,,,,,,,124.659098560125
"99773",Cumaribo,65187.50527140000,Ordenanza No. 66 de 1996,1,161,“No es apropiada su aplicación para la ubicación exacta de puntos ni para el cálculo de áreas y distancias,Vichada,65187505270.0000076294,954477.9219000000,65186550793.0000076294,140.9710124000,160.7051163000,140.9710124000,,,,,,,,,,,,,,,,,,,140.970730479323
"99524",La Primavera,18368.27064240000,Decreto No. 0676 de 1987,1,100,“No es apropiada su aplicación para la ubicación exacta de puntos ni para el cálculo de áreas y distancias,Vichada,18368270642.0000000000,5501115.6380000003,18362769526.0000000000,110.0300423000,116.6827900000,110.0300423000,,,,,,,,,,,,,,,,,,,110.028040805297
"99001",Puerto Carreño,11860.92979610000,Decreto No. 1594 de 1974,1,51,“No es apropiada su aplicación para la ubicación exacta de puntos ni para el cálculo de áreas y distancias,Vichada,11860929796.0000000000,7108698.3550000004,11853821097.0000000000,78.4580455400,53.7089537000,78.4580455400,,,,,,,,,,,,,,,,,,,78.4727572597761
"81220",Cravo Norte,5189.13967755000,Decreto No. 0677 de 1987,1,102,“No es apropiada su aplicación para la ubicación exacta de puntos ni para el cálculo de áreas y distancias,Arauca,5189139677.0000000000,2327687.0490000001,5186811989.0000000000,101.6672940000,102.9915532000,101.6672940000,,,,,,,,,,,,,,,,,,,101.666703350459
"15223",Cubará,1138.21029933000,Ordenanza No. 8 de 1965,1,357,“No es apropiada su aplicación para la ubicación exacta de puntos ni para el cálculo de áreas y distancias,Boyacá,1138210299.0000000000,1009596.9260000000,1137200702.0000000000,1471.8707840000,371.9290134000,1471.8707840000,,,,,,,,,,,,,,,,,,,1472.8051024859
"81065",Arauquita,3011.67579418000,Decreto No. 1447 de 1971,1,155,“No es apropiada su aplicación para la ubicación exacta de puntos ni para el cálculo de áreas y distancias,Arauca,3011675794.0000000000,2316721.6090000002,3009359072.0000000000,154.8345979000,158.8341766000,154.8345979000,,,,,,,,,,,,,,,,,,,154.831554664864
"81736",Saravena,923.49767118200,Decreto No. 0204 de 1976,1,224,“No es apropiada su aplicación para la ubicación exacta de puntos ni para el cálculo de áreas y distancias,Arauca,923497671.1000000238,10252104.1500000004,913245566.7000000477,351.5036288000,224.0614284000,351.5036288000,,,,,,,,,,,,,,,,,,,352.935018684448
"81001",Arauca,5755.97516472000,Decreto No. 2877 de 1959,1,128,“No es apropiada su aplicación para la ubicación exacta de puntos ni para el cálculo de áreas y distancias,Arauca,5755975164.0000000000,23025174.5300000012,5732949989.0000000000,116.9866719000,128.5353808000,116.9866719000,,,,,,,,,,,,,,,,,,,116.941249636709
"54820",Toledo,1499.27714059000,,1,1644,“No es apropiada su aplicación para la ubicación exacta de puntos ni para el cálculo de áreas y distancias,Norte de Santander,1499277140.0000000000,948109.2152000000,1498329030.0000000000,1739.9950660000,1633.7003430000,1739.9950660000,,,,,,,,,,,,,,,,,,,1740.07626808251
"27372",Juradó,1298.05370057000,Ordenanza No. 014 de 1956,1,5,“No es apropiada su aplicación para la ubicación exacta de puntos ni para el cálculo de áreas y distancias,Chocó,1298053700.0000000000,328471.0541000000,1297725228.0000000000,225.3816225000,4.8995949730,225.3816225000,,,,,,,,,,,,,,,,,,,225.438111097965
"54347",Herrán,107.51768619400,Ordenanza No. 12 de 1911,1,2000,“No es apropiada su aplicación para la ubicación exacta de puntos ni para el cálculo de áreas y distancias,Norte de Santander,107517686.0000000000,162751.3907000000,107354934.5000000000,2377.2403850000,1957.8478940000,2377.2403850000,,,,,,,,,,,,,,,,,,,2377.90256698824
"54599",Ragonvalia,97.82184444400,,1,1555,“No es apropiada su aplicación para la ubicación exacta de puntos ni para el cálculo de áreas y distancias,Norte de Santander,97821844.4300000072,655604.1458000002,97166240.2800000012,1845.4385970000,1561.8393190000,1845.4385970000,,,,,,,,,,,,,,,,,,,1847.26444986349
"54874",Villa Del Rosario,91.56539653260,,1,435,“No es apropiada su aplicación para la ubicación exacta de puntos ni para el cálculo de áreas y distancias,Norte de Santander,91565396.5300000012,19173905.1400000006,72391491.3900000006,819.5616704000,398.7767408000,819.5616704000,,,,,,,,,,,,,,,,,,,930.328235888598
"27800",Unguía,1191.23066701000,Ordenanza No. 014 de 1979,1,50,“No es apropiada su aplicación para la ubicación exacta de puntos ni para el cálculo de áreas y distancias,Chocó,1191230667.0000000000,1137430.4140000001,1190093236.0000000000,211.2531727000,13.2876714400,211.2531727000,,,,,,,,,,,,,,,,,,,211.436837851561
"54553",Puerto Santander,46.31355792370,Ordenanza No. 80 de 1993,1,50,“No es apropiada su aplicación para la ubicación exacta de puntos ni para el cálculo de áreas y distancias,Norte de Santander,46313557.9200000018,878234.3739000000,45435323.5300000012,55.2418648300,50.9061038000,55.2418648300,,,,,,,,,,,,,,,,,,,55.3266738686938
"54001",San José de Cúcuta,1132.15423194000,,1,325,“No es apropiada su aplicación para la ubicación exacta de puntos ni para el cálculo de áreas y distancias,Norte de Santander,1132154231.0000000000,74332709.5600000024,1057821520.0000000000,240.0420941000,317.1020517000,240.0420941000,,,,,,,,,,,,,,,,,,,234.636168438684
"27006",Acandí,798.52829457300,,1,6,“No es apropiada su aplicación para la ubicación exacta de puntos ni para el cálculo de áreas y distancias,Chocó,798528294.5000000000,1179708.7910000000,797348585.7000000477,259.0818296000,4.9842497090,259.0818296000,,,,,,,,,,,,,,,,,,,259.457912762292
"54810",Tibú,2674.68273912000,Ordenanza No. 03 de 1977,1,55,“No es apropiada su aplicación para la ubicación exacta de puntos ni para el cálculo de áreas y distancias,Norte de Santander,2674682739.0000000000,3204566.9130000002,2671478172.0000000000,159.5172927000,67.7901363100,159.5172927000,,,,,,,,,,,,,,,,,,,159.62652311154
"54800",Teorama,924.83888340500,,1,1000,“No es apropiada su aplicación para la ubicación exacta de puntos ni para el cálculo de áreas y distancias,Norte de Santander,924838883.2000000477,327891.0710000000,924510992.0000000000,804.9183033000,1084.1670100000,804.9183033000,,,,,,,,,,,,,,,,,,,804.818923905256
"54206",Convención,928.41495749900,,1,1020,“No es apropiada su aplicación para la ubicación exacta de puntos ni para el cálculo de áreas y distancias,Norte de Santander,928414957.2000000477,876693.0777000000,927538264.0000000000,783.3248588000,1060.4448850000,783.3248588000,,,,,,,,,,,,,,,,,,,783.065276962298
"54245",El Carmen,1733.45063139000,,1,950,“No es apropiada su aplicación para la ubicación exacta de puntos ni para el cálculo de áreas y distancias,Norte de Santander,1733450631.0000000000,289592.8058000000,1733161038.0000000000,969.5666691000,709.1903076000,969.5666691000,,,,,,,,,,,,,,,,,,,969.612282303745
"20228",Curumaní,913.66927714300,,1,61,“No es apropiada su aplicación para la ubicación exacta de puntos ni para el cálculo de áreas y distancias,Cesar,913669277.1000000238,5433336.0880000005,908235941.0000000000,435.6295601000,60.6766641200,435.6295601000,,,,,,,,,,,,,,,,,,,437.87357874674
"20178",Chiriguaná,1112.67927359000,,1,33,“No es apropiada su aplicación para la ubicación exacta de puntos ni para el cálculo de áreas y distancias,Cesar,1112679273.0000000000,3175444.3110000002,1109503828.0000000000,210.4538737000,34.0958221900,210.4538737000,,,,,,,,,,,,,,,,,,,210.958825432544
"20400",La Jagua De Ibirico,754.81560557600,Ordenanza No. 05 de 1979,1,140,“No es apropiada su aplicación para la ubicación exacta de puntos ni para el cálculo de áreas y distancias,Cesar,754815605.5000000000,4921608.6140000001,749893996.7000000477,485.2084000000,132.5597339000,485.2084000000,,,,,,,,,,,,,,,,,,,487.523925978814
"20045",Becerril,1224.38407708000,Ordenanza No. 020 de 1977,1,111,“No es apropiada su aplicación para la ubicación exacta de puntos ni para el cálculo de áreas y distancias,Cesar,1224384077.0000000000,2998685.5950000002,1221385391.0000000000,580.4995189000,110.2305935000,580.4995189000,,,,,,,,,,,,,,,,,,,581.656300406911
"20013",Agustín Codazzi,1750.99145863000,Decreto No. 179 de 1958,1,131,“No es apropiada su aplicación para la ubicación exacta de puntos ni para el cálculo de áreas y distancias,Cesar,1750991458.0000000000,11718173.6400000006,1739273284.0000000000,768.5440666000,130.6165399000,768.5440666000,,,,,,,,,,,,,,,,,,,772.828046877133
"20443",Manaure Balcón Del Cesar,136.64818885600,Ordenanza No. 019 de 1980,1,750,“No es apropiada su aplicación para la ubicación exacta de puntos ni para el cálculo de áreas y distancias,Cesar,136648188.8000000119,1861262.9120000000,134786925.8000000119,1552.2229100000,741.8116851000,1552.2229100000,,,,,,,,,,,,,,,,,,,1563.33065885164
"20621",La Paz,1070.94643419000,,1,66,“No es apropiada su aplicación para la ubicación exacta de puntos ni para el cálculo de áreas y distancias,Cesar,1070946434.0000000000,2969090.8530000001,1067977343.0000001192,1003.2202430000,157.9475720000,1003.2202430000,,,,,,,,,,,,,,,,,,,1005.50803605705
"44420",La Jagua Del Pilar,179.11241352700,,1,200,“No es apropiada su aplicación para la ubicación exacta de puntos ni para el cálculo de áreas y distancias,La Guajira,179112413.5000000000,435940.7205000000,178676472.5000000000,587.9554064000,201.3388371000,587.9554064000,,,,,,,,,,,,,,,,,,,589.028331071166
"44855",Urumita,245.48812461700,Ordenanza No. 16 de 1978,1,250,“No es apropiada su aplicación para la ubicación exacta de puntos ni para el cálculo de áreas y distancias,La Guajira,245488124.5000000000,2433084.5920000002,243055039.9000000060,1154.2834860000,244.2814324000,1154.2834860000,,,,,,,,,,,,,,,,,,,1163.04286394345
"44874",Villanueva,259.57278748400,,1,235,“No es apropiada su aplicación para la ubicación exacta de puntos ni para el cálculo de áreas y distancias,La Guajira,259572787.4000000060,5456625.8090000004,254116161.5000000000,597.3560021000,233.2841471000,597.3560021000,,,,,,,,,,,,,,,,,,,605.318260118001
"44110",El Molino,241.27165305400,Ordenanza No. 015 de 1989,1,255,“No es apropiada su aplicación para la ubicación exacta de puntos ni para el cálculo de áreas y distancias,La Guajira,241271653.0000000000,1443159.2810000000,239828493.5000000000,747.3279403000,248.7594947000,747.3279403000,,,,,,,,,,,,,,,,,,,750.293429190006
"44650",San Juan Del Cesar,1307.98197575000,,1,216,“No es apropiada su aplicación para la ubicación exacta de puntos ni para el cálculo de áreas y distancias,La Guajira,1307981975.0000000000,6854456.7580000004,1301127518.0000000000,756.7698239000,211.4086496000,756.7698239000,,,,,,,,,,,,,,,,,,,759.659331638948
"44279",Fonseca,472.51710450500,,1,181,“No es apropiada su aplicación para la ubicación exacta de puntos ni para el cálculo de áreas y distancias,La Guajira,472517104.3999999762,5517266.4050000003,466999838.0000000000,502.9514990000,181.2516781000,502.9514990000,,,,,,,,,,,,,,,,,,,506.76874638874
"44078",Barrancas,799.94753801700,,1,149,“No es apropiada su aplicación para la ubicación exacta de puntos ni para el cálculo de áreas y distancias,La Guajira,799947538.0000000000,6992070.6880000001,792955467.2000000477,398.8305752000,157.1708946000,398.8305752000,,,,,,,,,,,,,,,,,,,401.064191827586
"44378",Hatonuevo,215.20872087000,Ordenanza No. 057 de 1994,1,179,“No es apropiada su aplicación para la ubicación exacta de puntos ni para el cálculo de áreas y distancias,La Guajira,215208720.8000000119,2822738.9240000001,212385981.8000000119,392.2206065000,184.7293695000,392.2206065000,,,,,,,,,,,,,,,,,,,396.234613429233
"44035",Albania,544.11803552800,Ordenanza No. 01 de 2000,1,100,“No es apropiada su aplicación para la ubicación exacta de puntos ni para el cálculo de áreas y distancias,La Guajira,544118035.5000000000,8211384.8420000002,535906650.6000000238,119.8830312000,104.6073083000,119.8830312000,,,,,,,,,,,,,,,,,,,120.097806207292
"44430",Maicao,1767.24921322000,Decreto No. 0044 de 1956,1,51,“No es apropiada su aplicación para la ubicación exacta de puntos ni para el cálculo de áreas y distancias,La Guajira,1767249213.0000000000,21601228.0100000016,1745647984.0000000000,79.2957323100,50.9349916800,79.2957323100,,,,,,,,,,,,,,,,,,,79.6469042871513
"44847",Uribia,7863.72731964000,,1,23,“No es apropiada su aplicación para la ubicación exacta de puntos ni para el cálculo de áreas y distancias,La Guajira,7863727319.0000000000,7608533.4110000003,7856118785.0000009537,77.6871678600,24.6436351500,77.6871678600,,,,,,,,,,,,,,,,,,,77.7383993897501
"91798",Tarapacá,9039.83203029000,,3,100,“No es apropiada su aplicación para la ubicación exacta de puntos ni para el cálculo de áreas y distancias,Amazonas,9039832030.0000000000,0.0000000000,9039832030.0000000000,115.9873106000,0.0000000000,115.9873106000,,,,,,,,,,,,,,,,,,,115.987310649067
"91263",El Encanto,10505.02095290000,,3,158,“No es apropiada su aplicación para la ubicación exacta de puntos ni para el cálculo de áreas y distancias,Amazonas,10505020952.0000000000,0.0000000000,10505020952.0000000000,145.3612607000,0.0000000000,145.3612607000,,,,,,,,,,,,,,,,,,,145.361260725463
"91536",Puerto Arica,13523.50567140000,Ordenanza No. 023 de 1997,3,150,“No es apropiada su aplicación para la ubicación exacta de puntos ni para el cálculo de áreas y distancias,Amazonas,13523505671.0000000000,0.0000000000,13523505671.0000000000,125.3778834000,0.0000000000,125.3778834000,,,,,,,,,,,,,,,,,,,125.377883403185
"91530",Puerto Alegría,8293.17570586000,Ordenanza No. 024 de 1997,3,200,“No es apropiada su aplicación para la ubicación exacta de puntos ni para el cálculo de áreas y distancias,Amazonas,8293175705.0000000000,0.0000000000,8293175705.0000000000,180.7274961000,0.0000000000,180.7274961000,,,,,,,,,,,,,,,,,,,180.727496158748
"91407",La Pedrera,13579.86579390000,,3,82,“No es apropiada su aplicación para la ubicación exacta de puntos ni para el cálculo de áreas y distancias,Amazonas,13579865793.0000000000,0.0000000000,13579865793.0000000000,121.0810542000,0.0000000000,121.0810542000,,,,,,,,,,,,,,,,,,,121.08105425354
"97511",Pacoa,13947.31504370000,,3,200,“No es apropiada su aplicación para la ubicación exacta de puntos ni para el cálculo de áreas y distancias,Vaupés,13947315043.0000000000,0.0000000000,13947315043.0000000000,191.8343281000,0.0000000000,191.8343281000,,,,,,,,,,,,,,,,,,,191.834328146152
"97889",Yavaraté,4584.13896312000,Decreto No. 1510 de 1914,3,100,“No es apropiada su aplicación para la ubicación exacta de puntos ni para el cálculo de áreas y distancias,Vaupés,4584138963.0000000000,0.0000000000,4584138963.0000000000,169.6834044000,0.0000000000,169.6834044000,,,,,,,,,,,,,,,,,,,169.683404480345
"94885",La Guadalupe,1137.44186733000,Decreto No. 0083 de 1988,3,80,“No es apropiada su aplicación para la ubicación exacta de puntos ni para el cálculo de áreas y distancias,Guainía,1137441867.0000000000,0.0000000000,1137441867.0000000000,105.0303685000,0.0000000000,105.0303685000,,,,,,,,,,,,,,,,,,,105.030368542063
"97777",Papunaua,5531.67813911000,,3,200,“No es apropiada su aplicación para la ubicación exacta de puntos ni para el cálculo de áreas y distancias,Vaupés,5531678139.0000000000,0.0000000000,5531678139.0000000000,216.4838519000,0.0000000000,216.4838519000,,,,,,,,,,,,,,,,,,,216.483851966147
"94887",Paná-Paná,10179.74645380000,Decreto No. 0083 de 1988,3,200,“No es apropiada su aplicación para la ubicación exacta de puntos ni para el cálculo de áreas y distancias,Guainía,10179746453.0000000000,0.0000000000,10179746453.0000000000,177.6010266000,0.0000000000,177.6010266000,,,,,,,,,,,,,,,,,,,177.601026696183
"94883",San Felipe,2939.02363483000,Decreto No. 0083 de 1988,3,88,“No es apropiada su aplicación para la ubicación exacta de puntos ni para el cálculo de áreas y distancias,Guainía,2939023634.0000000000,0.0000000000,2939023634.0000000000,113.3819815000,0.0000000000,113.3819815000,,,,,,,,,,,,,,,,,,,113.381981576005
"94884",Puerto Colombia,15615.45285530000,Decreto No. 0083 de 1988,3,96,“No es apropiada su aplicación para la ubicación exacta de puntos ni para el cálculo de áreas y distancias,Guainía,15615452855.0000000000,0.0000000000,15615452855.0000000000,139.0348783000,0.0000000000,139.0348783000,,,,,,,,,,,,,,,,,,,139.034878314912
"94886",Cacahual,2310.68408812000,Decreto No. 0083 de 1988,3,100,“No es apropiada su aplicación para la ubicación exacta de puntos ni para el cálculo de áreas y distancias,Guainía,2310684088.0000000000,0.0000000000,2310684088.0000000000,101.6775486000,0.0000000000,101.6775486000,,,,,,,,,,,,,,,,,,,101.677548604354
"73622",Roncesvalles,775.65671195600,Ordenanza No. 04 de 1944,1,2550,“No es apropiada su aplicación para la ubicación exacta de puntos ni para el cálculo de áreas y distancias,Tolima,775656711.7000000477,294248.2558000000,775362463.2000000477,3016.8227680000,2588.5491580000,3016.8227680000,,,,,,,,,,,,,,,,,,,3016.98296786417
"63302",Génova,295.69690310700,Ordenanza No. 10 de 1937,1,1500,“No es apropiada su aplicación para la ubicación exacta de puntos ni para el cálculo de áreas y distancias,Quindío,295696903.1000000238,518259.9491000000,295178643.1000000238,2480.3206970000,1441.4891730000,2480.3206970000,,,,,,,,,,,,,,,,,,,2482.15216372804
"76122",Caicedonia,167.13736158400,Ordenanza No. 21 de 1923,1,1167,“No es apropiada su aplicación para la ubicación exacta de puntos ni para el cálculo de áreas y distancias,Valle del Cauca,167137361.5000000000,2888272.0940000000,164249089.4000000060,1404.4726310000,1152.4393160000,1404.4726310000,,,,,,,,,,,,,,,,,,,1408.95077996321
"63401",La Tebaida,89.44504826310,Decreto No. 547 de 1954,1,1175,“No es apropiada su aplicación para la ubicación exacta de puntos ni para el cálculo de áreas y distancias,Quindío,89445048.2600000054,3436012.9440000001,86009035.3100000024,1137.2983860000,1189.4684020000,1137.2983860000,,,,,,,,,,,,,,,,,,,1135.22441289105
"76403",La Victoria,264.71875321600,,1,916,“No es apropiada su aplicación para la ubicación exacta de puntos ni para el cálculo de áreas y distancias,Valle del Cauca,264718753.0000000000,2318487.4270000001,262400265.5000000000,1039.4429780000,924.1850417000,1039.4429780000,,,,,,,,,,,,,,,,,,,1040.46256262158
"73124",Cajamarca,508.38818731000,Decreto No. 0112 de 1908,1,1814,“No es apropiada su aplicación para la ubicación exacta de puntos ni para el cálculo de áreas y distancias,Tolima,508388187.3000000715,691518.5894000002,507696668.6000000238,2829.0676890000,1837.6634020000,2829.0676890000,,,,,,,,,,,,,,,,,,,2830.46597997933
"76497",Obando,214.67490407200,,1,935,“No es apropiada su aplicación para la ubicación exacta de puntos ni para el cálculo de áreas y distancias,Valle del Cauca,214674904.0000000000,2087510.4930000000,212587393.5000000000,1057.1068870000,935.2429301000,1057.1068870000,,,,,,,,,,,,,,,,,,,1058.30024116591
"73001",Ibagué,1376.57180066000,,1,1286,“No es apropiada su aplicación para la ubicación exacta de puntos ni para el cálculo de áreas y distancias,Tolima,1376571800.0000000000,49870271.1000000015,1326701528.0000000000,1935.5697700000,1106.6599070000,1935.5697700000,,,,,,,,,,,,,,,,,,,1966.63159516785
"76020",Alcalá,62.33610447800,Ordenanza No. 12 de 1919,1,1220,“No es apropiada su aplicación para la ubicación exacta de puntos ni para el cálculo de áreas y distancias,Valle del Cauca,62336104.4600000009,1127175.1990000000,61208929.2500000000,1255.2178690000,1240.8788220000,1255.2178690000,,,,,,,,,,,,,,,,,,,1255.48788871451
"63272",Filandia,106.60875846200,,1,1800,“No es apropiada su aplicación para la ubicación exacta de puntos ni para el cálculo de áreas y distancias,Quindío,106608758.4000000060,829115.0542000000,105779643.2000000030,1725.7076990000,1897.5800780000,1725.7076990000,,,,,,,,,,,,,,,,,,,1724.37718170292
"76845",Ulloa,41.87225287000,Ordenanza No. 20 de 1925,1,1410,“No es apropiada su aplicación para la ubicación exacta de puntos ni para el cálculo de áreas y distancias,Valle del Cauca,41872252.8500000015,451014.9097000000,41421237.9200000018,1255.9023260000,1380.4671870000,1255.9023260000,,,,,,,,,,,,,,,,,,,1254.49264199842
"76147",Cartago,248.18697479100,,1,917,“No es apropiada su aplicación para la ubicación exacta de puntos ni para el cálculo de áreas y distancias,Valle del Cauca,248186974.5000000000,19367287.6200000010,228819686.8000000119,1004.3107910000,920.3285419000,1004.3107910000,,,,,,,,,,,,,,,,,,,1011.3934828896
"66001",Pereira,608.23913961500,,1,1415,“No es apropiada su aplicación para la ubicación exacta de puntos ni para el cálculo de áreas y distancias,Risaralda,608239139.6000000238,33908021.2000000030,574331118.2000000477,1721.8284140000,1345.9789900000,1721.8284140000,,,,,,,,,,,,,,,,,,,1744.14553044519
"05234",Dabeiba,1957.69913043000,,1,412,“No es apropiada su aplicación para la ubicación exacta de puntos ni para el cálculo de áreas y distancias,Antioquia,1957699129.0000000000,2489332.0850000000,1955209797.0000000000,1231.2720320000,447.6949933000,1231.2720320000,,,,,,,,,,,,,,,,,,,1232.27362697524
"05480",Mutatá,1075.02160678000,,1,132,“No es apropiada su aplicación para la ubicación exacta de puntos ni para el cálculo de áreas y distancias,Antioquia,1075021606.0000000000,646830.1261000000,1074374775.0000000000,532.6000221000,131.7293012000,532.6000221000,,,,,,,,,,,,,,,,,,,532.841019615578
"05837",Turbo,2919.20647693000,Ley 1883 de 2018,2,1,“No es apropiada su aplicación para la ubicación exacta de puntos ni para el cálculo de áreas y distancias,Antioquia,2919206477.0000000000,7766369.7800000003,2911440107.0000000000,91.8305390800,4.1415552140,91.8305390800,,,,,,,,,,,,,,,,,,,92.0508731389153
"88001",San Andrés,27.39898134440,Ley 1a de 1972,1,20,“No es apropiada su aplicación para la ubicación exacta de puntos ni para el cálculo de áreas y distancias,San Andrés y Providencia,27398981.3200000003,6621416.2690000003,20777565.0500000007,22.7629114000,8.6377028840,22.7629114000,,,,,,,,,,,,,,,,,,,27.0917824298046
"47053",Aracataca,1738.41352060000,,1,33,“No es apropiada su aplicación para la ubicación exacta de puntos ni para el cálculo de áreas y distancias,Magdalena,1738413520.0000000000,3074064.6090000002,1735339455.0000000000,1964.3797940000,40.1622997500,1964.3797940000,,,,,,,,,,,,,,,,,,,1967.8232738589
"05079",Barbosa,205.60328450700,,1,1305,“No es apropiada su aplicación para la ubicación exacta de puntos ni para el cálculo de áreas y distancias,Antioquia,205603284.5000000000,2786615.8980000000,202816668.5000000000,1782.0557420000,1303.7626950000,1782.0557420000,,,,,,,,,,,,,,,,,,,1788.46476121286
"05686",Santa Rosa De Osos,864.49904900800,,1,2588,“No es apropiada su aplicación para la ubicación exacta de puntos ni para el cálculo de áreas y distancias,Antioquia,864499049.0000000000,5372387.8430000003,859126661.1000000238,2441.2093970000,2549.6677260000,2441.2093970000,,,,,,,,,,,,,,,,,,,2440.52959626351
"95001",San José Del Guaviare,16712.22066060000,Decreto No. 1165 de 1976,1,189,“No es apropiada su aplicación para la ubicación exacta de puntos ni para el cálculo de áreas y distancias,Guaviare,16712220660.0000019073,6384429.9560000002,16705836230.0000019073,209.1701059000,186.6290058000,209.1701059000,,,,,,,,,,,,,,,,,,,209.178739131119
"50450",Puerto Concordia,1256.29517454000,Ordenanza No. 12 de 1989,1,200,“No es apropiada su aplicación para la ubicación exacta de puntos ni para el cálculo de áreas y distancias,Meta,1256295174.0000000000,871574.3713000000,1255423599.0000000000,209.6138562000,190.2171218000,209.6138562000,,,,,,,,,,,,,,,,,,,209.627687009172
"50590",Puerto Rico,3405.72430421000,Ordenanza No. 10 de 1984,1,200,“No es apropiada su aplicación para la ubicación exacta de puntos ni para el cálculo de áreas y distancias,Meta,3405724304.0000000000,1235015.9680000001,3404489288.0000000000,231.5475741000,217.2094409000,231.5475741000,,,,,,,,,,,,,,,,,,,231.55270791441
"50325",Mapiripán,11917.42601200000,Ordenanza No. 11 de 1989,1,200,“No es apropiada su aplicación para la ubicación exacta de puntos ni para el cálculo de áreas y distancias,Meta,11917426011.0000000000,2664948.6150000002,11914761062.0000000000,207.2583517000,183.9011922000,207.2583517000,,,,,,,,,,,,,,,,,,,207.263567298544
"68162",Cerrito,420.06462982800,,1,2496,“No es apropiada su aplicación para la ubicación exacta de puntos ni para el cálculo de áreas y distancias,Santander,420064629.8000000119,538061.2132000000,419526568.5000000000,3379.4628220000,2489.0845820000,3379.4628220000,,,,,,,,,,,,,,,,,,,3380.57752585644
"68318",Guaca,268.98355730300,,1,2311,“No es apropiada su aplicación para la ubicación exacta de puntos ni para el cálculo de áreas y distancias,Santander,268983557.3000000119,589006.6842000000,268394550.5000000000,3074.3861060000,2323.8361950000,3074.3861060000,,,,,,,,,,,,,,,,,,,3076.02067218341
"68705",Santa Bárbara,178.27661866500,,1,1900,“No es apropiada su aplicación para la ubicación exacta de puntos ni para el cálculo de áreas y distancias,Santander,178276618.5000000000,112504.2703000000,178164114.0000000000,2485.4070890000,1908.6452110000,2485.4070890000,,,,,,,,,,,,,,,,,,,2485.79112244959
"68820",Tona,330.12091890400,,1,1850,“No es apropiada su aplicación para la ubicación exacta de puntos ni para el cálculo de áreas y distancias,Santander,330120918.8000000119,137323.4783000000,329983595.3000000119,2901.3217200000,1867.8285050000,2901.3217200000,,,,,,,,,,,,,,,,,,,2901.77258742631
"54174",Chitagá,1182.50538166000,,1,2337,“No es apropiada su aplicación para la ubicación exacta de puntos ni para el cálculo de áreas y distancias,Norte de Santander,1182505381.0000000000,635701.8090000000,1181869679.0000000000,2587.4739050000,2320.3720300000,2587.4739050000,,,,,,,,,,,,,,,,,,,2587.61557947427
"54743",Silos,391.48988322500,,1,2750,“No es apropiada su aplicación para la ubicación exacta de puntos ni para el cálculo de áreas y distancias,Norte de Santander,391489883.1000000238,263098.5159000000,391226784.5000000000,3364.6984410000,2721.4771650000,3364.6984410000,,,,,,,,,,,,,,,,,,,3365.17185926127
"15092",Betéitiva,101.66571222500,,1,2570,“No es apropiada su aplicación para la ubicación exacta de puntos ni para el cálculo de áreas y distancias,Boyacá,101665712.2000000030,168199.8324000000,101497512.2000000030,2791.5357800000,2600.1511090000,2791.5357800000,,,,,,,,,,,,,,,,,,,2791.82388960834
"15162",Cerinza,63.45306988200,,1,3269,“No es apropiada su aplicación para la ubicación exacta de puntos ni para el cálculo de áreas y distancias,Boyacá,63453069.8800000027,479541.9580000000,62973527.9200000018,3114.8387320000,2721.0567100000,3114.8387320000,,,,,,,,,,,,,,,,,,,3117.81187442462
"15087",Belén,162.77418716200,,1,3144,“No es apropiada su aplicación para la ubicación exacta de puntos ni para el cálculo de áreas y distancias,Boyacá,162774187.0000000000,1093943.3350000000,161680243.5000000000,3043.3031450000,2642.3683760000,3043.3031450000,,,,,,,,,,,,,,,,,,,3046.06080879485
"15537",Paz De Rio,122.43929767900,,1,2213,“No es apropiada su aplicación para la ubicación exacta de puntos ni para el cálculo de áreas y distancias,Boyacá,122439297.5000000000,973677.4151000000,121465620.0000000000,2897.2614250000,2249.5899880000,2897.2614250000,,,,,,,,,,,,,,,,,,,2902.46199499356
"08078",Baranoa,121.19291720700,,1,116,“No es apropiada su aplicación para la ubicación exacta de puntos ni para el cálculo de áreas y distancias,Atlántico,121192917.2000000030,5514765.6730000004,115678151.5000000000,128.8355545000,115.3000596000,128.8355545000,,,,,,,,,,,,,,,,,,,129.478605881451
"08372",Juan De Acosta,167.89209581600,,1,50,“No es apropiada su aplicación para la ubicación exacta de puntos ni para el cálculo de áreas y distancias,Atlántico,167892095.8000000119,2318979.2400000002,165573116.5000000000,70.8059810700,45.4209426800,70.8059810700,,,,,,,,,,,,,,,,,,,71.1586583120252
"08296",Galapa,97.51651800250,,1,87,“No es apropiada su aplicación para la ubicación exacta de puntos ni para el cálculo de áreas y distancias,Atlántico,97516518.0000000000,10309559.6600000001,87206958.3100000024,84.2415816700,59.6342071400,84.2415816700,,,,,,,,,,,,,,,,,,,87.1808982894696
"08832",Tubará,183.00111430400,,1,268,“No es apropiada su aplicación para la ubicación exacta de puntos ni para el cálculo de áreas y distancias,Atlántico,183001114.3000000119,1005924.7060000000,181995189.5000000000,98.4909954400,253.9254694000,98.4909954400,,,,,,,,,,,,,,,,,,,97.6449179526077
"63548",Pijao,247.95786548700,,1,1650,“No es apropiada su aplicación para la ubicación exacta de puntos ni para el cálculo de áreas y distancias,Quindío,247957865.4000000060,654761.5152000000,247303103.8000000119,2403.0855250000,1665.7956180000,2403.0855250000,,,,,,,,,,,,,,,,,,,2405.01853389748
"63111",Buenavista,38.26299201840,Ordenanza No. 29 de 1966,1,1500,“No es apropiada su aplicación para la ubicación exacta de puntos ni para el cálculo de áreas y distancias,Quindío,38262992.0000000000,131578.8217000000,38131413.1700000018,1362.9339640000,1477.5953770000,1362.9339640000,,,,,,,,,,,,,,,,,,,1362.54953855567
"63212",Córdoba,93.80032377860,Ordenanza No. 22 de 1966,1,1525,“No es apropiada su aplicación para la ubicación exacta de puntos ni para el cálculo de áreas y distancias,Quindío,93800323.7600000054,470944.8816000000,93329378.8700000048,2342.8402270000,1498.0766800000,2342.8402270000,,,,,,,,,,,,,,,,,,,2347.08759894625
"63470",Montenegro,149.43769959100,Ordenanza No. 14 de 1911,1,1150,“No es apropiada su aplicación para la ubicación exacta de puntos ni para el cálculo de áreas y distancias,Quindío,149437699.5000000000,3117666.1260000002,146320033.3000000119,1193.1122950000,1285.8273520000,1193.1122950000,,,,,,,,,,,,,,,,,,,1191.16522878204
"63594",Quimbaya,133.22775224600,Ordenanza No. 26 de 1922,1,1315,“No es apropiada su aplicación para la ubicación exacta de puntos ni para el cálculo de áreas y distancias,Quindío,133227752.2000000030,2992553.7100000000,130235198.4000000060,1231.9830550000,1300.8590840000,1231.9830550000,,,,,,,,,,,,,,,,,,,1230.40803634614
"11001","Bogotá, D.C.",1618.15144242000,"Ley 17 de 1905, Art. 11 - Constitución Politica 1991, art. 322",2,2600,“No es apropiada su aplicación para la ubicación exacta de puntos ni para el cálculo de áreas y distancias,Cundinamarca,1618151442.0000000000,417959130.1000000238,1200192311.0000000000,3222.5315420000,2599.9618380000,3222.5315420000,,,,,,,,,,,,,,,,,,,3437.15249304275
"25214",Cota,53.67950463720,,1,2561,“No es apropiada su aplicación para la ubicación exacta de puntos ni para el cálculo de áreas y distancias,Cundinamarca,53679504.6300000027,3305361.3130000001,50374143.3100000024,2601.6085500000,2563.3674960000,2601.6085500000,,,,,,,,,,,,,,,,,,,2604.30149397712
"05001",Medellín,373.44041578100,Acto Legislativo No. 01 de 2021,2,1475,“No es apropiada su aplicación para la ubicación exacta de puntos ni para el cálculo de áreas y distancias,Antioquia,373440415.6000000238,121319955.2000000030,252120460.4000000060,2060.1516820000,1636.3051710000,2060.1516820000,,,,,,,,,,,,,,,,,,,2261.88445063037
"05308",Girardota,82.80073712320,,1,1400,“No es apropiada su aplicación para la ubicación exacta de puntos ni para el cálculo de áreas y distancias,Antioquia,82800737.1200000048,3777199.1910000001,79023537.9200000018,1864.2810590000,1391.3096980000,1864.2810590000,,,,,,,,,,,,,,,,,,,1886.79866450749
"05237",Donmatías,198.01510094600,,1,2200,“No es apropiada su aplicación para la ubicación exacta de puntos ni para el cálculo de áreas y distancias,Antioquia,198015100.9000000060,1091563.5740000000,196923537.3000000119,2049.8848000000,2173.3127420000,2049.8848000000,,,,,,,,,,,,,,,,,,,2049.18680561938
"05264",Entrerrios,214.22851107400,,1,2292,“No es apropiada su aplicación para la ubicación exacta de puntos ni para el cálculo de áreas y distancias,Antioquia,214228511.0000000000,1052708.8840000001,213175802.0000000000,2506.1756280000,2299.8438690000,2506.1756280000,,,,,,,,,,,,,,,,,,,2507.22065903851
"05086",Belmira,295.85879748200,,1,2550,“No es apropiada su aplicación para la ubicación exacta de puntos ni para el cálculo de áreas y distancias,Antioquia,295858797.3000000119,506008.3173000000,295352788.8000000119,2798.3723590000,2515.6631810000,2798.3723590000,,,,,,,,,,,,,,,,,,,2798.85199612762
"19142",Caloto,265.02242214700,,1,1100,“No es apropiada su aplicación para la ubicación exacta de puntos ni para el cálculo de áreas y distancias,Cauca,265022422.0000000000,1865101.4450000001,263157320.5000000000,1390.7283940000,1108.7359330000,1390.7283940000,,,,,,,,,,,,,,,,,,,1392.74478703783
"19300",Guachené,100.64905512500,Decreto No. 0653 de 2006,1,1000,“No es apropiada su aplicación para la ubicación exacta de puntos ni para el cálculo de áreas y distancias,Cauca,100649055.0000000000,649180.3689000000,99999874.6200000048,995.1516316000,995.5962612000,995.1516316000,,,,,,,,,,,,,,,,,,,995.148741464683
"19845",Villa Rica,77.51217801610,Ordenanza No. 21 de 1998,1,970,“No es apropiada su aplicación para la ubicación exacta de puntos ni para el cálculo de áreas y distancias,Cauca,77512178.0100000054,3643343.1930000000,73868834.8100000024,968.2134123000,968.6445548000,968.2134123000,,,,,,,,,,,,,,,,,,,968.192187348702
"19573",Puerto Tejada,113.16391284600,Ordenanza No. 15 de 1912,1,1000,“No es apropiada su aplicación para la ubicación exacta de puntos ni para el cálculo de áreas y distancias,Cauca,113163912.7000000030,4378656.4460000005,108785256.2000000030,965.3700940000,966.5830028000,965.3700940000,,,,,,,,,,,,,,,,,,,965.321783558029
"47980",Zona Bananera,418.03021789300,Ordenanza No. 011 de 1999,1,20,“No es apropiada su aplicación para la ubicación exacta de puntos ni para el cálculo de áreas y distancias,Magdalena,418030217.8000000119,576902.8479000002,417453314.8000000119,28.1851467200,25.5243273300,28.1851467200,,,,,,,,,,,,,,,,,,,28.1889980982528
"47570",Puebloviejo,679.11053766500,Ordenanza No. 54 de 1892,1,1,“No es apropiada su aplicación para la ubicación exacta de puntos ni para el cálculo de áreas y distancias,Magdalena,679110537.6000000238,690005.2833000000,678420532.2000000477,2.6513223200,2.1891508170,2.6513223200,,,,,,,,,,,,,,,,,,,2.65183750629553
"47189",Ciénaga,1346.81186321000,,1,3,“No es apropiada su aplicación para la ubicación exacta de puntos ni para el cálculo de áreas y distancias,Magdalena,1346811863.0000000000,9858371.2270000000,1336953491.0000000000,1254.3621530000,4.6337402620,1254.3621530000,,,,,,,,,,,,,,,,,,,1263.56647591081
"08770",Suan,42.42280101720,,1,7,“No es apropiada su aplicación para la ubicación exacta de puntos ni para el cálculo de áreas y distancias,Atlántico,42422801.0000000000,1834554.9450000001,40588246.0300000012,5.3939559030,7.1782131950,5.3939559030,,,,,,,,,,,,,,,,,,,5.31221443103321
"13140",Calamar,255.59479185200,,1,8,“No es apropiada su aplicación para la ubicación exacta de puntos ni para el cálculo de áreas y distancias,Bolívar,255594791.8000000119,1792293.3600000001,253802498.4000000060,40.3822819500,8.1195772910,40.3822819500,,,,,,,,,,,,,,,,,,,40.6110699489431
"08675",Santa Lucía,57.29260443220,Ordenanza No. 01 de 1967,1,7,“No es apropiada su aplicación para la ubicación exacta de puntos ni para el cálculo de áreas y distancias,Atlántico,57292604.4200000018,1374657.2000000000,55917947.2100000009,3.8138252350,5.9450515620,3.8138252350,,,,,,,,,,,,,,,,,,,3.76199147716624
"13760",Soplaviento,92.54846610000,,1,5,“No es apropiada su aplicación para la ubicación exacta de puntos ni para el cálculo de áreas y distancias,Bolívar,92548466.0900000036,1592595.2500000000,90955870.8400000036,6.8611776880,5.2463993050,6.8611776880,,,,,,,,,,,,,,,,,,,6.88927258725773
"13620",San Cristóbal,42.24602514730,Ordenanza No. 36 de 1995,1,5,“No es apropiada su aplicación para la ubicación exacta de puntos ni para el cálculo de áreas y distancias,Bolívar,42246025.1400000006,1004556.2530000000,41241468.8800000027,7.7020699800,8.2225966370,7.7020699800,,,,,,,,,,,,,,,,,,,7.68964361431793
"13647",San Estanislao,211.56054752000,,1,25,“No es apropiada su aplicación para la ubicación exacta de puntos ni para el cálculo de áreas y distancias,Bolívar,211560547.5000000000,1966722.7160000000,209593824.5000000000,60.1936251100,17.9089182700,60.1936251100,,,,,,,,,,,,,,,,,,,60.58891795826
"13873",Villanueva,133.02521531600,,1,112,“No es apropiada su aplicación para la ubicación exacta de puntos ni para el cálculo de áreas y distancias,Bolívar,133025215.2000000030,1497392.4700000000,131527822.7000000030,157.7546481000,105.5302824000,157.7546481000,,,,,,,,,,,,,,,,,,,158.348903537734
"08436",Manatí,214.13435893100,,1,10,“No es apropiada su aplicación para la ubicación exacta de puntos ni para el cálculo de áreas y distancias,Atlántico,214134358.9000000060,2516332.4580000001,211618026.4000000060,31.8337732400,9.2943849010,31.8337732400,,,,,,,,,,,,,,,,,,,32.1014810789076
"08606",Repelón,361.18847258000,,1,10,“No es apropiada su aplicación para la ubicación exacta de puntos ni para el cálculo de áreas y distancias,Atlántico,361188472.5000000000,2144827.2710000002,359043645.1000000238,84.2946258700,12.2648339900,84.2946258700,,,,,,,,,,,,,,,,,,,84.7314767418136
"13222",Clemencia,85.33375662340,Ordenanza No. 017 de 1995,1,62,“No es apropiada su aplicación para la ubicación exacta de puntos ni para el cálculo de áreas y distancias,Bolívar,85333756.6200000048,2793463.1150000002,82540293.5000000000,91.2118580400,63.5053402500,91.2118580400,,,,,,,,,,,,,,,,,,,92.1505364848731
"08421",Luruaco,223.59678528400,Ordenanza No. 143 de 1960,1,31,“No es apropiada su aplicación para la ubicación exacta de puntos ni para el cálculo de áreas y distancias,Atlántico,223596785.0000000000,1340063.6070000001,222256721.3000000119,72.5395615000,36.5668926400,72.5395615000,,,,,,,,,,,,,,,,,,,72.7558709547655
"13673",Santa Catalina,164.57225048100,,1,33,“No es apropiada su aplicación para la ubicación exacta de puntos ni para el cálculo de áreas y distancias,Bolívar,164572250.4000000060,771527.7004000000,163800722.5000000000,55.2764324700,38.0305836500,55.2764324700,,,,,,,,,,,,,,,,,,,55.3534386733945
"08549",Piojó,262.70469980300,,1,250,“No es apropiada su aplicación para la ubicación exacta de puntos ni para el cálculo de áreas y distancias,Atlántico,262704699.8000000119,449249.9897000000,262255449.8000000119,82.7482806200,309.5082064000,82.7482806200,,,,,,,,,,,,,,,,,,,82.3489275672746
"27150",Carmen Del Darién,3369.46994831000,Ordenanza No. 018 de 2000,1,5,“No es apropiada su aplicación para la ubicación exacta de puntos ni para el cálculo de áreas y distancias,Chocó,3369469948.0000000000,344040.4157000000,3369125907.0000000000,92.0037035700,6.8634016380,92.0037035700,,,,,,,,,,,,,,,,,,,92.0118773151267
"27615",Riosucio,6139.60631702000,,1,22,“No es apropiada su aplicación para la ubicación exacta de puntos ni para el cálculo de áreas y distancias,Chocó,6139606317.0000000000,1579723.1150000000,6138026593.0000000000,181.6998535000,3.3892459510,181.6998535000,,,,,,,,,,,,,,,,,,,181.746103477577
"27493",Nuevo Belen de Bajira,1289.28227171000,Ordenanza N°180 de 2023,1,22,"""No es apropiada su aplicación para la ubicación exacta de puntos ni para el cálculo de áreas y distancias""",Chocó,1289282271.0000000000,0.0000000000,1289282271.0000000000,35.1656603500,0.0000000000,35.1656603500,,,,,,,,,,,,,,,,,,,35.1656603597422
"05212",Copacabana,67.92434715140,,1,1400,“No es apropiada su aplicación para la ubicación exacta de puntos ni para el cálculo de áreas y distancias,Antioquia,67924347.1500000060,7709400.6600000001,60214946.4900000021,1915.2970710000,1464.6762880000,1915.2970710000,,,,,,,,,,,,,,,,,,,1973.28471924518
"05088",Bello,147.92390905100,Ordenanza No. 48 de 1913,1,1447,“No es apropiada su aplicación para la ubicación exacta de puntos ni para el cálculo de áreas y distancias,Antioquia,141375484.9000000060,22890931.2600000016,118484553.5000000000,2223.4536740000,1507.3715650000,2223.4536740000,,,,,,,,,,,,,,,,,,,2364.29747387096
"05656",San Jerónimo,152.13959893700,,1,734,“No es apropiada su aplicación para la ubicación exacta de puntos ni para el cálculo de áreas y distancias,Antioquia,152139598.9000000060,4987522.1930000000,147152076.5000000000,1443.8416710000,746.6856856000,1443.8416710000,,,,,,,,,,,,,,,,,,,1467.68983663499
"05664",San Pedro De Los Milagros,235.36616719700,,1,2471,“No es apropiada su aplicación para la ubicación exacta de puntos ni para el cálculo de áreas y distancias,Antioquia,241914591.0000000000,2159169.4730000002,239755421.5000000000,2524.4760090000,2472.7566370000,2524.4760090000,,,,,,,,,,,,,,,,,,,2524.93983548015
"68615",Rionegro,1166.48053649000,,1,655,“No es apropiada su aplicación para la ubicación exacta de puntos ni para el cálculo de áreas y distancias,Santander,1166480507.0000000000,650011.6637000000,1165830495.0000000000,445.1689402000,659.4246199000,445.1689402000,,,,,,,,,,,,,,,,,,,445.049161791018
"54385",La Esperanza,668.75090723000,Ordenanza No. 82 de 1993,1,174,“No es apropiada su aplicación para la ubicación exacta de puntos ni para el cálculo de áreas y distancias,Norte de Santander,668395885.2000000477,381762.6967000000,668014122.5000000000,512.1857716000,180.4671267000,512.1857716000,,,,,,,,,,,,,,,,,,,512.383195701994
"20710",San Alberto,549.31571987800,Ordenanza No. 03 de 1976,1,120,“No es apropiada su aplicación para la ubicación exacta de puntos ni para el cálculo de áreas y distancias,Cesar,550366153.2000000477,1967850.4930000000,548398302.7000000477,329.1470217000,118.3011557000,329.1470217000,,,,,,,,,,,,,,,,,,,329.917933047682
"20770",San Martín,991.73009842600,Ordenanza No. 15 de 1983,1,113,“No es apropiada su aplicación para la ubicación exacta de puntos ni para el cálculo de áreas y distancias,Cesar,992505600.2000000477,1414040.9860000000,991091559.2000000477,207.3719461000,113.3008710000,207.3719461000,,,,,,,,,,,,,,,,,,,207.506756354639
"54003",Ábrego,1379.89869089000,,1,1395,“No es apropiada su aplicación para la ubicación exacta de puntos ni para el cálculo de áreas y distancias,Norte de Santander,1379184181.0000000000,1889199.1550000000,1377294981.0000000000,1841.1812790000,1390.6447200000,1841.1812790000,,,,,,,,,,,,,,,,,,,1841.7951347232
"54498",Ocaña,552.86934037300,,1,1205,“No es apropiada su aplicación para la ubicación exacta de puntos ni para el cálculo de áreas y distancias,Norte de Santander,552112964.6000000238,11072039.8300000001,541040924.7000000477,1419.4160890000,1192.5482570000,1419.4160890000,,,,,,,,,,,,,,,,,,,1424.02328030904
"15507",Otanche,474.48466357500,Ordenanza No. 40 de 1960,1,1040,“No es apropiada su aplicación para la ubicación exacta de puntos ni para el cálculo de áreas y distancias,Boyacá,474547661.0000000000,392900.3940000000,474154760.6000000238,837.3395170000,1050.4185890000,837.3395170000,,,,,,,,,,,,,,,,,,,837.160057885838
"68377",La Belleza,334.77752546900,Ordenanza No. 25 de 1974,1,2000,“No es apropiada su aplicación para la ubicación exacta de puntos ni para el cálculo de áreas y distancias,Santander,334777525.3000000119,359576.6671000000,334417948.6000000238,1087.5850520000,2192.7381180000,1087.5850520000,,,,,,,,,,,,,,,,,,,1086.32185952262
"15572",Puerto Boyacá,1511.70140445000,Decreto No. 0615 de 1957,1,144,“No es apropiada su aplicación para la ubicación exacta de puntos ni para el cálculo de áreas y distancias,Boyacá,1511678209.0000000000,4075722.8700000001,1507602486.0000000000,245.0299614000,144.6152792000,245.0299614000,,,,,,,,,,,,,,,,,,,245.27430870453
"68101",Bolívar,1008.85600026000,,1,2130,“No es apropiada su aplicación para la ubicación exacta de puntos ni para el cálculo de áreas y distancias,Santander,1008816196.0000000000,303435.7615000000,1008512760.0000000000,691.1560496000,2138.4839780000,691.1560496000,,,,,,,,,,,,,,,,,,,690.766003250296
"66088",Belén De Umbría,180.58722408500,,1,1500,“No es apropiada su aplicación para la ubicación exacta de puntos ni para el cálculo de áreas y distancias,Risaralda,181180856.0000000000,1543893.6980000001,179636962.3000000119,1575.4982090000,1486.7219810000,1575.4982090000,,,,,,,,,,,,,,,,,,,1576.27772413845
"66318",Guática,100.80899641900,,1,2150,“No es apropiada su aplicación para la ubicación exacta de puntos ni para el cálculo de áreas y distancias,Risaralda,100798241.2000000030,612607.8580000000,100185633.2000000030,1885.5694530000,1891.3375340000,1885.5694530000,,,,,,,,,,,,,,,,,,,1885.53511428638
"66572",Pueblo Rico,613.80266218300,,1,1563,“No es apropiada su aplicación para la ubicación exacta de puntos ni para el cálculo de áreas y distancias,Risaralda,613804284.2000000477,473865.2850000000,613330418.7000000477,1462.3257280000,1551.8916830000,1462.3257280000,,,,,,,,,,,,,,,,,,,1462.25727238721
"66456",Mistrató,564.73615883400,,1,1501,“No es apropiada su aplicación para la ubicación exacta de puntos ni para el cálculo de áreas y distancias,Risaralda,564151659.7000000477,435829.3290000001,563715830.2000000477,1698.2843370000,1501.3178100000,1698.2843370000,,,,,,,,,,,,,,,,,,,1698.43912939736
"25535",Pasca,271.40820120200,,1,2180,“No es apropiada su aplicación para la ubicación exacta de puntos ni para el cálculo de áreas y distancias,Cundinamarca,271377162.5000000000,607962.8426000000,270769199.6000000238,3015.7973160000,2167.2342930000,3015.7973160000,,,,,,,,,,,,,,,,,,,3017.55842994677
"25290",Fusagasugá,193.47801688400,,1,1728,“No es apropiada su aplicación para la ubicación exacta de puntos ni para el cálculo de áreas y distancias,Cundinamarca,193478016.8000000119,14457430.9600000009,179020585.8000000119,1636.7900950000,1668.7562660000,1636.7900950000,,,,,,,,,,,,,,,,,,,1634.22362342817
"25743",Silvania,162.78506075400,Ordenanza No. 40 de 1948,1,1468,“No es apropiada su aplicación para la ubicación exacta de puntos ni para el cálculo de áreas y distancias,Cundinamarca,162785060.5000000000,7311814.0520000001,155473246.4000000060,2085.1173770000,1380.9556140000,2085.1173770000,,,,,,,,,,,,,,,,,,,2117.99727558949
"25740",Sibaté,121.90262118500,Ordenanza No. 40 de 1967,1,2574,“No es apropiada su aplicación para la ubicación exacta de puntos ni para el cálculo de áreas y distancias,Cundinamarca,125858705.7000000030,1907220.6200000001,123951485.0000000000,2861.9294010000,2586.8985240000,2861.9294010000,,,,,,,,,,,,,,,,,,,2866.16064526904
"25312",Granada,60.63927650380,Ordenanza No. 017 de 1995,1,2250,“No es apropiada su aplicación para la ubicación exacta de puntos ni para el cálculo de áreas y distancias,Cundinamarca,60640608.3800000027,302092.8460000000,60338515.5300000012,2574.5127220000,2279.9068600000,2574.5127220000,,,,,,,,,,,,,,,,,,,2575.92430673834
"25754",Soacha,187.23217583000,,1,2555,“No es apropiada su aplicación para la ubicación exacta de puntos ni para el cálculo de áreas y distancias,Cundinamarca,183305797.9000000060,31664151.9200000018,151641645.9000000060,2820.0575750000,2575.0210490000,2820.0575750000,,,,,,,,,,,,,,,,,,,2871.18355512466
"76834",Tuluá,909.43863137000,,1,974,“No es apropiada su aplicación para la ubicación exacta de puntos ni para el cálculo de áreas y distancias,Valle del Cauca,909401108.5000000000,16217511.0800000001,893183597.2000000477,2109.2281340000,977.7862800000,2109.2281340000,,,,,,,,,,,,,,,,,,,2129.85329258089
"76036",Andalucía,110.43532444500,Ordenanza No. 9 de 1884,1,956,“No es apropiada su aplicación para la ubicación exacta de puntos ni para el cálculo de áreas y distancias,Valle del Cauca,110433677.2000000030,3070372.2420000001,107363304.9000000060,1045.0353690000,955.5866385000,1045.0353690000,,,,,,,,,,,,,,,,,,,1047.60871775279
"76113",Bugalagrande,396.81203915800,,1,941,“No es apropiada su aplicación para la ubicación exacta de puntos ni para el cálculo de áreas y distancias,Valle del Cauca,396848795.0000000000,2902105.8870000001,393946689.1000000238,1119.4839720000,946.4019939000,1119.4839720000,,,,,,,,,,,,,,,,,,,1120.77067400264
"76736",Sevilla,537.17039447400,Ordenanza No. 26 de 1914,1,1613,“No es apropiada su aplicación para la ubicación exacta de puntos ni para el cálculo de áreas y distancias,Valle del Cauca,537172808.5000000000,4048847.4980000001,533123961.0000000000,2006.1263070000,1623.0143610000,2006.1263070000,,,,,,,,,,,,,,,,,,,2009.070962564
"70204",Colosó,131.09284720900,,1,160,“No es apropiada su aplicación para la ubicación exacta de puntos ni para el cálculo de áreas y distancias,Sucre,131093070.7000000030,772303.7352000000,130320766.9000000060,200.2512891000,145.2946871000,200.2512891000,,,,,,,,,,,,,,,,,,,200.578432958992
"70230",Chalán,83.67159063610,Ordenanza No. 06 de 1968,1,280,“No es apropiada su aplicación para la ubicación exacta de puntos ni para el cálculo de áreas y distancias,Sucre,85246760.8100000024,494165.9252000000,84752594.8700000048,341.2171315000,287.2895267000,341.2171315000,,,,,,,,,,,,,,,,,,,341.544485937364
"70508",Ovejas,459.79976972600,,1,258,“No es apropiada su aplicación para la ubicación exacta de puntos ni para el cálculo de áreas y distancias,Sucre,458222284.8000000119,1820945.0310000000,456401339.6000000238,259.0022520000,253.4810144000,259.0022520000,,,,,,,,,,,,,,,,,,,259.024383930796
"13244",El Carmen De Bolívar,945.74429207700,,1,155,“No es apropiada su aplicación para la ubicación exacta de puntos ni para el cálculo de áreas y distancias,Bolívar,945746383.1000000238,5436824.8830000004,940309558.2000000477,211.1133978000,168.5567012000,211.1133978000,,,,,,,,,,,,,,,,,,,211.359423367606
"63130",Calarcá,219.78548905000,,1,1537,“No es apropiada su aplicación para la ubicación exacta de puntos ni para el cálculo de áreas y distancias,Quindío,219785489.0000000000,7266091.6560000004,212519397.3000000119,1814.1096790000,1503.6714850000,1814.1096790000,,,,,,,,,,,,,,,,,,,1824.77063170439
"63001",Armenia,120.93041996200,,1,1483,“No es apropiada su aplicación para la ubicación exacta de puntos ni para el cálculo de áreas y distancias,Quindío,121149672.5000000000,32984701.1700000018,88164971.3100000024,1296.1499540000,1447.9301030000,1296.1499540000,,,,,,,,,,,,,,,,,,,1239.89757325963
"63190",Circasia,91.50727484620,,1,1773,“No es apropiada su aplicación para la ubicación exacta de puntos ni para el cálculo de áreas y distancias,Quindío,91507274.8400000036,3261408.1850000001,88245866.6500000060,1630.0572440000,1765.1126770000,1630.0572440000,,,,,,,,,,,,,,,,,,,1625.24478684003
"63690",Salento,346.31828516600,Decreto No. 0995 de 1908,1,1900,“No es apropiada su aplicación para la ubicación exacta de puntos ni para el cálculo de áreas y distancias,Quindío,346099032.5000000000,834316.1152000000,345264716.3000000119,2623.2148560000,1981.6203080000,2623.2148560000,,,,,,,,,,,,,,,,,,,2624.98099488031
"25377",La Calera,326.34105520500,,1,2581,“No es apropiada su aplicación para la ubicación exacta de puntos ni para el cálculo de áreas y distancias,Cundinamarca,326080403.8000000119,1632992.5850000000,324447411.1000000238,2902.8422520000,2711.5838580000,2902.8422520000,,,,,,,,,,,,,,,,,,,2903.79204251277
"25175",Chía,80.05159290750,,1,2557,“No es apropiada su aplicación para la ubicación exacta de puntos ni para el cálculo de áreas y distancias,Cundinamarca,80051592.9000000060,19905987.6700000018,60145605.2100000009,2658.9879430000,2555.1962110000,2658.9879430000,,,,,,,,,,,,,,,,,,,2692.45507154236
"25322",Guasca,360.08425663700,,1,2650,“No es apropiada su aplicación para la ubicación exacta de puntos ni para el cálculo de áreas y distancias,Cundinamarca,360084256.6000000238,1348492.3500000001,358735764.1000000238,3062.9333530000,2663.5687800000,3062.9333530000,,,,,,,,,,,,,,,,,,,3064.41097337384
"25758",Sopó,110.88929587900,,1,2574,“No es apropiada su aplicación para la ubicación exacta de puntos ni para el cálculo de áreas y distancias,Cundinamarca,111149947.0000000000,2611420.2940000002,108538526.7000000030,2673.2961040000,2601.4401190000,2673.2961040000,,,,,,,,,,,,,,,,,,,2675.01763655051
"25793",Tausa,201.59873928900,,1,2931,“No es apropiada su aplicación para la ubicación exacta de puntos ni para el cálculo de áreas y distancias,Cundinamarca,201916412.0000000000,241537.9930000000,201674874.0000000000,3223.7743590000,2957.4037740000,3223.7743590000,,,,,,,,,,,,,,,,,,,3224.10000957584
"25781",Sutatausa,64.78062252240,,1,2600,“No es apropiada su aplicación para la ubicación exacta de puntos ni para el cálculo de áreas y distancias,Cundinamarca,64497663.1400000006,210568.9448000000,64287094.1700000018,2826.7566710000,2595.9228620000,2826.7566710000,,,,,,,,,,,,,,,,,,,2827.42761180473
"25224",Cucunubá,109.68183816100,,1,2590,“No es apropiada su aplicación para la ubicación exacta de puntos ni para el cálculo de áreas y distancias,Cundinamarca,109646574.4000000060,370831.8473000000,109275742.5000000000,2829.3206570000,2581.1975660000,2829.3206570000,,,,,,,,,,,,,,,,,,,2830.15043638475
"25154",Carmen De Carupa,298.14718517100,,1,2950,“No es apropiada su aplicación para la ubicación exacta de puntos ni para el cálculo de áreas y distancias,Cundinamarca,298147735.3000000119,442961.1077000000,297704774.1000000238,3078.1202160000,2961.2065930000,3078.1202160000,,,,,,,,,,,,,,,,,,,3078.29718588987
"23300",Cotorra,87.74117640030,Ordenanza No. 03 de 1997,1,10,“No es apropiada su aplicación para la ubicación exacta de puntos ni para el cálculo de áreas y distancias,Córdoba,88033466.3400000036,2211359.6260000002,85822106.7000000030,5.8514603660,8.1650450250,5.8514603660,,,,,,,,,,,,,,,,,,,5.79110994471822
"23417",Lorica,951.22870301000,,1,6,“No es apropiada su aplicación para la ubicación exacta de puntos ni para el cálculo de áreas y distancias,Córdoba,950936412.8999999762,7884743.7070000004,943051669.2000000477,34.3601745400,18.9974163800,34.3601745400,,,,,,,,,,,,,,,,,,,34.489550932628
