MpCodigo,MpNombre,MpArea,MpNorma,MpCategor,MpAltitud,Restriccio,Depto,ATotal,AUrban,ARural,CZ_mean
"91405",La Chorrera,12641.49795050000,,3,184,“No es apropiada su aplicación para la ubicación exacta de puntos ni para el cálculo de áreas y distancias,Amazonas,12641497950.0000000000,0.0000000000,12641497950.0000000000,165.875829450659
"91669",Santander,14692.13231230000,,3,200,“No es apropiada su aplicación para la ubicación exacta de puntos ni para el cálculo de áreas y distancias,Amazonas,14692132312.0000000000,0.0000000000,14692132312.0000000000,154.091277044039
"91460",Mirití-Paraná,16813.38503520000,,3,200,“No es apropiada su aplicación para la ubicación exacta de puntos ni para el cálculo de áreas y distancias,Amazonas,16813385035.0000019073,0.0000000000,16813385035.0000019073,156.623939699385
"91430",La Victoria,1428.20287199000,Ordenanza No. 012 de 1996,3,200,“No es apropiada su aplicación para la ubicación exacta de puntos ni para el cálculo de áreas y distancias,Amazonas,1428202871.0000000000,0.0000000000,1428202871.0000000000,173.751953524253
"52560",Potosí,388.67633162700,,1,2750,“No es apropiada su aplicación para la ubicación exacta de puntos ni para el cálculo de áreas y distancias,Nariño,388676331.6000000238,339419.0908000000,388336912.5000000000,2868.90591669769
"86569",Puerto Caicedo,926.78971503900,Ordenanza No. 012 de 1992,1,272,“No es apropiada su aplicación para la ubicación exacta de puntos ni para el cálculo de áreas y distancias,Putumayo,926789715.0000001192,989585.5496000000,925800129.3999998569,297.975488321123
"52215",Córdoba,304.91737430800,Ordenanza No. 39 de 1911,1,2800,“No es apropiada su aplicación para la ubicación exacta de puntos ni para el cálculo de áreas y distancias,Nariño,304917374.3000000119,679234.4987000000,304238139.8000000119,2550.98704843092
"52573",Puerres,350.46037993900,,1,2800,“No es apropiada su aplicación para la ubicación exacta de puntos ni para el cálculo de áreas y distancias,Nariño,350460379.8000000119,1027882.0070000000,349432497.6999999881,2587.47182244762
"86320",Orito,1940.66195929000,Decreto No. 2891 de 1978,1,361,“No es apropiada su aplicación para la ubicación exacta de puntos ni para el cálculo de áreas y distancias,Putumayo,1940661959.0000000000,7048717.8550000004,1933613241.0000000000,757.279542391958
"52210",Contadero,43.25398589680,,1,2900,“No es apropiada su aplicación para la ubicación exacta de puntos ni para el cálculo de áreas y distancias,Nariño,43253985.8900000006,493915.5338000000,42760070.3500000015,2837.3708484959
"52323",Gualmatán,29.99411539770,,1,2900,“No es apropiada su aplicación para la ubicación exacta de puntos ni para el cálculo de áreas y distancias,Nariño,29994115.3900000006,750198.7658000002,29243916.6200000010,3018.11210327673
"52585",Pupiales,129.80373907500,,1,2900,“No es apropiada su aplicación para la ubicación exacta de puntos ni para el cálculo de áreas y distancias,Nariño,129803739.0000000000,1580765.0640000000,128222973.9000000060,3068.14480702083
"18785",Solita,476.83005807400,Ordenanza No. 28 de 1996,1,200,“No es apropiada su aplicación para la ubicación exacta de puntos ni para el cálculo de áreas y distancias,Caquetá,476830058.0000000000,1108328.8200000001,475721729.1000000238,219.416980917096
"52352",Iles,80.63770248610,,1,2950,“No es apropiada su aplicación para la ubicación exacta de puntos ni para el cálculo de áreas y distancias,Nariño,80637702.4800000042,375149.8947000000,80262552.5799999982,2793.7091398294
"52317",Guachucal,155.85048913800,,1,3087,“No es apropiada su aplicación para la ubicación exacta de puntos ni para el cálculo de áreas y distancias,Nariño,155850489.0000000000,666369.4083000000,155184119.5000000000,3224.17660744052
"52287",Funes,395.11901158700,,1,2350,“No es apropiada su aplicación para la ubicación exacta de puntos ni para el cálculo de áreas y distancias,Nariño,395119011.5000000000,840681.3969000002,394278330.1000000238,2861.16800316656
"86571",Puerto Guzmán,4576.40236659000,Ordenanza No. 013 de 1992,1,306,“No es apropiada su aplicación para la ubicación exacta de puntos ni para el cálculo de áreas y distancias,Putumayo,4576402366.0000000000,797717.5248000000,4575604648.0000000000,243.246604101902
"52506",Ospina,64.91170941300,,1,2830,“No es apropiada su aplicación para la ubicación exacta de puntos ni para el cálculo de áreas y distancias,Nariño,64911709.3900000006,540110.1409000000,64371599.2400000021,2875.94123461888
"86885",Villagarzón,1397.69206317000,Decreto No. 0574 de 1977,1,426,“No es apropiada su aplicación para la ubicación exacta de puntos ni para el cálculo de áreas y distancias,Putumayo,1397692063.0000000000,2448387.1830000002,1395243675.0000000000,925.701988379813
"52720",Sapuyes,115.68031993300,,1,3014,“No es apropiada su aplicación para la ubicación exacta de puntos ni para el cálculo de áreas y distancias,Nariño,115680319.9000000060,474543.6227000000,115205776.2000000030,3166.22108795406
"52354",Imués,81.79211570040,,1,2600,“No es apropiada su aplicación para la ubicación exacta de puntos ni para el cálculo de áreas y distancias,Nariño,81792115.7000000030,342127.4302000000,81449988.2600000054,2439.29206205366
"18205",Curillo,399.27721922500,,1,232,“No es apropiada su aplicación para la ubicación exacta de puntos ni para el cálculo de áreas y distancias,Caquetá,399277219.1000000238,773216.4860000000,398504002.6000000238,234.28527515854
"18756",Solano,42233.42854970000,Ordenanza No. 03 de 1985,1,200,“No es apropiada su aplicación para la ubicación exacta de puntos ni para el cálculo de áreas y distancias,Caquetá,42233428549.0000000000,458286.9034000000,42232970262.0000000000,218.207073231596
"52885",Yacuanquer,102.83491954100,,1,2650,“No es apropiada su aplicación para la ubicación exacta de puntos ni para el cálculo de áreas y distancias,Nariño,102834919.5000000000,605157.1189000000,102229762.2999999970,2500.59446904193
"86760",Santiago,342.16073805300,Decreto No. 2830 de 1989,1,2125,“No es apropiada su aplicación para la ubicación exacta de puntos ni para el cálculo de áreas y distancias,Putumayo,342160738.0000000000,800816.6905000000,341359921.3000000119,2675.35034822453
"52788",Tangua,218.18721976000,,1,2403,“No es apropiada su aplicación para la ubicación exacta de puntos ni para el cálculo de áreas y distancias,Nariño,218187219.5000000000,754714.4362000000,217432505.0000000000,3053.69230821691
"52320",Guaitarilla,116.86133858600,,1,2650,“No es apropiada su aplicación para la ubicación exacta de puntos ni para el cálculo de áreas y distancias,Nariño,116861338.5000000000,1191041.3450000000,115670297.0999999940,2469.78096355494
"52207",Consacá,119.47078242100,,1,1675,“No es apropiada su aplicación para la ubicación exacta de puntos ni para el cálculo de áreas y distancias,Nariño,119470782.4000000060,561015.2483000000,118909767.0999999940,2290.23642975963
"86755",San Francisco,407.59611114900,Decreto No. 2830 de 1989,1,2173,“No es apropiada su aplicación para la ubicación exacta de puntos ni para el cálculo de áreas y distancias,Putumayo,407596111.1000000238,740313.9259000000,406855797.1000000238,2370.71372588076
"52838",Túquerres,216.51509709500,,1,3051,“No es apropiada su aplicación para la ubicación exacta de puntos ni para el cálculo de áreas y distancias,Nariño,216515097.0000000000,3882020.2200000002,212633076.6999999881,2985.16191023543
"86219",Colón,64.32293555090,Decreto No. 2830 de 1989,1,2100,“No es apropiada su aplicación para la ubicación exacta de puntos ni para el cálculo de áreas y distancias,Putumayo,64322935.5300000012,1757576.4190000000,62565359.1099999994,2492.23119781946
"52565",Providencia,40.00138595500,Ordenanza No. 34 de 1992,1,2300,“No es apropiada su aplicación para la ubicación exacta de puntos ni para el cálculo de áreas y distancias,Nariño,40001385.9500000030,269899.8982000000,39731486.0499999970,2508.04045805352
"52480",Nariño,25.33619871450,Ordenanza No. 27 de 1999,1,2400,“No es apropiada su aplicación para la ubicación exacta de puntos ni para el cálculo de áreas y distancias,Nariño,25336198.7100000009,337028.1197000000,24999170.5899999999,2600.70007952765
"52036",Ancuya,68.97811108860,,1,1375,“No es apropiada su aplicación para la ubicación exacta de puntos ni para el cálculo de áreas y distancias,Nariño,68978111.0600000024,363787.5822000000,68614323.4699999988,1906.33102638751
"86749",Sibundoy,97.79085126540,Decreto No. 1871 de 1982,1,2137,“No es apropiada su aplicación para la ubicación exacta de puntos ni para el cálculo de áreas y distancias,Putumayo,97790851.2600000054,2916130.9640000002,94874720.2900000066,2587.83732944198
"18860",Valparaíso,1329.92155788000,Ordenanza No. 03 de 1985,1,225,“No es apropiada su aplicación para la ubicación exacta de puntos ni para el cálculo de áreas y distancias,Caquetá,1329921557.0000000000,600196.9164000000,1329321360.0000000000,234.782893220255
"52001",Pasto,1100.29297587000,,1,2559,“No es apropiada su aplicación para la ubicación exacta de puntos ni para el cálculo de áreas y distancias,Nariño,1100292975.0000000000,25326333.5300000012,1074966641.0000000000,2980.35722459597
"18460",Milán,1220.12056809000,,1,207,“No es apropiada su aplicación para la ubicación exacta de puntos ni para el cálculo de áreas y distancias,Caquetá,1220120568.0000000000,361926.6166000000,1219758641.0000000000,227.209043203667
"18029",Albania,412.82769384200,,1,270,“No es apropiada su aplicación para la ubicación exacta de puntos ni para el cálculo de áreas y distancias,Caquetá,412827693.8000000119,333770.3910000000,412493923.3999999762,261.676253207857
"52683",Sandoná,101.71331712200,,1,1800,“No es apropiada su aplicación para la ubicación exacta de puntos ni para el cálculo de áreas y distancias,Nariño,101713317.0000000000,1756308.5540000000,99957008.4399999976,1931.57886305478
"52435",Mallama,569.81370482400,,1,1809,“No es apropiada su aplicación para la ubicación exacta de puntos ni para el cálculo de áreas y distancias,Nariño,569813704.7000000477,260595.5635000000,569553109.1000000238,2438.39553173344
"52381",La Florida,136.44193326800,,1,2150,“No es apropiada su aplicación para la ubicación exacta de puntos ni para el cálculo de áreas y distancias,Nariño,136441933.0000000000,907957.4626000000,135533975.5000000000,2115.0109178373
"52110",Buesaco,636.44797160200,,1,1960,“No es apropiada su aplicación para la ubicación exacta de puntos ni para el cálculo de áreas y distancias,Nariño,636447971.6000000238,1079926.0190000001,635368045.5000000000,2566.70352536309
"52699",Santacruz,541.27497552000,Ordenanza No. 40 de 1913,1,2500,“No es apropiada su aplicación para la ubicación exacta de puntos ni para el cálculo de áreas y distancias,Nariño,541274975.5000000000,211747.6285000000,541063227.7999999523,1993.76240303056
"86001",Mocoa,1305.26519049000,Decreto No. 0013 de 1958,1,605,“No es apropiada su aplicación para la ubicación exacta de puntos ni para el cálculo de áreas y distancias,Putumayo,1305265190.0000000000,6897720.7840000000,1298367469.0000000000,1578.29169115629
"52411",Linares,135.77191557200,,1,1450,“No es apropiada su aplicación para la ubicación exacta de puntos ni para el cálculo de áreas y distancias,Nariño,135771915.5000000000,373512.5016000000,135398402.9000000060,1506.22331635135
"52019",Albán,38.63842487960,,1,1700,“No es apropiada su aplicación para la ubicación exacta de puntos ni para el cálculo de áreas y distancias,Nariño,38638424.8500000015,421516.3150000000,38216908.5300000012,1946.34492634105
"52258",El Tablón,307.11094000500,,1,1025,“No es apropiada su aplicación para la ubicación exacta de puntos ni para el cálculo de áreas y distancias,Nariño,307110940.0000000000,220021.6649000000,306890918.3000000119,2770.04965399434
"52240",Chachagüí,146.39866856700,Ordenanza No. 20 de 1992,1,1961,“No es apropiada su aplicación para la ubicación exacta de puntos ni para el cálculo de áreas y distancias,Nariño,146398668.5000000000,966820.4999000001,145431848.0000000000,1885.91694097274
"52051",Arboleda,60.23237842430,,1,2000,“No es apropiada su aplicación para la ubicación exacta de puntos ni para el cálculo de áreas y distancias,Nariño,60232378.4200000018,263640.0415000000,59968738.3699999973,1896.92418725259
"52260",El Tambo,246.54730632100,,1,2200,“No es apropiada su aplicación para la ubicación exacta de puntos ni para el cálculo de áreas y distancias,Nariño,246547306.3000000119,1026686.9040000000,245520619.3000000119,1792.92336711143
"18150",Cartagena Del Chairá,12771.38667110000,Ordenanza No. 03 de 1985,1,242,“No es apropiada su aplicación para la ubicación exacta de puntos ni para el cálculo de áreas y distancias,Caquetá,12771386671.0000000000,2369580.5940000000,12769017090.0000000000,224.319990590387
"52685",San Bernardo,65.21026401640,Ordenanza No. 023 de 1992,1,2100,“No es apropiada su aplicación para la ubicación exacta de puntos ni para el cálculo de áreas y distancias,Nariño,65210264.0000000000,262527.3477000000,64947736.6499999985,2522.71395394742
"18479",Morelia,462.39668395800,Ordenanza No. 03 de 1985,1,258,“No es apropiada su aplicación para la ubicación exacta de puntos ni para el cálculo de áreas y distancias,Caquetá,462396683.8000000119,377826.3966000000,462018857.3999999762,269.687307554195
"18610",San José Del Fragua,1310.24886369000,,1,365,“No es apropiada su aplicación para la ubicación exacta de puntos ni para el cálculo de áreas y distancias,Caquetá,1310248863.0000000000,576700.0845000000,1309672162.0000000000,940.837723796862
"19533",Piamonte,1104.95719443000,Ordenanza No. 24 de 1996,1,306,“No es apropiada su aplicación para la ubicación exacta de puntos ni para el cálculo de áreas y distancias,Cauca,1104957194.0000000000,643856.9678000000,1104313337.0000000000,765.946172609417
"52694",San Pedro De Cartago,55.68932308920,Ordenanza No. 25 de 1989,1,1750,“No es apropiada su aplicación para la ubicación exacta de puntos ni para el cálculo de áreas y distancias,Nariño,55689323.0700000003,161462.7689000000,55527860.2999999970,2302.14604688912
"52678",Samaniego,605.72244783600,,1,1450,“No es apropiada su aplicación para la ubicación exacta de puntos ni para el cálculo de áreas y distancias,Nariño,605722447.7000000477,2226964.6170000001,603495483.0000000000,1580.10699562269
"52254",El Peñol,121.23733344700,Ordenanza No. 36 de 1998,1,1650,“No es apropiada su aplicación para la ubicación exacta de puntos ni para el cálculo de áreas y distancias,Nariño,121237333.4000000060,360405.5568000000,120876927.7999999970,1125.66684550387
"52083",Belén,41.87539432340,Ordenanza No. 53 de 1985,1,2450,“No es apropiada su aplicación para la ubicación exacta de puntos ni para el cálculo de áreas y distancias,Nariño,41875394.3200000003,331386.2106000000,41544008.1000000015,2443.96634869185
"52378",La Cruz,238.99919376200,,1,2500,“No es apropiada su aplicación para la ubicación exacta de puntos ni para el cálculo de áreas y distancias,Nariño,238999193.5000000000,795364.1481000000,238203829.3000000119,2920.88003147334
"52385",La Llanada,245.28129917100,Ordenanza No. 26 de 1989,1,2300,“No es apropiada su aplicación para la ubicación exacta de puntos ni para el cálculo de áreas y distancias,Nariño,245281299.0000000000,430967.3937000000,244850331.5999999940,1439.46420614915
"52687",San Lorenzo,249.35123267300,,1,1950,“No es apropiada su aplicación para la ubicación exacta de puntos ni para el cálculo de áreas y distancias,Nariño,249351232.5000000000,293841.4448000000,249057391.0000000000,1752.48812642896
"52203",Colón,61.79495732510,,1,1750,“No es apropiada su aplicación para la ubicación exacta de puntos ni para el cálculo de áreas y distancias,Nariño,61794957.3200000003,189700.9999000000,61605256.3200000003,1981.08082869223
"52786",Taminango,234.80328352700,,1,1375,“No es apropiada su aplicación para la ubicación exacta de puntos ni para el cálculo de áreas y distancias,Nariño,234803283.5000000000,368344.7044000000,234434938.6999999881,1104.54551724111
"52399",La Unión,142.26366762800,,1,1727,“No es apropiada su aplicación para la ubicación exacta de puntos ni para el cálculo de áreas y distancias,Nariño,142263667.5000000000,1332153.7430000000,140931513.6999999881,1566.10317714929
"52693",San Pablo,111.93413521600,,1,1750,“No es apropiada su aplicación para la ubicación exacta de puntos ni para el cálculo de áreas y distancias,Nariño,111934135.2000000030,862117.2878000000,111072017.9000000060,2300.00381836087
"97161",Carurú,6349.02552019000,Ordenanza No. 03 de 1993,1,200,“No es apropiada su aplicación para la ubicación exacta de puntos ni para el cálculo de áreas y distancias,Vaupés,6349025520.0000000000,884364.9368000000,6348141155.0000000000,235.077381500622
"19290",Florencia,56.69489360930,Ordenanza No. 01 de 1993,1,1500,“No es apropiada su aplicación para la ubicación exacta de puntos ni para el cálculo de áreas y distancias,Cauca,56694893.6000000015,128586.4921000000,56566307.1000000015,1609.19395629754
"18094",Belén De Los Andaquíes,1191.55051045000,Decreto No. 0963 de 1950,1,313,“No es apropiada su aplicación para la ubicación exacta de puntos ni para el cálculo de áreas y distancias,Caquetá,1191550510.0000000000,932977.5088000000,1190617532.0000000000,792.59750686657
"18410",Montañita,1700.23556381000,Decreto No. 83 de 1955,1,237,“No es apropiada su aplicación para la ubicación exacta de puntos ni para el cálculo de áreas y distancias,Caquetá,1700235563.0000000000,416573.4538000000,1699818989.0000000000,335.676214768884
"41530",Palestina,196.96126112500,Ordenanza No. 02 de 1984,1,1740,“No es apropiada su aplicación para la ubicación exacta de puntos ni para el cálculo de áreas y distancias,Huila,196961261.0000000000,277997.7880000000,196683263.1999999881,1963.56158661773
"41006",Acevedo,521.80677226600,,1,1563,“No es apropiada su aplicación para la ubicación exacta de puntos ni para el cálculo de áreas y distancias,Huila,521806772.1000000238,1107518.2150000001,520699253.8000000119,1683.12573155563
"19701",Santa Rosa,3620.75583337000,,1,1750,“No es apropiada su aplicación para la ubicación exacta de puntos ni para el cálculo de áreas y distancias,Cauca,3620755833.0000000000,373332.5471000001,3620382500.0000000000,2070.45581517301
"52418",Los Andes,957.96688570000,,1,1550,“No es apropiada su aplicación para la ubicación exacta de puntos ni para el cálculo de áreas y distancias,Nariño,957966885.6000000238,658324.4496000002,957308561.1000000238,1000.5334130245
"52540",Policarpa,434.66529904100,Ordenanza No. 22 de 1972,1,1000,“No es apropiada su aplicación para la ubicación exacta de puntos ni para el cálculo de áreas y distancias,Nariño,434665299.0000000000,270702.9845000000,434394596.0000000000,1017.30538309122
"52233",Cumbitara,355.55104496600,Ordenanza No. 65 de 1968,1,1675,“No es apropiada su aplicación para la ubicación exacta de puntos ni para el cálculo de áreas y distancias,Nariño,355551044.8000000119,276591.2647000000,355274453.5000000000,1101.85284387711
"19450",Mercaderes,698.55523708800,,1,1156,“No es apropiada su aplicación para la ubicación exacta de puntos ni para el cálculo de áreas y distancias,Cauca,698555237.0000000000,2646055.8450000002,695909181.1000000238,934.091802603531
"19693",San Sebastián,419.24426830500,,1,2100,“No es apropiada su aplicación para la ubicación exacta de puntos ni para el cálculo de áreas y distancias,Cauca,419244268.3000000119,177307.2032000000,419066961.0000000000,2876.5270660633
"19022",Almaguer,236.85163991000,,1,2200,“No es apropiada su aplicación para la ubicación exacta de puntos ni para el cálculo de áreas y distancias,Cauca,236851639.9000000060,358574.4892000000,236493065.4000000060,2212.81717793304
"52256",El Rosario,520.79198100500,,1,1500,“No es apropiada su aplicación para la ubicación exacta de puntos ni para el cálculo de áreas y distancias,Nariño,520791981.0000000000,286693.7356000000,520505287.1999999881,1088.21621646947
"95200",Miraflores,12774.76329620000,Ordenanza No. 01 de 1992,1,200,“No es apropiada su aplicación para la ubicación exacta de puntos ni para el cálculo de áreas y distancias,Guaviare,12774763296.0000000000,875803.9405000000,12773887492.0000000000,231.838737813929
"41770",Suaza,429.62346068600,,1,1000,“No es apropiada su aplicación para la ubicación exacta de puntos ni para el cálculo de áreas y distancias,Huila,429623460.6000000238,725516.8687000000,428897943.6999999881,1516.24876365718
"41551",Pitalito,630.73167128800,,1,1271,“No es apropiada su aplicación para la ubicación exacta de puntos ni para el cálculo de áreas y distancias,Huila,630731671.2000000477,11629833.9000000004,619101837.2999999523,1605.90794696516
"41807",Timaná,185.72167465300,,1,1011,“No es apropiada su aplicación para la ubicación exacta de puntos ni para el cálculo de áreas y distancias,Huila,185721674.5000000000,994626.2622000000,184727048.1999999881,1391.06597198149
"41244",Elías,80.44179958770,,1,1500,“No es apropiada su aplicación para la ubicación exacta de puntos ni para el cálculo de áreas y distancias,Huila,80441799.5600000024,629686.6492000000,79812112.9099999964,1252.47087265125
"41319",Guadalupe,249.53561617100,,1,888,“No es apropiada su aplicación para la ubicación exacta de puntos ni para el cálculo de áreas y distancias,Huila,249535616.0000000000,727668.5037000000,248807947.4000000060,1565.75064582749
"19100",Bolívar,798.34678938000,,1,1700,“No es apropiada su aplicación para la ubicación exacta de puntos ni para el cálculo de áreas y distancias,Cauca,798346789.2000000477,847857.5035000000,797498931.6000000238,1655.16667049188
"52427",Magüí,1810.61067309000,,1,23,“No es apropiada su aplicación para la ubicación exacta de puntos ni para el cálculo de áreas y distancias,Nariño,1810610673.0000000000,409434.7220000000,1810201238.0000000000,123.934247867364
"52405",Leiva,310.69642021900,Decreto No. 030 Bis de 1978,1,1500,“No es apropiada su aplicación para la ubicación exacta de puntos ni para el cálculo de áreas y distancias,Nariño,310696420.1000000238,241566.9462000000,310454853.1000000238,1357.83342591976
"41503",Oporapa,155.82073728400,Ordenanza No. 10 de 1963,1,1069,“No es apropiada su aplicación para la ubicación exacta de puntos ni para el cálculo de áreas y distancias,Huila,155820737.0000000000,636888.2402000000,155183848.6999999881,1929.33827950805
"19785",Sucre,135.95853989200,Ordenanza No. 09 de 1999,1,1125,“No es apropiada su aplicación para la ubicación exacta de puntos ni para el cálculo de áreas y distancias,Cauca,135958539.8000000119,206468.8407000000,135752070.9000000060,1540.60779727949
"19397",La Vega,516.34694281500,,1,2200,“No es apropiada su aplicación para la ubicación exacta de puntos ni para el cálculo de áreas y distancias,Cauca,516346942.8000000119,492163.1919000000,515854779.6000000238,2425.0303167382
"41026",Altamira,180.97547264100,,1,1027,“No es apropiada su aplicación para la ubicación exacta de puntos ni para el cálculo de áreas y distancias,Huila,180975472.5000000000,674370.6844000000,180301101.8000000119,996.605799489263
"95015",Calamar,13510.30760060000,Ordenanza No. 01 de 1992,1,233,“No es apropiada su aplicación para la ubicación exacta de puntos ni para el cálculo de áreas y distancias,Guaviare,13510307600.0000000000,1043301.6430000000,13509264298.0000000000,272.164589411092
"41668",San Agustín,1390.85048612000,Ordenanza No. 24 de 1926,1,1627,“No es apropiada su aplicación para la ubicación exacta de puntos ni para el cálculo de áreas y distancias,Huila,1390850486.0000000000,2142630.9750000001,1388707855.0000000000,2584.83187380118
"18001",Florencia,2546.94239385000,Decreto No. 0642 de 1912,1,266,“No es apropiada su aplicación para la ubicación exacta de puntos ni para el cálculo de áreas y distancias,Caquetá,2546942393.0000000000,21368799.1200000010,2525573593.0000000000,1102.55781968297
"19075",Balboa,413.55223731300,Ordenanza No. 01 de 1967,1,1500,“No es apropiada su aplicación para la ubicación exacta de puntos ni para el cálculo de áreas y distancias,Cauca,413552237.3000000119,755856.7699000000,412796380.5000000000,1598.52541632361
"41791",Tarqui,362.79091729500,,1,840,“No es apropiada su aplicación para la ubicación exacta de puntos ni para el cálculo de áreas y distancias,Huila,362790917.1000000238,755316.0129000000,362035601.0000000000,1399.36601019777
"52621",Roberto Payán,1460.03849900000,,1,69,“No es apropiada su aplicación para la ubicación exacta de puntos ni para el cálculo de áreas y distancias,Nariño,1460038499.0000000000,231705.1386000000,1459806793.0000000000,51.5209719438623
"19392",La Sierra,208.46739426400,,1,1800,“No es apropiada su aplicación para la ubicación exacta de puntos ni para el cálculo de áreas y distancias,Cauca,208467394.0000000000,609077.4247000000,207858316.5000000000,1576.96343351995
"41660",Saladoblanco,466.72644779300,Ordenanza  No. 10 de 1948,1,1415,“No es apropiada su aplicación para la ubicación exacta de puntos ni para el cálculo de áreas y distancias,Huila,466726447.6000000238,748616.9508000000,465977830.6000000238,2346.30772914533
"41359",Isnos,370.72869300500,,1,1900,“No es apropiada su aplicación para la ubicación exacta de puntos ni para el cálculo de áreas y distancias,Huila,370728693.0000000000,950822.8799000001,369777870.1000000238,2121.97875795382
"41378",La Argentina,356.45750695500,Ordenanza No. 36 de 1959,1,1540,“No es apropiada su aplicación para la ubicación exacta de puntos ni para el cálculo de áreas y distancias,Huila,356457506.8000000119,846021.5936000000,355611485.1999999881,2360.92248339813
"52520",Francisco Pizarro,526.08278202000,Decreto No. 126 de 1975,1,1,“No es apropiada su aplicación para la ubicación exacta de puntos ni para el cálculo de áreas y distancias,Nariño,526082782.0000000000,353898.6115000000,525728883.3000000715,23.541747222274
"18256",El Paujil,1234.15379461000,Decreto No. 1678 de 1967,1,346,“No es apropiada su aplicación para la ubicación exacta de puntos ni para el cálculo de áreas y distancias,Caquetá,1234153794.0000000000,1079098.2870000000,1233074695.0000000000,724.5953802217
"41298",Garzón,606.40399452200,,1,830,“No es apropiada su aplicación para la ubicación exacta de puntos ni para el cálculo de áreas y distancias,Huila,606403994.5000000000,5724736.6730000004,600679257.7999999523,1636.60619910334
"19622",Rosas,169.18014592900,,1,1714,“No es apropiada su aplicación para la ubicación exacta de puntos ni para el cálculo de áreas y distancias,Cauca,169180145.9000000060,240946.6893000000,168939199.1999999881,1581.15625773916
"18247",El Doncello,1105.49811350000,Decreto No. 1678 de 1967,1,373,“No es apropiada su aplicación para la ubicación exacta de puntos ni para el cálculo de áreas y distancias,Caquetá,1105498113.0000000000,2153195.6340000001,1103344917.0000000000,813.762180999241
"19532",Patía,755.83883037200,,1,987,“No es apropiada su aplicación para la ubicación exacta de puntos ni para el cálculo de áreas y distancias,Cauca,755838830.2000000477,2287858.1370000001,753550972.0000000000,1050.98035018972
"41548",Pital,193.64325082300,,1,918,“No es apropiada su aplicación para la ubicación exacta de puntos ni para el cálculo de áreas y distancias,Huila,193643250.8000000119,913076.2341000000,192730174.5000000000,1464.86081743718
"41013",Agrado,273.68701987300,,1,838,“No es apropiada su aplicación para la ubicación exacta de puntos ni para el cálculo de áreas y distancias,Huila,273687019.8000000119,1769696.5940000000,271917323.1999999881,963.148285973773
"00000",Area En Litigio Cauca - Huila,342.09908699000,,4,0,“No es apropiada su aplicación para la ubicación exacta de puntos ni para el cálculo de áreas y distancias,N/A,342099086.8000000119,0.0000000000,342099086.8000000119,2941.51708927582
"19760",Sotará,516.16559360700,Ordenanza No. 02 de 1936,1,2450,“No es apropiada su aplicación para la ubicación exacta de puntos ni para el cálculo de áreas y distancias,Cauca,516165593.6000000238,280651.6500000000,515884941.8999999762,2679.88426732142
"19585",Puracé,506.45343333700,,1,2400,“No es apropiada su aplicación para la ubicación exacta de puntos ni para el cálculo de áreas y distancias,Cauca,506453433.3000000715,319340.7544000000,506134092.4999999404,3223.00114320452
"95025",El Retorno,12405.90945180000,Ordenanza No. 01 de 1992,1,200,“No es apropiada su aplicación para la ubicación exacta de puntos ni para el cálculo de áreas y distancias,Guaviare,12405909451.0000000000,837642.1292000000,12405071808.0000000000,215.352612561599
"19807",Timbío,201.39793710500,,1,1798,“No es apropiada su aplicación para la ubicación exacta de puntos ni para el cálculo de áreas y distancias,Cauca,201397937.0000000000,2351048.3530000001,199046888.5999999940,1699.97691851376
"41518",Paicol,278.26747840400,,1,866,“No es apropiada su aplicación para la ubicación exacta de puntos ni para el cálculo de áreas y distancias,Huila,278267478.3000000119,552479.9010000000,277714998.3000000119,1129.68116642677
"41396",La Plata,814.67129022700,,1,1018,“No es apropiada su aplicación para la ubicación exacta de puntos ni para el cálculo de áreas y distancias,Huila,814671290.2000000477,3816202.4430000000,810855087.7000000477,1886.57270737188
"19050",Argelia,776.45549120700,Ordenanza No. 2 de 1967,1,1750,“No es apropiada su aplicación para la ubicación exacta de puntos ni para el cálculo de áreas y distancias,Cauca,776455491.2000000477,491459.3526000000,775964031.7999999523,2040.11845987408
"41306",Gigante,503.51972292400,,1,808,“No es apropiada su aplicación para la ubicación exacta de puntos ni para el cálculo de áreas y distancias,Huila,503519722.8000000119,2161024.4330000002,501358698.3000000715,1359.66217757084
"19001",Popayán,480.37351969200,,1,1738,“No es apropiada su aplicación para la ubicación exacta de puntos ni para el cálculo de áreas y distancias,Cauca,480373519.6000000238,33054304.1900000013,447319215.3999999762,1955.64251354278
"19824",Totoró,404.58453634500,,1,2600,“No es apropiada su aplicación para la ubicación exacta de puntos ni para el cálculo de áreas y distancias,Cauca,404584536.3000000119,876580.2853000000,403707956.0000000000,2758.78410744903
"18592",Puerto Rico,4143.96132161000,,1,250,“No es apropiada su aplicación para la ubicación exacta de puntos ni para el cálculo de áreas y distancias,Caquetá,4143961321.0000000000,2437892.0070000002,4141523427.9999995232,975.070656839453
"50350",La Macarena,8108.29627162000,Ordenanza No. 11 de 1980,1,233,“No es apropiada su aplicación para la ubicación exacta de puntos ni para el cálculo de áreas y distancias,Meta,8108296270.9999990463,3183904.2130000000,8105112366.0000000000,327.537257126052
"52473",Mosquera,769.30849268600,,1,8,“No es apropiada su aplicación para la ubicación exacta de puntos ni para el cálculo de áreas y distancias,Nariño,769308492.6000000238,246779.4539000000,769061713.1000000238,12.4939104642488
"41797",Tesalia,366.95732048500,,1,833,“No es apropiada su aplicación para la ubicación exacta de puntos ni para el cálculo de áreas y distancias,Huila,366957320.3000000119,1087946.0750000000,365869374.1999999881,1015.19577755785
"52490",Olaya Herrera,1004.66718363000,,1,1,“No es apropiada su aplicación para la ubicación exacta de puntos ni para el cálculo de áreas y distancias,Nariño,1004667183.0000001192,861201.2524000000,1003805980.9999998808,17.6913609030762
"52696",Santa Bárbara,1226.12581425000,Ordenanza No. 58 de 1966,1,2,“No es apropiada su aplicación para la ubicación exacta de puntos ni para el cálculo de áreas y distancias,Nariño,1226125814.0000000000,378357.5442000000,1225747456.0000000000,171.257662814984
"52390",La Tola,416.53210344000,Ordenanza No. 13 de 1988,1,5,“No es apropiada su aplicación para la ubicación exacta de puntos ni para el cálculo de áreas y distancias,Nariño,416532103.3000000119,592835.3128000000,415939267.8999999762,13.1766748413263
"41349",Hobo,194.27530932000,,1,595,“No es apropiada su aplicación para la ubicación exacta de puntos ni para el cálculo de áreas y distancias,Huila,194275309.3000000119,863224.6928000000,193412084.5999999940,955.479304292487
"19355",Inzá,866.41159548000,,1,1800,“No es apropiada su aplicación para la ubicación exacta de puntos ni para el cálculo de áreas y distancias,Cauca,866411595.2000000477,309556.0231000000,866102039.1000000238,2715.0468940059
"41483",Nátaga,131.92360741700,Ordenanza No. 25 de 1967,1,1475,“No es apropiada su aplicación para la ubicación exacta de puntos ni para el cálculo de áreas y distancias,Huila,131923607.4000000060,555696.8713000000,131367910.5000000000,1573.84747923342
"52250",El Charco,2493.69842675000,,1,2,“No es apropiada su aplicación para la ubicación exacta de puntos ni para el cálculo de áreas y distancias,Nariño,2493698426.0000000000,795423.8260000000,2492903002.0000000000,627.642860645684
"41020",Algeciras,589.42716251900,Ordenanza No. 41 de 1924,1,1078,“No es apropiada su aplicación para la ubicación exacta de puntos ni para el cálculo de áreas y distancias,Huila,589427162.5000000000,2130823.1930000000,587296339.2999999523,2037.99042754141
"19318",Guapi,2570.88669410000,,1,4,“No es apropiada su aplicación para la ubicación exacta de puntos ni para el cálculo de áreas y distancias,Cauca,2570886694.0000000000,2536387.5140000000,2568350306.0000000000,390.704183912561
"19130",Cajibío,552.61942342800,,1,1800,“No es apropiada su aplicación para la ubicación exacta de puntos ni para el cálculo de áreas y distancias,Cauca,552619423.2000000477,553377.0079000000,552066046.1000000238,1745.81778769776
"41885",Yaguará,332.81663021500,,1,681,“No es apropiada su aplicación para la ubicación exacta de puntos ni para el cálculo de áreas y distancias,Huila,332816630.1000000238,1004921.9990000000,331811708.1000000238,708.910241846346
"41132",Campoalegre,462.49718876100,,1,531,“No es apropiada su aplicación para la ubicación exacta de puntos ni para el cálculo de áreas y distancias,Huila,462497188.6000000238,3600737.6510000001,458896450.8999999762,932.796600070762
"19743",Silvia,681.16671449500,,1,2750,“No es apropiada su aplicación para la ubicación exacta de puntos ni para el cálculo de áreas y distancias,Cauca,681166714.2000000477,4835278.1670000004,676331436.0000000000,2930.56992325441
"41357",Íquira,356.44847521700,,1,1122,“No es apropiada su aplicación para la ubicación exacta de puntos ni para el cálculo de áreas y distancias,Huila,356448475.1000000238,501993.1088000000,355946481.8999999762,1738.56938762315
"19256",El Tambo,2741.48858935000,,1,1750,“No es apropiada su aplicación para la ubicación exacta de puntos ni para el cálculo de áreas y distancias,Cauca,2741488589.0000000000,1193419.1450000000,2740295169.0000000000,1360.91621568378
"19548",Piendamó Tunia,181.26987864500,,1,1865,“No es apropiada su aplicación para la ubicación exacta de puntos ni para el cálculo de áreas y distancias,Cauca,181269878.5000000000,5783453.1820000000,175486425.3000000119,1702.81297370242
"41615",Rivera,251.10922900400,,1,700,“No es apropiada su aplicación para la ubicación exacta de puntos ni para el cálculo de áreas y distancias,Huila,251109229.0000000000,2637880.9210000001,248471348.0000000000,1100.35606306163
"19137",Caldono,354.85572951900,,1,1700,“No es apropiada su aplicación para la ubicación exacta de puntos ni para el cálculo de áreas y distancias,Cauca,354855729.5000000000,689756.2373000000,354165973.1999999881,1948.62183087719
"19809",Timbiquí,2059.78546951000,,1,10,“No es apropiada su aplicación para la ubicación exacta de puntos ni para el cálculo de áreas y distancias,Cauca,2059785469.0000000000,1309618.4050000000,2058475849.9999997616,325.298665092476
"18753",San Vicente Del Caguán,20170.29528780000,Decreto No. 0963 de 1950,1,250,“No es apropiada su aplicación para la ubicación exacta de puntos ni para el cálculo de áreas y distancias,Caquetá,20170295287.0000000000,4879124.6780000003,20165416162.0000000000,442.609361054037
"19473",Morales,511.74339035600,,1,1500,“No es apropiada su aplicación para la ubicación exacta de puntos ni para el cálculo de áreas y distancias,Cauca,511743390.3000000715,1383121.4800000000,510360268.8000000119,1832.70004546524
"41801",Teruel,471.65019794500,,1,853,“No es apropiada su aplicación para la ubicación exacta de puntos ni para el cálculo de áreas y distancias,Huila,471650197.8000000119,780675.6311000000,470869522.1000000238,2358.83000345083
"19364",Jambaló,234.49983866600,,1,2250,“No es apropiada su aplicación para la ubicación exacta de puntos ni para el cálculo de áreas y distancias,Cauca,234499838.5000000000,477022.6476000000,234022815.8000000119,2512.31112723204
"41676",Santa María,339.30524820600,Ordenanza No. 06 de 1965,1,1700,“No es apropiada su aplicación para la ubicación exacta de puntos ni para el cálculo de áreas y distancias,Huila,339305248.1000000238,469699.9323000000,338835548.1000000238,2180.05810101232
"19517",Páez,1793.18373865000,,1,1400,“No es apropiada su aplicación para la ubicación exacta de puntos ni para el cálculo de áreas y distancias,Cauca,1793183738.0000000000,618316.5267000000,1792565421.0000000000,2598.55335676126
"19780",Suárez,392.58508782200,Ordenanza No. 13 de 1989,1,1250,“No es apropiada su aplicación para la ubicación exacta de puntos ni para el cálculo de áreas y distancias,Cauca,392585087.8000000119,2821577.4750000001,389763510.3000000119,1656.04474538354
"19821",Toribío,492.21838307500,,1,1700,“No es apropiada su aplicación para la ubicación exacta de puntos ni para el cálculo de áreas y distancias,Cauca,492218383.0000000000,950050.3264000000,491268332.6000000238,2774.63337809725
"41524",Palermo,884.00206832400,,1,549,“No es apropiada su aplicación para la ubicación exacta de puntos ni para el cálculo de áreas y distancias,Huila,884002068.2000000477,1449045.2900000000,882553022.8999999762,944.834539185219
"19698",Santander De Quilichao,518.36450827800,,1,1071,“No es apropiada su aplicación para la ubicación exacta de puntos ni para el cálculo de áreas y distancias,Cauca,518364508.1000000238,11007503.7200000007,507357004.3000000715,1307.30111340699
"41799",Tello,530.11522314100,,1,573,“No es apropiada su aplicación para la ubicación exacta de puntos ni para el cálculo de áreas y distancias,Huila,530115223.1000000238,854174.6322000000,529261048.3999999762,1109.3883446549
"50711",Vistahermosa,4813.98945963000,Ordenanza No. 19 de 1969,1,390,“No es apropiada su aplicación para la ubicación exacta de puntos ni para el cálculo de áreas y distancias,Meta,4813989459.0000000000,1722073.0970000001,4812267385.0000000000,377.061967146269
"19212",Corinto,325.96788231700,,1,1052,“No es apropiada su aplicación para la ubicación exacta de puntos ni para el cálculo de áreas y distancias,Cauca,325967882.3000000119,1636076.9960000000,324331805.3000000119,2060.64781045243
"19110",Buenos Aires,435.25033343400,,1,1200,“No es apropiada su aplicación para la ubicación exacta de puntos ni para el cálculo de áreas y distancias,Cauca,435250333.3000000119,553590.6360000002,434696742.6000000238,1460.40463467807
"19513",Padilla,69.69699274800,Ordenanza No. 04 de 1967,1,1000,“No es apropiada su aplicación para la ubicación exacta de puntos ni para el cálculo de áreas y distancias,Cauca,69696992.7300000042,1271837.8070000000,68425154.9200000018,990.538154091179
"19418",López,3370.42700552000,,1,390,“No es apropiada su aplicación para la ubicación exacta de puntos ni para el cálculo de áreas y distancias,Cauca,3370427005.0000000000,346752.4861000000,3370080252.0000000000,489.970011582855
"41001",Neiva,1269.14313362000,,1,442,“No es apropiada su aplicación para la ubicación exacta de puntos ni para el cálculo de áreas y distancias,Huila,1269143133.0000000000,48109879.7500000000,1221033253.0000000000,1245.22091827343
"19455",Miranda,189.71928464300,,1,1094,“No es apropiada su aplicación para la ubicación exacta de puntos ni para el cálculo de áreas y distancias,Cauca,189719284.5000000000,3228922.0180000002,186490362.4000000060,1806.08810987173
"41078",Baraya,785.47923055100,,1,612,“No es apropiada su aplicación para la ubicación exacta de puntos ni para el cálculo de áreas y distancias,Huila,785479230.5000000000,747064.5331000000,784732165.8999999762,1432.68616738274
"73555",Planadas,1753.93489435000,Ordenanza No. 36 de 1966,1,1224,“No es apropiada su aplicación para la ubicación exacta de puntos ni para el cálculo de áreas y distancias,Tolima,1753934894.0000000000,802366.3916000000,1753132527.0000000000,2681.02205986305
"76364",Jamundí,629.19842803300,,1,970,“No es apropiada su aplicación para la ubicación exacta de puntos ni para el cálculo de áreas y distancias,Valle del Cauca,629198428.0000000000,26266361.3900000006,602932066.6000000238,1519.42597948397
"76275",Florida,401.59541383200,,1,1038,“No es apropiada su aplicación para la ubicación exacta de puntos ni para el cálculo de áreas y distancias,Valle del Cauca,401595413.8000000119,3479700.3410000000,398115713.3999999762,2251.09843560052
"41016",Aipe,795.29855776800,,1,391,“No es apropiada su aplicación para la ubicación exacta de puntos ni para el cálculo de áreas y distancias,Huila,795298557.7000000477,2245164.1170000001,793053393.5000000000,798.939762514519
"41872",Villavieja,543.62984802600,,1,375,“No es apropiada su aplicación para la ubicación exacta de puntos ni para el cálculo de áreas y distancias,Huila,543629848.0000000000,746873.0027000000,542882974.8999999762,483.96517969586
"76130",Candelaria,295.78174023600,,1,975,“No es apropiada su aplicación para la ubicación exacta de puntos ni para el cálculo de áreas y distancias,Valle del Cauca,295781740.1000000238,1363588.6820000000,294418151.3999999762,968.900026981902
"76563",Pradera,356.77461406100,,1,1058,“No es apropiada su aplicación para la ubicación exacta de puntos ni para el cálculo de áreas y distancias,Valle del Cauca,356774614.0000000000,3090684.4500000002,353683929.5000000000,1956.83322596314
"50577",Puerto Lleras,2531.22576893000,Ordenanza No. 63 de 1965,1,240,“No es apropiada su aplicación para la ubicación exacta de puntos ni para el cálculo de áreas y distancias,Meta,2531225768.0000000000,1005712.7070000001,2530220055.0000000000,239.483597794886
"50683",San Juan De Arama,1165.36000753000,,1,648,“No es apropiada su aplicación para la ubicación exacta de puntos ni para el cálculo de áreas y distancias,Meta,1165360007.0000000000,1481840.3250000000,1163878166.0000000000,446.649731562701
"73024",Alpujarra,501.17177617900,,1,1306,“No es apropiada su aplicación para la ubicación exacta de puntos ni para el cálculo de áreas y distancias,Tolima,501171776.1000000238,701102.1932000000,500470673.8999999762,1127.31676479285
"50287",Fuentedeoro,570.08418327400,Ordenanza No. 24 de 1960,1,295,“No es apropiada su aplicación para la ubicación exacta de puntos ni para el cálculo de áreas y distancias,Meta,570084183.2000000477,1570499.4900000000,568513683.7000000477,271.099091203705
"76001",Santiago de Cali,564.13858620600,Ley 1933 de 2018,2,991,“No es apropiada su aplicación para la ubicación exacta de puntos ni para el cálculo de áreas y distancias,Valle del Cauca,564138586.2000000477,148602324.0000000000,415536262.1000000238,1530.77098337697
"50330",Mesetas,2277.86175335000,Ordenanza No. 35 de 1981,1,827,“No es apropiada su aplicación para la ubicación exacta de puntos ni para el cálculo de áreas y distancias,Meta,2277861753.0000000000,1005779.6270000000,2276855973.0000000000,865.259071544836
"50313",Granada,347.81989497400,Decreto No. 0299 de 1956,1,333,“No es apropiada su aplicación para la ubicación exacta de puntos ni para el cálculo de áreas y distancias,Meta,347819894.8000000119,11924243.4100000001,335895651.3000000119,344.179872919842
"73067",Ataco,1017.32428603000,,1,450,“No es apropiada su aplicación para la ubicación exacta de puntos ni para el cálculo de áreas y distancias,Tolima,1017324286.0000000000,1649462.5330000001,1015674823.0000001192,1128.70569946007
"73483",Natagaima,859.35024137300,,1,326,“No es apropiada su aplicación para la ubicación exacta de puntos ni para el cálculo de áreas y distancias,Tolima,859350241.2000000477,1814125.3250000000,857536115.7999999523,636.950591292237
"76892",Yumbo,230.81302343700,,1,998,“No es apropiada su aplicación para la ubicación exacta de puntos ni para el cálculo de áreas y distancias,Valle del Cauca,230813023.4000000060,33665308.1000000015,197147715.1999999881,1311.30676628495
"76520",Palmira,1005.05238720000,,1,1003,“No es apropiada su aplicación para la ubicación exacta de puntos ni para el cálculo de áreas y distancias,Valle del Cauca,1005052387.0000001192,25318370.5000000000,979734016.5000000000,1789.02990196765
"94343",Barrancominas,14343.08427830000,Ordenanza No. 248 de 2019,1,119,“No es apropiada su aplicación para la ubicación exacta de puntos ni para el cálculo de áreas y distancias,Guainía,14343084278.0000000000,721903.8395000000,14342362374.0000000000,171.826694505114
"50251",El Castillo,567.43971329900,Ordenanza No. 01 de 1976,1,350,“No es apropiada su aplicación para la ubicación exacta de puntos ni para el cálculo de áreas y distancias,Meta,567439713.2000000477,1040037.7520000000,566399675.3999999762,935.088701118454
"50270",El Dorado,117.17599541900,Ordenanza No. 44 de 1992,1,550,“No es apropiada su aplicación para la ubicación exacta de puntos ni para el cálculo de áreas y distancias,Meta,117175995.4000000060,283530.7038000000,116892464.5999999940,654.292113108717
"76248",El Cerrito,442.00765517500,,1,988,“No es apropiada su aplicación para la ubicación exacta de puntos ni para el cálculo de áreas y distancias,Valle del Cauca,442007655.1000000238,3637888.5780000002,438369766.5000000000,1795.06759360289
"73616",Rioblanco,2046.08217227000,Ordenanza No. 11 de 1948,1,1250,“No es apropiada su aplicación para la ubicación exacta de puntos ni para el cálculo de áreas y distancias,Tolima,2046082172.0000000000,412047.7377000000,2045670124.0000000000,2776.32859820938
"50370",Uribe,6454.45538194000,Ordenanza No. 037 de 1990,1,1000,“No es apropiada su aplicación para la ubicación exacta de puntos ni para el cálculo de áreas y distancias,Meta,6454455381.0000000000,854146.7449000000,6453601234.0000000000,1195.00992414196
"50400",Lejanías,814.42101235700,Ordenanza No. 20 de 1981,1,700,“No es apropiada su aplicación para la ubicación exacta de puntos ni para el cálculo de áreas y distancias,Meta,814421012.2000000477,2435847.6690000002,811985164.5000000000,1920.96206244002
"50689",San Martín,5922.03563765000,,1,421,“No es apropiada su aplicación para la ubicación exacta de puntos ni para el cálculo de áreas y distancias,Meta,5922035637.0000000000,6424154.7390000001,5915611482.0000000000,236.652603786974
"73563",Prado,422.70726895500,,1,320,“No es apropiada su aplicación para la ubicación exacta de puntos ni para el cálculo de áreas y distancias,Tolima,422707268.8000000119,1087494.7370000000,421619774.0000000000,587.604553163576
"76869",Vijes,112.97115356800,,1,900,“No es apropiada su aplicación para la ubicación exacta de puntos ni para el cálculo de áreas y distancias,Valle del Cauca,112971153.5000000000,1433210.0240000000,111537943.4000000060,1443.42492075966
"76306",Ginebra,268.76749552100,Decreto No. 0206 de 1950,1,1036,“No es apropiada su aplicación para la ubicación exacta de puntos ni para el cálculo de áreas y distancias,Valle del Cauca,268767495.5000000000,1323272.9230000000,267444222.5000000000,2004.03518663076
"41206",Colombia,1583.62303257000,,1,770,“No es apropiada su aplicación para la ubicación exacta de puntos ni para el cálculo de áreas y distancias,Huila,1583623032.0000000000,757614.8299000000,1582865417.0000000000,2160.20203378066
"73236",Dolores,651.44951781800,,1,1450,“No es apropiada su aplicación para la ubicación exacta de puntos ni para el cálculo de áreas y distancias,Tolima,651449517.7000000477,692620.1721000000,650756897.5000000000,1450.65671362754
"76318",Guacarí,162.52375387200,,1,966,“No es apropiada su aplicación para la ubicación exacta de puntos ni para el cálculo de áreas y distancias,Valle del Cauca,162523753.8000000119,2556516.4330000002,159967237.3000000119,1197.44882418539
"76377",La Cumbre,255.55014049100,,1,1584,“No es apropiada su aplicación para la ubicación exacta de puntos ni para el cálculo de áreas y distancias,Valle del Cauca,255550140.4000000060,810989.7552000000,254739150.5999999940,1453.27501166511
"76606",Restrepo,137.24335405200,Ordenanza No. 30 de 1925,1,1400,“No es apropiada su aplicación para la ubicación exacta de puntos ni para el cálculo de áreas y distancias,Valle del Cauca,137243354.0000000000,966954.5502000001,136276399.4000000060,1488.75014953613
"76233",Dagua,917.07275684100,,1,827,“No es apropiada su aplicación para la ubicación exacta de puntos ni para el cálculo de áreas y distancias,Valle del Cauca,917072756.7000000477,1677952.9970000000,915394803.7000000477,1361.03122439851
"73217",Coyaima,668.69383890600,,1,358,“No es apropiada su aplicación para la ubicación exacta de puntos ni para el cálculo de áreas y distancias,Tolima,668693838.7000000477,655865.3195000000,668037973.2999999523,457.773788189066
"50150",Castilla La Nueva,513.86550248600,Ordenanza No. 08 de 1961,1,400,“No es apropiada su aplicación para la ubicación exacta de puntos ni para el cálculo de áreas y distancias,Meta,513865502.3000000715,1685467.5950000000,512180034.6999999285,328.68047005674
"50680",San Carlos De Guaroa,806.56564863500,Ordenanza No. 08 de 1961,1,230,“No es apropiada su aplicación para la ubicación exacta de puntos ni para el cálculo de áreas y distancias,Meta,806565648.6000000238,1218000.0440000000,805347648.5000000000,235.316300006374
"73873",Villarrica,430.08013928500,,1,1125,“No es apropiada su aplicación para la ubicación exacta de puntos ni para el cálculo de áreas y distancias,Tolima,430080139.1000000238,600709.0832000000,429479430.0000000000,1743.39207830767
"76111",Buga,825.88247886900,,1,967,“No es apropiada su aplicación para la ubicación exacta de puntos ni para el cálculo de áreas y distancias,Valle del Cauca,825882478.7000000477,11640642.0000000000,814241836.7000000477,2367.15445015726
"73671",Saldaña,193.10562931300,Ordenanza No. 05 de 1969,1,311,“No es apropiada su aplicación para la ubicación exacta de puntos ni para el cálculo de áreas y distancias,Tolima,193105629.3000000119,1996136.0240000000,191109493.1999999881,314.829472016559
"73585",Purificación,401.97651812700,,1,310,“No es apropiada su aplicación para la ubicación exacta de puntos ni para el cálculo de áreas y distancias,Tolima,401976518.1000000238,4180156.4720000001,397796361.6000000238,462.739182634152
"50223",Cubarral,1156.41771699000,Ordenanza No. 23 de 1960,1,565,“No es apropiada su aplicación para la ubicación exacta de puntos ni para el cálculo de áreas y distancias,Meta,1156417716.0000000000,847342.2126000000,1155570373.0000000000,2397.3503803417
"25120",Cabrera,421.41640180800,Ordenanza No. 79 de 1963,1,1900,“No es apropiada su aplicación para la ubicación exacta de puntos ni para el cálculo de áreas y distancias,Cundinamarca,421416401.8000000119,268486.0365000000,421147915.6999999881,2863.3980654575
"73168",Chaparral,2101.53586256000,,1,853,“No es apropiada su aplicación para la ubicación exacta de puntos ni para el cálculo de áreas y distancias,Tolima,2101535862.0000002384,6787036.7220000001,2094748825.0000000000,1814.10104174002
"76670",San Pedro,202.22701070700,,1,975,“No es apropiada su aplicación para la ubicación exacta de puntos ni para el cálculo de áreas y distancias,Valle del Cauca,202227010.5000000000,1116336.3210000000,201110674.0999999940,1279.23310027876
"76890",Yotoco,327.75060209900,,1,850,“No es apropiada su aplicación para la ubicación exacta de puntos ni para el cálculo de áreas y distancias,Valle del Cauca,327750602.0000000000,1643264.1760000000,326107337.8000000119,1247.4743245761
"76126",Calima,793.84586471900,Ordenanza No. 049 de 1939,1,1500,“No es apropiada su aplicación para la ubicación exacta de puntos ni para el cálculo de áreas y distancias,Valle del Cauca,793845864.7000000477,1956659.3110000000,791889205.2999999523,1368.44659651709
"50318",Guamal,594.91977375800,Decreto No. 0299 de 1956,1,521,“No es apropiada su aplicación para la ubicación exacta de puntos ni para el cálculo de áreas y distancias,Meta,594919773.7000000477,3009008.6710000001,591910765.0000000000,2220.31489124314
"25506",Venecia,122.08121246800,,1,1630,“No es apropiada su aplicación para la ubicación exacta de puntos ni para el cálculo de áreas y distancias,Cundinamarca,122081212.4000000060,248510.4474000000,121832701.9000000060,2304.74106434584
"73504",Ortega,953.28589725200,,1,400,“No es apropiada su aplicación para la ubicación exacta de puntos ni para el cálculo de áreas y distancias,Tolima,953285897.2000000477,3235556.1290000002,950050340.9999998808,827.664069980936
"73675",San Antonio,383.35098178100,,1,1447,“No es apropiada su aplicación para la ubicación exacta de puntos ni para el cálculo de áreas y distancias,Tolima,383350981.6000000238,984793.9157000000,382366187.6000000238,2045.13817262117
"73226",Cunday,507.02544570100,,1,460,“No es apropiada su aplicación para la ubicación exacta de puntos ni para el cálculo de áreas y distancias,Tolima,507025445.6000000238,888043.4691000000,506137402.1000000238,852.148439911968
"50006",Acacías,1121.91997288000,Decreto No. 1353 de 1947,1,523,“No es apropiada su aplicación para la ubicación exacta de puntos ni para el cálculo de áreas y distancias,Meta,1121919972.0000000000,11744922.8499999996,1110175049.0000000000,1034.56139222718
"76616",Riofrío,308.16272900400,,1,939,“No es apropiada su aplicación para la ubicación exacta de puntos ni para el cálculo de áreas y distancias,Valle del Cauca,308162729.0000000000,671437.9706000000,307491291.0000000000,1538.30011855743
"25649",San Bernardo,246.74977575600,,1,1750,“No es apropiada su aplicación para la ubicación exacta de puntos ni para el cálculo de áreas y distancias,Cundinamarca,246749775.5000000000,648791.3550000000,246100984.0999999940,2871.24582863302
"25524",Pandi,71.62678547380,,1,925,“No es apropiada su aplicación para la ubicación exacta de puntos ni para el cálculo de áreas y distancias,Cundinamarca,71626785.4500000030,387067.9359000000,71239717.5100000054,1351.89457144388
"76109",Buenaventura,6295.93503203000,"Acto Legislativo 2 de 2007, Art.1",2,6,“No es apropiada su aplicación para la ubicación exacta de puntos ni para el cálculo de áreas y distancias,Valle del Cauca,6295935032.0000000000,33115140.8200000003,6262819891.0000000000,406.13917284977
"73148",Carmen De Apicalá,190.68323590400,,1,350,“No es apropiada su aplicación para la ubicación exacta de puntos ni para el cálculo de áreas y distancias,Tolima,190683235.9000000060,4816561.4460000005,185866674.4000000060,454.135147119957
"73268",Espinal,216.34435864100,,1,323,“No es apropiada su aplicación para la ubicación exacta de puntos ni para el cálculo de áreas y distancias,Tolima,216344358.5000000000,9193036.6970000006,207151321.8000000119,328.903267482298
"73319",Guamo,505.31285851700,,1,321,“No es apropiada su aplicación para la ubicación exacta de puntos ni para el cálculo de áreas y distancias,Tolima,505312858.4999999404,4472630.1840000004,500840228.3000000715,349.336438937216
"73770",Suárez,190.00863933000,Ordenanza No. 16 de 1903,1,275,“No es apropiada su aplicación para la ubicación exacta de puntos ni para el cálculo de áreas y distancias,Tolima,190008639.3000000119,354281.6400000000,189654357.5999999940,404.038998130577
"73352",Icononzo,214.97355782300,,1,1250,“No es apropiada su aplicación para la ubicación exacta de puntos ni para el cálculo de áreas y distancias,Tolima,214973557.8000000119,797805.9252000002,214175751.8000000119,1418.29410375241
"73449",Melgar,201.99633796000,,1,324,“No es apropiada su aplicación para la ubicación exacta de puntos ni para el cálculo de áreas y distancias,Tolima,201996337.9000000060,14264999.8800000008,187731338.0000000000,613.836688277219
"73854",Valle De San Juan,197.74217319800,,1,590,“No es apropiada su aplicación para la ubicación exacta de puntos ni para el cálculo de áreas y distancias,Tolima,197742173.0000000000,726294.4949000000,197015878.5000000000,827.583045248729
"50001",Villavicencio,1283.75745176000,,1,467,“No es apropiada su aplicación para la ubicación exacta de puntos ni para el cálculo de áreas y distancias,Meta,1283757451.0000000000,68733856.1500000060,1215023594.0000000000,489.422694228139
"25053",Arbeláez,142.31224831800,,1,1350,“No es apropiada su aplicación para la ubicación exacta de puntos ni para el cálculo de áreas y distancias,Cundinamarca,142312248.3000000119,1354828.7690000001,140957419.5000000000,1991.19361421835
"73275",Flandes,96.74433965530,Ordenanza No. 01 de 1949,1,290,“No es apropiada su aplicación para la ubicación exacta de puntos ni para el cálculo de áreas y distancias,Tolima,96744339.6500000060,7436384.3880000003,89307955.2600000054,294.643205318671
"25339",Gutiérrez,452.64521914500,,1,2275,“No es apropiada su aplicación para la ubicación exacta de puntos ni para el cálculo de áreas y distancias,Cundinamarca,452645219.1000000238,168413.6654000000,452476805.3999999762,2840.08611020527
"76828",Trujillo,307.74167626200,Ordenanza No. 019 de 1930,1,1308,“No es apropiada su aplicación para la ubicación exacta de puntos ni para el cálculo de áreas y distancias,Valle del Cauca,307741676.1000000238,1039055.0690000000,306702621.0000000000,1727.18672990056
"73678",San Luis,411.99658575300,,1,475,“No es apropiada su aplicación para la ubicación exacta de puntos ni para el cálculo de áreas y distancias,Tolima,411996585.6000000238,800896.1370000000,411195689.3999999762,558.103280327881
"73624",Rovira,739.18893593800,Decreto de 1853,1,875,“No es apropiada su aplicación para la ubicación exacta de puntos ni para el cálculo de áreas y distancias,Tolima,739188935.7000000477,1836774.8870000001,737352160.7999999523,1802.25350162269
"25335",Guayabetal,222.50484636200,Ordenanza No. 28 de 1980,1,972,“No es apropiada su aplicación para la ubicación exacta de puntos ni para el cálculo de áreas y distancias,Cundinamarca,222504846.3000000119,439234.1403000001,222065612.0999999940,2039.9464213847
"25281",Fosca,111.05589557400,,1,2100,“No es apropiada su aplicación para la ubicación exacta de puntos ni para el cálculo de áreas y distancias,Cundinamarca,111055895.5000000000,235172.2963000000,110820723.2000000030,2394.94935622306
"50226",Cumaral,623.82771269200,Decreto No. 2543 de 1955,1,412,“No es apropiada su aplicación para la ubicación exacta de puntos ni para el cálculo de áreas y distancias,Meta,623827712.6000000238,5807488.5680000000,618020224.0000000000,296.942624049039
"25488",Nilo,224.45324303100,,1,400,“No es apropiada su aplicación para la ubicación exacta de puntos ni para el cálculo de áreas y distancias,Cundinamarca,224453243.0000000000,557605.2592000000,223895637.6999999881,607.778356013597
"25612",Ricaurte,127.91838140100,,1,284,“No es apropiada su aplicación para la ubicación exacta de puntos ni para el cálculo de áreas y distancias,Cundinamarca,127918381.4000000060,13491081.2300000004,114427300.0999999940,345.364908959255
"25805",Tibacuy,84.64381601540,,1,1625,“No es apropiada su aplicación para la ubicación exacta de puntos ni para el cálculo de áreas y distancias,Cundinamarca,84643816.0100000054,235193.4018000000,84408622.5999999940,1290.37901102384
"25594",Quetame,137.59643048900,,1,1400,“No es apropiada su aplicación para la ubicación exacta de puntos ni para el cálculo de áreas y distancias,Cundinamarca,137596430.4000000060,254304.3964000000,137342126.0000000000,2196.16124197683
"25001",Agua De Dios,85.88512036160,Ordenanza No. 78 de 1963,1,350,“No es apropiada su aplicación para la ubicación exacta de puntos ni para el cálculo de áreas y distancias,Cundinamarca,85885120.3400000036,3876796.1340000001,82008324.2000000030,412.807812146103
"25845",Une,208.86648100300,,1,2380,“No es apropiada su aplicación para la ubicación exacta de puntos ni para el cálculo de áreas y distancias,Cundinamarca,208866481.0000000000,473001.6870000000,208393479.3000000119,3099.28105750393
"25307",Girardot,130.25268621400,,1,289,“No es apropiada su aplicación para la ubicación exacta de puntos ni para el cálculo de áreas y distancias,Cundinamarca,130252686.2000000030,21612378.9200000018,108640307.2000000030,376.372280080212
"50573",Puerto López,6898.19676567000,Decreto No. 2543 de 1955,1,184,“No es apropiada su aplicación para la ubicación exacta de puntos ni para el cálculo de áreas y distancias,Meta,6898196765.0000000000,8676142.7730000000,6889520622.0000000000,198.615093204106
"25151",Cáqueza,111.40520939000,,1,1658,“No es apropiada su aplicación para la ubicación exacta de puntos ni para el cálculo de áreas y distancias,Cundinamarca,111405209.2000000030,943565.6476000000,110461643.5000000000,2029.19931713489
"50606",Restrepo,364.49231721200,,1,488,“No es apropiada su aplicación para la ubicación exacta de puntos ni para el cálculo de áreas y distancias,Meta,364492317.1000000238,2770770.3080000002,361721546.6999999881,763.37176927754
"50245",El Calvario,269.90593187300,Decreto No. 2543 de 1955,1,1900,“No es apropiada su aplicación para la ubicación exacta de puntos ni para el cálculo de áreas y distancias,Meta,269905931.8000000119,258142.7779000000,269647789.0000000000,2258.90602106331
"76895",Zarzal,367.95292729300,Decreto No. 0155 de 1909,1,917,“No es apropiada su aplicación para la ubicación exacta de puntos ni para el cálculo de áreas y distancias,Valle del Cauca,367952927.1000000238,4881408.7180000003,363071518.3000000119,979.764191323108
"50124",Cabuyaro,911.84372023800,,1,175,“No es apropiada su aplicación para la ubicación exacta de puntos ni para el cálculo de áreas y distancias,Meta,911843720.2000000477,1086528.9110000001,910757191.2000000477,182.069409910109
"25483",Nariño,55.08897389070,,1,262,“No es apropiada su aplicación para la ubicación exacta de puntos ni para el cálculo de áreas y distancias,Cundinamarca,55088973.8900000006,1173805.9820000001,53915167.8999999985,470.935404199891
"76100",Bolívar,743.77841927700,,1,930,“No es apropiada su aplicación para la ubicación exacta de puntos ni para el cálculo de áreas y distancias,Valle del Cauca,743778419.2000000477,1105611.8970000001,742672807.2999999523,1460.79606090973
"25178",Chipaque,150.36015825400,,1,2441,“No es apropiada su aplicación para la ubicación exacta de puntos ni para el cálculo de áreas y distancias,Cundinamarca,150360158.0000000000,304738.8981000000,150055419.0999999940,2891.28395948169
"73200",Coello,343.42282874900,,1,300,“No es apropiada su aplicación para la ubicación exacta de puntos ni para el cálculo de áreas y distancias,Tolima,343422828.6000000238,501798.1439000000,342921030.3999999762,495.405834808013
"76622",Roldanillo,235.16663508800,,1,945,“No es apropiada su aplicación para la ubicación exacta de puntos ni para el cálculo de áreas y distancias,Valle del Cauca,235166635.0000000000,4578461.7460000003,230588173.1999999881,1350.13388312052
"25878",Viotá,201.10380116300,,1,567,“No es apropiada su aplicación para la ubicación exacta de puntos ni para el cálculo de áreas y distancias,Cundinamarca,201103801.0000000000,1927479.3100000001,199176321.5999999940,1203.95443842534
"25841",Ubaque,106.95017511200,,1,1820,“No es apropiada su aplicación para la ubicación exacta de puntos ni para el cálculo de áreas y distancias,Cundinamarca,106950175.0000000000,297299.4812000000,106652875.5000000000,2580.98672679203
"50686",San Juanito,244.52350765500,Ordenanza No. 32 de 1981,1,1950,“No es apropiada su aplicación para la ubicación exacta de puntos ni para el cálculo de áreas y distancias,Meta,244523507.5000000000,232915.9602000000,244290591.5000000000,2610.48981442278
"27250",El Litoral Del San Juán,4136.15271933000,Ordenanza No. 001 de 1993,1,25,“No es apropiada su aplicación para la ubicación exacta de puntos ni para el cálculo de áreas y distancias,Chocó,4136152719.0000000000,1074684.2870000000,4135078034.0000000000,319.769287220916
"25324",Guataquí,90.89217542400,,1,255,“No es apropiada su aplicación para la ubicación exacta de puntos ni para el cálculo de áreas y distancias,Cundinamarca,90892175.4200000018,735557.0857000002,90156618.3299999982,454.481587950311
"76400",La Unión,120.87266239600,,1,963,“No es apropiada su aplicación para la ubicación exacta de puntos ni para el cálculo de áreas y distancias,Valle del Cauca,120872662.2000000030,4166900.9870000002,116705761.2000000030,1170.00135336051
"25815",Tocaima,245.58097678700,,1,399,“No es apropiada su aplicación para la ubicación exacta de puntos ni para el cálculo de áreas y distancias,Cundinamarca,245580976.5000000000,3156669.3480000002,242424307.0999999940,548.575462634716
"25245",El Colegio,118.15611212500,,1,980,“No es apropiada su aplicación para la ubicación exacta de puntos ni para el cálculo de áreas y distancias,Cundinamarca,118156112.0000000000,1948661.8140000000,116207450.0999999940,1433.18193164706
"25599",Apulo,121.87188078600,Decreto No. 1336 de 1949,1,417,“No es apropiada su aplicación para la ubicación exacta de puntos ni para el cálculo de áreas y distancias,Cundinamarca,121871880.7000000030,1430910.2720000001,120440970.4000000060,660.82209670592
"73547",Piedras,354.16431678000,,1,433,“No es apropiada su aplicación para la ubicación exacta de puntos ni para el cálculo de áreas y distancias,Tolima,354164316.6000000238,929126.4782000000,353235190.1000000238,522.245232270637
"25035",Anapoima,123.83748530700,,1,689,“No es apropiada su aplicación para la ubicación exacta de puntos ni para el cálculo de áreas y distancias,Cundinamarca,123837485.2000000030,5501665.2810000004,118335819.9000000060,756.233604769479
"25181",Choachí,212.13244779700,,1,1920,“No es apropiada su aplicación para la ubicación exacta de puntos ni para el cálculo de áreas y distancias,Cundinamarca,212132447.5000000000,1113308.2050000001,211019139.1999999881,2708.97661855804
"25645",San Antonio Del Tequendama,88.47406007340,,1,1500,“No es apropiada su aplicación para la ubicación exacta de puntos ni para el cálculo de áreas y distancias,Cundinamarca,88474060.0600000024,208324.4868000000,88265735.5699999928,1828.68309537739
"25368",Jerusalén,221.67275314900,,1,300,“No es apropiada su aplicación para la ubicación exacta de puntos ni para el cálculo de áreas y distancias,Cundinamarca,221672753.0000000000,367476.7246000000,221305276.1999999881,621.221824958746
"76250",El Dovio,236.02934989900,Ordenanza No. 14 de 1956,1,1250,“No es apropiada su aplicación para la ubicación exacta de puntos ni para el cálculo de áreas y distancias,Valle del Cauca,236029349.8000000119,974312.3588000000,235055037.4000000060,1510.41121917634
"25438",Medina,1194.92912504000,,1,533,“No es apropiada su aplicación para la ubicación exacta de puntos ni para el cálculo de áreas y distancias,Cundinamarca,1194929125.0000000000,1554606.9020000000,1193374518.0000000000,1044.9333120547
"25279",Fómeque,459.51731988500,,1,1925,“No es apropiada su aplicación para la ubicación exacta de puntos ni para el cálculo de áreas y distancias,Cundinamarca,459517319.8000000119,1380731.5200000000,458136588.1999999881,2921.77400912826
"25797",Tena,51.38366388700,,1,1350,“No es apropiada su aplicación para la ubicación exacta de puntos ni para el cálculo de áreas y distancias,Cundinamarca,51383663.8800000027,197708.9411000000,51185954.9299999997,1458.46714838086
"73026",Alvarado,344.11186540700,,1,418,“No es apropiada su aplicación para la ubicación exacta de puntos ni para el cálculo de áreas y distancias,Tolima,344111865.3000000119,822460.2657000000,343289405.0000000000,681.79841461159
"76863",Versalles,200.63763862300,,1,1900,“No es apropiada su aplicación para la ubicación exacta de puntos ni para el cálculo de áreas y distancias,Valle del Cauca,200637638.5000000000,763125.4520000000,199874513.0000000000,1641.85517416645
"25386",La Mesa,148.12919557000,,1,1275,“No es apropiada su aplicación para la ubicación exacta de puntos ni para el cálculo de áreas y distancias,Cundinamarca,148129195.5000000000,3903191.7760000001,144226003.6999999881,1048.86260662471
"85440",Villanueva,832.18052432600,Ordenanza No. 2287 de 1982,1,200,“No es apropiada su aplicación para la ubicación exacta de puntos ni para el cálculo de áreas y distancias,Casanare,832180524.2000000477,4929011.6050000004,827251512.5000000000,217.769698514124
"73043",Anzoátegui,469.46925983000,Ordenanza No. 21 de 1915,1,1900,“No es apropiada su aplicación para la ubicación exacta de puntos ni para el cálculo de áreas y distancias,Tolima,469469259.8000000119,241751.3591000000,469227508.3999999762,2853.82555979562
"50110",Barranca De Upía,403.01385949000,Ordenanza No. 05 de 1990,1,225,“No es apropiada su aplicación para la ubicación exacta de puntos ni para el cálculo de áreas y distancias,Meta,403013859.3000000119,1595307.6410000001,401418551.6000000238,237.59471258857
"25473",Mosquera,106.01016872400,,1,2543,“No es apropiada su aplicación para la ubicación exacta de puntos ni para el cálculo de áreas y distancias,Cundinamarca,106010168.7000000030,14960594.2599999998,91049574.4300000072,2574.58526515831
"25530",Paratebueno,883.90653757800,Ordenanza No. 36 de 1981,1,250,“No es apropiada su aplicación para la ubicación exacta de puntos ni para el cálculo de áreas y distancias,Cundinamarca,883906537.5000000000,605607.8975000000,883300929.6000000238,359.463773726921
"76823",Toro,175.75564192600,,1,958,“No es apropiada su aplicación para la ubicación exacta de puntos ni para el cálculo de áreas y distancias,Valle del Cauca,175755641.9000000060,1951589.3450000000,173804052.5000000000,1233.07981162091
"25580",Pulí,197.51970932400,,1,1000,“No es apropiada su aplicación para la ubicación exacta de puntos ni para el cálculo de áreas y distancias,Cundinamarca,197519709.3000000119,190154.7755000000,197329554.5000000000,931.013039578331
"25099",Bojacá,102.20749081900,,1,2600,“No es apropiada su aplicación para la ubicación exacta de puntos ni para el cálculo de áreas y distancias,Cundinamarca,102207490.7000000030,1180085.5020000001,101027405.0999999940,2572.49518055139
"25123",Cachipay,53.39584477380,Ordenanza No. 006 de 1982,1,1650,“No es apropiada su aplicación para la ubicación exacta de puntos ni para el cálculo de áreas y distancias,Cundinamarca,53395844.7700000033,760298.2888000000,52635546.4799999967,1395.00951778204
"76054",Argelia,90.80595341020,Ordenanza No. 15 de 1956,1,1512,“No es apropiada su aplicación para la ubicación exacta de puntos ni para el cálculo de áreas y distancias,Valle del Cauca,90805953.4000000060,374707.5558000000,90431245.8400000036,1595.26382366907
"25299",Gama,107.51893092300,Ordenanza No. 14 de 1903,1,2150,“No es apropiada su aplicación para la ubicación exacta de puntos ni para el cálculo de áreas y distancias,Cundinamarca,107518930.9000000060,178489.6091000000,107340441.2000000030,2369.44378678532
"25286",Funza,69.97262576930,,1,2548,“No es apropiada su aplicación para la ubicación exacta de puntos ni para el cálculo de áreas y distancias,Cundinamarca,69972625.7600000054,7784795.3940000003,62187830.3599999994,2552.20953770502
"25596",Quipile,127.58956541100,,1,1448,“No es apropiada su aplicación para la ubicación exacta de puntos ni para el cálculo de áreas y distancias,Cundinamarca,127589565.4000000060,133765.1900000000,127455800.2000000030,1448.38155633816
"25293",Gachalá,384.37423107300,,1,1700,“No es apropiada su aplicación para la ubicación exacta de puntos ni para el cálculo de áreas y distancias,Cundinamarca,384374231.0000000000,330108.6683000000,384044122.3000000119,2216.51291258474
"25898",Zipacón,54.14079878250,,1,2550,“No es apropiada su aplicación para la ubicación exacta de puntos ni para el cálculo de áreas y distancias,Cundinamarca,54140798.7800000012,244978.6025000000,53895820.1700000018,2450.08039402887
"27745",Sipí,1577.45312748000,Ordenanza No. 014 de 1956,1,50,“No es apropiada su aplicación para la ubicación exacta de puntos ni para el cálculo de áreas y distancias,Chocó,1577453127.0000000000,413537.2830000000,1577039589.0000000000,587.400731532005
"73861",Venadillo,334.39856405800,,1,332,“No es apropiada su aplicación para la ubicación exacta de puntos ni para el cálculo de áreas y distancias,Tolima,334398564.0000000000,1466489.3510000000,332932074.6000000238,570.690850608304
"73686",Santa Isabel,270.05215758300,Ordenanza No. 13 de 1904,1,2270,“No es apropiada su aplicación para la ubicación exacta de puntos ni para el cálculo de áreas y distancias,Tolima,270052157.5000000000,257407.8025000000,269794749.6000000238,3055.14335050815
"25372",Junín,343.26591299700,,1,2325,“No es apropiada su aplicación para la ubicación exacta de puntos ni para el cálculo de áreas y distancias,Cundinamarca,343265912.8000000119,339786.3896000000,342926126.3999999762,2717.72043464836
"25086",Beltrán,176.72663673300,,1,229,“No es apropiada su aplicación para la ubicación exacta de puntos ni para el cálculo de áreas y distancias,Cundinamarca,176726636.5000000000,577449.2288000000,176149187.1999999881,432.470929385415
"76246",El Cairo,214.23703663900,Ordenanza No. 045 de 1947,1,1800,“No es apropiada su aplicación para la ubicación exacta de puntos ni para el cálculo de áreas y distancias,Valle del Cauca,214237036.5000000000,396996.6736000000,213840039.8000000119,1861.78982192815
"25040",Anolaima,120.83149557800,,1,1650,“No es apropiada su aplicación para la ubicación exacta de puntos ni para el cálculo de áreas y distancias,Cundinamarca,120831495.5000000000,915361.7010000000,119916133.7000000030,1788.29615320135
"25430",Madrid,119.44521083900,,1,2550,“No es apropiada su aplicación para la ubicación exacta de puntos ni para el cálculo de áreas y distancias,Cundinamarca,119445210.7000000030,8505841.5280000009,110939369.0999999940,2575.25838584185
"25839",Ubalá,521.57832970300,,1,1900,“No es apropiada su aplicación para la ubicación exacta de puntos ni para el cálculo de áreas y distancias,Cundinamarca,521578329.6000000238,682920.1080000000,520895409.3999999762,1678.87150947556
"66170",Dosquebradas,69.97443523670,Ordenanza No. 12 de 1972,1,1479,“No es apropiada su aplicación para la ubicación exacta de puntos ni para el cálculo de áreas y distancias,Risaralda,69974435.2300000042,17077185.5700000003,52897249.6499999985,1638.19942107657
"76041",Ansermanuevo,305.46048146100,,1,964,“No es apropiada su aplicación para la ubicación exacta de puntos ni para el cálculo de áreas y distancias,Valle del Cauca,305460481.3000000119,1438691.9190000000,304021789.3000000119,1295.52333220796
"25269",Facatativá,157.87906128400,,1,2586,“No es apropiada su aplicación para la ubicación exacta de puntos ni para el cálculo de áreas y distancias,Cundinamarca,157879061.0000000000,7874967.6420000000,150004093.3000000119,2700.87078764595
"50568",Puerto Gaitán,17199.25417800000,Ordenanza No. 39 de 1969,1,149,“No es apropiada su aplicación para la ubicación exacta de puntos ni para el cálculo de áreas y distancias,Meta,17199254177.0000000000,4487360.7300000004,17194766816.0000000000,183.272678712548
"25799",Tenjo,114.00982296000,,1,2600,“No es apropiada su aplicación para la ubicación exacta de puntos ni para el cálculo de áreas y distancias,Cundinamarca,114009822.9000000060,1707644.1690000000,112302178.7000000030,2607.08353159384
"73461",Murillo,423.72151346600,Ordenanza No. 83 de 1985,1,2950,“No es apropiada su aplicación para la ubicación exacta de puntos ni para el cálculo de áreas y distancias,Tolima,423721513.3000000119,859584.7233000000,422861928.5000000000,3312.90812508906
"15236",Chivor,108.49320336500,Ordenanza No. 23 de 1990,1,1850,“No es apropiada su aplicación para la ubicación exacta de puntos ni para el cálculo de áreas y distancias,Boyacá,108493203.2000000030,132861.8890000000,108360341.2999999970,1889.30351958973
"66400",La Virginia,32.80016849270,Ordenanza No. 057 de 1959,1,900,“No es apropiada su aplicación para la ubicación exacta de puntos ni para el cálculo de áreas y distancias,Risaralda,32800168.4800000004,2159120.7740000002,30641047.6999999993,996.329779358941
"25095",Bituima,61.01694359140,,1,1400,“No es apropiada su aplicación para la ubicación exacta de puntos ni para el cálculo de áreas y distancias,Cundinamarca,61016943.5900000036,180801.2072000000,60836142.3800000027,1482.17679339933
"25260",El Rosal,87.12009013320,Ordenanza No. 25 de 1997,1,2600,“No es apropiada su aplicación para la ubicación exacta de puntos ni para el cálculo de áreas y distancias,Cundinamarca,87120090.1200000048,1040376.1520000000,86079713.9599999934,2652.19116032141
"25328",Guayabal De Síquima,61.83974025250,,1,1600,“No es apropiada su aplicación para la ubicación exacta de puntos ni para el cálculo de áreas y distancias,Cundinamarca,61839740.2500000000,251834.5931000000,61587905.6499999985,1583.49560333483
"73030",Ambalema,237.83825443000,,1,238,“No es apropiada su aplicación para la ubicación exacta de puntos ni para el cálculo de áreas y distancias,Tolima,237838254.4000000060,1536406.2320000001,236301848.0999999940,258.769583264553
"25019",Albán,50.75098508890,Ordenanza No. 019 de 1903,1,2245,“No es apropiada su aplicación para la ubicación exacta de puntos ni para el cálculo de áreas y distancias,Cundinamarca,50750985.0700000003,451484.8410000000,50299500.2199999988,2023.9737960432
"25297",Gachetá,258.50579108000,,1,1750,“No es apropiada su aplicación para la ubicación exacta de puntos ni para el cálculo de áreas y distancias,Cundinamarca,258505791.0000000000,1236762.2200000000,257269028.6999999881,2439.1212369413
"25867",Vianí,67.03580905800,,1,1480,“No es apropiada su aplicación para la ubicación exacta de puntos ni para el cálculo de áreas y distancias,Cundinamarca,67035809.0300000012,381649.7106000000,66654159.3100000024,1612.82928987498
"73408",Lérida,271.76637273400,,1,345,“No es apropiada su aplicación para la ubicación exacta de puntos ni para el cálculo de áreas y distancias,Tolima,271766372.6000000238,3497755.2960000001,268268617.3000000119,538.645825893791
"15690",Santa María,309.10660684400,Ordenanza No. 28 de 1961,1,900,“No es apropiada su aplicación para la ubicación exacta de puntos ni para el cálculo de áreas y distancias,Boyacá,309106606.8000000119,825098.9043000002,308281507.8000000119,1047.27057888973
"25662",San Juan De Rioseco,313.81682183900,,1,1268,“No es apropiada su aplicación para la ubicación exacta de puntos ni para el cálculo de áreas y distancias,Cundinamarca,313816821.8000000119,582763.5490000000,313234058.1999999881,949.666109851759
"66682",Santa Rosa De Cabal,543.32923051000,,1,1701,“No es apropiada su aplicación para la ubicación exacta de puntos ni para el cálculo de áreas y distancias,Risaralda,543329230.5000000000,7724270.7450000001,535604959.6999999285,2556.22902154103
"25126",Cajicá,51.25631772640,,1,2558,“No es apropiada su aplicación para la ubicación exacta de puntos ni para el cálculo de áreas y distancias,Cundinamarca,51256317.7100000009,6673180.4850000003,44583137.2199999988,2603.7406111047
"25326",Guatavita,251.99787801400,,1,2700,“No es apropiada su aplicación para la ubicación exacta de puntos ni para el cálculo de áreas y distancias,Cundinamarca,251997878.0000000000,826326.3513000000,251171551.5999999940,2920.48907895131
"15325",Guayatá,99.80420325980,,1,1700,“No es apropiada su aplicación para la ubicación exacta de puntos ni para el cálculo de áreas y distancias,Boyacá,99804203.2500000000,317889.4925000000,99486313.7500000000,2211.56718222758
"66075",Balboa,119.47932658700,,1,1550,“No es apropiada su aplicación para la ubicación exacta de puntos ni para el cálculo de áreas y distancias,Risaralda,119479326.5000000000,270230.1908000000,119209096.2999999970,1151.61838429482
"15667",San Luis De Gaceno,468.96632065000,,1,400,“No es apropiada su aplicación para la ubicación exacta de puntos ni para el cálculo de áreas y distancias,Boyacá,468966320.6000000238,1167393.5240000000,467798927.0000000000,675.296778193686
"73411",Líbano,282.20024438400,,1,1600,“No es apropiada su aplicación para la ubicación exacta de puntos ni para el cálculo de áreas y distancias,Tolima,282200244.3000000119,3637481.2570000002,278562763.0000000000,1503.58016337522
"85300",Sabanalarga,400.15819659800,Ordenanza No. 05 de 1965,1,450,“No es apropiada su aplicación para la ubicación exacta de puntos ni para el cálculo de áreas y distancias,Casanare,400158196.5000000000,863747.8441000000,399294448.6000000238,579.786492533765
"25785",Tabio,75.12982250950,,1,2600,“No es apropiada su aplicación para la ubicación exacta de puntos ni para el cálculo de áreas y distancias,Cundinamarca,75129822.5000000000,1010269.0880000000,74119553.4099999964,2768.94115890898
"25168",Chaguaní,171.87468249700,,1,1023,“No es apropiada su aplicación para la ubicación exacta de puntos ni para el cálculo de áreas y distancias,Cundinamarca,171874682.4000000060,229442.2691000000,171645240.0999999940,1015.08487982941
"15022",Almeida,57.57419619880,,1,1925,“No es apropiada su aplicación para la ubicación exacta de puntos ni para el cálculo de áreas y distancias,Boyacá,57574196.1700000018,161493.0720000000,57412703.0900000036,2120.96259788348
"15761",Somondoco,58.69677713830,,1,1680,“No es apropiada su aplicación para la ubicación exacta de puntos ni para el cálculo de áreas y distancias,Boyacá,58696777.1300000027,399127.5206000000,58297649.6000000015,1948.25283006893
"25718",Sasaima,111.50661033600,,1,1191,“No es apropiada su aplicación para la ubicación exacta de puntos ni para el cálculo de áreas y distancias,Cundinamarca,111506610.2000000030,630724.0142000000,110875886.0999999940,1581.78587031757
"25817",Tocancipá,73.14810780360,,1,2564,“No es apropiada su aplicación para la ubicación exacta de puntos ni para el cálculo de áreas y distancias,Cundinamarca,73148107.7900000066,1701632.2050000001,71446475.5799999982,2642.95267683162
"27491",Nóvita,945.67601730100,,1,100,“No es apropiada su aplicación para la ubicación exacta de puntos ni para el cálculo de áreas y distancias,Chocó,945676017.2000000477,610359.4026000000,945065657.6999999285,279.428916838242
"25658",San Francisco,118.61559755300,,1,1505,“No es apropiada su aplicación para la ubicación exacta de puntos ni para el cálculo de áreas y distancias,Cundinamarca,118615597.5000000000,770767.2382000000,117844830.2000000030,2163.65713190877
"25295",Gachancipá,42.86544066330,,1,2563,“No es apropiada su aplicación para la ubicación exacta de puntos ni para el cálculo de áreas y distancias,Cundinamarca,42865440.6400000006,1031914.6520000000,41833525.9799999967,2660.23253616905
"66440",Marsella,149.29766879300,,1,1600,“No es apropiada su aplicación para la ubicación exacta de puntos ni para el cálculo de áreas y distancias,Risaralda,149297668.5000000000,2365398.6690000002,146932269.8000000119,1305.73835899069
"66383",La Celia,92.47551289070,Ordenanza No. 96 de 1959,1,1500,“No es apropiada su aplicación para la ubicación exacta de puntos ni para el cálculo de áreas y distancias,Risaralda,92475512.8900000006,413001.6467000000,92062511.2399999946,1592.599380406
"76243",El Águila,187.82405545800,Decreto No. 0284 de 1950,1,1750,“No es apropiada su aplicación para la ubicación exacta de puntos ni para el cálculo de áreas y distancias,Valle del Cauca,187824055.4000000060,341441.0937000001,187482614.3000000119,1870.26588556699
"15778",Sutatenza,41.06350102780,,1,1950,“No es apropiada su aplicación para la ubicación exacta de puntos ni para el cálculo de áreas y distancias,Boyacá,41063501.0200000033,413608.7124000000,40649892.2999999970,1839.30151890454
"17873",Villamaria,454.87084767000,,1,1944,“No es apropiada su aplicación para la ubicación exacta de puntos ni para el cálculo de áreas y distancias,Caldas,454870847.6000000238,5007720.0530000003,449863127.5000000000,3040.00743511572
"15322",Guateque,36.07517975430,,1,1810,“No es apropiada su aplicación para la ubicación exacta de puntos ni para el cálculo de áreas y distancias,Boyacá,36075179.7500000000,1896910.5270000000,34178269.2199999988,1852.83339854122
"85162",Monterrey,777.57342581100,,1,430,“No es apropiada su aplicación para la ubicación exacta de puntos ni para el cálculo de áreas y distancias,Casanare,777573425.7000000477,3081172.3730000001,774492253.2999999523,501.78929102388
"15425",Macanal,199.61414899400,,1,1850,“No es apropiada su aplicación para la ubicación exacta de puntos ni para el cálculo de áreas y distancias,Boyacá,199614148.9000000060,233397.0772000000,199380751.8000000119,1828.04565215456
"73870",Villahermosa,279.06490291500,,1,2000,“No es apropiada su aplicación para la ubicación exacta de puntos ni para el cálculo de áreas y distancias,Tolima,279064902.8000000119,691190.9863000000,278373711.8000000119,2481.34071309129
"25436",Manta,107.73563287300,,1,1900,“No es apropiada su aplicación para la ubicación exacta de puntos ni para el cálculo de áreas y distancias,Cundinamarca,107735632.7000000030,467136.9175000000,107268495.7000000030,2277.16002404893
"85139",Maní,3745.28132605000,,1,175,“No es apropiada su aplicación para la ubicación exacta de puntos ni para el cálculo de áreas y distancias,Casanare,3745281326.0000000000,3888829.8300000001,3741392496.0000000000,166.222124651559
"25875",Villeta,140.77470257600,,1,799,“No es apropiada su aplicación para la ubicación exacta de puntos ni para el cálculo de áreas y distancias,Cundinamarca,140774702.5000000000,5496865.3099999996,135277837.0999999940,1123.08064739152
"25769",Subachoque,208.96738288000,,1,2600,“No es apropiada su aplicación para la ubicación exacta de puntos ni para el cálculo de áreas y distancias,Cundinamarca,208967382.8000000119,687137.1294000000,208280245.5999999940,2967.8118064311
"17088",Belalcázar,113.31640904600,Ordenanza No. 17 de 1911,1,1600,“No es apropiada su aplicación para la ubicación exacta de puntos ni para el cálculo de áreas y distancias,Caldas,113316409.0000000000,594783.1838000000,112721625.7999999970,1186.1509678701
"25402",La Vega,155.27047997700,,1,1200,“No es apropiada su aplicación para la ubicación exacta de puntos ni para el cálculo de áreas y distancias,Cundinamarca,155270479.9000000060,1889121.6390000000,153381358.1999999881,1652.20631662085
"17174",Chinchiná,109.32067247600,Ordenanza No. 011 de 1880,1,1378,“No es apropiada su aplicación para la ubicación exacta de puntos ni para el cálculo de áreas y distancias,Caldas,109320672.4000000060,4972469.6500000004,104348202.7000000030,1314.51739651225
"25736",Sesquilé,140.98732717900,,1,2601,“No es apropiada su aplicación para la ubicación exacta de puntos ni para el cálculo de áreas y distancias,Cundinamarca,140987327.0000000000,745733.8085000000,140241593.0999999940,2834.65520141675
"15135",Campohermoso,298.17353905400,,1,1300,“No es apropiada su aplicación para la ubicación exacta de puntos ni para el cálculo de áreas y distancias,Boyacá,298173539.0000000000,304795.3295000000,297868743.6000000238,1358.09767040707
"25491",Nocaima,68.86639535280,,1,1100,“No es apropiada su aplicación para la ubicación exacta de puntos ni para el cálculo de áreas y distancias,Cundinamarca,68866395.3400000036,459498.9719000000,68406896.3599999994,1149.72879389257
"25777",Supatá,130.23778994900,,1,1788,“No es apropiada su aplicación para la ubicación exacta de puntos ni para el cálculo de áreas y distancias,Cundinamarca,130237789.9000000060,484837.0972000000,129752952.7999999970,2118.03940780237
"15798",Tenza,45.78731272920,,1,1600,“No es apropiada su aplicación para la ubicación exacta de puntos ni para el cálculo de áreas y distancias,Boyacá,45787312.7100000009,305582.7809000000,45481729.9200000018,1850.07285392003
"73152",Casabianca,174.83995692700,Ordenanza No.26 de 1896,1,1900,“No es apropiada su aplicación para la ubicación exacta de puntos ni para el cálculo de áreas y distancias,Tolima,174839956.9000000060,388122.7053000000,174451834.0999999940,2601.96542429653
"17665",San José,60.96031049640,Ordenanza No. 233 de 1997,1,1750,“No es apropiada su aplicación para la ubicación exacta de puntos ni para el cálculo de áreas y distancias,Caldas,60960310.4900000021,471607.1553000000,60488703.3299999982,1254.29555396207
"25807",Tibirita,56.45602635060,,1,1950,“No es apropiada su aplicación para la ubicación exacta de puntos ni para el cálculo de áreas y distancias,Cundinamarca,56456026.3500000015,330968.0025000000,56125058.3400000036,2303.41274956393
"27450",Medio San Juan,663.77404724300,Ordenanza No. 016 de 2000,1,41,“No es apropiada su aplicación para la ubicación exacta de puntos ni para el cálculo de áreas y distancias,Chocó,663774047.2000000477,2090884.6080000000,661683162.5000000000,56.1967797466851
"17877",Viterbo,112.89618868400,Decreto No. 0826 de 1951,1,1000,“No es apropiada su aplicación para la ubicación exacta de puntos ni para el cálculo de áreas y distancias,Caldas,112896188.5000000000,2559769.3420000002,110336419.0999999940,1035.30677408357
"66687",Santuario,190.85961486500,,1,1600,“No es apropiada su aplicación para la ubicación exacta de puntos ni para el cálculo de áreas y distancias,Risaralda,190859614.8000000119,444099.8280000000,190415514.9000000060,1804.46751712695
"17524",Palestina,112.20389366600,Ordenanza No. 007 de 1876,1,1600,“No es apropiada su aplicación para la ubicación exacta de puntos ni para el cálculo de áreas y distancias,Caldas,112203893.5000000000,2239465.6860000002,109964427.7999999970,1193.40311297937
"73520",Palocabildo,64.97293673370,Ordenanza No. 39 de 1996,1,1410,“No es apropiada su aplicación para la ubicación exacta de puntos ni para el cálculo de áreas y distancias,Tolima,64972936.7100000009,476166.3767000000,64496770.3299999982,1349.16248560508
"73055",Armero,440.30391927100,,1,331,“No es apropiada su aplicación para la ubicación exacta de puntos ni para el cálculo de áreas y distancias,Tolima,440303919.1000000238,2123837.7760000001,438180081.3000000119,371.047731881987
"25426",Machetá,228.83676638200,,1,2108,“No es apropiada su aplicación para la ubicación exacta de puntos ni para el cálculo de áreas y distancias,Cundinamarca,228836766.3000000119,405571.7657000000,228431194.5000000000,2634.48242033256
"25592",Quebradanegra,79.77743453930,,1,1300,“No es apropiada su aplicación para la ubicación exacta de puntos ni para el cálculo de áreas y distancias,Cundinamarca,79777434.5300000012,185278.9478000000,79592155.5799999982,1175.00388399617
"15380",La Capilla,56.83715275370,,1,1975,“No es apropiada su aplicación para la ubicación exacta de puntos ni para el cálculo de áreas y distancias,Boyacá,56837152.7500000000,279515.5724000000,56557637.1700000018,2387.41986714879
"25899",Zipaquirá,194.58141191000,,1,2611,“No es apropiada su aplicación para la ubicación exacta de puntos ni para el cálculo de áreas y distancias,Cundinamarca,194581411.9000000060,10251412.0600000005,184329999.8000000119,2961.62090545073
"25486",Nemocón,98.22993756130,,1,2583,“No es apropiada su aplicación para la ubicación exacta de puntos ni para el cálculo de áreas y distancias,Cundinamarca,98229937.5600000024,805796.9584000000,97424140.5999999940,2660.50901335137
"15299",Garagoa,193.17456874300,,1,1675,“No es apropiada su aplicación para la ubicación exacta de puntos ni para el cálculo de áreas y distancias,Boyacá,193174568.5000000000,2032686.3480000000,191141882.0999999940,2095.77297437126
"17001",Manizales,440.88801962300,Ordenanza de 1849,1,2126,“No es apropiada su aplicación para la ubicación exacta de puntos ni para el cálculo de áreas y distancias,Caldas,440888019.6000000238,37385449.9200000018,403502569.6000000238,1996.15754986357
"73347",Herveo,322.53847451300,,1,2250,“No es apropiada su aplicación para la ubicación exacta de puntos ni para el cálculo de áreas y distancias,Tolima,322538474.5000000000,327111.8006000000,322211362.6000000238,2713.43844441804
"73270",Falan,181.19798474000,,1,930,“No es apropiada su aplicación para la ubicación exacta de puntos ni para el cálculo de áreas y distancias,Tolima,181197984.5000000000,519673.5083000000,180678310.9000000060,882.365855549507
"25200",Cogua,132.70127930500,,1,2620,“No es apropiada su aplicación para la ubicación exacta de puntos ni para el cálculo de áreas y distancias,Cundinamarca,132701279.2000000030,754313.9682000000,131946965.2000000030,2918.90814732098
"17616",Risaralda,89.90593397620,,1,1700,“No es apropiada su aplicación para la ubicación exacta de puntos ni para el cálculo de áreas y distancias,Caldas,89905933.9500000030,359706.9114000000,89546227.0300000012,1242.04460710624
"85410",Tauramena,2380.17369698000,,1,475,“No es apropiada su aplicación para la ubicación exacta de puntos ni para el cálculo de áreas y distancias,Casanare,2380173696.0000000000,3895179.3590000002,2376278516.0000000000,315.920642711498
"27660",San José Del Palmar,1582.52436377000,Decreto No. 0052 de 1948,1,2500,“No es apropiada su aplicación para la ubicación exacta de puntos ni para el cálculo de áreas y distancias,Chocó,1582524363.0000000000,166124.1109000000,1582358238.0000000000,1294.59400753304
"25862",Vergara,144.49245868600,,1,1350,“No es apropiada su aplicación para la ubicación exacta de puntos ni para el cálculo de áreas y distancias,Cundinamarca,144492458.5000000000,251402.9256000000,144241055.5000000000,1389.68115212451
"25489",Nimaima,59.43884376530,Ordenanza No. 30 de 1904,1,1175,“No es apropiada su aplicación para la ubicación exacta de puntos ni para el cálculo de áreas y distancias,Cundinamarca,59438843.7500000000,152926.3683000000,59285917.3800000027,1066.66833109054
"15514",Páez,338.40819423700,Ordenanza No. 38 de 1962,1,1500,“No es apropiada su aplicación para la ubicación exacta de puntos ni para el cálculo de áreas y distancias,Boyacá,338408194.1000000238,603778.2618000000,337804415.8000000119,1434.06845765405
"15511",Pachavita,66.57743066160,,1,2000,“No es apropiada su aplicación para la ubicación exacta de puntos ni para el cálculo de áreas y distancias,Boyacá,66577430.6400000006,324363.5241000000,66253067.1099999994,2044.74877425677
"27205",Condoto,467.88642397500,,1,50,“No es apropiada su aplicación para la ubicación exacta de puntos ni para el cálculo de áreas y distancias,Chocó,467886423.8000000119,1187847.5170000000,466698576.1999999881,295.251218001054
"85230",Orocué,4739.87721130000,,1,131,“No es apropiada su aplicación para la ubicación exacta de puntos ni para el cálculo de áreas y distancias,Casanare,4739877211.0000000000,2631935.9190000002,4737245275.0000000000,145.939959182841
"25772",Suesca,173.01882049000,,1,2600,“No es apropiada su aplicación para la ubicación exacta de puntos ni para el cálculo de áreas y distancias,Cundinamarca,173018820.4000000060,1040437.6830000000,171978382.6999999881,2823.8652320125
"15455",Miraflores,258.23948491600,,1,1523,“No es apropiada su aplicación para la ubicación exacta de puntos ni para el cálculo de áreas y distancias,Boyacá,258239484.9000000060,952364.9331000000,257287119.9000000060,2071.26762616096
"25183",Chocontá,299.65600373900,,1,2656,“No es apropiada su aplicación para la ubicación exacta de puntos ni para el cálculo de áreas y distancias,Cundinamarca,299656003.6000000238,1574152.6440000001,298081850.8999999762,2824.50016878961
"66045",Apía,149.97960973600,,1,1619,“No es apropiada su aplicación para la ubicación exacta de puntos ni para el cálculo de áreas y distancias,Risaralda,149979609.5000000000,746344.5196000000,149233264.9000000060,1911.85742227039
"25851",Útica,91.99412620890,,1,500,“No es apropiada su aplicación para la ubicación exacta de puntos ni para el cálculo de áreas y distancias,Cundinamarca,91994126.2000000030,2968589.8820000002,89025536.3100000024,761.378671298798
"27580",Rio Iró,325.21630711900,Ordenanza No. 015 de 2000,1,158,“No es apropiada su aplicación para la ubicación exacta de puntos ni para el cálculo de áreas y distancias,Chocó,325216307.1000000238,238913.2440000000,324977393.8000000119,313.071679392821
"17486",Neira,369.19936572200,,1,1965,“No es apropiada su aplicación para la ubicación exacta de puntos ni para el cálculo de áreas y distancias,Caldas,369199365.6000000238,898197.2831000000,368301168.3000000119,1977.79447377469
"15172",Chinavita,136.13765639200,,1,1757,“No es apropiada su aplicación para la ubicación exacta de puntos ni para el cálculo de áreas y distancias,Boyacá,136137656.3000000119,423928.8302000001,135713727.4000000060,2333.13406134741
"25398",La Peña,128.33834507900,,1,1230,“No es apropiada su aplicación para la ubicación exacta de puntos ni para el cálculo de áreas y distancias,Cundinamarca,128338345.0000000000,183566.2733000000,128154778.7000000030,1078.80241686843
"17042",Anserma,209.15969799000,,1,1765,“No es apropiada su aplicación para la ubicación exacta de puntos ni para el cálculo de áreas y distancias,Caldas,209159697.9000000060,2133592.6480000000,207026105.1999999881,1315.62376309226
"27361",Istmina,1881.08165145000,,1,47,“No es apropiada su aplicación para la ubicación exacta de puntos ni para el cálculo de áreas y distancias,Chocó,1881081651.0000000000,3053258.8620000002,1878028392.0000000000,71.7714746928285
"73283",Fresno,219.55672679100,,1,1478,“No es apropiada su aplicación para la ubicación exacta de puntos ni para el cálculo de áreas y distancias,Tolima,219556726.5000000000,1427716.2030000000,218129010.1999999881,1443.22544836304
"25513",Pacho,402.14740600100,,1,1791,“No es apropiada su aplicación para la ubicación exacta de puntos ni para el cálculo de áreas y distancias,Cundinamarca,402147406.0000000000,4157108.9040000001,397990297.0000000000,2145.34060634934
"15090",Berbeo,57.90361948160,Ordenanza No. 28 de 1913,1,1525,“No es apropiada su aplicación para la ubicación exacta de puntos ni para el cálculo de áreas y distancias,Boyacá,57903619.4600000009,144888.7047000000,57758730.7500000000,1615.37142442659
"15842",Úmbita,145.84450274200,,1,2500,“No es apropiada su aplicación para la ubicación exacta de puntos ni para el cálculo de áreas y distancias,Boyacá,145844502.5000000000,477480.3609000000,145367022.0999999940,2690.87913572511
"15660",San Eduardo,109.25946076800,Ordenanza No. 13 de 1965,1,1950,“No es apropiada su aplicación para la ubicación exacta de puntos ni para el cálculo de áreas y distancias,Boyacá,109259460.7000000030,298524.8139000000,108960935.7999999970,2046.34701002727
"17433",Manzanares,197.80451558800,,1,2075,“No es apropiada su aplicación para la ubicación exacta de puntos ni para el cálculo de áreas y distancias,Caldas,197804515.5000000000,1296886.8890000000,196507628.5999999940,2016.45649649931
"73443",Mariquita,293.11576110300,,1,496,“No es apropiada su aplicación para la ubicación exacta de puntos ni para el cálculo de áreas y distancias,Tolima,293115761.1000000238,5909170.7620000001,287206590.3000000119,673.299732007024
"73349",Honda,304.71219281800,,1,206,“No es apropiada su aplicación para la ubicación exacta de puntos ni para el cálculo de áreas y distancias,Tolima,304712192.8000000119,10145511.6300000008,294566681.1000000238,366.239530261303
"25258",El Peñón,133.94409038300,Ordenanza No. 14 de 1903,1,1200,“No es apropiada su aplicación para la ubicación exacta de puntos ni para el cálculo de áreas y distancias,Cundinamarca,133944090.2000000030,115249.9233000000,133828840.2000000030,1317.84682688173
"25871",Villagómez,62.89506278080,Ordenanza No. 2 de 1965,1,1700,“No es apropiada su aplicación para la ubicación exacta de puntos ni para el cálculo de áreas y distancias,Cundinamarca,62895062.7800000012,223880.3901000000,62671182.3800000027,1829.03990383017
"17444",Marquetalia,90.27744029570,Ordenanza No. 32 de 1924,1,1275,“No es apropiada su aplicación para la ubicación exacta de puntos ni para el cálculo de áreas y distancias,Caldas,90277440.2900000066,749204.9301000000,89528235.3499999940,1343.56993598704
"17050",Aranzazu,149.52957467800,,1,1908,“No es apropiada su aplicación para la ubicación exacta de puntos ni para el cálculo de áreas y distancias,Caldas,149529574.5000000000,596264.9325000000,148933309.5000000000,2161.12984167044
"25873",Villapinzón,225.80392514200,,1,2724,“No es apropiada su aplicación para la ubicación exacta de puntos ni para el cálculo de áreas y distancias,Cundinamarca,225803925.0000000000,1826209.2320000001,223977715.6999999881,2970.96104637166
"15835",Turmequé,79.57757658130,,1,2450,“No es apropiada su aplicación para la ubicación exacta de puntos ni para el cálculo de áreas y distancias,Boyacá,79577576.5600000024,1013412.5810000000,78564163.9699999988,2661.95819544247
"15804",Tibaná,121.62620639000,,1,2085,“No es apropiada su aplicación para la ubicación exacta de puntos ni para el cálculo de áreas y distancias,Boyacá,121626206.2000000030,646134.1576000000,120980072.0000000000,2385.04174333318
"85010",Aguazul,1439.26519039000,,1,278,“No es apropiada su aplicación para la ubicación exacta de puntos ni para el cálculo de áreas y distancias,Casanare,1439265190.0000000000,4620621.2130000005,1434644568.0000000000,427.417994498908
"15897",Zetaquirá,251.04174055000,,1,1661,“No es apropiada su aplicación para la ubicación exacta de puntos ni para el cálculo de áreas y distancias,Boyacá,251041740.5000000000,270486.9192000000,250771253.5000000000,2264.50293308351
"25843",Ubaté,102.11177111900,,1,2559,“No es apropiada su aplicación para la ubicación exacta de puntos ni para el cálculo de áreas y distancias,Cundinamarca,102111771.0000000000,4381729.5460000001,97730041.4500000030,2721.14139671681
"85015",Chámeza,309.16338257800,Ordenanza No. 21 de 1959,1,1100,“No es apropiada su aplicación para la ubicación exacta de puntos ni para el cálculo de áreas y distancias,Casanare,309163382.5000000000,324913.8604000000,308838468.6000000238,1775.76140926408
"25407",Lenguazaque,155.39601091200,,1,2600,“No es apropiada su aplicación para la ubicación exacta de puntos ni para el cálculo de áreas y distancias,Cundinamarca,155396010.9000000060,517896.7863000000,154878114.0999999940,2882.06757727296
"99624",Santa Rosalía,3678.02479051000,Ordenanza No. 19 de 1993,1,125,“No es apropiada su aplicación para la ubicación exacta de puntos ni para el cálculo de áreas y distancias,Vichada,3678024790.0000000000,1645566.5770000000,3676379223.0000000000,133.549450518588
"17446",Marulanda,376.09138031700,,1,2825,“No es apropiada su aplicación para la ubicación exacta de puntos ni para el cálculo de áreas y distancias,Caldas,376091380.3000000119,178919.8969000000,375912460.3999999762,2970.37580486191
"17272",Filadelfia,192.56029993000,,1,1575,“No es apropiada su aplicación para la ubicación exacta de puntos ni para el cálculo de áreas y distancias,Caldas,192560299.9000000060,435570.3917000000,192124729.5000000000,1225.29357800331
"85279",Recetor,180.84587338500,,1,750,“No es apropiada su aplicación para la ubicación exacta de puntos ni para el cálculo de áreas y distancias,Casanare,180845873.3000000119,171165.3918000000,180674707.9000000060,1397.51827733889
"27430",Medio Baudó,1372.94299540000,Ordenanza No. 003 de 1999,1,50,“No es apropiada su aplicación para la ubicación exacta de puntos ni para el cálculo de áreas y distancias,Chocó,1372942995.0000000000,259012.1826000000,1372683982.0000000000,63.3235992142278
"66594",Quinchía,140.13777893900,,1,1800,“No es apropiada su aplicación para la ubicación exacta de puntos ni para el cálculo de áreas y distancias,Risaralda,140137778.9000000060,1090791.1590000000,139046987.6999999881,1556.44587314669
"15494",Nuevo Colón,51.31156965040,,1,2450,“No es apropiada su aplicación para la ubicación exacta de puntos ni para el cálculo de áreas y distancias,Boyacá,51311569.6400000006,429305.4805000000,50882264.1499999985,2605.04954203059
"27810",Unión Panamericana,177.83774322300,Ordenanza No. 011 de 1999,1,94,“No es apropiada su aplicación para la ubicación exacta de puntos ni para el cálculo de áreas y distancias,Chocó,177837743.0000000000,286628.8835000000,177551114.0999999940,102.378339074723
"27787",Tadó,714.99591925000,,1,78,“No es apropiada su aplicación para la ubicación exacta de puntos ni para el cálculo de áreas y distancias,Chocó,714995919.2000000477,1353117.2000000000,713642802.0000000000,692.471753543877
"25823",Topaipí,143.55160097400,Ordenanza No. 062 de 1927,1,1300,“No es apropiada su aplicación para la ubicación exacta de puntos ni para el cálculo de áreas y distancias,Cundinamarca,143551600.9000000060,278710.9558000000,143272889.9000000060,1290.77239473741
"15367",Jenesano,58.95018550440,,1,2075,“No es apropiada su aplicación para la ubicación exacta de puntos ni para el cálculo de áreas y distancias,Boyacá,58950185.5000000000,800104.1922000000,58150081.2999999970,2425.61848974771
"25653",San Cayetano,287.44813064200,,1,2100,“No es apropiada su aplicación para la ubicación exacta de puntos ni para el cálculo de áreas y distancias,Cundinamarca,287448130.6000000238,209128.6192000000,287239001.8999999762,2350.13254240617
"25394",La Palma,190.59401304800,,1,1452,“No es apropiada su aplicación para la ubicación exacta de puntos ni para el cálculo de áreas y distancias,Cundinamarca,190594013.0000000000,815871.1678000002,189778141.8000000119,1330.40882807151
"25320",Guaduas,762.81970023000,,1,992,“No es apropiada su aplicación para la ubicación exacta de puntos ni para el cálculo de áreas y distancias,Cundinamarca,762819700.2000000477,8520760.2919999994,754298939.8999999762,723.661838337163
"15189",Ciénega,53.89698168850,,1,2400,“No es apropiada su aplicación para la ubicación exacta de puntos ni para el cálculo de áreas y distancias,Boyacá,53896981.6700000018,365198.5513000000,53531783.1099999994,2734.06082512209
"15599",Ramiriquí,125.42156313900,,1,2313,“No es apropiada su aplicación para la ubicación exacta de puntos ni para el cálculo de áreas y distancias,Boyacá,125421563.0000000000,1397047.7400000000,124024515.2000000030,2642.02643095298
"25317",Guachetá,169.91833083100,,1,2750,“No es apropiada su aplicación para la ubicación exacta de puntos ni para el cálculo de áreas y distancias,Cundinamarca,169918330.8000000119,848947.4203000000,169069383.3000000119,2785.60927233511
"17388",La Merced,88.57738222370,Ordenanza No. 001 de 1969,1,1800,“No es apropiada su aplicación para la ubicación exacta de puntos ni para el cálculo de áreas y distancias,Caldas,88577382.2000000030,400771.2859000000,88176610.9099999964,1361.43378343516
"15861",Ventaquemada,159.75372962500,,1,2642,“No es apropiada su aplicación para la ubicación exacta de puntos ni para el cálculo de áreas y distancias,Boyacá,159753729.5000000000,928766.6814000000,158824962.8000000119,2960.79112098029
"17653",Salamina,387.95878921200,,1,1793,“No es apropiada su aplicación para la ubicación exacta de puntos ni para el cálculo de áreas y distancias,Caldas,387958789.1000000238,1565529.7910000000,386393259.3000000119,2473.68743784408
"25518",Paime,173.42898415100,,1,950,“No es apropiada su aplicación para la ubicación exacta de puntos ni para el cálculo de áreas y distancias,Cundinamarca,173428984.0000000000,76364.9920500000,173352619.0000000000,1271.51682691802
"15104",Boyacá,47.94112081940,,1,2411,“No es apropiada su aplicación para la ubicación exacta de puntos ni para el cálculo de áreas y distancias,Boyacá,47941120.8100000024,318842.8133000000,47622277.9900000021,2593.5431081354
"25288",Fúquene,77.34910605020,,1,2875,“No es apropiada su aplicación para la ubicación exacta de puntos ni para el cálculo de áreas y distancias,Cundinamarca,77349106.0400000066,192314.8217000000,77156791.2099999934,2649.00299386023
"15621",Rondón,205.98719506900,Ordenanza No. 5 de 1904,1,2075,“No es apropiada su aplicación para la ubicación exacta de puntos ni para el cálculo de áreas y distancias,Boyacá,205987195.0000000000,175362.4298000000,205811832.5000000000,2579.34167071553
"15518",Pajarito,313.00817624400,,1,793,“No es apropiada su aplicación para la ubicación exacta de puntos ni para el cálculo de áreas y distancias,Boyacá,313008176.1000000238,162433.5581000000,312845742.5000000000,1828.22251178157
"15879",Viracachá,62.46990645930,,1,2500,“No es apropiada su aplicación para la ubicación exacta de puntos ni para el cálculo de áreas y distancias,Boyacá,62469906.4500000030,476786.4157000000,61993120.0300000012,2888.53848836601
"25779",Susa,104.00739407700,,1,2557,“No es apropiada su aplicación para la ubicación exacta de puntos ni para el cálculo de áreas y distancias,Cundinamarca,104007394.0000000000,742739.4530000000,103264654.5000000000,2857.68075700478
"27160",Cértegui,423.51400080900,Ordenanza No. 012 de 2000,1,54,“No es apropiada su aplicación para la ubicación exacta de puntos ni para el cálculo de áreas y distancias,Chocó,423514000.8000000119,640425.9780000000,422873574.8000000119,127.247190291935
"27135",El Cantón Del San Pablo,380.69333434700,Ordenanza No. 004 de 1994,1,35,“No es apropiada su aplicación para la ubicación exacta de puntos ni para el cálculo de áreas y distancias,Chocó,380693334.3000000119,268165.3320000000,380425168.8999999762,97.8485586905432
"15212",Coper,149.67799683800,,1,950,“No es apropiada su aplicación para la ubicación exacta de puntos ni para el cálculo de áreas y distancias,Boyacá,149677996.8000000119,287542.3886000000,149390454.4000000060,1496.90455073301
"17442",Marmato,36.85375171700,,1,1050,“No es apropiada su aplicación para la ubicación exacta de puntos ni para el cálculo de áreas y distancias,Caldas,36853751.7100000009,222826.3542000000,36630925.3500000015,1346.85105617186
"15764",Soracá,55.66054922960,,1,2799,“No es apropiada su aplicación para la ubicación exacta de puntos ni para el cálculo de áreas y distancias,Boyacá,55660549.2100000009,359631.0316000000,55300918.1700000018,2872.65456731343
"17777",Supia,121.43960951300,,1,1184,“No es apropiada su aplicación para la ubicación exacta de puntos ni para el cálculo de áreas y distancias,Caldas,121439609.5000000000,2039807.4750000001,119399802.0000000000,1510.08357534874
"17541",Pensilvania,498.94378848000,,1,2100,“No es apropiada su aplicación para la ubicación exacta de puntos ni para el cálculo de áreas y distancias,Caldas,498943788.3000000715,1266464.4920000001,497677323.8000000119,2228.87034112324
"85325",San Luis De Palenque,2981.01215909000,,1,175,“No es apropiada su aplicación para la ubicación exacta de puntos ni para el cálculo de áreas y distancias,Casanare,2981012159.0000000000,861243.7378000000,2980150915.0000000000,157.252019194985
"15109",Buenavista,110.01024755900,,1,2197,“No es apropiada su aplicación para la ubicación exacta de puntos ni para el cálculo de áreas y distancias,Boyacá,110010247.5000000000,253126.8534000000,109757120.5999999940,2106.44255383913
"15740",Siachoque,119.00719309700,,1,2700,“No es apropiada su aplicación para la ubicación exacta de puntos ni para el cálculo de áreas y distancias,Boyacá,119007193.0000000000,462552.5108000000,118544640.4000000060,3122.01236996006
"15401",La Victoria,27.97306235100,Ordenanza No. 5 de 1965,1,1400,“No es apropiada su aplicación para la ubicación exacta de puntos ni para el cálculo de áreas y distancias,Boyacá,27973062.3500000015,71974.2579300000,27901088.0899999999,1469.25061029572
"25148",Caparrapí,615.08045727800,,1,1272,“No es apropiada su aplicación para la ubicación exacta de puntos ni para el cálculo de áreas y distancias,Cundinamarca,615080457.2000000477,515836.5218000000,614564620.6000000238,870.81658579531
"15646",Samacá,167.31627653500,,1,2604,“No es apropiada su aplicación para la ubicación exacta de puntos ni para el cálculo de áreas y distancias,Boyacá,167316276.5000000000,1244547.2300000000,166071729.1999999881,2974.49061423474
"15224",Cucaita,42.05808743910,,1,2634,“No es apropiada su aplicación para la ubicación exacta de puntos ni para el cálculo de áreas y distancias,Boyacá,42058087.4200000018,341500.0205000000,41716587.3900000006,2879.70558139691
"17614",Riosucio,384.09536099700,,1,1783,“No es apropiada su aplicación para la ubicación exacta de puntos ni para el cálculo de áreas y distancias,Caldas,384095360.8000000119,2482518.0980000002,381612842.6999999881,2144.90814107067
"85001",Yopal,2476.85303647000,,1,355,“No es apropiada su aplicación para la ubicación exacta de puntos ni para el cálculo de áreas y distancias,Casanare,2476853036.0000000000,25640652.6200000010,2451212383.0000000000,325.422148769872
"25745",Simijaca,96.58026493790,,1,2543,“No es apropiada su aplicación para la ubicación exacta de puntos ni para el cálculo de áreas y distancias,Cundinamarca,96580264.9300000072,1735704.2840000000,94844560.6400000006,2676.90720758071
"85430",Trinidad,2959.93143151000,Ordenanza No. 21 de 1959,1,166,“No es apropiada su aplicación para la ubicación exacta de puntos ni para el cálculo de áreas y distancias,Casanare,2959931431.0000000000,1854956.8680000000,2958076474.0000000000,136.602752793352
"27077",Bajo Baudó,3482.19823267000,,1,5,“No es apropiada su aplicación para la ubicación exacta de puntos ni para el cálculo de áreas y distancias,Chocó,3482198232.0000000000,647778.7489000000,3481550453.0000000000,113.222397084764
"15001",Tunja,119.51846098400,,1,2778,“No es apropiada su aplicación para la ubicación exacta de puntos ni para el cálculo de áreas y distancias,Boyacá,119518460.9000000060,21550897.5700000003,97967563.3199999928,2875.01356469893
"17513",Pácora,257.19256616500,,1,1814,“No es apropiada su aplicación para la ubicación exacta de puntos ni para el cálculo de áreas y distancias,Caldas,257192566.0000000000,1360932.1910000001,255831633.8000000119,1789.16227779486
"15600",Ráquira,220.32645700700,,1,2150,“No es apropiada su aplicación para la ubicación exacta de puntos ni para el cálculo de áreas y distancias,Boyacá,220326457.0000000000,641957.3153000000,219684499.5999999940,2641.74679670809
"15822",Tota,195.66418154800,,1,2875,“No es apropiada su aplicación para la ubicación exacta de puntos ni para el cálculo de áreas y distancias,Boyacá,195664181.5000000000,508197.6123000000,195155983.8000000119,3203.50019185129
"15676",San Miguel De Sema,93.86057543520,Ordenanza No. 40 de 1960,1,2543,“No es apropiada su aplicación para la ubicación exacta de puntos ni para el cálculo de áreas y distancias,Boyacá,93860575.4300000072,228856.2966000000,93631719.1299999952,2593.03583420243
"17867",Victoria,558.46585308300,,1,675,“No es apropiada su aplicación para la ubicación exacta de puntos ni para el cálculo de áreas y distancias,Caldas,558465853.0000000000,1032758.6640000000,557433094.2999999523,398.318076107678
"15480",Muzo,137.71030446900,,1,843,“No es apropiada su aplicación para la ubicación exacta de puntos ni para el cálculo de áreas y distancias,Boyacá,137710304.4000000060,743027.2478000000,136967277.0999999940,985.829065682504
"05145",Caramanta,92.06265401590,,1,2117,“No es apropiada su aplicación para la ubicación exacta de puntos ni para el cálculo de áreas y distancias,Antioquia,92062654.0100000054,356774.2345000000,91705879.7699999958,1803.91836014055
"15762",Sora,47.76554730960,,1,2700,“No es apropiada su aplicación para la ubicación exacta de puntos ni para el cálculo de áreas y distancias,Boyacá,47765547.2800000012,354343.3005000000,47411203.9699999988,2921.13899978426
"15226",Cuítiva,44.03984059200,,1,2750,“No es apropiada su aplicación para la ubicación exacta de puntos ni para el cálculo de áreas y distancias,Boyacá,44039840.5900000036,135823.6756000000,43904016.9099999964,3002.31637018217
"15638",Sáchica,63.82522150810,,1,2152,“No es apropiada su aplicación para la ubicación exacta de puntos ni para el cálculo de áreas y distancias,Boyacá,63825221.5000000000,793750.4056000002,63031471.0900000036,2366.25571183281
"15187",Chivatá,49.44420996600,,1,2900,“No es apropiada su aplicación para la ubicación exacta de puntos ni para el cálculo de áreas y distancias,Boyacá,49444209.9600000009,248389.9183000000,49195820.0399999991,2870.59159191589
"15808",Tinjacá,79.63103042770,,1,2113,“No es apropiada su aplicación para la ubicación exacta de puntos ni para el cálculo de áreas y distancias,Boyacá,79631030.4200000018,246582.6971000000,79384447.7199999988,2399.85774420105
"15131",Caldas,78.85688400840,,1,2650,“No es apropiada su aplicación para la ubicación exacta de puntos ni para el cálculo de áreas y distancias,Boyacá,78856884.0000000000,196169.0508000000,78660714.9399999976,2769.92894694975
"15580",Quípama,167.12896517000,Ordenanza No. 28 de 1986,1,1200,“No es apropiada su aplicación para la ubicación exacta de puntos ni para el cálculo de áreas y distancias,Boyacá,167128965.0000000000,371489.9983000000,166757475.0000000000,1129.89803718565
"15047",Aquitania,940.35437545100,,1,3042,“No es apropiada su aplicación para la ubicación exacta de puntos ni para el cálculo de áreas y distancias,Boyacá,940354375.2000000477,1089450.7900000000,939264924.3999999762,2974.09746533922
"15542",Pesca,262.59265771400,,1,2600,“No es apropiada su aplicación para la ubicación exacta de puntos ni para el cálculo de áreas y distancias,Boyacá,262592657.5000000000,831673.9465000000,261760983.5000000000,2948.85045298385
"15362",Iza,34.18027705700,,1,2500,“No es apropiada su aplicación para la ubicación exacta de puntos ni para el cálculo de áreas y distancias,Boyacá,34180277.0300000012,892808.2020000000,33287468.8200000003,2761.50117216586
"15442",Maripí,160.47834122300,,1,1250,“No es apropiada su aplicación para la ubicación exacta de puntos ni para el cálculo de áreas y distancias,Boyacá,160478341.0000000000,160557.1876000000,160317783.8000000119,1307.70792390129
"15814",Toca,167.94120211900,,1,2700,“No es apropiada su aplicación para la ubicación exacta de puntos ni para el cálculo de áreas y distancias,Boyacá,167941202.0000000000,974202.1229000000,166966999.8000000119,2978.99017726724
"05364",Jardín,201.14093006900,Decreto No. 118 de 1882,1,1750,“No es apropiada su aplicación para la ubicación exacta de puntos ni para el cálculo de áreas y distancias,Antioquia,201140930.0000000000,1400766.0370000000,199740163.9000000060,2295.62678516204
"15500",Oicatá,60.19551750390,,1,2525,“No es apropiada su aplicación para la ubicación exacta de puntos ni para el cálculo de áreas y distancias,Boyacá,60195517.5000000000,350119.8016000000,59845397.6899999976,2690.44235526436
"15476",Motavita,59.94727947500,,1,2908,“No es apropiada su aplicación para la ubicación exacta de puntos ni para el cálculo de áreas y distancias,Boyacá,59947279.4600000009,233041.8369000000,59714237.6199999973,3050.98572796323
"05483",Nariño,316.62008308800,Ordenanza No. 37 de 1913,1,1661,“No es apropiada su aplicación para la ubicación exacta de puntos ni para el cálculo de áreas y distancias,Antioquia,316620083.0000000000,805057.8099000000,315815025.1000000238,1622.16975458058
"27073",Bagadó,807.56872133200,,1,200,“No es apropiada su aplicación para la ubicación exacta de puntos ni para el cálculo de áreas y distancias,Chocó,807568721.2000000477,293370.8197000000,807275350.2999999523,956.717788219095
"15776",Sutamarchán,103.34567001400,,1,2093,“No es apropiada su aplicación para la ubicación exacta de puntos ni para el cálculo de áreas y distancias,Boyacá,103345670.0000000000,654593.6108000000,102691076.2999999970,2478.29419294429
"27600",Rio Quito,699.36305532700,Ordenanza No. 004 de 1999,1,35,“No es apropiada su aplicación para la ubicación exacta de puntos ni para el cálculo de áreas y distancias,Chocó,699363055.2000000477,224095.5172000000,699138959.6000000238,104.81942555852
"27050",Atrato,421.73941580500,Ordenanza No. 010 de 1997,1,55,“No es apropiada su aplicación para la ubicación exacta de puntos ni para el cálculo de áreas y distancias,Chocó,421739415.8000000119,438669.4687000001,421300746.3000000119,82.4076232449248
"15377",Labranzagrande,579.98715092500,,1,1100,“No es apropiada su aplicación para la ubicación exacta de puntos ni para el cálculo de áreas y distancias,Boyacá,579987150.7000000477,274146.8073000000,579713003.7999999523,1859.41899781672
"15176",Chiquinquirá,164.77838788200,,1,2565,“No es apropiada su aplicación para la ubicación exacta de puntos ni para el cálculo de áreas y distancias,Boyacá,164778387.8000000119,6370222.8920000000,158408164.9000000060,2648.9965349664
"15232",Chíquiza,116.31848789800,Ordenanza No. 19 de 1982,1,2600,“No es apropiada su aplicación para la ubicación exacta de puntos ni para el cálculo de áreas y distancias,Boyacá,116318487.7000000030,141028.8297000000,116177458.7999999970,3008.41180300875
"15272",Firavitoba,109.11753477400,,1,2500,“No es apropiada su aplicación para la ubicación exacta de puntos ni para el cálculo de áreas y distancias,Boyacá,109117534.7000000030,711093.6710000000,108406441.0000000000,2722.82375027215
"15407",Villa De Leiva,126.38401348800,,1,2143,“No es apropiada su aplicación para la ubicación exacta de puntos ni para el cálculo de áreas y distancias,Boyacá,126384013.4000000060,2471972.9380000001,123912040.4000000060,2423.69493165178
"85225",Nunchía,1099.12873736000,,1,387,“No es apropiada su aplicación para la ubicación exacta de puntos ni para el cálculo de áreas y distancias,Casanare,1099128737.0000000000,999294.3369000000,1098129442.0000000000,290.542759074957
"15106",Briceño,64.51202572520,Ordenanza No. 14 de 1890,1,1340,“No es apropiada su aplicación para la ubicación exacta de puntos ni para el cálculo de áreas y distancias,Boyacá,64512025.7100000009,184212.0260000000,64327813.6799999997,1779.71701210381
"15837",Tuta,165.23680907800,,1,2600,“No es apropiada su aplicación para la ubicación exacta de puntos ni para el cálculo de áreas y distancias,Boyacá,165236809.0000000000,976638.3092000000,164260170.5999999940,2714.67653588246
"17013",Aguadas,475.55103066900,,1,2181,“No es apropiada su aplicación para la ubicación exacta de puntos ni para el cálculo de áreas y distancias,Caldas,475551030.6000000238,1276904.9460000000,474274125.6000000238,1813.93884232557
"15832",Tununguá,29.18230252230,Ordenanza No. 37 de 1962,1,1250,“No es apropiada su aplicación para la ubicación exacta de puntos ni para el cálculo de áreas y distancias,Boyacá,29182302.5100000016,89366.0284800000,29092936.4800000004,1099.88473218534
"17662",Samaná,757.68425166700,,1,1250,“No es apropiada su aplicación para la ubicación exacta de puntos ni para el cálculo de áreas y distancias,Caldas,757684251.6000000238,537196.8345000000,757147054.7000000477,1043.27335512224
"17495",Norcasia,227.37856761700,Ordenanza No. 327 de 1999,1,727,“No es apropiada su aplicación para la ubicación exacta de puntos ni para el cálculo de áreas y distancias,Caldas,227378567.5000000000,608548.7828000000,226770018.6999999881,484.456599137503
"27413",Lloró,843.12259025500,Ordenanza No. 015 de 1955,1,100,“No es apropiada su aplicación para la ubicación exacta de puntos ni para el cálculo de áreas y distancias,Chocó,843122590.2000000477,274395.3270000000,842848194.7999999523,349.707048013763
"15466",Monguí,68.67388203410,,1,2900,“No es apropiada su aplicación para la ubicación exacta de puntos ni para el cálculo de áreas y distancias,Boyacá,68673882.0300000012,795741.2434000000,67878140.7800000012,3394.27496314506
"15533",Paya,442.76158326900,,1,980,“No es apropiada su aplicación para la ubicación exacta de puntos ni para el cálculo de áreas y distancias,Boyacá,442761583.1000000238,131425.9660000000,442630157.1000000238,1165.52514858502
"15681",San Pablo De Borbur,195.66468354300,Ordenanza No. 40 de 1960,1,678,“No es apropiada su aplicación para la ubicación exacta de puntos ni para el cálculo de áreas y distancias,Boyacá,195664683.5000000000,142805.7953000000,195521877.6999999881,991.436498689474
"05055",Argelia,245.19924078200,Ordenanza No. 19 de 1960,1,1700,“No es apropiada su aplicación para la ubicación exacta de puntos ni para el cálculo de áreas y distancias,Antioquia,245199240.5000000000,562871.1588000000,244636369.3000000119,1384.64243643957
"05856",Valparaiso,126.14562884800,,1,1358,“No es apropiada su aplicación para la ubicación exacta de puntos ni para el cálculo de áreas y distancias,Antioquia,126145628.7000000030,672003.6944000000,125473625.0000000000,1070.11050311796
"15759",Sogamoso,207.32078412300,,1,2492,“No es apropiada su aplicación para la ubicación exacta de puntos ni para el cálculo de áreas y distancias,Boyacá,207320784.0000000000,22069051.8500000015,185251732.0999999940,3093.74283152182
"17380",La Dorada,549.08284714200,Ordenanza No. 043 de 1923,1,176,“No es apropiada su aplicación para la ubicación exacta de puntos ni para el cálculo de áreas y distancias,Caldas,549082847.1000000238,7644085.3940000003,541438761.7000000477,204.686272457796
"15632",Saboyá,248.28825862400,,1,2625,“No es apropiada su aplicación para la ubicación exacta de puntos ni para el cálculo de áreas y distancias,Boyacá,248288258.5000000000,559958.1869000000,247728300.3000000119,2852.4716351419
"05034",Andes,402.48718307900,,1,1350,“No es apropiada su aplicación para la ubicación exacta de puntos ni para el cálculo de áreas y distancias,Antioquia,402487183.0000000000,2092550.9960000000,400394632.0000000000,2118.94679977726
"15464",Mongua,360.04045098400,,1,3000,“No es apropiada su aplicación para la ubicación exacta de puntos ni para el cálculo de áreas y distancias,Boyacá,360040450.8000000119,736300.6388000000,359304150.1000000238,2856.23594693747
"25572",Puerto Salgar,515.25272202400,Ordenanza No. 047 de 1935,1,176,“No es apropiada su aplicación para la ubicación exacta de puntos ni para el cálculo de áreas y distancias,Cundinamarca,515252722.0000000000,1977843.6540000001,513274878.3000000715,246.378159125107
"15696",Santa Sofía,77.44203290050,,1,2370,“No es apropiada su aplicación para la ubicación exacta de puntos ni para el cálculo de áreas y distancias,Boyacá,77442032.9000000060,365751.5840000000,77076281.3100000024,2422.70487863052
"15820",Tópaga,33.55898545460,,1,2900,“No es apropiada su aplicación para la ubicación exacta de puntos ni para el cálculo de áreas y distancias,Boyacá,33558985.4500000030,360653.5140000000,33198331.9299999997,2802.87334832592
"05091",Betania,180.52637662300,Ordenanza No. 42 de 1920,1,1500,“No es apropiada su aplicación para la ubicación exacta de puntos ni para el cálculo de áreas y distancias,Antioquia,180526376.5000000000,375117.5708000000,180151258.9000000060,1954.44975986559
"15293",Gachantivá,88.02566182100,,1,2450,“No es apropiada su aplicación para la ubicación exacta de puntos ni para el cálculo de áreas y distancias,Boyacá,88025661.8100000024,155470.7409000000,87870191.0600000024,2375.30072507553
"15204",Cómbita,138.00257239900,,1,2825,“No es apropiada su aplicación para la ubicación exacta de puntos ni para el cálculo de áreas y distancias,Boyacá,138002572.3000000119,522840.1790000000,137479732.0999999940,2974.01752455479
"05789",Támesis,252.19453599700,,1,1500,“No es apropiada su aplicación para la ubicación exacta de puntos ni para el cálculo de áreas y distancias,Antioquia,252194535.9000000060,1240596.1380000000,250953939.6999999881,1734.20497771478
"15491",Nobsa,55.40296761730,,1,2500,“No es apropiada su aplicación para la ubicación exacta de puntos ni para el cálculo de áreas y distancias,Boyacá,55402967.6000000015,1464740.7470000000,53938226.8500000015,2642.72697578797
"15806",Tibasosa,93.56784186280,,1,2500,“No es apropiada su aplicación para la ubicación exacta de puntos ni para el cálculo de áreas y distancias,Boyacá,93567841.8400000036,1351506.8850000000,92216334.9500000030,2641.03109670291
"05390",La Pintada,54.29841112700,Ordenanza No. 42E de 1996,1,592,“No es apropiada su aplicación para la ubicación exacta de puntos ni para el cálculo de áreas y distancias,Antioquia,54298411.1000000015,1584016.2160000000,52714394.8800000027,812.86955847886
"15531",Pauna,252.30162524600,,1,1121,“No es apropiada su aplicación para la ubicación exacta de puntos ni para el cálculo de áreas y distancias,Boyacá,252301625.0000000000,429804.7726000001,251871820.1999999881,1251.78048270764
"25885",Yacopí,955.76564442500,,1,1200,“No es apropiada su aplicación para la ubicación exacta de puntos ni para el cálculo de áreas y distancias,Cundinamarca,955765644.2000000477,480406.4320000000,955285237.6999999285,888.696035638736
"85263",Pore,779.44547436900,,1,250,“No es apropiada su aplicación para la ubicación exacta de puntos ni para el cálculo de áreas y distancias,Casanare,779445474.2000000477,1792100.8880000000,777653373.2999999523,267.245684741038
"15051",Arcabuco,137.66889195700,,1,2563,“No es apropiada su aplicación para la ubicación exacta de puntos ni para el cálculo de áreas y distancias,Boyacá,137668891.9000000060,654196.7280000000,137014695.0999999940,2815.77630442525
"05353",Hispania,54.17829273640,Ordenanza No. 8 de 1983,1,960,“No es apropiada su aplicación para la ubicación exacta de puntos ni para el cálculo de áreas y distancias,Antioquia,54178292.7100000009,683855.0731000000,53494437.6300000027,1201.37015549292
"15550",Pisba,463.87513335100,,1,1500,“No es apropiada su aplicación para la ubicación exacta de puntos ni para el cálculo de áreas y distancias,Boyacá,463875133.3000000715,192395.5909000000,463682737.6999999285,1990.49990834223
"15296",Gámeza,123.41894101700,,1,2750,“No es apropiada su aplicación para la ubicación exacta de puntos ni para el cálculo de áreas y distancias,Boyacá,123418941.0000000000,416640.6919000000,123002300.2999999970,3304.53497654517
"68271",Florián,176.36525725100,Ordenanza No. 25 de 1974,1,1600,“No es apropiada su aplicación para la ubicación exacta de puntos ni para el cálculo de áreas y distancias,Santander,176365257.0000000000,370747.6162000000,175994509.3000000119,1687.15657224817
"15763",Sotaquirá,291.55711322300,,1,2650,“No es apropiada su aplicación para la ubicación exacta de puntos ni para el cálculo de áreas y distancias,Boyacá,291557113.1000000238,345138.5540000000,291211974.5000000000,2919.12008829689
"15114",Busbanzá,25.30119275200,,1,2500,“No es apropiada su aplicación para la ubicación exacta de puntos ni para el cálculo de áreas y distancias,Boyacá,25301192.7500000000,108529.0359000000,25192663.7100000009,2654.97729639507
"68020",Albania,165.98258951500,,1,1640,“No es apropiada su aplicación para la ubicación exacta de puntos ni para el cálculo de áreas y distancias,Santander,165982589.5000000000,211716.0020000000,165770873.4000000060,2274.9489795168
"15215",Corrales,60.72684209650,,1,2388,“No es apropiada su aplicación para la ubicación exacta de puntos ni para el cálculo de áreas y distancias,Boyacá,60726842.0900000036,496652.7597000000,60230189.3299999982,2628.21007410916
"05368",Jericó,204.97123321500,,1,1975,“No es apropiada su aplicación para la ubicación exacta de puntos ni para el cálculo de áreas y distancias,Antioquia,204971233.0000000000,1491114.7720000001,203480118.1999999881,1707.02899160544
"68368",Jesús María,89.46644804580,,1,1890,“No es apropiada su aplicación para la ubicación exacta de puntos ni para el cálculo de áreas y distancias,Santander,89466448.0400000066,191361.2688000000,89275086.7699999958,2110.38115243415
"05576",Pueblorrico,75.42683137300,,1,1800,“No es apropiada su aplicación para la ubicación exacta de puntos ni para el cálculo de áreas y distancias,Antioquia,75426831.3700000048,719109.2533000000,74707722.1099999994,1605.59156780206
"68572",Puente Nacional,251.29897670900,,1,1625,“No es apropiada su aplicación para la ubicación exacta de puntos ni para el cálculo de áreas y distancias,Santander,251298976.5000000000,1275539.0410000000,250023437.4000000060,2114.65808891795
"15276",Floresta,87.95789621910,,1,2500,“No es apropiada su aplicación para la ubicación exacta de puntos ni para el cálculo de áreas y distancias,Boyacá,87957896.2000000030,468191.8436000000,87489704.3499999940,2730.18157098164
"05756",Sonsón,1345.60992671000,,1,2492,“No es apropiada su aplicación para la ubicación exacta de puntos ni para el cálculo de áreas y distancias,Antioquia,1345609926.0000000000,2676711.7530000000,1342933214.0000000000,1346.55807475901
"05101",Ciudad Bolívar,263.79091045400,,1,1180,“No es apropiada su aplicación para la ubicación exacta de puntos ni para el cálculo de áreas y distancias,Antioquia,263790910.4000000060,1471949.6810000001,262318960.6999999881,1615.21052966057
"05792",Tarso,120.46149571100,Ordenanza No. 03 de 1936,1,1325,“No es apropiada su aplicación para la ubicación exacta de puntos ni para el cálculo de áreas y distancias,Antioquia,120461495.7000000030,413284.0882000000,120048211.5999999940,1126.53761802862
"05002",Abejorral,506.95279799300,,1,2275,“No es apropiada su aplicación para la ubicación exacta de puntos ni para el cálculo de áreas y distancias,Antioquia,506952797.8000000119,1238247.3980000000,505714550.3999999762,1948.61830815918
"15469",Moniquirá,217.93006831400,,1,1669,“No es apropiada su aplicación para la ubicación exacta de puntos ni para el cálculo de áreas y distancias,Boyacá,217930068.3000000119,3572137.7110000001,214357930.5000000000,1996.30777493954
"05467",Montebello,76.00528343210,,1,2200,“No es apropiada su aplicación para la ubicación exacta de puntos ni para el cálculo de áreas y distancias,Antioquia,76005283.4300000072,411946.3387000000,75593337.0900000036,1695.56271007671
"15816",Togüí,101.27758914700,,1,1650,“No es apropiada su aplicación para la ubicación exacta de puntos ni para el cálculo de áreas y distancias,Boyacá,101277589.0000000000,238413.3653000000,101039175.5999999940,1980.96679199342
"15790",Tasco,209.25278032700,,1,2525,“No es apropiada su aplicación para la ubicación exacta de puntos ni para el cálculo de áreas y distancias,Boyacá,209252780.3000000119,318080.9258000001,208934699.3000000119,3276.83289493486
"68077",Barbosa,46.59552892730,,1,1579,“No es apropiada su aplicación para la ubicación exacta de puntos ni para el cálculo de áreas y distancias,Santander,46595528.9200000018,3607081.5150000001,42988447.3999999985,1739.66205199304
"68324",Guavatá,83.67144473870,,1,1970,“No es apropiada su aplicación para la ubicación exacta de puntos ni para el cálculo de áreas y distancias,Santander,83671444.7300000042,284350.6082000000,83387094.1200000048,1878.6447198287
"15516",Paipa,304.54372280400,,1,2513,“No es apropiada su aplicación para la ubicación exacta de puntos ni para el cálculo de áreas y distancias,Boyacá,304543722.8000000119,4656523.1500000004,299887199.6000000238,2715.7343267546
"05652",San Francisco,354.20157116000,Ordenanza No. 57 de 1986,1,1250,“No es apropiada su aplicación para la ubicación exacta de puntos ni para el cálculo de áreas y distancias,Antioquia,354201571.1000000238,214549.4272000000,353987021.6000000238,878.361900453725
"05282",Fredonia,254.04507618000,,1,1820,“No es apropiada su aplicación para la ubicación exacta de puntos ni para el cálculo de áreas y distancias,Antioquia,254045076.0000000000,2159367.5150000001,251885708.4000000060,1224.46450621075
"05679",Santa Bárbara,196.11812820100,,1,1806,“No es apropiada su aplicación para la ubicación exacta de puntos ni para el cálculo de áreas y distancias,Antioquia,196118128.0000000000,1060071.9820000001,195058056.0000000000,1445.04322955463
"05861",Venecia,143.63047348900,,1,1330,“No es apropiada su aplicación para la ubicación exacta de puntos ni para el cálculo de áreas y distancias,Antioquia,143630473.4000000060,1286404.3910000001,142344069.0000000000,1134.71172551579
"15693",Santa Rosa De Viterbo,116.48160381800,,1,2748,“No es apropiada su aplicación para la ubicación exacta de puntos ni para el cálculo de áreas y distancias,Boyacá,116481603.7000000030,2027331.2000000000,114454272.5000000000,3062.21609882986
"27495",Nuquí,704.58336614600,,1,5,“No es apropiada su aplicación para la ubicación exacta de puntos ni para el cálculo de áreas y distancias,Chocó,704583366.1000000238,722782.1128000000,703860583.8999999762,202.055963782692
"15238",Duitama,233.54543513700,,1,2532,“No es apropiada su aplicación para la ubicación exacta de puntos ni para el cálculo de áreas y distancias,Boyacá,233545435.0000000000,12678956.8300000001,220866478.0999999940,3118.16818310417
"27245",El Carmen,830.29380889700,,1,1726,“No es apropiada su aplicación para la ubicación exacta de puntos ni para el cálculo de áreas y distancias,Chocó,830293808.7000000477,434093.1925000000,829859715.5000000000,1642.71449287565
"05400",La Unión,167.67031783900,,1,2472,“No es apropiada su aplicación para la ubicación exacta de puntos ni para el cálculo de áreas y distancias,Antioquia,167670317.8000000119,927111.7956000000,166743206.0000000000,2451.20932453767
"15664",San José De Pare,74.28480851280,,1,1525,“No es apropiada su aplicación para la ubicación exacta de puntos ni para el cálculo de áreas y distancias,Boyacá,74284808.5100000054,558664.4390000000,73726144.0699999928,1707.29068007806
"05591",Puerto Triunfo,369.65442638300,Ordenanza No. 24 de 1977,1,152,“No es apropiada su aplicación para la ubicación exacta de puntos ni para el cálculo de áreas y distancias,Antioquia,369654426.3000000119,472028.0944000000,369182398.1999999881,223.766112311531
"15757",Socha,149.88258684900,,1,2667,“No es apropiada su aplicación para la ubicación exacta de puntos ni para el cálculo de áreas y distancias,Boyacá,149882586.8000000119,724130.7205000002,149158456.0000000000,3178.89658735326
"27025",Alto Baudó,2051.87789424000,Ordenanza No. 016 de 1958,1,50,“No es apropiada su aplicación para la ubicación exacta de puntos ni para el cálculo de áreas y distancias,Chocó,2051877894.0000002384,234064.6981000000,2051643829.0000000000,221.128821729693
"85400",Támara,1088.44818755000,,1,1125,“No es apropiada su aplicación para la ubicación exacta de puntos ni para el cálculo de áreas y distancias,Casanare,1088448187.0000000000,465271.0094000000,1087982915.0000000000,1198.96057967413
"05376",La Ceja,132.66673572400,,1,2143,“No es apropiada su aplicación para la ubicación exacta de puntos ni para el cálculo de áreas y distancias,Antioquia,132666735.7000000030,4028256.8870000001,128638478.7999999970,2248.75240198755
"05642",Salgar,288.23919450200,Ordenanza No. 1 de 1903,1,1250,“No es apropiada su aplicación para la ubicación exacta de puntos ni para el cálculo de áreas y distancias,Antioquia,288239194.5000000000,683680.0296000000,287555514.3999999762,1720.96956686484
"15185",Chitaraque,158.27015351900,,1,1650,“No es apropiada su aplicación para la ubicación exacta de puntos ni para el cálculo de áreas y distancias,Boyacá,158270153.5000000000,248033.2697000000,158022120.1999999881,1962.51584494132
"68327",Güepsa,30.10931217210,,1,1440,“No es apropiada su aplicación para la ubicación exacta de puntos ni para el cálculo de áreas y distancias,Santander,30109312.1700000018,1082156.1960000000,29027155.9699999988,1466.93589306309
"68298",Gámbita,607.17315350600,,1,2100,“No es apropiada su aplicación para la ubicación exacta de puntos ni para el cálculo de áreas y distancias,Santander,607173153.5000000000,179092.6588000000,606994060.7999999523,2295.87721599407
"05030",Amagá,84.11897676110,,1,1400,“No es apropiada su aplicación para la ubicación exacta de puntos ni para el cálculo de áreas y distancias,Antioquia,84118976.7600000054,1617211.3010000000,82501765.4500000030,1515.24049830029
"15723",Sativasur,54.62583171440,,1,2600,“No es apropiada su aplicación para la ubicación exacta de puntos ni para el cálculo de áreas y distancias,Boyacá,54625831.7100000009,142413.5949000000,54483418.1099999994,2796.14611505109
"15686",Santana,67.85294924340,,1,1591,“No es apropiada su aplicación para la ubicación exacta de puntos ni para el cálculo de áreas y distancias,Boyacá,67852949.2300000042,620237.6561000000,67232711.5699999928,1511.27266032512
"15755",Socotá,602.30379155400,,1,2400,“No es apropiada su aplicación para la ubicación exacta de puntos ni para el cálculo de áreas y distancias,Boyacá,602303791.5000000000,154071.3190000000,602149720.1000000238,3023.45348897705
"05129",Caldas,132.76962607300,,1,1751,“No es apropiada su aplicación para la ubicación exacta de puntos ni para el cálculo de áreas y distancias,Antioquia,132769626.0000000000,4046598.3100000001,128723027.5999999940,2109.17436502489
"05197",Cocorná,257.80940667600,,1,1300,“No es apropiada su aplicación para la ubicación exacta de puntos ni para el cálculo de áreas y distancias,Antioquia,257809406.5000000000,811530.9957000000,256997875.5000000000,1377.76116238062
"68179",Chipatá,94.83627653120,,1,1750,“No es apropiada su aplicación para la ubicación exacta de puntos ni para el cálculo de áreas y distancias,Santander,94836276.5300000012,254030.2986000000,94582246.2300000042,1886.35443894569
"85315",Sácama,311.46707536100,,1,1300,“No es apropiada su aplicación para la ubicación exacta de puntos ni para el cálculo de áreas y distancias,Casanare,311467075.3000000119,976362.5890000000,310490712.6999999881,1540.57551659404
"05660",San Luis,518.37978273700,,1,1050,“No es apropiada su aplicación para la ubicación exacta de puntos ni para el cálculo de áreas y distancias,Antioquia,518379782.6000000238,515841.1557000000,517863941.3999999762,878.091536154924
"85250",Paz De Ariporo,12074.55971340000,,1,275,“No es apropiada su aplicación para la ubicación exacta de puntos ni para el cálculo de áreas y distancias,Casanare,12074559713.0000000000,6474250.0769999996,12068085462.0000000000,138.58539273581
"05809",Titiribí,140.32861234000,,1,1550,“No es apropiada su aplicación para la ubicación exacta de puntos ni para el cálculo de áreas y distancias,Antioquia,140328612.3000000119,479381.8910000000,139849230.4000000060,1251.02365449826
"05148",Carmen De Viboral,409.12776332400,,1,2150,“No es apropiada su aplicación para la ubicación exacta de puntos ni para el cálculo de áreas y distancias,Antioquia,409127763.3000000119,3259073.1140000001,405868690.1000000238,2122.084170368
"15839",Tutazá,121.76009902800,,1,2800,“No es apropiada su aplicación para la ubicación exacta de puntos ni para el cálculo de áreas y distancias,Boyacá,121760099.0000000000,110956.3257000000,121649142.5999999940,3268.95068585731
"68673",San Benito,59.01805915470,,1,1200,“No es apropiada su aplicación para la ubicación exacta de puntos ni para el cálculo de áreas y distancias,Santander,59018059.1400000006,96491.0256400000,58921568.1099999994,1278.85726823962
"05607",El Retiro,241.92023086200,,1,2250,“No es apropiada su aplicación para la ubicación exacta de puntos ni para el cálculo de áreas y distancias,Antioquia,241920230.8000000119,1929396.2670000000,239990834.5000000000,2384.08800812857
"05631",Sabaneta,15.73285151210,Ordenanza No. 7 de 1967,1,1600,“No es apropiada su aplicación para la ubicación exacta de puntos ni para el cálculo de áreas y distancias,Antioquia,15732851.5000000000,5063795.8490000004,10669055.6500000004,1833.6771337126
"68773",Sucre,521.84692058400,Ordenanza No. 38 de 1892,1,2200,“No es apropiada su aplicación para la ubicación exacta de puntos ni para el cálculo de áreas y distancias,Santander,521846920.4999999404,202666.9111000000,521644253.5000000596,1559.30827542196
"05697",Santuario,83.52831963080,,1,2137,“No es apropiada su aplicación para la ubicación exacta de puntos ni para el cálculo de áreas y distancias,Antioquia,83528319.6200000048,2026322.9760000000,81501996.6400000006,2216.61424701421
"05209",Concordia,247.88694583500,,1,1950,“No es apropiada su aplicación para la ubicación exacta de puntos ni para el cálculo de áreas y distancias,Antioquia,247886945.8000000119,818838.6548000000,247068107.0999999940,1403.78872668089
"05380",La Estrella,36.83844656020,,1,1764,“No es apropiada su aplicación para la ubicación exacta de puntos ni para el cálculo de áreas y distancias,Antioquia,36838446.5600000024,7313303.4670000002,29525143.0899999999,2050.30400300307
"15720",Sativanorte,161.07007160000,,1,2600,“No es apropiada su aplicación para la ubicación exacta de puntos ni para el cálculo de áreas y distancias,Boyacá,161070071.5000000000,279563.6346000000,160790507.8000000119,2903.82673623474
"68250",El Peñón,397.67677653700,,1,2650,“No es apropiada su aplicación para la ubicación exacta de puntos ni para el cálculo de áreas y distancias,Santander,397676776.5000000000,206732.7167000000,397470043.6999999881,1214.78515198794
"05036",Angelópolis,81.85993331370,Ordenanza No. 16 de1896,1,1950,“No es apropiada su aplicación para la ubicación exacta de puntos ni para el cálculo de áreas y distancias,Antioquia,81859933.3100000024,771602.5338000000,81088330.7699999958,1806.87257683071
"68770",Suaita,282.92678637000,,1,1750,“No es apropiada su aplicación para la ubicación exacta de puntos ni para el cálculo de áreas y distancias,Santander,282926786.3000000119,605571.0512000000,282321215.1999999881,1677.85628601902
"05266",Envigado,80.01006295760,,1,1566,“No es apropiada su aplicación para la ubicación exacta de puntos ni para el cálculo de áreas y distancias,Antioquia,80010062.9500000030,13696085.7500000000,66313977.2000000030,2259.54231319442
"68264",Encino,399.66773645400,,1,1875,“No es apropiada su aplicación para la ubicación exacta de puntos ni para el cálculo de áreas y distancias,Santander,399667736.3000000119,118689.6389000000,399549046.6000000238,2721.00380466168
"05360",Itagüí,19.50785335880,,1,1578,“No es apropiada su aplicación para la ubicación exacta de puntos ni para el cálculo de áreas y distancias,Antioquia,19507853.3500000015,12906243.9299999997,6601609.4100000001,1655.50407452922
"15368",Jericó,131.36450917000,,1,3100,“No es apropiada su aplicación para la ubicación exacta de puntos ni para el cálculo de áreas y distancias,Boyacá,131364509.0000000000,245464.0984000000,131119044.9000000060,2624.20084073042
"27425",Medio Atrato,1813.74920955000,Ordenanza No. 008 de 1999,1,25,“No es apropiada su aplicación para la ubicación exacta de puntos ni para el cálculo de áreas y distancias,Chocó,1813749209.0000000000,123439.3752000000,1813625769.0000000000,178.743821937073
"05313",Granada,190.08441933300,,1,2075,“No es apropiada su aplicación para la ubicación exacta de puntos ni para el cálculo de áreas y distancias,Antioquia,190084419.3000000119,594086.4081000000,189490332.8000000119,1771.30510007791
"05615",Rionegro,195.87111402500,,1,2088,“No es apropiada su aplicación para la ubicación exacta de puntos ni para el cálculo de áreas y distancias,Antioquia,195871114.0000000000,10143388.3499999996,185727725.5999999940,2166.26505932434
"68013",Aguada,75.11051604690,,1,1650,“No es apropiada su aplicación para la ubicación exacta de puntos ni para el cálculo de áreas y distancias,Santander,75110516.0400000066,113131.3302000000,74997384.7000000030,1752.21127660182
"05059",Armenia,110.42213791900,,1,1500,“No es apropiada su aplicación para la ubicación exacta de puntos ni para el cálculo de áreas y distancias,Antioquia,110422137.9000000060,300179.1158000001,110121958.7000000030,1049.7500982438
"05440",Marinilla,112.23453727300,,1,2088,“No es apropiada su aplicación para la ubicación exacta de puntos ni para el cálculo de áreas y distancias,Antioquia,112234537.2000000030,4734022.2410000004,107500514.9000000060,2133.3665357309
"05347",Heliconia,114.83091616800,,1,1450,“No es apropiada su aplicación para la ubicación exacta de puntos ni para el cálculo de áreas y distancias,Antioquia,114830916.0000000000,721013.9669000000,114109902.0000000000,1661.47750807938
"05093",Betulia,262.36212121200,,1,1600,“No es apropiada su aplicación para la ubicación exacta de puntos ni para el cálculo de áreas y distancias,Antioquia,262362121.0000000000,598374.7297000000,261763746.1999999881,1630.00104642159
"05585",Puerto Nare,579.06711650600,Ordenanza No. 7 de 1967,1,131,“No es apropiada su aplicación para la ubicación exacta de puntos ni para el cálculo de áreas y distancias,Antioquia,579067116.5000000000,873288.7644000000,578193827.7000000477,311.895274477525
"15774",Susacón,182.31291111100,,1,2484,“No es apropiada su aplicación para la ubicación exacta de puntos ni para el cálculo de áreas y distancias,Boyacá,182312911.0000000000,242788.6856000000,182070122.3000000119,2900.25187150241
"15183",Chita,675.80778929700,,1,2949,“No es apropiada su aplicación para la ubicación exacta de puntos ni para el cálculo de áreas y distancias,Boyacá,675807789.2000000477,561004.4902000000,675246784.7000000477,3037.61074672999
"85125",Hato Corozal,5492.26014620000,,1,230,“No es apropiada su aplicación para la ubicación exacta de puntos ni para el cálculo de áreas y distancias,Casanare,5492260146.0000000000,2896886.8820000002,5489363259.0000000000,183.03764119357
"68320",Guadalupe,146.08436949200,,1,1410,“No es apropiada su aplicación para la ubicación exacta de puntos ni para el cálculo de áreas y distancias,Santander,146084369.4000000060,679849.7279000002,145404519.5999999940,1371.55955985348
"68245",El Guacamayo,92.81876820860,Ordenanza No. 11 de 1956,1,1950,“No es apropiada su aplicación para la ubicación exacta de puntos ni para el cálculo de áreas y distancias,Santander,92818768.2000000030,246033.2604000000,92572734.9300000072,1571.98553962257
"05541",Peñol,118.25519809700,,1,1891,“No es apropiada su aplicación para la ubicación exacta de puntos ni para el cálculo de áreas y distancias,Antioquia,118255198.0000000000,1203369.3610000000,117051828.5999999940,1996.59205116109
"68500",Oiba,287.34076480900,,1,1420,“No es apropiada su aplicación para la ubicación exacta de puntos ni para el cálculo de áreas y distancias,Santander,287340764.8000000119,758804.5023000002,286581960.1999999881,1680.48979821544
"05321",Guatapé,83.28166199380,,1,1891,“No es apropiada su aplicación para la ubicación exacta de puntos ni para el cálculo de áreas y distancias,Antioquia,83281661.9800000042,696729.0441000002,82584932.9300000072,1947.94986264912
"05649",San Carlos,716.41256348800,,1,1000,“No es apropiada su aplicación para la ubicación exacta de puntos ni para el cálculo de áreas y distancias,Antioquia,716412563.2000000477,2209609.6570000001,714202953.5000000000,1025.78213807093
"85136",La Salina,199.41924371200,,1,1525,“No es apropiada su aplicación para la ubicación exacta de puntos ni para el cálculo de áreas y distancias,Casanare,199419243.5000000000,130429.5898000000,199288813.9000000060,2603.10203947758
"15403",La Uvita,161.20129722600,,1,2367,“No es apropiada su aplicación para la ubicación exacta de puntos ni para el cálculo de áreas y distancias,Boyacá,161201297.0000000000,486316.9846000000,160714980.0000000000,2882.62369764464
"05318",Guarne,152.15569275800,,1,2138,“No es apropiada su aplicación para la ubicación exacta de puntos ni para el cálculo de áreas y distancias,Antioquia,152155692.5000000000,1729809.7870000000,150425882.6999999881,2300.75749204582
"27001",Quibdó,3508.65591872000,,1,32,“No es apropiada su aplicación para la ubicación exacta de puntos ni para el cálculo de áreas y distancias,Chocó,3508655918.0000000000,28828270.5700000003,3479827647.0000000000,398.637485586035
"68322",Guapotá,67.18362163100,,1,1475,“No es apropiada su aplicación para la ubicación exacta de puntos ni para el cálculo de áreas y distancias,Santander,67183621.6200000048,307069.5572000000,66876552.0600000024,1261.52622119769
"68211",Contratación,136.94941271300,Ordenanza No. 7 de 1962,1,1650,“No es apropiada su aplicación para la ubicación exacta de puntos ni para el cálculo de áreas y distancias,Santander,136949412.5000000000,960108.7058000000,135989303.6999999881,1779.93561005665
"68217",Coromoro,576.36242968900,,1,1510,“No es apropiada su aplicación para la ubicación exacta de puntos ni para el cálculo de áreas y distancias,Santander,576362429.6000000238,217732.2736000000,576144697.2999999523,2584.36685854749
"68397",La Paz,283.90908081400,,1,1950,“No es apropiada su aplicación para la ubicación exacta de puntos ni para el cálculo de áreas y distancias,Santander,283909080.8000000119,231475.2116000000,283677605.5000000000,1323.05938196027
"15753",Soatá,122.83095483500,,1,1960,“No es apropiada su aplicación para la ubicación exacta de puntos ni para el cálculo de áreas y distancias,Boyacá,122830954.7000000030,1240614.0370000000,121590340.5999999940,2364.08239108633
"68167",Charalá,418.46749108000,,1,1285,“No es apropiada su aplicación para la ubicación exacta de puntos ni para el cálculo de áreas y distancias,Santander,418467491.0000000000,1292026.9480000001,417175464.0000000000,1896.28645568101
"68498",Ocamonte,75.06879569540,,1,1430,“No es apropiada su aplicación para la ubicación exacta de puntos ni para el cálculo de áreas y distancias,Santander,75068795.6800000072,133325.9549000000,74935469.7199999988,1613.79716990554
"05674",San Vicente,230.39152057600,,1,2200,“No es apropiada su aplicación para la ubicación exacta de puntos ni para el cálculo de áreas y distancias,Antioquia,230391520.5000000000,995124.4836000000,229396396.0000000000,2200.85843346465
"05667",San Rafael,363.69313317500,,1,1011,“No es apropiada su aplicación para la ubicación exacta de puntos ni para el cálculo de áreas y distancias,Antioquia,363693133.1000000238,1325538.0800000001,362367595.0000000000,1235.70259422024
"68209",Confines,71.29356374070,,1,1600,“No es apropiada su aplicación para la ubicación exacta de puntos ni para el cálculo de áreas y distancias,Santander,71293563.7300000042,221353.5890000000,71072210.1400000006,1658.05095969286
"05044",Anzá,255.91052737200,,1,625,“No es apropiada su aplicación para la ubicación exacta de puntos ni para el cálculo de áreas y distancias,Antioquia,255910527.3000000119,224239.3514000000,255686287.9000000060,1472.57627135634
"05021",Alejandría,128.85643966800,,1,1750,“No es apropiada su aplicación para la ubicación exacta de puntos ni para el cálculo de áreas y distancias,Antioquia,128856439.5000000000,401902.2995000000,128454537.2000000030,1547.77451389579
"68524",Palmas Del Socorro,58.43772572700,,1,1190,“No es apropiada su aplicación para la ubicación exacta de puntos ni para el cálculo de áreas y distancias,Santander,58437725.7100000009,209393.8197000000,58228331.8900000006,1293.7206410259
"05240",Ebéjico,237.74737661300,,1,1250,“No es apropiada su aplicación para la ubicación exacta de puntos ni para el cálculo de áreas y distancias,Antioquia,237747376.5000000000,279534.8735000000,237467841.5999999940,1256.6942876791
"15244",El Cocuy,237.78957099900,,1,2700,“No es apropiada su aplicación para la ubicación exacta de puntos ni para el cálculo de áreas y distancias,Boyacá,237789570.9000000060,643785.6934000000,237145785.1999999881,3706.64451935345
"15097",Boavita,144.98587837300,,1,2161,“No es apropiada su aplicación para la ubicación exacta de puntos ni para el cálculo de áreas y distancias,Boyacá,144985878.3000000119,524217.8711000000,144461660.4000000060,2076.38188307229
"05206",Concepción,201.95259131300,,1,1900,“No es apropiada su aplicación para la ubicación exacta de puntos ni para el cálculo de áreas y distancias,Antioquia,201952591.3000000119,607899.7997000000,201344691.5000000000,2010.14452331569
"05142",Caracolí,262.58365696200,Ordenanza No. 19 de 1963,1,650,“No es apropiada su aplicación para la ubicación exacta de puntos ni para el cálculo de áreas y distancias,Antioquia,262583656.9000000060,321550.3883000000,262262106.5000000000,629.318350393089
"68176",Chima,172.92798669900,,1,1150,“No es apropiada su aplicación para la ubicación exacta de puntos ni para el cálculo de áreas y distancias,Santander,172927986.5000000000,230631.2047000000,172697355.1999999881,1746.02967840314
"15810",Tipacoque,71.79305065590,,1,1850,“No es apropiada su aplicación para la ubicación exacta de puntos ni para el cálculo de áreas y distancias,Boyacá,71793050.6500000060,462830.0383000000,71330220.6099999994,2057.37371893909
"68855",Valle De San José,80.96254986730,,1,1230,“No es apropiada su aplicación para la ubicación exacta de puntos ni para el cálculo de áreas y distancias,Santander,80962549.8400000036,413804.8411000000,80548744.9899999946,1567.27267921664
"15673",San Mateo,123.60233334300,,1,2221,“No es apropiada su aplicación para la ubicación exacta de puntos ni para el cálculo de áreas y distancias,Boyacá,123602333.2000000030,392587.5153000001,123209745.5999999940,2495.82931470167
"15317",Guacamayas,57.52173076600,,1,2195,“No es apropiada su aplicación para la ubicación exacta de puntos ni para el cálculo de áreas y distancias,Boyacá,57521730.7500000000,264014.5961000000,57257716.1499999985,2669.8850409992
"15522",Panqueba,39.62387661720,,1,2250,“No es apropiada su aplicación para la ubicación exacta de puntos ni para el cálculo de áreas y distancias,Boyacá,39623876.6000000015,228135.0025000000,39395741.5900000036,2774.00596715632
"68533",Páramo,72.84692079310,,1,1406,“No es apropiada su aplicación para la ubicación exacta de puntos ni para el cálculo de áreas y distancias,Santander,72846920.7900000066,202748.8798000000,72644171.9099999964,1561.69031034438
"05125",Caicedo,200.13033332000,Decreto No. 1303 de1908,1,800,“No es apropiada su aplicación para la ubicación exacta de puntos ni para el cálculo de áreas y distancias,Antioquia,200130333.3000000119,164124.7597000000,199966208.5000000000,2344.50347730805
"68720",Santa Helena Del Opón,373.26689294000,Decreto No. 2355 de 1975,1,1150,“No es apropiada su aplicación para la ubicación exacta de puntos ni para el cálculo de áreas y distancias,Santander,373266892.8000000119,190375.1089000000,373076517.6000000238,1040.32759662377
"68755",Socorro,127.59689377100,,1,1215,“No es apropiada su aplicación para la ubicación exacta de puntos ni para el cálculo de áreas y distancias,Santander,127596893.7000000030,4119817.3730000001,123477076.2999999970,1339.80185906468
"68502",Onzaga,488.21431644600,,1,1945,“No es apropiada su aplicación para la ubicación exacta de puntos ni para el cálculo de áreas y distancias,Santander,488214316.3000000715,384833.2665000001,487829483.0000000000,2704.36074338474
"15248",El Espino,69.24184310690,,1,2128,“No es apropiada su aplicación para la ubicación exacta de puntos ni para el cálculo de áreas y distancias,Boyacá,69241843.0900000036,300447.3059000000,68941395.7800000012,2795.46424638719
"05670",San Roque,424.52722915800,,1,1427,“No es apropiada su aplicación para la ubicación exacta de puntos ni para el cálculo de áreas y distancias,Antioquia,424527229.1000000238,668960.7888000000,423858268.3000000119,1127.22400406688
"68861",Vélez,446.98404065000,,1,2133,“No es apropiada su aplicación para la ubicación exacta de puntos ni para el cálculo de áreas y distancias,Santander,446984040.6000000238,2467285.2760000001,444516755.3000000119,1282.59402534031
"68549",Pinchote,55.45541427050,,1,1170,“No es apropiada su aplicación para la ubicación exacta de puntos ni para el cálculo de áreas y distancias,Santander,55455414.2700000033,322093.0780000000,55133321.1899999976,1436.04107644561
"05690",Santo Domingo,265.76738469500,,1,1950,“No es apropiada su aplicación para la ubicación exacta de puntos ni para el cálculo de áreas y distancias,Antioquia,265767384.5000000000,537285.9840000002,265230098.5000000000,1704.12285383062
"68385",Landázuri,589.37461785200,Ordenanza No. 10 de 1974,1,926,“No es apropiada su aplicación para la ubicación exacta de puntos ni para el cálculo de áreas y distancias,Santander,589374617.7000000477,571079.7748000000,588803537.8999999762,721.981271132249
"68522",Palmar,19.65973990480,,1,870,“No es apropiada su aplicación para la ubicación exacta de puntos ni para el cálculo de áreas y distancias,Santander,19659739.8900000006,216796.2972000000,19442943.5899999999,808.34005422242
"68682",San Joaquín,142.84073607900,,1,1974,“No es apropiada su aplicación para la ubicación exacta de puntos ni para el cálculo de áreas y distancias,Santander,142840736.0000000000,183314.0465000000,142657421.9000000060,2030.19497695696
"15218",Covarachía,102.08774770000,,1,2350,“No es apropiada su aplicación para la ubicación exacta de puntos ni para el cálculo de áreas y distancias,Boyacá,102087747.7000000030,102117.0234000000,101985630.5999999940,1685.13865401414
"05190",Cisneros,46.91492104520,Ordenanza No. 11 de 1923,1,1044,“No es apropiada su aplicación para la ubicación exacta de puntos ni para el cálculo de áreas y distancias,Antioquia,46914921.0300000012,1450321.3350000000,45464599.6899999976,1385.37956956048
"68425",Macaravita,102.68901574300,,1,2270,“No es apropiada su aplicación para la ubicación exacta de puntos ni para el cálculo de áreas y distancias,Santander,102689015.7000000030,80154.0188600000,102608861.5999999940,2476.66420249009
"68147",Capitanejo,85.22614944160,,1,1100,“No es apropiada su aplicación para la ubicación exacta de puntos ni para el cálculo de áreas y distancias,Santander,85226149.4300000072,2198066.4320000000,83028082.9899999946,1593.47662000666
"05847",Urrao,2563.84971941000,,1,2000,“No es apropiada su aplicación para la ubicación exacta de puntos ni para el cálculo de áreas y distancias,Antioquia,2563849719.0000000000,2343105.7820000001,2561506613.0000000000,1615.15713885284
"68686",San Miguel,71.05594367510,,1,1890,“No es apropiada su aplicación para la ubicación exacta de puntos ni para el cálculo de áreas y distancias,Santander,71055943.6700000018,237275.3722000000,70818668.2900000066,2295.46390570151
"81591",Puerto Rondón,2273.95745362000,Decreto No. 0677 de 1987,1,140,“No es apropiada su aplicación para la ubicación exacta de puntos ni para el cálculo de áreas y distancias,Arauca,2273957453.0000000000,2307951.2940000002,2271649501.0000000000,131.634704796314
"68121",Cabrera,65.45711848340,,1,1020,“No es apropiada su aplicación para la ubicación exacta de puntos ni para el cálculo de áreas y distancias,Santander,65457118.4600000009,343687.4541000000,65113431.0000000000,909.44544042858
"68344",Hato,168.72778998000,,1,1300,“No es apropiada su aplicación para la ubicación exacta de puntos ni para el cálculo de áreas y distancias,Santander,168727789.9000000060,436128.3969000000,168291661.5000000000,1976.67218720225
"05761",Sopetrán,219.03648514400,,1,660,“No es apropiada su aplicación para la ubicación exacta de puntos ni para el cálculo de áreas y distancias,Antioquia,219036485.0000000000,3953716.4980000001,215082768.5000000000,1254.48741962709
"68464",Mogotes,483.01315086500,,1,1682,“No es apropiada su aplicación para la ubicación exacta de puntos ni para el cálculo de áreas y distancias,Santander,483013150.8000000119,947008.6766000000,482066142.1000000238,1830.33750824525
"68679",San Gil,146.58026201600,,1,1117,“No es apropiada su aplicación para la ubicación exacta de puntos ni para el cálculo de áreas y distancias,Santander,146580262.0000000000,7672916.7670000000,138907345.1999999881,1488.63063271942
"05425",Maceo,455.28664720600,Ordenanza No. 60 de 1942,1,1100,“No es apropiada su aplicación para la ubicación exacta de puntos ni para el cálculo de áreas y distancias,Antioquia,455286647.1000000238,676987.2108000000,454609659.8000000119,803.617743553798
"05501",Olaya,86.97390426650,,1,400,“No es apropiada su aplicación para la ubicación exacta de puntos ni para el cálculo de áreas y distancias,Antioquia,86973904.2600000054,50806.6006200000,86923097.6500000060,1201.88180497258
"05042",Santa Fe De Antioquia,525.57181578500,,1,570,“No es apropiada su aplicación para la ubicación exacta de puntos ni para el cálculo de áreas y distancias,Antioquia,525571815.6000000238,3596276.4120000000,521975539.1000000238,1501.60087631666
"68229",Curití,243.74945365700,,1,1500,“No es apropiada su aplicación para la ubicación exacta de puntos ni para el cálculo de áreas y distancias,Santander,243749453.5000000000,786938.0971000000,242962515.4000000060,1665.26583842763
"68684",San José De Miranda,75.13294958420,,1,1979,“No es apropiada su aplicación para la ubicación exacta de puntos ni para el cálculo de áreas y distancias,Santander,75132949.5600000024,253333.3419000000,74879616.2099999934,1893.85266572508
"81794",Tame,5403.88160248000,Decreto No. 1243 de 1960,1,325,“No es apropiada su aplicación para la ubicación exacta de puntos ni para el cálculo de áreas y distancias,Arauca,5403881602.0000000000,9675907.0710000005,5394205694.0000000000,958.331460672832
"68266",Enciso,74.65455024930,,1,1570,“No es apropiada su aplicación para la ubicación exacta de puntos ni para el cálculo de áreas y distancias,Santander,74654550.2300000042,164535.0160000000,74490015.2099999934,2062.81088866355
"68468",Molagavita,180.09854331300,,1,2180,“No es apropiada su aplicación para la ubicación exacta de puntos ni para el cálculo de áreas y distancias,Santander,180098543.3000000119,217856.3748000000,179880686.9000000060,1956.91952445676
"68079",Barichara,137.02735975700,,1,1284,“No es apropiada su aplicación para la ubicación exacta de puntos ni para el cálculo de áreas y distancias,Santander,137027359.5000000000,1197695.6020000000,135829663.8000000119,1203.33708779493
"05306",Giraldo,93.49176506910,,1,1950,“No es apropiada su aplicación para la ubicación exacta de puntos ni para el cálculo de áreas y distancias,Antioquia,93491765.0600000024,503298.0822000000,92988466.9699999988,2095.04588104884
"68370",Jordán,39.82396332060,,1,300,“No es apropiada su aplicación para la ubicación exacta de puntos ni para el cálculo de áreas y distancias,Santander,39823963.3200000003,47643.9233900000,39776319.3900000006,969.969753304373
"05579",Puerto Berrío,1218.93162729000,,1,113,“No es apropiada su aplicación para la ubicación exacta de puntos ni para el cálculo de áreas y distancias,Antioquia,1218931627.0000000000,6135524.0650000004,1212796102.0000000000,306.37387843836
"68152",Carcasí,258.36871991800,,1,2080,“No es apropiada su aplicación para la ubicación exacta de puntos ni para el cálculo de áreas y distancias,Santander,258368719.9000000060,150379.3679000000,258218340.5000000000,3160.36006405532
"15332",Güicán De La Sierra,949.89977106400,,1,2880,“No es apropiada su aplicación para la ubicación exacta de puntos ni para el cálculo de áreas y distancias,Boyacá,949899771.0000001192,309076.5835000000,949590694.3999999762,3625.10236405828
"05004",Abriaquí,296.97419196000,Ordenanza No. 39 de 1912,1,1900,“No es apropiada su aplicación para la ubicación exacta de puntos ni para el cálculo de áreas y distancias,Antioquia,296974191.8000000119,156834.2238000000,296817357.5000000000,2373.3924334127
"68872",Villanueva,97.42699932020,Ordenanza No. 26 de 1966,1,1470,“No es apropiada su aplicación para la ubicación exacta de puntos ni para el cálculo de áreas y distancias,Santander,97426999.3100000024,1523299.8010000000,95903699.5000000000,1308.3923400051
"68190",Cimitarra,3170.54228611000,Ordenanza No. 025 de 1966,1,159,“No es apropiada su aplicación para la ubicación exacta de puntos ni para el cálculo de áreas y distancias,Santander,3170542286.0000000000,3491018.1120000002,3167051267.0000000000,155.908502186529
"68296",Galán,201.38080284900,,1,944,“No es apropiada su aplicación para la ubicación exacta de puntos ni para el cálculo de áreas y distancias,Santander,201380802.8000000119,257232.4351000000,201123570.3000000119,1583.98825038172
"68432",Málaga,57.07166107050,,1,2206,“No es apropiada su aplicación para la ubicación exacta de puntos ni para el cálculo de áreas y distancias,Santander,57071661.0700000003,2939461.3700000001,54132199.7000000030,2509.56661445243
"05885",Yalí,440.55524404400,Ordenanza No. 11 de 1959,1,1200,“No es apropiada su aplicación para la ubicación exacta de puntos ni para el cálculo de áreas y distancias,Antioquia,440555244.0000000000,561555.7215000000,439993688.1999999881,909.725087101519
"05411",Liborina,216.38676515400,,1,750,“No es apropiada su aplicación para la ubicación exacta de puntos ni para el cálculo de áreas y distancias,Antioquia,216386765.0000000000,337657.2511000000,216049107.6999999881,1719.83278276408
"68160",Cepitá,107.75164236400,,1,670,“No es apropiada su aplicación para la ubicación exacta de puntos ni para el cálculo de áreas y distancias,Santander,107751642.2000000030,120186.4411000000,107631455.7000000030,1519.34559762473
"68051",Aratoca,169.46175821200,,1,1764,“No es apropiada su aplicación para la ubicación exacta de puntos ni para el cálculo de áreas y distancias,Santander,169461758.0000000000,437564.0806000000,169024193.9000000060,1381.13760271033
"05150",Carolina,149.51422490500,,1,1800,“No es apropiada su aplicación para la ubicación exacta de puntos ni para el cálculo de áreas y distancias,Antioquia,149514224.9000000060,1540253.6180000000,147973971.1999999881,2017.15678593129
"27075",Bahía Solano,896.06565817800,Ordenanza No. 008 de 1962,1,34,“No es apropiada su aplicación para la ubicación exacta de puntos ni para el cálculo de áreas y distancias,Chocó,896065658.1000000238,1501168.0260000001,894564490.0000000000,263.552564602757
"68235",El Carmen,922.57030791200,Decreto No. 0703 de 1986,1,500,“No es apropiada su aplicación para la ubicación exacta de puntos ni para el cálculo de áreas y distancias,Santander,922570307.6999999285,275447.1562000001,922294860.5000000000,895.326258484723
"05890",Yolombó,943.39805813500,,1,1462,“No es apropiada su aplicación para la ubicación exacta de puntos ni para el cálculo de áreas y distancias,Antioquia,943398058.0999999046,2584456.8920000000,940813601.2000000477,1165.3438362503
"15180",Chiscas,657.28074577600,,1,2400,“No es apropiada su aplicación para la ubicación exacta de puntos ni para el cálculo de áreas y distancias,Boyacá,657280745.7000000477,187305.0404000000,657093440.6000000238,3409.20221771065
"05310",Gómez Plata,332.03088992400,Ordenanza No. 26 de 1903,1,1750,“No es apropiada su aplicación para la ubicación exacta de puntos ni para el cálculo de áreas y distancias,Antioquia,332030889.8000000119,1053674.1210000000,330977215.6000000238,1500.56757013768
"05873",Vigía Del Fuerte,1662.72991614000,Ordenanza No. 6 de 1983,1,7,“No es apropiada su aplicación para la ubicación exacta de puntos ni para el cálculo de áreas y distancias,Antioquia,1662729916.0000000000,655458.4661000000,1662074457.0000000000,155.061959703917
"81300",Fortul,1155.52525327000,Decreto No. 2926 de 1989,1,244,“No es apropiada su aplicación para la ubicación exacta de puntos ni para el cálculo de áreas y distancias,Arauca,1155525253.0000000000,2684212.9210000001,1152841040.0000000000,1083.42608487339
"27099",Bojayá,3633.17806513000,Ordenanza No. 013 de 1960,1,13,“No es apropiada su aplicación para la ubicación exacta de puntos ni para el cálculo de áreas y distancias,Chocó,3633178065.0000000000,309689.0288000000,3632868375.0000000000,202.894202339592
"68573",Puerto Parra,761.33382158600,Ordenanza No. 20 de 1980,1,100,“No es apropiada su aplicación para la ubicación exacta de puntos ni para el cálculo de áreas y distancias,Santander,761333821.5000000000,593376.1314000000,760740445.2999999523,124.693824929159
"05658",San José De La Montaña,126.04753658900,Ordenanza No. 2 de 1964,1,2550,“No es apropiada su aplicación para la ubicación exacta de puntos ni para el cálculo de áreas y distancias,Antioquia,126047536.5000000000,367756.2887000000,125679780.2000000030,2784.74997931346
"68207",Concepción,336.37615734600,,1,2005,“No es apropiada su aplicación para la ubicación exacta de puntos ni para el cálculo de áreas y distancias,Santander,336376157.3000000119,456371.4335000000,335919785.8000000119,3215.74222524806
"68418",Los Santos,289.58256508700,,1,1295,“No es apropiada su aplicación para la ubicación exacta de puntos ni para el cálculo de áreas y distancias,Santander,289582565.0000000000,417705.2869000000,289164859.6999999881,1210.73370314889
"68745",Simacota,903.35872211300,,1,1080,“No es apropiada su aplicación para la ubicación exacta de puntos ni para el cálculo de áreas y distancias,Santander,903358722.1000000238,382795.8880000000,902975926.2000000477,642.73511030088
"05284",Frontino,1384.45596340000,,1,1500,“No es apropiada su aplicación para la ubicación exacta de puntos ni para el cálculo de áreas y distancias,Antioquia,1384455963.0000000000,3078698.4500000002,1381377264.0000000000,1257.74643370609
"05315",Guadalupe,118.17417334900,Ordenanza No. 2 de 1964,1,1725,“No es apropiada su aplicación para la ubicación exacta de puntos ni para el cálculo de áreas y distancias,Antioquia,118174173.2000000030,409151.6777000000,117765021.5000000000,1549.51890303759
"68669",San Andrés,280.97616197700,,1,1607,“No es apropiada su aplicación para la ubicación exacta de puntos ni para el cálculo de áreas y distancias,Santander,280976161.8000000119,488311.7222000000,280487850.0000000000,2556.1618418837
"05038",Angostura,338.35447373400,,1,1675,“No es apropiada su aplicación para la ubicación exacta de puntos ni para el cálculo de áreas y distancias,Antioquia,338354473.6000000238,481920.6134000000,337872552.8999999762,2068.13190858476
"05113",Buriticá,355.19124234400,,1,1600,“No es apropiada su aplicación para la ubicación exacta de puntos ni para el cálculo de áreas y distancias,Antioquia,355191242.3000000119,170153.0460000000,355021089.1999999881,1658.2649043179
"05138",Cañasgordas,364.83860141900,,1,1298,“No es apropiada su aplicación para la ubicación exacta de puntos ni para el cálculo de áreas y distancias,Antioquia,364838601.3000000119,907747.8949000000,363930853.3999999762,1773.96690764545
"05858",Vegachí,540.29881964100,Ordenanza No. 9 de 1983,1,1000,“No es apropiada su aplicación para la ubicación exacta de puntos ni para el cálculo de áreas y distancias,Antioquia,540298819.6000000238,1076053.7840000000,539222765.7999999523,895.152959108951
"68895",Zapatoca,363.77435028300,,1,1707,“No es apropiada su aplicación para la ubicación exacta de puntos ni para el cálculo de áreas y distancias,Santander,363774350.1000000238,2576925.4950000001,361197424.6000000238,1344.53990403545
"05842",Uramita,265.93702083800,Ordenanza No. 43 de 1978,1,647,“No es apropiada su aplicación para la ubicación exacta de puntos ni para el cálculo de áreas y distancias,Antioquia,265937020.8000000119,306001.1251000000,265631019.5999999940,1390.75616109622
"05647",San Andrés de Cuerquia,206.82016464800,,1,1400,“No es apropiada su aplicación para la ubicación exacta de puntos ni para el cálculo de áreas y distancias,Antioquia,206820164.5000000000,748445.5665000000,206071718.9000000060,2185.73817619359
"05475",Murindó,1266.83987582000,,1,25,“No es apropiada su aplicación para la ubicación exacta de puntos ni para el cálculo de áreas y distancias,Antioquia,1266839875.0000000000,685116.2627000000,1266154758.0000000000,203.174298691721
"05628",Sabanalarga,265.72701219400,,1,850,“No es apropiada su aplicación para la ubicación exacta de puntos ni para el cálculo de áreas y distancias,Antioquia,265727012.0000000000,587001.6207000000,265140010.3000000119,1388.162537832
"05819",Toledo,134.41754239700,Ordenanza No. 33 de 1912,1,1850,“No es apropiada su aplicación para la ubicación exacta de puntos ni para el cálculo de áreas y distancias,Antioquia,134417542.3000000119,272835.1999000000,134144707.0999999940,1319.05672254857
"68547",Piedecuesta,483.79585049400,,1,1009,“No es apropiada su aplicación para la ubicación exacta de puntos ni para el cálculo de áreas y distancias,Santander,483795850.3000000715,11448522.0899999999,472347328.1000000238,1778.15008656754
"68276",Floridablanca,99.93336422540,,1,930,“No es apropiada su aplicación para la ubicación exacta de puntos ni para el cálculo de áreas y distancias,Santander,99933364.2000000030,17123759.1000000015,82809605.0900000036,1445.42099652325
"68689",San Vicente De Chucurí,1114.68359487000,,1,652,“No es apropiada su aplicación para la ubicación exacta de puntos ni para el cálculo de áreas y distancias,Santander,1114683594.0000000000,1855996.4180000001,1112827597.0000000000,575.30669392078
"68092",Betulia,430.51655971600,,1,1620,“No es apropiada su aplicación para la ubicación exacta de puntos ni para el cálculo de áreas y distancias,Santander,430516559.6000000238,479899.5264000000,430036660.0000000000,735.061502724659
"68307",Girón,491.57224660400,,1,703,“No es apropiada su aplicación para la ubicación exacta de puntos ni para el cálculo de áreas y distancias,Santander,491572246.6000000238,9967525.5230000000,481604721.0000000000,821.603310231204
"05134",Campamento,232.05911927700,,1,1725,“No es apropiada su aplicación para la ubicación exacta de puntos ni para el cálculo de áreas y distancias,Antioquia,232059119.0000000000,566915.9263000002,231492203.0000000000,1400.81247805181
"05543",Peque,434.03883133900,Ordenanza No. 13 de 1915,1,1200,“No es apropiada su aplicación para la ubicación exacta de puntos ni para el cálculo de áreas y distancias,Antioquia,434038831.3000000119,514763.9362000000,433524067.3000000119,2011.41272691774
"05887",Yarumal,712.32993568700,,1,2269,“No es apropiada su aplicación para la ubicación exacta de puntos ni para el cálculo de áreas y distancias,Antioquia,712329935.6000000238,2553446.9780000001,709776488.6000000238,2129.03284400639
"68081",Barrancabermeja,1324.66620590000,Ordenanza No. 13 de 1922,2,81,“No es apropiada su aplicación para la ubicación exacta de puntos ni para el cálculo de áreas y distancias,Santander,1324666205.0000000000,32781020.8500000015,1291885184.0000000000,95.8198530326802
"05107",Briceño,376.24010751600,Ordenanza No. 27 de 1980,1,1200,“No es apropiada su aplicación para la ubicación exacta de puntos ni para el cálculo de áreas y distancias,Antioquia,376240107.5000000000,499080.6007000000,375741026.8000000119,1289.21711782339
"68001",Bucaramanga,153.23482276500,,1,960,“No es apropiada su aplicación para la ubicación exacta de puntos ni para el cálculo de áreas y distancias,Santander,153234822.5000000000,55384475.4600000009,97850347.0300000012,1103.6919143289
"05604",Remedios,1964.99784597000,,1,728,“No es apropiada su aplicación para la ubicación exacta de puntos ni para el cálculo de áreas y distancias,Antioquia,1964997845.0000000000,3049846.0140000000,1961947998.0000002384,523.144202664108
"05893",Yondó,1892.95354185000,Ordenanza No. 38 de 1978,1,100,“No es apropiada su aplicación para la ubicación exacta de puntos ni para el cálculo de áreas y distancias,Antioquia,1892953541.0000000000,3018483.5610000002,1889935057.0000000000,102.874187808642
"05031",Amalfi,1208.34621589000,,1,1500,“No es apropiada su aplicación para la ubicación exacta de puntos ni para el cálculo de áreas y distancias,Antioquia,1208346215.0000000000,1661721.2050000001,1206684493.0000000000,1094.71360259914
"68169",Charta,126.45830047200,,1,2000,“No es apropiada su aplicación para la ubicación exacta de puntos ni para el cálculo de áreas y distancias,Santander,126458300.4000000060,244037.8606000000,126214262.5000000000,2199.17646244258
"54125",Cácota,138.62005654700,,1,2400,“No es apropiada su aplicación para la ubicación exacta de puntos ni para el cálculo de áreas y distancias,Norte de Santander,138620056.5000000000,276896.4731000000,138343160.0000000000,2756.53970249998
"54480",Mutiscua,158.50838615200,,1,2600,“No es apropiada su aplicación para la ubicación exacta de puntos ni para el cálculo de áreas y distancias,Norte de Santander,158508386.0000000000,167138.0752000000,158341247.9000000060,3183.56943663556
"68867",Vetas,92.23515737050,Ordenanza No. 37 de 1978,1,3350,“No es apropiada su aplicación para la ubicación exacta de puntos ni para el cálculo de áreas y distancias,Santander,92235157.3700000048,188136.4046000000,92047020.9599999934,3468.56359220452
"68132",California,44.92357983750,,1,2000,“No es apropiada su aplicación para la ubicación exacta de puntos ni para el cálculo de áreas y distancias,Santander,44923579.8200000003,142385.0205000000,44781194.7899999991,2718.53011211961
"54377",Labateca,255.46142914000,,1,1534,“No es apropiada su aplicación para la ubicación exacta de puntos ni para el cálculo de áreas y distancias,Norte de Santander,255461429.0000000000,254788.5729000000,255206640.4000000060,2284.77448677542
"68406",Lebrija,549.46776773600,,1,1013,“No es apropiada su aplicación para la ubicación exacta de puntos ni para el cálculo de áreas y distancias,Santander,549467767.7000000477,2913640.1940000001,546554127.5000000000,685.38951494614
"13160",Cantagallo,879.58754817000,Ordenanza No. 30 de 1994,1,64,“No es apropiada su aplicación para la ubicación exacta de puntos ni para el cálculo de áreas y distancias,Bolívar,879587548.1000000238,1154953.1220000000,878432594.8999999762,261.808695102936
"05854",Valdivia,567.48166159600,,1,1064,“No es apropiada su aplicación para la ubicación exacta de puntos ni para el cálculo de áreas y distancias,Antioquia,567481661.5000000000,426148.0050000000,567055513.3999999762,866.546979156661
"05040",Anorí,1412.95737086000,,1,1550,“No es apropiada su aplicación para la ubicación exacta de puntos ni para el cálculo de áreas y distancias,Antioquia,1412957370.0000000000,1297711.7130000000,1411659658.0000000000,926.208693015194
"68444",Matanza,235.29742138100,,1,1580,“No es apropiada su aplicación para la ubicación exacta de puntos ni para el cálculo de áreas y distancias,Santander,235297421.3000000119,298684.1808000000,234998737.0999999940,1954.54602059563
"54518",Pamplona,297.65003053900,,1,2288,“No es apropiada su aplicación para la ubicación exacta de puntos ni para el cálculo de áreas y distancias,Norte de Santander,297650030.5000000000,5259752.3150000004,292390278.1000000238,2623.24897842861
"05736",Segovia,1132.80940287000,,1,681,“No es apropiada su aplicación para la ubicación exacta de puntos ni para el cálculo de áreas y distancias,Antioquia,1132809402.0000000000,3825211.9670000002,1128984190.0000000000,529.773446494589
"54520",Pamplonita,170.54166127700,,1,1700,“No es apropiada su aplicación para la ubicación exacta de puntos ni para el cálculo de áreas y distancias,Norte de Santander,170541661.0000000000,445254.4807000000,170096406.5000000000,2017.30967133683
"05361",Ituango,2840.92641740000,,1,1750,“No es apropiada su aplicación para la ubicación exacta de puntos ni para el cálculo de áreas y distancias,Antioquia,2840926417.0000000000,936626.2312000000,2839989790.0000000000,1481.31299838429
"68780",Suratá,362.29847178800,,1,1740,“No es apropiada su aplicación para la ubicación exacta de puntos ni para el cálculo de áreas y distancias,Santander,362298471.6000000238,201576.0305000000,362096895.5000000000,2558.14225988319
"68255",El Playón,454.15314600500,Decreto No.3515 de 1984,1,445,“No es apropiada su aplicación para la ubicación exacta de puntos ni para el cálculo de áreas y distancias,Santander,454153146.0000000000,584862.9408000000,453568283.0000000000,1164.15315730065
"54223",Cucutilla,374.13064732500,,1,1300,“No es apropiada su aplicación para la ubicación exacta de puntos ni para el cálculo de áreas y distancias,Norte de Santander,374130647.3000000119,319293.0661000000,373811354.1999999881,2346.08035752289
"68655",Sabana De Torres,1426.70872276000,Ordenanza No. 16 de 1973,1,135,“No es apropiada su aplicación para la ubicación exacta de puntos ni para el cálculo de áreas y distancias,Santander,1426708722.0000000000,5589463.4330000002,1421119258.0000000000,115.407492523652
"54172",Chinácota,165.89175982300,,1,1230,“No es apropiada su aplicación para la ubicación exacta de puntos ni para el cálculo de áreas y distancias,Norte de Santander,165891759.8000000119,4169891.7990000001,161721868.0000000000,1639.58913190776
"13670",San Pablo,2018.55750048000,Ordenanza No. 02 de 1968,1,75,“No es apropiada su aplicación para la ubicación exacta de puntos ni para el cálculo de áreas y distancias,Bolívar,2018557500.0000000000,2543367.6600000001,2016014132.0000000000,451.099176451136
"05895",Zaragoza,1166.73534616000,,1,67,“No es apropiada su aplicación para la ubicación exacta de puntos ni para el cálculo de áreas y distancias,Antioquia,1166735346.0000000000,1768643.3210000000,1164966702.0000000000,162.474601525536
"54051",Arboledas,455.21921246600,,1,920,“No es apropiada su aplicación para la ubicación exacta de puntos ni para el cálculo de áreas y distancias,Norte de Santander,455219212.3000000119,369615.6558000000,454849596.6000000238,2177.31717121193
"05790",Tarazá,1148.69450836000,Ordenanza No. 41 de 1978,1,97,“No es apropiada su aplicación para la ubicación exacta de puntos ni para el cálculo de áreas y distancias,Antioquia,1148694508.0000000000,1899363.4660000000,1146795144.0000000000,497.102882286702
"54099",Bochalema,169.96362801200,,1,1058,“No es apropiada su aplicación para la ubicación exacta de puntos ni para el cálculo de áreas y distancias,Norte de Santander,169963628.0000000000,710255.8696000000,169253372.0999999940,1521.56847396858
"05172",Chigorodó,721.98166706200,Ordenanza No. 52 de 1915,1,31,“No es apropiada su aplicación para la ubicación exacta de puntos ni para el cálculo de áreas y distancias,Antioquia,721981667.0000000000,3934803.3190000001,718046863.6000000238,160.425850181781
"54239",Durania,174.57788162900,Ordenanza No. 12 de 1911,1,950,“No es apropiada su aplicación para la ubicación exacta de puntos ni para el cálculo de áreas y distancias,Norte de Santander,174577881.5000000000,470439.2437000000,174107442.1999999881,972.992600129126
"54128",Cáchira,614.67165625700,,1,2020,“No es apropiada su aplicación para la ubicación exacta de puntos ni para el cálculo de áreas y distancias,Norte de Santander,614671656.2000000477,208819.9474000000,614462836.2000000477,1825.56667748885
"54405",Los Patios,126.14392196500,Ordenanza No. 13 de 1985,1,403,“No es apropiada su aplicación para la ubicación exacta de puntos ni para el cálculo de áreas y distancias,Norte de Santander,126143921.9000000060,10527460.1300000008,115616461.7000000030,809.825578623681
"05147",Carepa,387.43533412600,Ordenanza No. 7 de 1983,1,34,“No es apropiada su aplicación para la ubicación exacta de puntos ni para el cálculo de áreas y distancias,Antioquia,387435334.1000000238,2725279.5830000001,384710054.5000000000,157.103617053692
"54660",Salazar,492.90551091500,,1,850,“No es apropiada su aplicación para la ubicación exacta de puntos ni para el cálculo de áreas y distancias,Norte de Santander,492905510.8000000119,964244.9796000000,491941265.8000000119,1846.14358296793
"54673",San Cayetano,138.97553902200,,1,240,“No es apropiada su aplicación para la ubicación exacta de puntos ni para el cálculo de áreas y distancias,Norte de Santander,138975539.0000000000,1715570.6080000000,137259968.3000000119,542.443773539347
"23682",San José De Uré,525.45901805200,Ordenanza No. 11 de 2007,1,96,“No es apropiada su aplicación para la ubicación exacta de puntos ni para el cálculo de áreas y distancias,Córdoba,525459018.0000000000,722630.8565000000,524736387.1000000238,287.135488070464
"05120",Cáceres,1872.69675959000,,1,114,“No es apropiada su aplicación para la ubicación exacta de puntos ni para el cálculo de áreas y distancias,Antioquia,1872696759.0000000000,1655243.9020000000,1871041515.0000000000,198.401417818809
"54680",Santiago,172.17061647000,,1,411,“No es apropiada su aplicación para la ubicación exacta de puntos ni para el cálculo de áreas y distancias,Norte de Santander,172170616.4000000060,246569.7177000000,171924046.5999999940,774.051058218824
"05250",El Bagre,1558.62054923000,Ordenanza No. 22 de 1979,1,50,“No es apropiada su aplicación para la ubicación exacta de puntos ni para el cálculo de áreas y distancias,Antioquia,1558620549.0000000000,11027210.8499999996,1547593338.0000000000,323.267005538688
"54313",Gramalote,148.71499803600,,1,1047,“No es apropiada su aplicación para la ubicación exacta de puntos ni para el cálculo de áreas y distancias,Norte de Santander,148714998.0000000000,837241.6222000000,147877756.3000000119,1582.22869864374
"54418",Lourdes,86.41008330150,Ordenanza No. 44 de 1925,1,1411,“No es apropiada su aplicación para la ubicación exacta de puntos ni para el cálculo de áreas y distancias,Norte de Santander,86410083.2900000066,210623.9205000000,86199459.3599999994,1547.50257703329
"23580",Puerto Libertador,1647.24756414000,Ordenanza No. 6 de 1980,1,90,“No es apropiada su aplicación para la ubicación exacta de puntos ni para el cálculo de áreas y distancias,Córdoba,1647247564.0000000000,2429241.5660000001,1644818322.0000000000,430.146347442522
"05045",Apartadó,535.36472256800,Ordenanza No. 7 de 1967,1,28,“No es apropiada su aplicación para la ubicación exacta de puntos ni para el cálculo de áreas y distancias,Antioquia,535364722.4999999404,6750453.0820000004,528614269.3999999762,286.934208604882
"54871",Villa Caro,400.27398820300,Ordenanza No. 09 de 1948,1,1600,“No es apropiada su aplicación para la ubicación exacta de puntos ni para el cálculo de áreas y distancias,Norte de Santander,400273988.1000000238,439042.2527000000,399834945.8000000119,2372.94899097168
"05154",Caucasia,1428.23932093000,,1,51,“No es apropiada su aplicación para la ubicación exacta de puntos ni para el cálculo de áreas y distancias,Antioquia,1428239320.0000000000,17148978.0700000003,1411090341.0000000000,70.6218922282346
"68575",Puerto Wilches,1480.48890653000,,1,65,“No es apropiada su aplicación para la ubicación exacta de puntos ni para el cálculo de áreas y distancias,Santander,1480488906.0000000000,2574268.9980000001,1477914637.0000000000,68.8241301291556
"23350",La Apartada,286.89539702700,Ordenanza No. 07 de 1997,1,40,“No es apropiada su aplicación para la ubicación exacta de puntos ni para el cálculo de áreas y distancias,Córdoba,286895397.0000000000,1037776.3530000000,285857620.6000000238,56.34311257754
"13688",Santa Rosa Del Sur,2380.12020930000,Ordenanza No. 21 de 1984,1,600,“No es apropiada su aplicación para la ubicación exacta de puntos ni para el cálculo de áreas y distancias,Bolívar,2380120209.0000000000,2877254.9700000002,2377242954.0000000000,965.066105895248
"13744",Simití,1352.83547658000,,1,25,“No es apropiada su aplicación para la ubicación exacta de puntos ni para el cálculo de áreas y distancias,Bolívar,1352835476.0000000000,1467098.7870000000,1351368377.0000000000,240.530434463348
"23466",Montelíbano,1550.83896207000,Decreto No. 810 de 1954,1,39,“No es apropiada su aplicación para la ubicación exacta de puntos ni para el cálculo de áreas y distancias,Córdoba,1550838962.0000000000,11078064.7300000004,1539760897.0000000000,223.261222950178
"54109",Bucarasica,270.25103599800,,1,1100,“No es apropiada su aplicación para la ubicación exacta de puntos ni para el cálculo de áreas y distancias,Norte de Santander,270251035.8000000119,131323.1477000000,270119712.6000000238,1732.98855002868
"05495",Nechí,936.58107899400,Ordenanza No. 1 de 1981,1,35,“No es apropiada su aplicación para la ubicación exacta de puntos ni para el cálculo de áreas y distancias,Antioquia,936581078.7000000477,1596835.5740000000,934984243.1000000238,101.194582319902
"54261",El Zulia,504.24625119900,Ordenanza No. 04 de 1959,1,204,“No es apropiada su aplicación para la ubicación exacta de puntos ni para el cálculo de áreas y distancias,Norte de Santander,504246251.1000000238,1932416.0100000000,502313835.0000000000,470.542532859339
"23807",Tierralta,4938.33118658000,Ordenanza No. 63 de 1948,1,51,“No es apropiada su aplicación para la ubicación exacta de puntos ni para el cálculo de áreas y distancias,Córdoba,4938331186.0000000000,8059787.1900000004,4930271398.0000000000,395.389110817537
"20614",Río De Oro,517.75932253200,,1,1165,“No es apropiada su aplicación para la ubicación exacta de puntos ni para el cálculo de áreas y distancias,Cesar,517759322.4999999404,1296912.1610000001,516462410.3000000715,521.64236776383
"54398",La Playa,241.77236676100,,1,1500,“No es apropiada su aplicación para la ubicación exacta de puntos ni para el cálculo de áreas y distancias,Norte de Santander,241772366.5000000000,369573.6055000000,241402792.8000000119,1584.14795902595
"23079",Buenavista,834.58344041700,Ordenanza No. 10 de 1969,1,56,“No es apropiada su aplicación para la ubicación exacta de puntos ni para el cálculo de áreas y distancias,Córdoba,834583440.2000000477,2037076.8890000000,832546363.2999999523,50.3483960294516
"23855",Valencia,919.22065717100,Ordenanza No. 29 de 1959,1,55,“No es apropiada su aplicación para la ubicación exacta de puntos ni para el cálculo de áreas y distancias,Córdoba,919220657.1000000238,7420207.7500000000,911800449.2999999523,146.986033539516
"13655",San Jacinto Del Cauca,569.45673457900,Ordenanza No. 13 de 1997,1,25,“No es apropiada su aplicación para la ubicación exacta de puntos ni para el cálculo de áreas y distancias,Bolívar,569456734.5000000000,373965.0049000000,569082769.3999999762,48.778024485664
"13458",Montecristo,2090.71746623000,Ordenanza No. 30 de 1994,1,50,“No es apropiada su aplicación para la ubicación exacta de puntos ni para el cálculo de áreas y distancias,Bolívar,2090717465.9999997616,389374.4974000000,2090328091.0000000000,513.372338824755
"20310",González,72.57410030300,,1,1300,“No es apropiada su aplicación para la ubicación exacta de puntos ni para el cálculo de áreas y distancias,Cesar,72574100.2900000066,321090.2963000000,72253009.9899999946,1380.09117463578
"13473",Morales,1345.74855158000,,1,41,“No es apropiada su aplicación para la ubicación exacta de puntos ni para el cálculo de áreas y distancias,Bolívar,1345748551.0000000000,926323.7707000000,1344822227.0000000000,465.424535721583
"13042",Arenal,461.36296980100,Ordenanza No. 18 de 1996,1,50,“No es apropiada su aplicación para la ubicación exacta de puntos ni para el cálculo de áreas y distancias,Bolívar,461362969.8000000119,655065.0951000000,460707904.6999999881,566.841717642567
"20295",Gamarra,326.42655470800,Ordenanza No. 15 de 1929,1,43,“No es apropiada su aplicación para la ubicación exacta de puntos ni para el cálculo de áreas y distancias,Cesar,326426554.6000000238,1865737.5070000000,324560817.0000000000,58.7466036433631
"54344",Hacarí,418.21019391300,,1,1000,“No es apropiada su aplicación para la ubicación exacta de puntos ni para el cálculo de áreas y distancias,Norte de Santander,418210193.8000000119,153219.1357000000,418056974.6000000238,1143.89357235015
"20011",Aguachica,876.31769060400,,1,152,“No es apropiada su aplicación para la ubicación exacta de puntos ni para el cálculo de áreas y distancias,Cesar,876317690.6000000238,11535868.1300000008,864781822.3999999762,297.466058279962
"70265",Guaranda,361.39744511400,Ordenanza No. 02 de 1984,1,25,“No es apropiada su aplicación para la ubicación exacta de puntos ni para el cálculo de áreas y distancias,Sucre,361397445.1000000238,1041218.1690000000,360356226.8999999762,26.1222246464292
"54720",Sardinata,1464.66497222000,,1,300,“No es apropiada su aplicación para la ubicación exacta de puntos ni para el cálculo de áreas y distancias,Norte de Santander,1464664972.0000000000,1122575.4410000001,1463542396.0000000000,624.861287266353
"23068",Ayapel,1963.72979464000,,1,26,“No es apropiada su aplicación para la ubicación exacta de puntos ni para el cálculo de áreas y distancias,Córdoba,1963729793.9999997616,14166152.7500000000,1949563641.0000000000,37.1468136965943
"23555",Planeta Rica,1140.09893388000,Decreto No. 811 de 1954,1,87,“No es apropiada su aplicación para la ubicación exacta de puntos ni para el cálculo de áreas y distancias,Córdoba,1140098933.0000000000,4483412.2450000001,1135615520.0000000000,84.6375680741196
"54670",San Calixto,397.28757348900,,1,1650,“No es apropiada su aplicación para la ubicación exacta de puntos ni para el cálculo de áreas y distancias,Norte de Santander,397287573.3000000119,460656.2835000000,396826917.0000000000,1120.26120805416
"05665",San Pedro De Urabá,602.65121750000,Ordenanza No. 22 de 1977,1,434,“No es apropiada su aplicación para la ubicación exacta de puntos ni para el cálculo de áreas y distancias,Antioquia,602651217.5000000000,3338129.3190000001,599313088.1000000238,147.531196395444
"13490",Norosí,415.85261748500,Decreto No. 0699 de 2007,1,50,“No es apropiada su aplicación para la ubicación exacta de puntos ni para el cálculo de áreas y distancias,Bolívar,415852617.3000000119,295833.8039000000,415556783.3999999762,269.424784321819
"23570",Pueblo Nuevo,848.95155683900,Ordenanza No. 4 de 1957,1,120,“No es apropiada su aplicación para la ubicación exacta de puntos ni para el cálculo de áreas y distancias,Córdoba,848951556.7000000477,2048693.9080000001,846902862.7000000477,72.3499696014152
"13810",Tiquisio,761.96262239900,Ordenanza No. 30 de 1994,1,25,“No es apropiada su aplicación para la ubicación exacta de puntos ni para el cálculo de áreas y distancias,Bolívar,761962622.2000000477,667335.2439000000,761295286.8999999762,168.645814353552
"13600",Rioviejo,844.25962604300,Ordenanza No. 10 de 1982,1,10,“No es apropiada su aplicación para la ubicación exacta de puntos ni para el cálculo de áreas y distancias,Bolívar,844259626.0000000000,699743.6328000000,843559882.2999999523,202.890532822037
"05490",Necoclí,1256.11451340000,Ordenanza No. 23 de 1977,1,6,“No es apropiada su aplicación para la ubicación exacta de puntos ni para el cálculo de áreas y distancias,Antioquia,1256114513.0000000000,2836991.5920000002,1253277521.0000000000,65.7829541503468
"70708",San Marcos,969.79218571800,,1,20,“No es apropiada su aplicación para la ubicación exacta de puntos ni para el cálculo de áreas y distancias,Sucre,969792185.6999999285,7137337.8190000001,962654847.7999999523,31.5462162127884
"70429",Majagual,844.58564862800,,1,22,“No es apropiada su aplicación para la ubicación exacta de puntos ni para el cálculo de áreas y distancias,Sucre,844585648.6000000238,1408706.3400000001,843176942.2000000477,22.0056097770923
"20383",La Gloria,801.57807923500,,1,35,“No es apropiada su aplicación para la ubicación exacta de puntos ni para el cálculo de áreas y distancias,Cesar,801578079.2000000477,1027297.8630000000,800550781.2999999523,236.529311608639
"05659",San Juan De Urabá,252.02597949800,Ordenanza No. 58 de 1986,1,7,“No es apropiada su aplicación para la ubicación exacta de puntos ni para el cálculo de áreas y distancias,Antioquia,252025979.4000000060,1094126.2130000000,250931853.0999999940,57.7036603913149
"13580",Regidor,183.24156720700,Ordenanza No. 40 de 1995,1,10,“No es apropiada su aplicación para la ubicación exacta de puntos ni para el cálculo de áreas y distancias,Bolívar,183241567.0000000000,687600.7570000000,182553966.1999999881,33.8615693260187
"13030",Altos Del Rosario,303.39090837300,Ordenanza No. 30 de 1994,1,33,“No es apropiada su aplicación para la ubicación exacta de puntos ni para el cálculo de áreas y distancias,Bolívar,303390908.3000000119,792761.4404000000,302598146.8000000119,59.559330388999
"13006",Achí,950.75656581500,,1,24,“No es apropiada su aplicación para la ubicación exacta de puntos ni para el cálculo de áreas y distancias,Bolívar,950756565.6999999285,669843.9734000000,950086721.6999999285,30.7657590473315
"23090",Canalete,420.08897124500,Ordenanza No. 28 de 1978,1,50,“No es apropiada su aplicación para la ubicación exacta de puntos ni para el cálculo de áreas y distancias,Córdoba,420088971.1000000238,716157.3808000000,419372813.6999999881,117.757846304769
"23678",San Carlos,446.43970663600,,1,12,“No es apropiada su aplicación para la ubicación exacta de puntos ni para el cálculo de áreas y distancias,Córdoba,446439706.6000000238,1160007.5340000000,445279699.0000000000,64.5458809496388
"54250",El Tarra,702.74404750000,Ordenanza No. 04 de 1990,1,150,“No es apropiada su aplicación para la ubicación exacta de puntos ni para el cálculo de áreas y distancias,Norte de Santander,702744047.2000000477,1277508.0480000000,701466539.1000000238,481.819311963002
"05051",Arboletes,754.39450586500,Decreto No. 340 de 1958,1,6,“No es apropiada su aplicación para la ubicación exacta de puntos ni para el cálculo de áreas y distancias,Antioquia,754394505.7000000477,1543955.9890000001,752850549.7000000477,93.8315553330686
"20550",Pelaya,422.73952237300,Ordenanza No. 006 de 1980,1,70,“No es apropiada su aplicación para la ubicación exacta de puntos ni para el cálculo de áreas y distancias,Cesar,422739522.3000000119,2650401.6590000000,420089120.6000000238,267.419944770226
"70400",La Unión,232.19007820600,Ordenanza No. 19 de 1968,1,80,“No es apropiada su aplicación para la ubicación exacta de puntos ni para el cálculo de áreas y distancias,Sucre,232190078.0000000000,7427929.7160000000,224762148.1999999881,59.3857484024593
"70124",Caimito,412.22408664800,,1,20,“No es apropiada su aplicación para la ubicación exacta de puntos ni para el cálculo de áreas y distancias,Sucre,412224086.6000000238,1004590.6120000000,411219495.8999999762,26.314848723463
"23419",Los Córdobas,366.12672556700,Ordenanza No. 6 de 1963,1,7,“No es apropiada su aplicación para la ubicación exacta de puntos ni para el cálculo de áreas y distancias,Córdoba,366126725.5000000000,857552.8530000000,365269172.6000000238,77.8555794267424
"13074",Barranco De Loba,430.20967930700,,1,25,“No es apropiada su aplicación para la ubicación exacta de puntos ni para el cálculo de áreas y distancias,Bolívar,430209679.3000000119,2223716.6990000000,427985962.6000000238,77.4024270579659
"23001",Montería,3137.34686502000,Ordenanza No. 42 de 1923,1,17,“No es apropiada su aplicación para la ubicación exacta de puntos ni para el cálculo de áreas y distancias,Córdoba,3137346865.0000000000,44162125.8900000006,3093184739.0000000000,59.845800068997
"13667",San Martín De Loba,449.54598213500,,1,27,“No es apropiada su aplicación para la ubicación exacta de puntos ni para el cálculo de áreas y distancias,Bolívar,449545982.1000000238,1200619.9010000001,448345362.1000000238,111.860694786566
"23162",Cereté,290.44660766200,,1,12,“No es apropiada su aplicación para la ubicación exacta de puntos ni para el cálculo de áreas y distancias,Córdoba,290446607.6000000238,19545013.3200000003,270901594.1999999881,23.8768332804552
"13268",El Peñón,318.55216771800,Ordenanza No. 42 de 1995,1,25,“No es apropiada su aplicación para la ubicación exacta de puntos ni para el cálculo de áreas y distancias,Bolívar,318552167.6000000238,295016.2804000000,318257151.3000000119,31.3501422795704
"23660",Sahagún,964.36619125000,,1,83,“No es apropiada su aplicación para la ubicación exacta de puntos ni para el cálculo de áreas y distancias,Córdoba,964366191.2000000477,12046031.2500000000,952320159.9000000954,88.6960617594806
"13300",Hatillo De Loba,194.02398014000,Ordenanza No. 30 de 1994,1,26,“No es apropiada su aplicación para la ubicación exacta de puntos ni para el cálculo de áreas y distancias,Bolívar,194023980.0000000000,991047.8687000000,193032932.0999999940,25.1174116882859
"70771",Sucre,1130.33009731000,,1,19,“No es apropiada su aplicación para la ubicación exacta de puntos ni para el cálculo de áreas y distancias,Sucre,1130330097.0000000000,1257029.0190000001,1129073067.0000000000,17.5254537877096
"23189",Ciénaga De Oro,641.06945143800,,1,13,“No es apropiada su aplicación para la ubicación exacta de puntos ni para el cálculo de áreas y distancias,Córdoba,641069451.2000000477,3233829.7310000001,637835621.3999999762,62.1424060804313
"20787",Tamalameque,512.47036389000,,1,32,“No es apropiada su aplicación para la ubicación exacta de puntos ni para el cálculo de áreas y distancias,Cesar,512470363.8000000119,1949112.3880000000,510521251.3999999762,35.874981597444
"20517",Pailitas,530.90962513300,Ordenanza No. 21 Bis de 1963,1,75,“No es apropiada su aplicación para la ubicación exacta de puntos ni para el cálculo de áreas y distancias,Cesar,530909625.1000000238,2137728.7000000002,528771896.3000000715,532.129109881163
"13549",Pinillos,774.81728695300,,1,20,“No es apropiada su aplicación para la ubicación exacta de puntos ni para el cálculo de áreas y distancias,Bolívar,774817286.7000000477,805150.3377000000,774012136.2999999523,19.7467927115497
"23686",San Pelayo,445.58548524000,,1,9,“No es apropiada su aplicación para la ubicación exacta de puntos ni para el cálculo de áreas y distancias,Córdoba,445585485.1000000238,3772293.3020000001,441813191.6999999881,38.2107470609773
"70678",San Benito Abad,1493.13820738000,,1,22,“No es apropiada su aplicación para la ubicación exacta de puntos ni para el cálculo de áreas y distancias,Sucre,1493138207.0000000000,2307470.8990000002,1490830736.0000000000,21.8016568864987
"23574",Puerto Escondido,411.17702838500,Ordenanza No. 11 de 1961,1,9,“No es apropiada su aplicación para la ubicación exacta de puntos ni para el cálculo de áreas y distancias,Córdoba,411177028.3000000119,2678462.8670000001,408498565.3999999762,51.3525888603959
"70233",El Roble,198.36216572100,Decreto No. 356 de 1998,1,100,“No es apropiada su aplicación para la ubicación exacta de puntos ni para el cálculo de áreas y distancias,Sucre,198362165.5000000000,1346160.6120000000,197016004.8000000119,65.7674139416549
"23182",Chinú,625.99868218000,,1,122,“No es apropiada su aplicación para la ubicación exacta de puntos ni para el cálculo de áreas y distancias,Córdoba,625998682.1000000238,3610379.9500000002,622388302.1000000238,73.9535204882679
"13440",Margarita,292.62005973000,,1,25,“No es apropiada su aplicación para la ubicación exacta de puntos ni para el cálculo de áreas y distancias,Bolívar,292620059.6000000238,3104487.7340000002,289515571.8000000119,22.0588488926776
"70235",Galeras,321.63589692700,Ordenanza No. 04 de 1968,1,55,“No es apropiada su aplicación para la ubicación exacta de puntos ni para el cálculo de áreas y distancias,Sucre,321635896.8000000119,2067106.5120000001,319568790.1999999881,51.4373876042926
"13650",San Fernando,317.77725939600,,1,25,“No es apropiada su aplicación para la ubicación exacta de puntos ni para el cálculo de áreas y distancias,Bolívar,317777259.3000000119,1786369.5740000000,315990889.6999999881,19.6102313838461
"23168",Chima,324.05822486800,,1,4,“No es apropiada su aplicación para la ubicación exacta de puntos ni para el cálculo de áreas y distancias,Córdoba,324058224.8000000119,642161.4129000000,323416063.3000000119,9.38579477861466
"70670",Sampués,214.00899688100,,1,160,“No es apropiada su aplicación para la ubicación exacta de puntos ni para el cálculo de áreas y distancias,Sucre,214008996.8000000119,2812967.2650000001,211196029.5000000000,119.339771796155
"23670",San Andrés De Sotavento,206.74384582500,,1,117,“No es apropiada su aplicación para la ubicación exacta de puntos ni para el cálculo de áreas y distancias,Córdoba,206743845.8000000119,1428393.4730000000,205315452.3000000119,66.1370215165931
"13468",Mompós,651.57663737800,Ley 1875 de 2017,2,20,“No es apropiada su aplicación para la ubicación exacta de puntos ni para el cálculo de áreas y distancias,Bolívar,651576637.2000000477,4659574.0480000004,646917063.1000000238,16.7991100129982
"23815",Tuchín,106.52481749200,Ordenanza No. 09 de 2007,1,45,“No es apropiada su aplicación para la ubicación exacta de puntos ni para el cálculo de áreas y distancias,Córdoba,106524817.4000000060,1118337.8670000001,105406479.5000000000,71.2350454890451
"13188",Cicuco,132.01644735300,Ordenanza No. 30 de 1994,1,20,“No es apropiada su aplicación para la ubicación exacta de puntos ni para el cálculo de áreas y distancias,Bolívar,132016447.2000000030,1985189.4770000000,130031257.7000000030,15.6116510863019
"23500",Moñitos,203.41361339100,Ordenanza No. 002 de 1978,1,3,“No es apropiada su aplicación para la ubicación exacta de puntos ni para el cálculo de áreas y distancias,Córdoba,203413613.3000000119,1364926.5090000001,202048686.6999999881,52.3310975615519
"47245",El Banco,814.04520563900,,1,35,“No es apropiada su aplicación para la ubicación exacta de puntos ni para el cálculo de áreas y distancias,Magdalena,814045205.6000000238,5753885.4390000002,808291320.1000000238,30.2606009773569
"70215",Corozal,285.51349429700,,1,150,“No es apropiada su aplicación para la ubicación exacta de puntos ni para el cálculo de áreas y distancias,Sucre,285513494.1000000238,4945605.4500000002,280567888.6000000238,127.823003026081
"23464",Momil,158.63964724600,,1,7,“No es apropiada su aplicación para la ubicación exacta de puntos ni para el cálculo de áreas y distancias,Córdoba,158639647.0000000000,1819942.0980000000,156819704.9000000060,24.6203884793719
"23586",Purísima,117.49475350300,,1,6,“No es apropiada su aplicación para la ubicación exacta de puntos ni para el cálculo de áreas y distancias,Córdoba,117494753.5000000000,2045086.1490000000,115449667.2999999970,38.256708396067
"47318",Guamal,563.81396055000,,1,24,“No es apropiada su aplicación para la ubicación exacta de puntos ni para el cálculo de áreas y distancias,Magdalena,563813960.5000000000,1733751.0310000000,562080209.3999999762,39.9696362827573
"70742",Sincé,418.71906742300,,1,140,“No es apropiada su aplicación para la ubicación exacta de puntos ni para el cálculo de áreas y distancias,Sucre,418719067.3000000119,3039508.4610000001,415679558.8000000119,110.021755718388
"70702",San Juan De Betulia,168.02617422900,Ordenanza No. 28 de 1968,1,145,“No es apropiada su aplicación para la ubicación exacta de puntos ni para el cálculo de áreas y distancias,Sucre,168026174.0000000000,1916097.9990000001,166110076.0000000000,142.843912235198
"70523",Palmito,174.59545907000,,1,40,“No es apropiada su aplicación para la ubicación exacta de puntos ni para el cálculo de áreas y distancias,Sucre,174595459.0000000000,735076.0341000000,173860382.9000000060,36.1096090178166
"13780",Talaigua Nuevo,249.09437378600,Ordenanza No. 10 de 1984,1,16,“No es apropiada su aplicación para la ubicación exacta de puntos ni para el cálculo de áreas y distancias,Bolívar,249094373.5000000000,1096035.3510000000,247998338.0999999940,15.3606927510275
"70001",Sincelejo,279.81390755300,,1,213,“No es apropiada su aplicación para la ubicación exacta de puntos ni para el cálculo de áreas y distancias,Sucre,279813907.5000000000,30718888.9800000004,249095018.5000000000,124.925417621097
"23672",San Antero,208.10687075600,Ordenanza No. 22 de 1929,1,42,“No es apropiada su aplicación para la ubicación exacta de puntos ni para el cálculo de áreas y distancias,Córdoba,208106870.5000000000,3767572.1710000001,204339298.3000000119,36.1028612465647
"70110",Buenavista,146.40010681800,Ordenanza No. 09 de 1968,1,87,“No es apropiada su aplicación para la ubicación exacta de puntos ni para el cálculo de áreas y distancias,Sucre,146400106.8000000119,1174838.3080000000,145225268.4000000060,76.3171538131028
"23675",San Bernardo Del Viento,315.79774193900,Ordenanza No. 13 de 1945,1,4,“No es apropiada su aplicación para la ubicación exacta de puntos ni para el cálculo de áreas y distancias,Córdoba,315797741.8000000119,2516370.3960000002,313281371.3999999762,13.4928168064105
"13430",Magangué,1129.98750562000,,1,20,“No es apropiada su aplicación para la ubicación exacta de puntos ni para el cálculo de áreas y distancias,Bolívar,1129987505.0000000000,34331283.9200000018,1095656221.0000000000,27.6106184910719
"70221",Coveñas,55.81680326130,Decreto No. 063 de 2002,1,2,“No es apropiada su aplicación para la ubicación exacta de puntos ni para el cálculo de áreas y distancias,Sucre,55816803.2500000000,8201015.6310000001,47615787.6099999994,14.9024249495698
"70717",San Pedro,212.80240106800,Ordenanza No. 14 de 1939,1,137,“No es apropiada su aplicación para la ubicación exacta de puntos ni para el cálculo de áreas y distancias,Sucre,212802401.0000000000,1501652.1120000000,211300748.8000000119,130.135751849444
"47703",San Zenón,268.53949238100,,1,25,“No es apropiada su aplicación para la ubicación exacta de puntos ni para el cálculo de áreas y distancias,Magdalena,268539492.3000000119,435008.9079000000,268104483.3000000119,31.5195996918162
"70473",Morroa,170.16473295400,,1,160,“No es apropiada su aplicación para la ubicación exacta de puntos ni para el cálculo de áreas y distancias,Sucre,170164732.9000000060,1525422.6000000001,168639310.3000000119,152.682205105589
"20175",Chimichagua,1374.36713776000,Ordenanza No. 54 de 1892,1,30,“No es apropiada su aplicación para la ubicación exacta de puntos ni para el cálculo de áreas y distancias,Cesar,1374367137.0000000000,2049374.3080000000,1372317762.0000000000,146.644743191816
"47692",San Sebastián De Buenavista,437.11108122900,Decreto No. 0687 de 1957,1,22,“No es apropiada su aplicación para la ubicación exacta de puntos ni para el cálculo de áreas y distancias,Magdalena,437111081.1000000238,989051.3774000000,436122029.6999999881,50.6404923512586
"70418",Los Palmitos,198.76472296700,Ordenanza No. 27 de 1968,1,184,“No es apropiada su aplicación para la ubicación exacta de puntos ni para el cálculo de áreas y distancias,Sucre,198764722.9000000060,1448560.0480000000,197316162.8000000119,200.316111095733
"20032",Astrea,637.04714962000,Ordenanza No. 013 de 1984,1,75,“No es apropiada su aplicación para la ubicación exacta de puntos ni para el cálculo de áreas y distancias,Cesar,637047149.6000000238,1794262.7260000000,635252886.7999999523,72.3129729640634
"70823",Toluviejo,284.70232970700,,1,68,“No es apropiada su aplicación para la ubicación exacta de puntos ni para el cálculo de áreas y distancias,Sucre,284702329.6000000238,1265716.2470000000,283436613.3000000119,64.8656442712919
"47720",Santa Bárbara De Pinto,494.24944043500,Ordenanza No. 003 de 2000,1,25,“No es apropiada su aplicación para la ubicación exacta de puntos ni para el cálculo de áreas y distancias,Magdalena,494249440.3000000715,1559306.4020000000,492690133.8000000119,39.7141349800056
"70820",Tolú,302.59127993400,,1,4,“No es apropiada su aplicación para la ubicación exacta de puntos ni para el cálculo de áreas y distancias,Sucre,302591279.8000000119,8778264.8420000002,293813014.8999999762,11.9208289872009
"13212",Córdoba,596.86562587500,,1,20,“No es apropiada su aplicación para la ubicación exacta de puntos ni para el cálculo de áreas y distancias,Bolívar,596865625.7000000477,907356.9224000000,595958268.7000000477,53.1587338242428
"47545",Pijiño Del Carmen,660.76317685600,Ordenanza No. 1 de 1996,1,25,“No es apropiada su aplicación para la ubicación exacta de puntos ni para el cálculo de áreas y distancias,Magdalena,660763176.7000000477,909284.8075000000,659853891.7999999523,64.4404424045678
"47707",Santa Ana,1119.22242329000,,1,25,“No es apropiada su aplicación para la ubicación exacta de puntos ni para el cálculo de áreas y distancias,Magdalena,1119222423.0000000000,2189046.7620000001,1117033376.0000000000,50.8001636603611
"13894",Zambrano,309.30984970300,,1,21,“No es apropiada su aplicación para la ubicación exacta de puntos ni para el cálculo de áreas y distancias,Bolívar,309309849.6000000238,2291336.8250000002,307018512.6999999881,50.431158891061
"20250",El Paso,812.31387919000,Ordenanza No. 29 de 1979,1,37,“No es apropiada su aplicación para la ubicación exacta de puntos ni para el cálculo de áreas y distancias,Cesar,812313879.1000000238,3674206.8610000000,808639672.2000000477,44.6583201383751
"13654",San Jacinto,442.65142066000,,1,239,“No es apropiada su aplicación para la ubicación exacta de puntos ni para el cálculo de áreas y distancias,Bolívar,442651420.6000000238,3951252.1560000000,438700168.3999999762,269.694551187062
"47460",Nueva Granada,841.12438200700,Ordenanza No. 004 de 2000,1,112,“No es apropiada su aplicación para la ubicación exacta de puntos ni para el cálculo de áreas y distancias,Magdalena,841124382.0000000000,1190085.7000000000,839934296.2000000477,101.405932478616
"47058",Ariguaní,1130.33761469000,Ordenanza No. 14 Bis de 1966,1,187,“No es apropiada su aplicación para la ubicación exacta de puntos ni para el cálculo de áreas y distancias,Magdalena,1130337614.0000000000,2677872.4240000001,1127659741.0000000000,105.93768752804
"47798",Tenerife,491.78018574800,,1,20,“No es apropiada su aplicación para la ubicación exacta de puntos ni para el cálculo de áreas y distancias,Magdalena,491780185.6000000238,1713688.0000000000,490066497.6000000238,68.2017547718733
"47555",Plato,1455.59656092000,,1,14,“No es apropiada su aplicación para la ubicación exacta de puntos ni para el cálculo de áreas y distancias,Magdalena,1455596560.0000000000,7881048.7630000003,1447715511.0000000000,74.6918429497127
"20060",Bosconia,585.79767416500,Ordenanza No. 001 de 1979,1,83,“No es apropiada su aplicación para la ubicación exacta de puntos ni para el cálculo de áreas y distancias,Cesar,585797674.1000000238,9641072.8010000009,576156601.2000000477,85.7836916537058
"13442",María La Baja,561.01990104900,,1,12,“No es apropiada su aplicación para la ubicación exacta de puntos ni para el cálculo de áreas y distancias,Bolívar,561019901.0000000000,3001038.5180000002,558018862.3999999762,26.3605609835017
"13657",San Juan Nepomuceno,630.80722240900,,1,166,“No es apropiada su aplicación para la ubicación exacta de puntos ni para el cálculo de áreas y distancias,Bolívar,630807222.2000000477,4100574.2990000001,626706647.8999999762,184.382046367618
"13248",El Guamo,382.97617820600,,1,100,“No es apropiada su aplicación para la ubicación exacta de puntos ni para el cálculo de áreas y distancias,Bolívar,382976178.1000000238,779628.0890000000,382196550.0000000000,89.565721325953
"70713",San Onofre,1034.69921812000,,1,34,“No es apropiada su aplicación para la ubicación exacta de puntos ni para el cálculo de áreas y distancias,Sucre,1034699218.0000000000,3417019.5170000000,1031282198.0000000000,51.2242746806506
"47170",Chivolo,536.09968757800,Decreto No. 0107 de 1947,1,100,“No es apropiada su aplicación para la ubicación exacta de puntos ni para el cálculo de áreas y distancias,Magdalena,536099687.5000000596,1704399.7190000000,534395287.6999999285,97.541600593592
"47541",Pedraza,305.46358605900,,1,10,“No es apropiada su aplicación para la ubicación exacta de puntos ni para el cálculo de áreas y distancias,Magdalena,305463586.0000000000,369279.2856000000,305094306.6999999881,30.1181306123155
"47960",Zapayán,372.60620366800,Ordenanza No. 005 de 2000,1,24,“No es apropiada su aplicación para la ubicación exacta de puntos ni para el cálculo de áreas y distancias,Magdalena,372606203.6000000238,446483.8871000000,372159719.6999999881,31.5018102261175
"47205",Concordia,109.39500170900,Ordenanza No. 007 de 1999,1,25,“No es apropiada su aplicación para la ubicación exacta de puntos ni para el cálculo de áreas y distancias,Magdalena,109395001.7000000030,589336.7309000000,108805664.9000000060,28.850890867154
"13433",Mahates,432.09796334500,,1,10,“No es apropiada su aplicación para la ubicación exacta de puntos ni para el cálculo de áreas y distancias,Bolívar,432097963.3000000119,2104269.1390000000,429993694.1000000238,43.2469559553353
"13838",Turbana,191.07858647500,,1,50,“No es apropiada su aplicación para la ubicación exacta de puntos ni para el cálculo de áreas y distancias,Bolívar,191078586.4000000060,1144892.5310000000,189933693.8000000119,38.4096476416901
"13062",Arroyohondo,163.68634148700,Ordenanza No. 41 de 1997,1,25,“No es apropiada su aplicación para la ubicación exacta de puntos ni para el cálculo de áreas y distancias,Bolívar,163686341.4000000060,585756.7647000002,163100584.5999999940,44.458812478685
"13052",Arjona,587.18979133600,,1,62,“No es apropiada su aplicación para la ubicación exacta de puntos ni para el cálculo de áreas y distancias,Bolívar,587189791.2000000477,7203319.7460000003,579986471.3999999762,27.9324375684052
"20750",San Diego,644.88180328300,Ordenanza No. 28 de 1982,1,167,“No es apropiada su aplicación para la ubicación exacta de puntos ni para el cálculo de áreas y distancias,Cesar,644881803.2000000477,2640309.0750000002,642241494.1000000238,181.744053586593
"47161",Cerro De San Antonio,176.88336149700,,1,7,“No es apropiada su aplicación para la ubicación exacta de puntos ni para el cálculo de áreas y distancias,Magdalena,176883361.4000000060,514443.6244000000,176368917.6999999881,14.3149045664986
"47660",Sabanas De San Ángel,1237.52338861000,Ordenanza No. 006 de 1999,1,140,“No es apropiada su aplicación para la ubicación exacta de puntos ni para el cálculo de áreas y distancias,Magdalena,1237523388.0000000000,802138.6977000000,1236721249.0000000000,138.028439269101
"47030",Algarrobo,405.91779127900,Ordenanza No. 008 de 1999,1,100,“No es apropiada su aplicación para la ubicación exacta de puntos ni para el cálculo de áreas y distancias,Magdalena,405917791.1000000238,1387609.0490000001,404530182.0000000000,120.07707364422
"20238",El Copey,955.14981838700,Ordenanza No. 08 de 1971,1,135,“No es apropiada su aplicación para la ubicación exacta de puntos ni para el cálculo de áreas y distancias,Cesar,955149818.2000000477,3659790.4430000000,951490027.6999999285,392.408592267154
"13836",Turbaco,202.57632488300,,1,179,“No es apropiada su aplicación para la ubicación exacta de puntos ni para el cálculo de áreas y distancias,Bolívar,202576324.8000000119,14878790.5500000007,187697534.1999999881,99.4413293418325
"47258",El Piñón,556.68602428400,,1,5,“No es apropiada su aplicación para la ubicación exacta de puntos ni para el cálculo de áreas y distancias,Magdalena,556686024.2000000477,932912.4063000000,555753111.7000000477,22.0984051049009
"08137",Campo De La Cruz,99.91931720070,,1,7,“No es apropiada su aplicación para la ubicación exacta de puntos ni para el cálculo de áreas y distancias,Atlántico,99919317.2000000030,3402911.6970000002,96516405.5000000000,4.24240031762695
"13683",Santa Rosa,154.61311308900,,1,50,“No es apropiada su aplicación para la ubicación exacta de puntos ni para el cálculo de áreas y distancias,Bolívar,154613113.0000000000,4186346.2960000001,150426766.6999999881,57.2087181553995
"08141",Candelaria,135.68066078400,,1,13,“No es apropiada su aplicación para la ubicación exacta de puntos ni para el cálculo de áreas y distancias,Atlántico,135680660.5000000000,1323471.4480000001,134357189.0000000000,26.0279876535599
"47675",Salamina,170.16413800800,,1,5,“No es apropiada su aplicación para la ubicación exacta de puntos ni para el cálculo de áreas y distancias,Magdalena,170164138.0000000000,1817765.8990000000,168346372.0999999940,3.30995381476687
"47288",Fundación,970.56788386700,Ordenanza No. 47 de 1945,1,45,“No es apropiada su aplicación para la ubicación exacta de puntos ni para el cálculo de áreas y distancias,Magdalena,970567883.6999999285,7392911.8030000003,963174971.7999999523,978.054760227491
"47551",Pivijay,1638.66126696000,Ordenanza No. 54 de 1892,1,4,“No es apropiada su aplicación para la ubicación exacta de puntos ni para el cálculo de áreas y distancias,Magdalena,1638661266.0000000000,3858823.7710000002,1634802442.0000000000,45.997599941184
"13001",Cartagena De Indias,567.13609646200,Acto Legislativo  02 de 2018,2,1,“No es apropiada su aplicación para la ubicación exacta de puntos ni para el cálculo de áreas y distancias,Bolívar,567136096.2000000477,83647886.4800000042,483488209.6999999285,23.7470369914732
"08638",Sabanalarga,395.57894111900,,1,99,“No es apropiada su aplicación para la ubicación exacta de puntos ni para el cálculo de áreas y distancias,Atlántico,395578941.1000000238,8152013.4450000003,387426927.6000000238,69.339534051997
"08560",Ponedera,206.50811290400,Ordenanza No. 75 de 1965,1,8,“No es apropiada su aplicación para la ubicación exacta de puntos ni para el cálculo de áreas y distancias,Atlántico,206508112.9000000060,1757744.8680000000,204750368.0000000000,22.1353173414329
"20570",Pueblo Bello,742.63686326100,Ordenanza No. 37 de 1997,1,1100,“No es apropiada su aplicación para la ubicación exacta de puntos ni para el cálculo de áreas y distancias,Cesar,742636863.2000000477,2053928.0940000000,740582935.1000000238,1612.85380865091
"08520",Palmar De Varela,92.19176099440,,1,4,“No es apropiada su aplicación para la ubicación exacta de puntos ni para el cálculo de áreas y distancias,Atlántico,92191760.9800000042,2857213.4720000001,89334547.5000000000,17.0422880267194
"47605",Remolino,594.37513970700,,1,5,“No es apropiada su aplicación para la ubicación exacta de puntos ni para el cálculo de áreas y distancias,Magdalena,594375139.7000000477,730722.2749000000,593644417.3999999762,3.26550393068468
"47268",El Retén,261.90228944900,Ordenanza No. 04 de 1996,1,20,“No es apropiada su aplicación para la ubicación exacta de puntos ni para el cálculo de áreas y distancias,Magdalena,261902289.4000000060,1245507.3610000000,260656782.0000000000,14.2889256000649
"08685",Santo Tomás,65.03235866620,,1,6,“No es apropiada su aplicación para la ubicación exacta de puntos ni para el cálculo de áreas y distancias,Atlántico,65032358.6400000006,3363827.8670000001,61668530.7700000033,28.5942033204726
"08849",Usiacurí,101.30913405800,,1,110,“No es apropiada su aplicación para la ubicación exacta de puntos ni para el cálculo de áreas y distancias,Atlántico,101309134.0000000000,1375798.1520000000,99933335.8400000036,110.378166991995
"08558",Polonuevo,73.80719457280,,1,75,“No es apropiada su aplicación para la ubicación exacta de puntos ni para el cálculo de áreas y distancias,Atlántico,73807194.5600000024,1508997.8750000000,72298196.6800000072,75.7759137241979
"08634",Sabanagrande,43.06589498810,,1,6,“No es apropiada su aplicación para la ubicación exacta de puntos ni para el cálculo de áreas y distancias,Atlántico,43065894.9600000009,3302334.7700000000,39763560.1799999997,14.0513456150166
"20001",Valledupar,4181.84482461000,,1,169,“No es apropiada su aplicación para la ubicación exacta de puntos ni para el cálculo de áreas y distancias,Cesar,4181844824.0000000000,47935576.5300000012,4133909247.0000000000,711.017731861404
"08433",Malambo,98.18981709900,Ordenanza No. 24 de 1912,1,10,“No es apropiada su aplicación para la ubicación exacta de puntos ni para el cálculo de áreas y distancias,Atlántico,98189817.0900000036,12387054.9100000001,85802762.1800000072,46.8879646678548
"08758",Soledad,59.12799250600,,1,14,“No es apropiada su aplicación para la ubicación exacta de puntos ni para el cálculo de áreas y distancias,Atlántico,59127992.5000000000,37353548.9900000021,21774443.5000000000,26.9230030227919
"44098",Distracción,231.22870064700,Ordenanza No. 41 de 1995,1,205,“No es apropiada su aplicación para la ubicación exacta de puntos ni para el cálculo de áreas y distancias,La Guajira,231228700.5000000000,983022.0074000000,230245678.4000000060,474.557873305157
"08573",Puerto Colombia,70.31064754600,Decreto No. 483 de 1906,1,4,“No es apropiada su aplicación para la ubicación exacta de puntos ni para el cálculo de áreas y distancias,Atlántico,70310647.5400000066,14252044.1300000008,56058603.4099999964,41.7184990806537
"47745",Sitionuevo,970.21714502400,,1,5,“No es apropiada su aplicación para la ubicación exacta de puntos ni para el cálculo de áreas y distancias,Magdalena,970217144.9999998808,911776.3388000000,969305368.6000001431,2.43230705856848
"08001",Barranquilla,153.79129480500,"Acto Legislativo No.1 de 1993, Art. 1",2,32,“No es apropiada su aplicación para la ubicación exacta de puntos ni para el cálculo de áreas y distancias,Atlántico,153791294.8000000119,106088890.2000000030,47702404.6000000015,35.0144110545902
"44090",Dibulla,1746.78683360000,Ordenanza No. 30 de 1995,1,3,“No es apropiada su aplicación para la ubicación exacta de puntos ni para el cálculo de áreas y distancias,La Guajira,1746786833.0000000000,1081016.4830000000,1745705816.0000000000,1282.33665930948
"47001",Santa Marta,2344.07159966000,Acto Legislativo 02 de 2018,2,2,“No es apropiada su aplicación para la ubicación exacta de puntos ni para el cálculo de áreas y distancias,Magdalena,2344071599.0000000000,67961871.0400000066,2276109727.0000000000,1101.80914211496
"44001",Riohacha,3082.41094691000,Ley 1766 de 2015,2,3,“No es apropiada su aplicación para la ubicación exacta de puntos ni para el cálculo de áreas y distancias,La Guajira,3082410946.0000000000,25911814.2300000004,3056499131.0000000000,299.319150189341
"44560",Manaure,1616.12560070000,Ordenanza No. 15 de 1973,1,3,“No es apropiada su aplicación para la ubicación exacta de puntos ni para el cálculo de áreas y distancias,La Guajira,1616125600.0000000000,5674140.4500000002,1610451459.0000000000,23.375503318259
"88564",Providencia y Santa Catalina,22.48978688240,Decreto No. 2964 Bis de 1953,1,5,“No es apropiada su aplicación para la ubicación exacta de puntos ni para el cálculo de áreas y distancias,San Andrés y Providencia,22489786.8700000010,2417442.1000000001,20072344.7600000016,80.8031929015981
"94888",Morichal,8513.75390171000,Decreto No. 0083 de 1988,3,151,“No es apropiada su aplicación para la ubicación exacta de puntos ni para el cálculo de áreas y distancias,Guainía,8513753900.9999990463,0.0000000000,8513753900.0000000000,185.050028309303
"52835",Tumaco,3616.89087813000,Acto Legislativo 02 de 2018,2,3,“No es apropiada su aplicación para la ubicación exacta de puntos ni para el cálculo de áreas y distancias,Nariño,3616890878.0000000000,11356417.2100000009,3605534460.0000000000,70.8142340856084
"91540",Puerto Nariño,1455.58351811000,Decreto No. 0106 de 1984,1,100,“No es apropiada su aplicación para la ubicación exacta de puntos ni para el cálculo de áreas y distancias,Amazonas,1455583518.0000000000,724342.9735000000,1454859175.0000000000,108.695960965524
"91001",Leticia,6010.30247228000,Decreto No. 0352 de 1964,1,82,“No es apropiada su aplicación para la ubicación exacta de puntos ni para el cálculo de áreas y distancias,Amazonas,6010302472.0000000000,12790030.6500000004,5997512441.0000000000,124.914653939869
"97666",Taraira,6494.49659691000,Ordenanza No. 22 de 1992,1,100,“No es apropiada su aplicación para la ubicación exacta de puntos ni para el cálculo de áreas y distancias,Vaupés,6494496596.0000000000,402454.6564000000,6494094141.0000000000,127.526576121905
"86757",San Miguel,373.64269876500,,1,535,“No es apropiada su aplicación para la ubicación exacta de puntos ni para el cálculo de áreas y distancias,Putumayo,373642698.6000000238,1075212.6320000000,372567485.8999999762,292.249901921437
"86865",Valle Del Guamuez,814.51542248200,Decreto No. 3293 de 1985,1,720,“No es apropiada su aplicación para la ubicación exacta de puntos ni para el cálculo de áreas y distancias,Putumayo,814515422.2000000477,2746682.0800000001,811768740.1000000238,330.748611402324
"86568",Puerto Asís,2802.38601582000,Decreto No. 1951 de 1967,1,253,“No es apropiada su aplicación para la ubicación exacta de puntos ni para el cálculo de áreas y distancias,Putumayo,2802386015.0000000000,5640903.4850000003,2796745111.0000000000,263.87469098601
"86573",Leguízamo,10651.21268210000,,1,200,“No es apropiada su aplicación para la ubicación exacta de puntos ni para el cálculo de áreas y distancias,Putumayo,10651212682.0000000000,2542476.3760000002,10648670205.0000000000,214.990541407949
"52356",Ipiales,1543.04646704000,,1,2897,“No es apropiada su aplicación para la ubicación exacta de puntos ni para el cálculo de áreas y distancias,Nariño,1543046467.0000000000,14337618.5800000001,1528708848.0000000000,1864.80271699491
"52224",Cuaspud,57.39483418580,,1,3050,“No es apropiada su aplicación para la ubicación exacta de puntos ni para el cálculo de áreas y distancias,Nariño,57394834.1700000018,1058958.8310000000,56335875.3299999982,3065.22605081904
"52022",Aldana,47.69150286680,,1,3013,“No es apropiada su aplicación para la ubicación exacta de puntos ni para el cálculo de áreas y distancias,Nariño,47691502.8500000015,351103.3240000000,47340399.5200000033,3124.50553098588
"52227",Cumbal,917.61720914500,,1,3100,“No es apropiada su aplicación para la ubicación exacta de puntos ni para el cálculo de áreas y distancias,Nariño,917617209.1000000238,2037582.2840000000,915579626.7999999523,2784.10032182145
"52612",Ricaurte,1056.43719399000,,1,1181,“No es apropiada su aplicación para la ubicación exacta de puntos ni para el cálculo de áreas y distancias,Nariño,1056437192.9999998808,426068.9351000000,1056011124.0000000000,1362.73073515378
"97001",Mitú,16153.96330180000,Decreto No. 1666 de 1974,1,182,“No es apropiada su aplicación para la ubicación exacta de puntos ni para el cálculo de áreas y distancias,Vaupés,16153963301.0000000000,3321587.9550000001,16150641713.0000000000,217.261671104679
"52079",Barbacoas,2735.90395380000,,1,24,“No es apropiada su aplicación para la ubicación exacta de puntos ni para el cálculo de áreas y distancias,Nariño,2735903953.0000000000,791397.8882000000,2735112555.0000000000,467.278031388169
"94001",Inírida,15878.86900320000,Decreto No. 1593 de 1974,1,94,“No es apropiada su aplicación para la ubicación exacta de puntos ni para el cálculo de áreas y distancias,Guainía,15878869003.0000019073,8687408.5179999992,15870181593.9999980927,124.64334025758
"99773",Cumaribo,65187.50527140000,Ordenanza No. 66 de 1996,1,161,“No es apropiada su aplicación para la ubicación exacta de puntos ni para el cálculo de áreas y distancias,Vichada,65187505270.9999923706,954477.9219000000,65186550793.0000076294,140.971012413606
"99524",La Primavera,18368.27064240000,Decreto No. 0676 de 1987,1,100,“No es apropiada su aplicación para la ubicación exacta de puntos ni para el cálculo de áreas y distancias,Vichada,18368270642.0000000000,5501115.6380000003,18362769526.0000000000,110.030042388774
"99001",Puerto Carreño,11860.92979610000,Decreto No. 1594 de 1974,1,51,“No es apropiada su aplicación para la ubicación exacta de puntos ni para el cálculo de áreas y distancias,Vichada,11860929796.0000000000,7108698.3550000004,11853821097.0000000000,78.4580455401053
"81220",Cravo Norte,5189.13967755000,Decreto No. 0677 de 1987,1,102,“No es apropiada su aplicación para la ubicación exacta de puntos ni para el cálculo de áreas y distancias,Arauca,5189139677.0000000000,2327687.0490000001,5186811989.0000000000,101.667294026716
"15223",Cubará,1138.21029933000,Ordenanza No. 8 de 1965,1,357,“No es apropiada su aplicación para la ubicación exacta de puntos ni para el cálculo de áreas y distancias,Boyacá,1138210299.0000000000,1009596.9260000000,1137200702.0000000000,1471.87078424497
"81065",Arauquita,3011.67579418000,Decreto No. 1447 de 1971,1,155,“No es apropiada su aplicación para la ubicación exacta de puntos ni para el cálculo de áreas y distancias,Arauca,3011675794.0000000000,2316721.6090000002,3009359072.0000000000,154.834597952216
"81736",Saravena,923.49767118200,Decreto No. 0204 de 1976,1,224,“No es apropiada su aplicación para la ubicación exacta de puntos ni para el cálculo de áreas y distancias,Arauca,923497671.1000000238,10252104.1500000004,913245566.8999999762,351.503628811232
"81001",Arauca,5755.97516472000,Decreto No. 2877 de 1959,1,128,“No es apropiada su aplicación para la ubicación exacta de puntos ni para el cálculo de áreas y distancias,Arauca,5755975164.0000000000,23025174.5300000012,5732949989.0000000000,116.986671941533
"54820",Toledo,1499.27714059000,,1,1644,“No es apropiada su aplicación para la ubicación exacta de puntos ni para el cálculo de áreas y distancias,Norte de Santander,1499277140.0000000000,948109.2152000000,1498329030.0000000000,1739.99506604462
"27372",Juradó,1298.05370057000,Ordenanza No. 014 de 1956,1,5,“No es apropiada su aplicación para la ubicación exacta de puntos ni para el cálculo de áreas y distancias,Chocó,1298053700.0000000000,328471.0541000000,1297725228.0000000000,225.381622554419
"54347",Herrán,107.51768619400,Ordenanza No. 12 de 1911,1,2000,“No es apropiada su aplicación para la ubicación exacta de puntos ni para el cálculo de áreas y distancias,Norte de Santander,107517686.0000000000,162751.3907000000,107354934.5999999940,2377.24038574334
"54599",Ragonvalia,97.82184444400,,1,1555,“No es apropiada su aplicación para la ubicación exacta de puntos ni para el cálculo de áreas y distancias,Norte de Santander,97821844.4300000072,655604.1458000002,97166240.2800000012,1845.43859754064
"54874",Villa Del Rosario,91.56539653260,,1,435,“No es apropiada su aplicación para la ubicación exacta de puntos ni para el cálculo de áreas y distancias,Norte de Santander,91565396.5300000012,19173905.1400000006,72391491.3900000006,819.561670444728
"27800",Unguía,1191.23066701000,Ordenanza No. 014 de 1979,1,50,“No es apropiada su aplicación para la ubicación exacta de puntos ni para el cálculo de áreas y distancias,Chocó,1191230667.0000000000,1137430.4140000001,1190093236.0000000000,211.253172794144
"54553",Puerto Santander,46.31355792370,Ordenanza No. 80 de 1993,1,50,“No es apropiada su aplicación para la ubicación exacta de puntos ni para el cálculo de áreas y distancias,Norte de Santander,46313557.9200000018,878234.3739000000,45435323.5399999991,55.2418648322322
"54001",San José de Cúcuta,1132.15423194000,,1,325,“No es apropiada su aplicación para la ubicación exacta de puntos ni para el cálculo de áreas y distancias,Norte de Santander,1132154231.0000000000,74332709.5600000024,1057821520.9999998808,240.042094112818
"27006",Acandí,798.52829457300,,1,6,“No es apropiada su aplicación para la ubicación exacta de puntos ni para el cálculo de áreas y distancias,Chocó,798528294.5000000000,1179708.7910000000,797348585.7000000477,259.081829660265
"54810",Tibú,2674.68273912000,Ordenanza No. 03 de 1977,1,55,“No es apropiada su aplicación para la ubicación exacta de puntos ni para el cálculo de áreas y distancias,Norte de Santander,2674682739.0000000000,3204566.9130000002,2671478172.0000000000,159.517292727766
"54800",Teorama,924.83888340500,,1,1000,“No es apropiada su aplicación para la ubicación exacta de puntos ni para el cálculo de áreas y distancias,Norte de Santander,924838883.2000000477,327891.0710000000,924510992.0999999046,804.918303390008
"54206",Convención,928.41495749900,,1,1020,“No es apropiada su aplicación para la ubicación exacta de puntos ni para el cálculo de áreas y distancias,Norte de Santander,928414957.2000000477,876693.0777000000,927538264.0999999046,783.324858831745
"54245",El Carmen,1733.45063139000,,1,950,“No es apropiada su aplicación para la ubicación exacta de puntos ni para el cálculo de áreas y distancias,Norte de Santander,1733450631.0000000000,289592.8058000000,1733161038.0000000000,969.566669148504
"20228",Curumaní,913.66927714300,,1,61,“No es apropiada su aplicación para la ubicación exacta de puntos ni para el cálculo de áreas y distancias,Cesar,913669277.1000000238,5433336.0880000005,908235941.0000000000,435.629560134229
"20178",Chiriguaná,1112.67927359000,,1,33,“No es apropiada su aplicación para la ubicación exacta de puntos ni para el cálculo de áreas y distancias,Cesar,1112679273.0000000000,3175444.3110000002,1109503828.0000000000,210.453873769723
"20400",La Jagua De Ibirico,754.81560557600,Ordenanza No. 05 de 1979,1,140,“No es apropiada su aplicación para la ubicación exacta de puntos ni para el cálculo de áreas y distancias,Cesar,754815605.5000000000,4921608.6140000001,749893996.7999999523,485.208400021272
"20045",Becerril,1224.38407708000,Ordenanza No. 020 de 1977,1,111,“No es apropiada su aplicación para la ubicación exacta de puntos ni para el cálculo de áreas y distancias,Cesar,1224384077.0000000000,2998685.5950000002,1221385391.0000000000,580.499518950161
"20013",Agustín Codazzi,1750.99145863000,Decreto No. 179 de 1958,1,131,“No es apropiada su aplicación para la ubicación exacta de puntos ni para el cálculo de áreas y distancias,Cesar,1750991458.0000000000,11718173.6400000006,1739273284.0000000000,768.544066648661
"20443",Manaure Balcón Del Cesar,136.64818885600,Ordenanza No. 019 de 1980,1,750,“No es apropiada su aplicación para la ubicación exacta de puntos ni para el cálculo de áreas y distancias,Cesar,136648188.8000000119,1861262.9120000000,134786925.8000000119,1552.22291045218
"20621",La Paz,1070.94643419000,,1,66,“No es apropiada su aplicación para la ubicación exacta de puntos ni para el cálculo de áreas y distancias,Cesar,1070946434.0000000000,2969090.8530000001,1067977343.0000001192,1003.22024396637
"44420",La Jagua Del Pilar,179.11241352700,,1,200,“No es apropiada su aplicación para la ubicación exacta de puntos ni para el cálculo de áreas y distancias,La Guajira,179112413.5000000000,435940.7205000000,178676472.6999999881,587.955406443409
"44855",Urumita,245.48812461700,Ordenanza No. 16 de 1978,1,250,“No es apropiada su aplicación para la ubicación exacta de puntos ni para el cálculo de áreas y distancias,La Guajira,245488124.5000000000,2433084.5920000002,243055039.9000000060,1154.28348663635
"44874",Villanueva,259.57278748400,,1,235,“No es apropiada su aplicación para la ubicación exacta de puntos ni para el cálculo de áreas y distancias,La Guajira,259572787.4000000060,5456625.8090000004,254116161.5000000000,597.356002140566
"44110",El Molino,241.27165305400,Ordenanza No. 015 de 1989,1,255,“No es apropiada su aplicación para la ubicación exacta de puntos ni para el cálculo de áreas y distancias,La Guajira,241271653.0000000000,1443159.2810000000,239828493.6999999881,747.327940377197
"44650",San Juan Del Cesar,1307.98197575000,,1,216,“No es apropiada su aplicación para la ubicación exacta de puntos ni para el cálculo de áreas y distancias,La Guajira,1307981975.0000000000,6854456.7580000004,1301127518.0000000000,756.769823989034
"44279",Fonseca,472.51710450500,,1,181,“No es apropiada su aplicación para la ubicación exacta de puntos ni para el cálculo de áreas y distancias,La Guajira,472517104.4999999404,5517266.4050000003,466999838.0000000000,502.951499025744
"44078",Barrancas,799.94753801700,,1,149,“No es apropiada su aplicación para la ubicación exacta de puntos ni para el cálculo de áreas y distancias,La Guajira,799947538.0000000000,6992070.6880000001,792955467.2999999523,398.830575286497
"44378",Hatonuevo,215.20872087000,Ordenanza No. 057 de 1994,1,179,“No es apropiada su aplicación para la ubicación exacta de puntos ni para el cálculo de áreas y distancias,La Guajira,215208720.8000000119,2822738.9240000001,212385981.8000000119,392.220606548278
"44035",Albania,544.11803552800,Ordenanza No. 01 de 2000,1,100,“No es apropiada su aplicación para la ubicación exacta de puntos ni para el cálculo de áreas y distancias,La Guajira,544118035.5000000000,8211384.8420000002,535906650.6000000238,119.88303126472
"44430",Maicao,1767.24921322000,Decreto No. 0044 de 1956,1,51,“No es apropiada su aplicación para la ubicación exacta de puntos ni para el cálculo de áreas y distancias,La Guajira,1767249213.0000000000,21601228.0100000016,1745647984.0000000000,79.295732318964
"44847",Uribia,7863.72731964000,,1,23,“No es apropiada su aplicación para la ubicación exacta de puntos ni para el cálculo de áreas y distancias,La Guajira,7863727319.0000000000,7608533.4119999995,7856118785.0000009537,77.687167862014
"91798",Tarapacá,9039.83203029000,,3,100,“No es apropiada su aplicación para la ubicación exacta de puntos ni para el cálculo de áreas y distancias,Amazonas,9039832030.0000000000,0.0000000000,9039832030.0000000000,115.987310649067
"91263",El Encanto,10505.02095290000,,3,158,“No es apropiada su aplicación para la ubicación exacta de puntos ni para el cálculo de áreas y distancias,Amazonas,10505020952.0000000000,0.0000000000,10505020952.0000000000,145.361260725463
"91536",Puerto Arica,13523.50567140000,Ordenanza No. 023 de 1997,3,150,“No es apropiada su aplicación para la ubicación exacta de puntos ni para el cálculo de áreas y distancias,Amazonas,13523505671.0000000000,0.0000000000,13523505671.0000000000,125.377883403185
"91530",Puerto Alegría,8293.17570586000,Ordenanza No. 024 de 1997,3,200,“No es apropiada su aplicación para la ubicación exacta de puntos ni para el cálculo de áreas y distancias,Amazonas,8293175705.0000000000,0.0000000000,8293175705.0000000000,180.727496158748
"91407",La Pedrera,13579.86579390000,,3,82,“No es apropiada su aplicación para la ubicación exacta de puntos ni para el cálculo de áreas y distancias,Amazonas,13579865793.0000000000,0.0000000000,13579865793.0000000000,121.08105425354
"97511",Pacoa,13947.31504370000,,3,200,“No es apropiada su aplicación para la ubicación exacta de puntos ni para el cálculo de áreas y distancias,Vaupés,13947315043.0000000000,0.0000000000,13947315043.0000000000,191.834328146152
"97889",Yavaraté,4584.13896312000,Decreto No. 1510 de 1914,3,100,“No es apropiada su aplicación para la ubicación exacta de puntos ni para el cálculo de áreas y distancias,Vaupés,4584138963.0000000000,0.0000000000,4584138963.0000000000,169.683404480345
"94885",La Guadalupe,1137.44186733000,Decreto No. 0083 de 1988,3,80,“No es apropiada su aplicación para la ubicación exacta de puntos ni para el cálculo de áreas y distancias,Guainía,1137441867.0000000000,0.0000000000,1137441867.0000000000,105.030368542063
"97777",Papunaua,5531.67813911000,,3,200,“No es apropiada su aplicación para la ubicación exacta de puntos ni para el cálculo de áreas y distancias,Vaupés,5531678139.0000000000,0.0000000000,5531678139.0000000000,216.483851966147
"94887",Paná-Paná,10179.74645380000,Decreto No. 0083 de 1988,3,200,“No es apropiada su aplicación para la ubicación exacta de puntos ni para el cálculo de áreas y distancias,Guainía,10179746453.0000000000,0.0000000000,10179746453.0000000000,177.601026696183
"94883",San Felipe,2939.02363483000,Decreto No. 0083 de 1988,3,88,“No es apropiada su aplicación para la ubicación exacta de puntos ni para el cálculo de áreas y distancias,Guainía,2939023634.0000000000,0.0000000000,2939023634.0000000000,113.381981576005
"94884",Puerto Colombia,15615.45285530000,Decreto No. 0083 de 1988,3,96,“No es apropiada su aplicación para la ubicación exacta de puntos ni para el cálculo de áreas y distancias,Guainía,15615452855.0000000000,0.0000000000,15615452855.0000000000,139.034878314912
"94886",Cacahual,2310.68408812000,Decreto No. 0083 de 1988,3,100,“No es apropiada su aplicación para la ubicación exacta de puntos ni para el cálculo de áreas y distancias,Guainía,2310684088.0000000000,0.0000000000,2310684088.0000000000,101.677548604354
"73622",Roncesvalles,775.65671195600,Ordenanza No. 04 de 1944,1,2550,“No es apropiada su aplicación para la ubicación exacta de puntos ni para el cálculo de áreas y distancias,Tolima,775656711.7000000477,294248.2558000000,775362463.3999999762,3016.82276870306
"63302",Génova,295.69690310700,Ordenanza No. 10 de 1937,1,1500,“No es apropiada su aplicación para la ubicación exacta de puntos ni para el cálculo de áreas y distancias,Quindío,295696903.1000000238,518259.9491000000,295178643.1000000238,2480.32069774645
"76122",Caicedonia,167.13736158400,Ordenanza No. 21 de 1923,1,1167,“No es apropiada su aplicación para la ubicación exacta de puntos ni para el cálculo de áreas y distancias,Valle del Cauca,167137361.5000000000,2888272.0940000000,164249089.4000000060,1404.47263190137
"63401",La Tebaida,89.44504826310,Decreto No. 547 de 1954,1,1175,“No es apropiada su aplicación para la ubicación exacta de puntos ni para el cálculo de áreas y distancias,Quindío,89445048.2600000054,3436012.9440000001,86009035.3100000024,1137.29838694697
"76403",La Victoria,264.71875321600,,1,916,“No es apropiada su aplicación para la ubicación exacta de puntos ni para el cálculo de áreas y distancias,Valle del Cauca,264718753.0000000000,2318487.4270000001,262400265.5000000000,1039.44297894417
"73124",Cajamarca,508.38818731000,Decreto No. 0112 de 1908,1,1814,“No es apropiada su aplicación para la ubicación exacta de puntos ni para el cálculo de áreas y distancias,Tolima,508388187.3000000715,691518.5894000002,507696668.6999999285,2829.06768993577
"76497",Obando,214.67490407200,,1,935,“No es apropiada su aplicación para la ubicación exacta de puntos ni para el cálculo de áreas y distancias,Valle del Cauca,214674904.0000000000,2087510.4930000000,212587393.5000000000,1057.10688701142
"73001",Ibagué,1376.57180066000,,1,1286,“No es apropiada su aplicación para la ubicación exacta de puntos ni para el cálculo de áreas y distancias,Tolima,1376571800.0000000000,49870271.1000000015,1326701528.0000000000,1935.56977070742
"76020",Alcalá,62.33610447800,Ordenanza No. 12 de 1919,1,1220,“No es apropiada su aplicación para la ubicación exacta de puntos ni para el cálculo de áreas y distancias,Valle del Cauca,62336104.4600000009,1127175.1990000000,61208929.2599999979,1255.21786900131
"63272",Filandia,106.60875846200,,1,1800,“No es apropiada su aplicación para la ubicación exacta de puntos ni para el cálculo de áreas y distancias,Quindío,106608758.4000000060,829115.0542000000,105779643.2999999970,1725.70769927165
"76845",Ulloa,41.87225287000,Ordenanza No. 20 de 1925,1,1410,“No es apropiada su aplicación para la ubicación exacta de puntos ni para el cálculo de áreas y distancias,Valle del Cauca,41872252.8500000015,451014.9097000000,41421237.9399999976,1255.9023266378
"76147",Cartago,248.18697479100,,1,917,“No es apropiada su aplicación para la ubicación exacta de puntos ni para el cálculo de áreas y distancias,Valle del Cauca,248186974.5000000000,19367287.6200000010,228819686.8000000119,1004.31079157146
"66001",Pereira,608.23913961500,,1,1415,“No es apropiada su aplicación para la ubicación exacta de puntos ni para el cálculo de áreas y distancias,Risaralda,608239139.6000000238,33908021.2000000030,574331118.2999999523,1721.828414744
"05234",Dabeiba,1957.69913043000,,1,412,“No es apropiada su aplicación para la ubicación exacta de puntos ni para el cálculo de áreas y distancias,Antioquia,1957699129.9999997616,2489332.0850000000,1955209797.0000000000,1231.27203288106
"05480",Mutatá,1075.02160678000,,1,132,“No es apropiada su aplicación para la ubicación exacta de puntos ni para el cálculo de áreas y distancias,Antioquia,1075021606.0000000000,646830.1261000000,1074374775.0000000000,532.60002216437
"05837",Turbo,2919.20647693000,Ley 1883 de 2018,2,1,“No es apropiada su aplicación para la ubicación exacta de puntos ni para el cálculo de áreas y distancias,Antioquia,2919206477.0000000000,7766369.7800000003,2911440107.0000000000,91.8305390805553
"88001",San Andrés,27.39898134440,Ley 1a de 1972,1,20,“No es apropiada su aplicación para la ubicación exacta de puntos ni para el cálculo de áreas y distancias,San Andrés y Providencia,27398981.3200000003,6621416.2690000003,20777565.0500000007,22.7629114040243
"47053",Aracataca,1738.41352060000,,1,33,“No es apropiada su aplicación para la ubicación exacta de puntos ni para el cálculo de áreas y distancias,Magdalena,1738413520.0000000000,3074064.6090000002,1735339455.0000000000,1964.37979445834
"05079",Barbosa,205.60328450700,,1,1305,“No es apropiada su aplicación para la ubicación exacta de puntos ni para el cálculo de áreas y distancias,Antioquia,205603284.5000000000,2786615.8980000000,202816668.5999999940,1782.05574253231
"05686",Santa Rosa De Osos,864.49904900800,,1,2588,“No es apropiada su aplicación para la ubicación exacta de puntos ni para el cálculo de áreas y distancias,Antioquia,864499049.0000000000,5372387.8430000003,859126661.1000000238,2441.20939755635
"95001",San José Del Guaviare,16712.22066060000,Decreto No. 1165 de 1976,1,189,“No es apropiada su aplicación para la ubicación exacta de puntos ni para el cálculo de áreas y distancias,Guaviare,16712220660.0000019073,6384429.9560000002,16705836230.0000019073,209.170105993189
"50450",Puerto Concordia,1256.29517454000,Ordenanza No. 12 de 1989,1,200,“No es apropiada su aplicación para la ubicación exacta de puntos ni para el cálculo de áreas y distancias,Meta,1256295174.0000000000,871574.3713000000,1255423599.0000000000,209.613856284995
"50590",Puerto Rico,3405.72430421000,Ordenanza No. 10 de 1984,1,200,“No es apropiada su aplicación para la ubicación exacta de puntos ni para el cálculo de áreas y distancias,Meta,3405724304.0000000000,1235015.9680000001,3404489288.0000000000,231.54757413862
"50325",Mapiripán,11917.42601200000,Ordenanza No. 11 de 1989,1,200,“No es apropiada su aplicación para la ubicación exacta de puntos ni para el cálculo de áreas y distancias,Meta,11917426011.0000000000,2664948.6150000002,11914761062.0000000000,207.258351781204
"68162",Cerrito,420.06462982800,,1,2496,“No es apropiada su aplicación para la ubicación exacta de puntos ni para el cálculo de áreas y distancias,Santander,420064629.8000000119,538061.2132000000,419526568.5000000000,3379.46282256991
"68318",Guaca,268.98355730300,,1,2311,“No es apropiada su aplicación para la ubicación exacta de puntos ni para el cálculo de áreas y distancias,Santander,268983557.3000000119,589006.6842000000,268394550.5999999940,3074.38610652233
"68705",Santa Bárbara,178.27661866500,,1,1900,“No es apropiada su aplicación para la ubicación exacta de puntos ni para el cálculo de áreas y distancias,Santander,178276618.5000000000,112504.2703000000,178164114.1999999881,2485.40708999924
"68820",Tona,330.12091890400,,1,1850,“No es apropiada su aplicación para la ubicación exacta de puntos ni para el cálculo de áreas y distancias,Santander,330120918.8000000119,137323.4783000000,329983595.3000000119,2901.32172044179
"54174",Chitagá,1182.50538166000,,1,2337,“No es apropiada su aplicación para la ubicación exacta de puntos ni para el cálculo de áreas y distancias,Norte de Santander,1182505381.0000000000,635701.8090000000,1181869679.0000000000,2587.4739052429
"54743",Silos,391.48988322500,,1,2750,“No es apropiada su aplicación para la ubicación exacta de puntos ni para el cálculo de áreas y distancias,Norte de Santander,391489883.1000000238,263098.5159000000,391226784.5000000000,3364.69844171855
"15092",Betéitiva,101.66571222500,,1,2570,“No es apropiada su aplicación para la ubicación exacta de puntos ni para el cálculo de áreas y distancias,Boyacá,101665712.2000000030,168199.8324000000,101497512.2999999970,2791.53578021024
"15162",Cerinza,63.45306988200,,1,3269,“No es apropiada su aplicación para la ubicación exacta de puntos ni para el cálculo de áreas y distancias,Boyacá,63453069.8800000027,479541.9580000000,62973527.9200000018,3114.83873255569
"15087",Belén,162.77418716200,,1,3144,“No es apropiada su aplicación para la ubicación exacta de puntos ni para el cálculo de áreas y distancias,Boyacá,162774187.0000000000,1093943.3350000000,161680243.5999999940,3043.30314551968
"15537",Paz De Rio,122.43929767900,,1,2213,“No es apropiada su aplicación para la ubicación exacta de puntos ni para el cálculo de áreas y distancias,Boyacá,122439297.5000000000,973677.4151000000,121465620.0000000000,2897.26142562558
"08078",Baranoa,121.19291720700,,1,116,“No es apropiada su aplicación para la ubicación exacta de puntos ni para el cálculo de áreas y distancias,Atlántico,121192917.2000000030,5514765.6730000004,115678151.5000000000,128.835554519133
"08372",Juan De Acosta,167.89209581600,,1,50,“No es apropiada su aplicación para la ubicación exacta de puntos ni para el cálculo de áreas y distancias,Atlántico,167892095.8000000119,2318979.2400000002,165573116.5000000000,70.8059810724517
"08296",Galapa,97.51651800250,,1,87,“No es apropiada su aplicación para la ubicación exacta de puntos ni para el cálculo de áreas y distancias,Atlántico,97516518.0000000000,10309559.6799999997,87206958.3100000024,84.2415816714941
"08832",Tubará,183.00111430400,,1,268,“No es apropiada su aplicación para la ubicación exacta de puntos ni para el cálculo de áreas y distancias,Atlántico,183001114.3000000119,1005924.7060000000,181995189.5000000000,98.4909954475679
"63548",Pijao,247.95786548700,,1,1650,“No es apropiada su aplicación para la ubicación exacta de puntos ni para el cálculo de áreas y distancias,Quindío,247957865.4000000060,654761.5152000000,247303103.8000000119,2403.0855259999
"63111",Buenavista,38.26299201840,Ordenanza No. 29 de 1966,1,1500,“No es apropiada su aplicación para la ubicación exacta de puntos ni para el cálculo de áreas y distancias,Quindío,38262992.0000000000,131578.8217000000,38131413.1700000018,1362.93396439343
"63212",Córdoba,93.80032377860,Ordenanza No. 22 de 1966,1,1525,“No es apropiada su aplicación para la ubicación exacta de puntos ni para el cálculo de áreas y distancias,Quindío,93800323.7600000054,470944.8816000000,93329378.8700000048,2342.84022760417
"63470",Montenegro,149.43769959100,Ordenanza No. 14 de 1911,1,1150,“No es apropiada su aplicación para la ubicación exacta de puntos ni para el cálculo de áreas y distancias,Quindío,149437699.5000000000,3117666.1260000002,146320033.3000000119,1193.11229538969
"63594",Quimbaya,133.22775224600,Ordenanza No. 26 de 1922,1,1315,“No es apropiada su aplicación para la ubicación exacta de puntos ni para el cálculo de áreas y distancias,Quindío,133227752.2000000030,2992553.7100000000,130235198.4000000060,1231.98305562298
"11001","Bogotá, D.C.",1618.15144242000,"Ley 17 de 1905, Art. 11 - Constitución Politica 1991, art. 322",2,2600,“No es apropiada su aplicación para la ubicación exacta de puntos ni para el cálculo de áreas y distancias,Cundinamarca,1618151442.0000000000,417959130.1000000238,1200192311.0000000000,3222.53154221517
"25214",Cota,53.67950463720,,1,2561,“No es apropiada su aplicación para la ubicación exacta de puntos ni para el cálculo de áreas y distancias,Cundinamarca,53679504.6300000027,3305361.3130000001,50374143.3100000024,2601.60855040731
"05001",Medellín,373.44041578100,Acto Legislativo No. 01 de 2021,2,1475,“No es apropiada su aplicación para la ubicación exacta de puntos ni para el cálculo de áreas y distancias,Antioquia,373440415.6000000238,121319955.2000000030,252120460.4000000060,2060.15168238763
"05308",Girardota,82.80073712320,,1,1400,“No es apropiada su aplicación para la ubicación exacta de puntos ni para el cálculo de áreas y distancias,Antioquia,82800737.1200000048,3777199.1910000001,79023537.9200000018,1864.28105965647
"05237",Donmatías,198.01510094600,,1,2200,“No es apropiada su aplicación para la ubicación exacta de puntos ni para el cálculo de áreas y distancias,Antioquia,198015100.9000000060,1091563.5740000000,196923537.3000000119,2049.88480088475
"05264",Entrerrios,214.22851107400,,1,2292,“No es apropiada su aplicación para la ubicación exacta de puntos ni para el cálculo de áreas y distancias,Antioquia,214228511.0000000000,1052708.8840000001,213175802.0999999940,2506.17562879047
"05086",Belmira,295.85879748200,,1,2550,“No es apropiada su aplicación para la ubicación exacta de puntos ni para el cálculo de áreas y distancias,Antioquia,295858797.3000000119,506008.3173000000,295352788.8999999762,2798.37235955274
"19142",Caloto,265.02242214700,,1,1100,“No es apropiada su aplicación para la ubicación exacta de puntos ni para el cálculo de áreas y distancias,Cauca,265022422.0000000000,1865101.4450000001,263157320.5000000000,1390.72839475227
"19300",Guachené,100.64905512500,Decreto No. 0653 de 2006,1,1000,“No es apropiada su aplicación para la ubicación exacta de puntos ni para el cálculo de áreas y distancias,Cauca,100649055.0000000000,649180.3689000000,99999874.6299999952,995.151631633414
"19845",Villa Rica,77.51217801610,Ordenanza No. 21 de 1998,1,970,“No es apropiada su aplicación para la ubicación exacta de puntos ni para el cálculo de áreas y distancias,Cauca,77512178.0100000054,3643343.1930000000,73868834.8100000024,968.213412361709
"19573",Puerto Tejada,113.16391284600,Ordenanza No. 15 de 1912,1,1000,“No es apropiada su aplicación para la ubicación exacta de puntos ni para el cálculo de áreas y distancias,Cauca,113163912.7000000030,4378656.4460000005,108785256.2000000030,965.370094089502
"47980",Zona Bananera,418.03021789300,Ordenanza No. 011 de 1999,1,20,“No es apropiada su aplicación para la ubicación exacta de puntos ni para el cálculo de áreas y distancias,Magdalena,418030217.8000000119,576902.8479000002,417453314.8999999762,28.185146722257
"47570",Puebloviejo,679.11053766500,Ordenanza No. 54 de 1892,1,1,“No es apropiada su aplicación para la ubicación exacta de puntos ni para el cálculo de áreas y distancias,Magdalena,679110537.6000000238,690005.2833000000,678420532.2999999523,2.65132232045094
"47189",Ciénaga,1346.81186321000,,1,3,“No es apropiada su aplicación para la ubicación exacta de puntos ni para el cálculo de áreas y distancias,Magdalena,1346811863.0000000000,9858371.2270000000,1336953491.0000000000,1254.36215356469
"08770",Suan,42.42280101720,,1,7,“No es apropiada su aplicación para la ubicación exacta de puntos ni para el cálculo de áreas y distancias,Atlántico,42422801.0000000000,1834554.9450000001,40588246.0499999970,5.39395590315253
"13140",Calamar,255.59479185200,,1,8,“No es apropiada su aplicación para la ubicación exacta de puntos ni para el cálculo de áreas y distancias,Bolívar,255594791.8000000119,1792293.3600000001,253802498.4000000060,40.3822819533503
"08675",Santa Lucía,57.29260443220,Ordenanza No. 01 de 1967,1,7,“No es apropiada su aplicación para la ubicación exacta de puntos ni para el cálculo de áreas y distancias,Atlántico,57292604.4200000018,1374657.2000000000,55917947.2100000009,3.81382523585483
"13760",Soplaviento,92.54846610000,,1,5,“No es apropiada su aplicación para la ubicación exacta de puntos ni para el cálculo de áreas y distancias,Bolívar,92548466.0900000036,1592595.2500000000,90955870.8400000036,6.86117768810241
"13620",San Cristóbal,42.24602514730,Ordenanza No. 36 de 1995,1,5,“No es apropiada su aplicación para la ubicación exacta de puntos ni para el cálculo de áreas y distancias,Bolívar,42246025.1400000006,1004556.2530000000,41241468.8800000027,7.70206998013652
"13647",San Estanislao,211.56054752000,,1,25,“No es apropiada su aplicación para la ubicación exacta de puntos ni para el cálculo de áreas y distancias,Bolívar,211560547.5000000000,1966722.7160000000,209593824.6999999881,60.1936251183329
"13873",Villanueva,133.02521531600,,1,112,“No es apropiada su aplicación para la ubicación exacta de puntos ni para el cálculo de áreas y distancias,Bolívar,133025215.2000000030,1497392.4700000000,131527822.7000000030,157.754648145807
"08436",Manatí,214.13435893100,,1,10,“No es apropiada su aplicación para la ubicación exacta de puntos ni para el cálculo de áreas y distancias,Atlántico,214134358.9000000060,2516332.4580000001,211618026.4000000060,31.8337732409187
"08606",Repelón,361.18847258000,,1,10,“No es apropiada su aplicación para la ubicación exacta de puntos ni para el cálculo de áreas y distancias,Atlántico,361188472.5000000000,2144827.2710000002,359043645.1999999881,84.2946258789667
"13222",Clemencia,85.33375662340,Ordenanza No. 017 de 1995,1,62,“No es apropiada su aplicación para la ubicación exacta de puntos ni para el cálculo de áreas y distancias,Bolívar,85333756.6200000048,2793463.1150000002,82540293.5000000000,91.2118580412194
"08421",Luruaco,223.59678528400,Ordenanza No. 143 de 1960,1,31,“No es apropiada su aplicación para la ubicación exacta de puntos ni para el cálculo de áreas y distancias,Atlántico,223596785.0000000000,1340063.6070000001,222256721.3000000119,72.5395615096021
"13673",Santa Catalina,164.57225048100,,1,33,“No es apropiada su aplicación para la ubicación exacta de puntos ni para el cálculo de áreas y distancias,Bolívar,164572250.4000000060,771527.7004000000,163800722.5999999940,55.2764324710268
"08549",Piojó,262.70469980300,,1,250,“No es apropiada su aplicación para la ubicación exacta de puntos ni para el cálculo de áreas y distancias,Atlántico,262704699.8000000119,449249.9897000000,262255449.8000000119,82.7482806226935
"27150",Carmen Del Darién,3369.46994831000,Ordenanza No. 018 de 2000,1,5,“No es apropiada su aplicación para la ubicación exacta de puntos ni para el cálculo de áreas y distancias,Chocó,3369469948.0000000000,344040.4157000000,3369125907.0000000000,92.0037035708151
"27615",Riosucio,6139.60631702000,,1,22,“No es apropiada su aplicación para la ubicación exacta de puntos ni para el cálculo de áreas y distancias,Chocó,6139606317.0000000000,1579723.1150000000,6138026593.0000000000,181.699853595644
"27493",Nuevo Belen de Bajira,1289.28227171000,Ordenanza N°180 de 2023,1,22,"""No es apropiada su aplicación para la ubicación exacta de puntos ni para el cálculo de áreas y distancias""",Chocó,1289282271.0000000000,0.0000000000,1289282271.0000000000,35.1656603597422
"05212",Copacabana,67.92434715140,,1,1400,“No es apropiada su aplicación para la ubicación exacta de puntos ni para el cálculo de áreas y distancias,Antioquia,67924347.1500000060,7709400.6600000001,60214946.4900000021,1915.29707160179
"05088",Bello,147.92390905100,Ordenanza No. 48 de 1913,1,1447,“No es apropiada su aplicación para la ubicación exacta de puntos ni para el cálculo de áreas y distancias,Antioquia,141375484.9000000060,22890931.2600000016,118484553.5999999940,2223.45367447054
"05656",San Jerónimo,152.13959893700,,1,734,“No es apropiada su aplicación para la ubicación exacta de puntos ni para el cálculo de áreas y distancias,Antioquia,152139598.9000000060,4987522.1930000000,147152076.6999999881,1443.841671623
"05664",San Pedro De Los Milagros,235.36616719700,,1,2471,“No es apropiada su aplicación para la ubicación exacta de puntos ni para el cálculo de áreas y distancias,Antioquia,241914591.0000000000,2159169.4730000002,239755421.5000000000,2524.4760092724
"68615",Rionegro,1166.48053649000,,1,655,“No es apropiada su aplicación para la ubicación exacta de puntos ni para el cálculo de áreas y distancias,Santander,1166480507.0000000000,650011.6637000000,1165830495.0000000000,445.16894025938
"54385",La Esperanza,668.75090723000,Ordenanza No. 82 de 1993,1,174,“No es apropiada su aplicación para la ubicación exacta de puntos ni para el cálculo de áreas y distancias,Norte de Santander,668395885.2000000477,381762.6967000000,668014122.5000000000,512.185771630998
"20710",San Alberto,549.31571987800,Ordenanza No. 03 de 1976,1,120,“No es apropiada su aplicación para la ubicación exacta de puntos ni para el cálculo de áreas y distancias,Cesar,550366153.2000000477,1967850.4930000000,548398302.7000000477,329.147021750959
"20770",San Martín,991.73009842600,Ordenanza No. 15 de 1983,1,113,“No es apropiada su aplicación para la ubicación exacta de puntos ni para el cálculo de áreas y distancias,Cesar,992505600.2000000477,1414040.9860000000,991091559.2000000477,207.371946103047
"54003",Ábrego,1379.89869089000,,1,1395,“No es apropiada su aplicación para la ubicación exacta de puntos ni para el cálculo de áreas y distancias,Norte de Santander,1379184181.0000000000,1889199.1550000000,1377294981.0000000000,1841.18127949097
"54498",Ocaña,552.86934037300,,1,1205,“No es apropiada su aplicación para la ubicación exacta de puntos ni para el cálculo de áreas y distancias,Norte de Santander,552112964.6000000238,11072039.8300000001,541040924.7000000477,1419.41608984063
"15507",Otanche,474.48466357500,Ordenanza No. 40 de 1960,1,1040,“No es apropiada su aplicación para la ubicación exacta de puntos ni para el cálculo de áreas y distancias,Boyacá,474547661.0000000000,392900.3940000000,474154760.6000000238,837.339517009691
"68377",La Belleza,334.77752546900,Ordenanza No. 25 de 1974,1,2000,“No es apropiada su aplicación para la ubicación exacta de puntos ni para el cálculo de áreas y distancias,Santander,334777525.3000000119,359576.6671000000,334417948.6000000238,1087.585052004
"15572",Puerto Boyacá,1511.70140445000,Decreto No. 0615 de 1957,1,144,“No es apropiada su aplicación para la ubicación exacta de puntos ni para el cálculo de áreas y distancias,Boyacá,1511678209.0000000000,4075722.8700000001,1507602486.0000000000,245.029961475919
"68101",Bolívar,1008.85600026000,,1,2130,“No es apropiada su aplicación para la ubicación exacta de puntos ni para el cálculo de áreas y distancias,Santander,1008816196.9999998808,303435.7615000000,1008512760.9999998808,691.156049600903
"66088",Belén De Umbría,180.58722408500,,1,1500,“No es apropiada su aplicación para la ubicación exacta de puntos ni para el cálculo de áreas y distancias,Risaralda,181180856.0000000000,1543893.6980000001,179636962.3000000119,1575.49820911468
"66318",Guática,100.80899641900,,1,2150,“No es apropiada su aplicación para la ubicación exacta de puntos ni para el cálculo de áreas y distancias,Risaralda,100798241.2000000030,612607.8580000000,100185633.2999999970,1885.56945394155
"66572",Pueblo Rico,613.80266218300,,1,1563,“No es apropiada su aplicación para la ubicación exacta de puntos ni para el cálculo de áreas y distancias,Risaralda,613804284.2000000477,473865.2850000000,613330418.8999999762,1462.3257288563
"66456",Mistrató,564.73615883400,,1,1501,“No es apropiada su aplicación para la ubicación exacta de puntos ni para el cálculo de áreas y distancias,Risaralda,564151659.7000000477,435829.3290000001,563715830.2999999523,1698.28433766366
"25535",Pasca,271.40820120200,,1,2180,“No es apropiada su aplicación para la ubicación exacta de puntos ni para el cálculo de áreas y distancias,Cundinamarca,271377162.5000000000,607962.8426000000,270769199.6000000238,3015.79731678904
"25290",Fusagasugá,193.47801688400,,1,1728,“No es apropiada su aplicación para la ubicación exacta de puntos ni para el cálculo de áreas y distancias,Cundinamarca,193478016.8000000119,14457430.9600000009,179020585.8000000119,1636.79009507943
"25743",Silvania,162.78506075400,Ordenanza No. 40 de 1948,1,1468,“No es apropiada su aplicación para la ubicación exacta de puntos ni para el cálculo de áreas y distancias,Cundinamarca,162785060.5000000000,7311814.0520000001,155473246.4000000060,2085.11737720343
"25740",Sibaté,121.90262118500,Ordenanza No. 40 de 1967,1,2574,“No es apropiada su aplicación para la ubicación exacta de puntos ni para el cálculo de áreas y distancias,Cundinamarca,125858705.7000000030,1907220.6200000001,123951485.0000000000,2861.92940101789
"25312",Granada,60.63927650380,Ordenanza No. 017 de 1995,1,2250,“No es apropiada su aplicación para la ubicación exacta de puntos ni para el cálculo de áreas y distancias,Cundinamarca,60640608.3800000027,302092.8460000000,60338515.5300000012,2574.51272284252
"25754",Soacha,187.23217583000,,1,2555,“No es apropiada su aplicación para la ubicación exacta de puntos ni para el cálculo de áreas y distancias,Cundinamarca,183305797.9000000060,31664151.9200000018,151641645.9000000060,2820.05757582455
"76834",Tuluá,909.43863137000,,1,974,“No es apropiada su aplicación para la ubicación exacta de puntos ni para el cálculo de áreas y distancias,Valle del Cauca,909401108.5000000000,16217511.0800000001,893183597.3999999762,2109.22813493111
"76036",Andalucía,110.43532444500,Ordenanza No. 9 de 1884,1,956,“No es apropiada su aplicación para la ubicación exacta de puntos ni para el cálculo de áreas y distancias,Valle del Cauca,110433677.2000000030,3070372.2420000001,107363304.9000000060,1045.03536953593
"76113",Bugalagrande,396.81203915800,,1,941,“No es apropiada su aplicación para la ubicación exacta de puntos ni para el cálculo de áreas y distancias,Valle del Cauca,396848795.0000000000,2902105.8870000001,393946689.1000000238,1119.48397254246
"76736",Sevilla,537.17039447400,Ordenanza No. 26 de 1914,1,1613,“No es apropiada su aplicación para la ubicación exacta de puntos ni para el cálculo de áreas y distancias,Valle del Cauca,537172808.5000000000,4048847.4980000001,533123961.0000000000,2006.12630709605
"70204",Colosó,131.09284720900,,1,160,“No es apropiada su aplicación para la ubicación exacta de puntos ni para el cálculo de áreas y distancias,Sucre,131093070.7000000030,772303.7352000000,130320766.9000000060,200.251289161569
"70230",Chalán,83.67159063610,Ordenanza No. 06 de 1968,1,280,“No es apropiada su aplicación para la ubicación exacta de puntos ni para el cálculo de áreas y distancias,Sucre,85246760.8100000024,494165.9252000000,84752594.8799999952,341.217131584311
"70508",Ovejas,459.79976972600,,1,258,“No es apropiada su aplicación para la ubicación exacta de puntos ni para el cálculo de áreas y distancias,Sucre,458222284.8000000119,1820945.0310000000,456401339.6999999881,259.0022520647
"13244",El Carmen De Bolívar,945.74429207700,,1,155,“No es apropiada su aplicación para la ubicación exacta de puntos ni para el cálculo de áreas y distancias,Bolívar,945746383.1000000238,5436824.8839999996,940309558.2000000477,211.113397829209
"63130",Calarcá,219.78548905000,,1,1537,“No es apropiada su aplicación para la ubicación exacta de puntos ni para el cálculo de áreas y distancias,Quindío,219785489.0000000000,7266091.6560000004,212519397.3000000119,1814.10967928806
"63001",Armenia,120.93041996200,,1,1483,“No es apropiada su aplicación para la ubicación exacta de puntos ni para el cálculo de áreas y distancias,Quindío,121149672.5000000000,32984701.1700000018,88164971.3199999928,1296.14995492484
"63190",Circasia,91.50727484620,,1,1773,“No es apropiada su aplicación para la ubicación exacta de puntos ni para el cálculo de áreas y distancias,Quindío,91507274.8400000036,3261408.1850000001,88245866.6500000060,1630.05724408495
"63690",Salento,346.31828516600,Decreto No. 0995 de 1908,1,1900,“No es apropiada su aplicación para la ubicación exacta de puntos ni para el cálculo de áreas y distancias,Quindío,346099032.5000000000,834316.1152000000,345264716.3000000119,2623.21485624089
"25377",La Calera,326.34105520500,,1,2581,“No es apropiada su aplicación para la ubicación exacta de puntos ni para el cálculo de áreas y distancias,Cundinamarca,326080403.8000000119,1632992.5850000000,324447411.1999999881,2902.84225209076
"25175",Chía,80.05159290750,,1,2557,“No es apropiada su aplicación para la ubicación exacta de puntos ni para el cálculo de áreas y distancias,Cundinamarca,80051592.9000000060,19905987.6700000018,60145605.2199999988,2658.98794390713
"25322",Guasca,360.08425663700,,1,2650,“No es apropiada su aplicación para la ubicación exacta de puntos ni para el cálculo de áreas y distancias,Cundinamarca,360084256.6000000238,1348492.3500000001,358735764.1999999881,3062.93335381502
"25758",Sopó,110.88929587900,,1,2574,“No es apropiada su aplicación para la ubicación exacta de puntos ni para el cálculo de áreas y distancias,Cundinamarca,111149947.0000000000,2611420.2940000002,108538526.7000000030,2673.29610417503
"25793",Tausa,201.59873928900,,1,2931,“No es apropiada su aplicación para la ubicación exacta de puntos ni para el cálculo de áreas y distancias,Cundinamarca,201916412.0000000000,241537.9930000000,201674874.0000000000,3223.77435943668
"25781",Sutatausa,64.78062252240,,1,2600,“No es apropiada su aplicación para la ubicación exacta de puntos ni para el cálculo de áreas y distancias,Cundinamarca,64497663.1400000006,210568.9448000000,64287094.1899999976,2826.75667194421
"25224",Cucunubá,109.68183816100,,1,2590,“No es apropiada su aplicación para la ubicación exacta de puntos ni para el cálculo de áreas y distancias,Cundinamarca,109646574.4000000060,370831.8473000000,109275742.5000000000,2829.3206578092
"25154",Carmen De Carupa,298.14718517100,,1,2950,“No es apropiada su aplicación para la ubicación exacta de puntos ni para el cálculo de áreas y distancias,Cundinamarca,298147735.3000000119,442961.1077000000,297704774.1000000238,3078.12021604959
"23300",Cotorra,87.74117640030,Ordenanza No. 03 de 1997,1,10,“No es apropiada su aplicación para la ubicación exacta de puntos ni para el cálculo de áreas y distancias,Córdoba,88033466.3400000036,2211359.6260000002,85822106.7099999934,5.85146036648055
"23417",Lorica,951.22870301000,,1,6,“No es apropiada su aplicación para la ubicación exacta de puntos ni para el cálculo de áreas y distancias,Córdoba,950936412.9999998808,7884743.7070000004,943051669.2000000477,34.3601745425011
