NOM_AH,Akm2_SZH
Amazonas,343640.934704055
Caribe,105793.3379089333
Magdalena Cauca,276926.850134169
Orinoco,350313.709100446
Pacifico,77857.8673076962
