station,empirical_dist,p_dist,delta,deltao,eval,fit,n,best_fit,best_fit_sort
11025501,edf_tukey,dweibull,0.0620572672116617,0.4472608134160001,Δo > Δ,1,8,1,1
11025501,edf_blom,dweibull,0.062246251657828,0.4472608134160001,Δo > Δ,1,8,1,2
11025501,edf_cunnane,dweibull,0.063354899107939,0.4472608134160001,Δo > Δ,1,8,1,3
11025501,edf_filliben,dweibull,0.0636472253706575,0.4472608134160001,Δo > Δ,1,8,1,4
11025501,edf_jenkinson,dweibull,0.064396169359633,0.4472608134160001,Δo > Δ,1,8,1,5
11025501,edf_beard,dweibull,0.064396169359633,0.4472608134160001,Δo > Δ,1,8,1,6
11025501,edf_gringorten,dweibull,0.0651571338790552,0.4472608134160001,Δo > Δ,1,8,1,7
11025501,edf_chegodayev,dweibull,0.065390600544995,0.4472608134160001,Δo > Δ,1,8,1,8
11025501,edf_hazen,dweibull,0.0679280698396462,0.4472608134160001,Δo > Δ,1,8,1,9
11025501,edf_adamowski,dweibull,0.0702925613293087,0.4472608134160001,Δo > Δ,1,8,1,10
11025501,edf_weibull,gumbel_l,0.075630551110591,0.4472608134160001,Δo > Δ,1,8,1,11
11025501,edf_california,laplace,0.1007257702845119,0.4472608134160001,Δo > Δ,1,8,1,12
11027030,edf_hazen,pearson3,0.1163935089398869,0.530385761606,Δo > Δ,1,6,1,1
11027030,edf_gringorten,pearson3,0.1212954697242006,0.530385761606,Δo > Δ,1,6,1,2
11027030,edf_cunnane,pearson3,0.1244580250689192,0.530385761606,Δo > Δ,1,6,1,3
11027030,edf_blom,pearson3,0.126393508939887,0.530385761606,Δo > Δ,1,6,1,4
11027030,edf_tukey,betaprime,0.1286097992323752,0.530385761606,Δo > Δ,1,6,1,5
11027030,edf_filliben,betaprime,0.1290025722095944,0.530385761606,Δo > Δ,1,6,1,6
11027030,edf_beard,betaprime,0.1291872616973151,0.530385761606,Δo > Δ,1,6,1,7
11027030,edf_jenkinson,betaprime,0.1291872616973151,0.530385761606,Δo > Δ,1,6,1,8
11027030,edf_chegodayev,betaprime,0.1294321676534279,0.530385761606,Δo > Δ,1,6,1,9
11027030,edf_adamowski,betaprime,0.130634090730351,0.530385761606,Δo > Δ,1,6,1,10
11027030,edf_weibull,logpearson3,0.14017195606923,0.530385761606,Δo > Δ,1,6,1,11
11027030,edf_california,kappa4,0.1630847110379127,0.530385761606,Δo > Δ,1,6,1,12
11027070,edf_california,logmielke,0.0951894941127732,0.351490473531,Δo > Δ,1,13,1,1
11027070,edf_jenkinson,logdweibull,0.098639346163173,0.351490473531,Δo > Δ,1,13,1,2
11027070,edf_beard,logdweibull,0.098639346163173,0.351490473531,Δo > Δ,1,13,1,3
11027070,edf_chegodayev,logdweibull,0.0986865669348777,0.351490473531,Δo > Δ,1,13,1,4
11027070,edf_filliben,logdweibull,0.0990587536578172,0.351490473531,Δo > Δ,1,13,1,5
11027070,edf_tukey,logdweibull,0.0999472684352209,0.351490473531,Δo > Δ,1,13,1,6
11027070,edf_adamowski,logdweibull,0.1008977333251485,0.351490473531,Δo > Δ,1,13,1,7
11027070,edf_blom,logdweibull,0.1023057590012587,0.351490473531,Δo > Δ,1,13,1,8
11027070,edf_weibull,logncf,0.1023439762233985,0.351490473531,Δo > Δ,1,13,1,9
11027070,edf_cunnane,logdweibull,0.1037351472230997,0.351490473531,Δo > Δ,1,13,1,10
11027070,edf_gringorten,logdweibull,0.1060448294108308,0.351490473531,Δo > Δ,1,13,1,11
11027070,edf_hazen,loglaplace_asymmetric,0.1083390650245441,0.351490473531,Δo > Δ,1,13,1,12
11030010,edf_weibull,logdweibull,0.110727525304784,0.5865427407550001,Δo > Δ,1,5,1,1
11030010,edf_gringorten,logchi2,0.1110039797732973,0.5865427407550001,Δo > Δ,1,5,1,2
11030010,edf_cunnane,logchi2,0.1153846061092159,0.5865427407550001,Δo > Δ,1,5,1,3
11030010,edf_hazen,logchi2,0.1156914797732973,0.5865427407550001,Δo > Δ,1,5,1,4
11030010,edf_blom,logchi2,0.1190476097722196,0.5865427407550001,Δo > Δ,1,5,1,5
11030010,edf_tukey,logchi2,0.1249999907246006,0.5865427407550001,Δo > Δ,1,5,1,6
11030010,edf_filliben,logchi2,0.1272134110414692,0.5865427407550001,Δo > Δ,1,5,1,7
11030010,edf_jenkinson,logchi2,0.1282527788286898,0.5865427407550001,Δo > Δ,1,5,1,8
11030010,edf_beard,logchi2,0.1282527788286898,0.5865427407550001,Δo > Δ,1,5,1,9
11030010,edf_chegodayev,logchi2,0.1296296203542302,0.5865427407550001,Δo > Δ,1,5,1,10
11030010,edf_adamowski,logweibull_min,0.1363636230436743,0.5865427407550001,Δo > Δ,1,5,1,11
11030010,edf_california,loginvgauss,0.1458243591923573,0.5865427407550001,Δo > Δ,1,5,1,12
11037030,edf_hazen,laplace_asymmetric,0.0812448773047276,0.417612680231,Δo > Δ,1,9,1,1
11037030,edf_gringorten,laplace_asymmetric,0.0856308422170083,0.417612680231,Δo > Δ,1,9,1,2
11037030,edf_cunnane,laplace_asymmetric,0.0884912541163218,0.417612680231,Δo > Δ,1,9,1,3
11037030,edf_california,dweibull,0.0900896395772828,0.417612680231,Δo > Δ,1,9,1,4
11037030,edf_blom,laplace_asymmetric,0.0902538863137366,0.417612680231,Δo > Δ,1,9,1,5
11037030,edf_tukey,laplace_asymmetric,0.0931496392094896,0.417612680231,Δo > Δ,1,9,1,6
11037030,edf_filliben,laplace_asymmetric,0.0942365128270625,0.417612680231,Δo > Δ,1,9,1,7
11037030,edf_jenkinson,laplace_asymmetric,0.0947487863310247,0.417612680231,Δo > Δ,1,9,1,8
11037030,edf_beard,laplace_asymmetric,0.0947487863310247,0.417612680231,Δo > Δ,1,9,1,9
11037030,edf_chegodayev,laplace_asymmetric,0.0954292744678482,0.417612680231,Δo > Δ,1,9,1,10
11037030,edf_adamowski,laplace_asymmetric,0.0987887369538504,0.417612680231,Δo > Δ,1,9,1,11
11037030,edf_weibull,genlogistic,0.1034944920912649,0.417612680231,Δo > Δ,1,9,1,12
11045010,edf_hazen,logmielke,0.082900162656064,0.484420539261,Δo > Δ,1,7,1,1
11045010,edf_gringorten,logmielke,0.0877155719658554,0.484420539261,Δo > Δ,1,7,1,2
11045010,edf_cunnane,logmielke,0.090836670592572,0.484420539261,Δo > Δ,1,7,1,3
11045010,edf_blom,logmielke,0.0927523794048325,0.484420539261,Δo > Δ,1,7,1,4
11045010,edf_tukey,logmielke,0.095887175643077,0.484420539261,Δo > Δ,1,7,1,5
11045010,edf_adamowski,alpha,0.0968897281268762,0.484420539261,Δo > Δ,1,7,1,6
11045010,edf_filliben,logmielke,0.0970597979969621,0.484420539261,Δo > Δ,1,7,1,7
11045010,edf_jenkinson,logmielke,0.0976117383432495,0.484420539261,Δo > Δ,1,7,1,8
11045010,edf_beard,logmielke,0.0976117383432495,0.484420539261,Δo > Δ,1,7,1,9
11045010,edf_chegodayev,alpha,0.0979831710403643,0.484420539261,Δo > Δ,1,7,1,10
11045010,edf_weibull,alpha,0.1135563947935429,0.484420539261,Δo > Δ,1,7,1,11
11045010,edf_california,invgauss,0.138565185664331,0.484420539261,Δo > Δ,1,7,1,12
11047040,edf_california,expon,0.0777687384442518,0.3260541228310003,Δo > Δ,1,17,1,1
11047040,edf_adamowski,logbetaprime,0.0834735179014548,0.3260541228310003,Δo > Δ,1,17,1,2
11047040,edf_weibull,logbetaprime,0.0834735179014548,0.3260541228310003,Δo > Δ,1,17,1,3
11047040,edf_chegodayev,logbetaprime,0.0835323699636388,0.3260541228310003,Δo > Δ,1,17,1,4
11047040,edf_jenkinson,logbetaprime,0.0839291796140496,0.3260541228310003,Δo > Δ,1,17,1,5
11047040,edf_beard,logbetaprime,0.0839291796140496,0.3260541228310003,Δo > Δ,1,17,1,6
11047040,edf_filliben,logbetaprime,0.0842273866936844,0.3260541228310003,Δo > Δ,1,17,1,7
11047040,edf_tukey,logbetaprime,0.0848586299105885,0.3260541228310003,Δo > Δ,1,17,1,8
11047040,edf_blom,logbetaprime,0.0865308707132641,0.3260541228310003,Δo > Δ,1,17,1,9
11047040,edf_cunnane,logbetaprime,0.0875419930590679,0.3260541228310003,Δo > Δ,1,17,1,10
11047040,edf_gringorten,logbetaprime,0.0891720734763685,0.3260541228310003,Δo > Δ,1,17,1,11
11047040,edf_hazen,logbetaprime,0.0916459602273306,0.3260541228310003,Δo > Δ,1,17,1,12
11080010,edf_cunnane,logfisk,0.070012141536252,0.530385761606,Δo > Δ,1,6,1,1
11080010,edf_blom,logfisk,0.0720639234562275,0.530385761606,Δo > Δ,1,6,1,2
11080010,edf_gringorten,logfisk,0.0731746968809706,0.530385761606,Δo > Δ,1,6,1,3
11080010,edf_tukey,logfisk,0.0773270813509643,0.530385761606,Δo > Δ,1,6,1,4
11080010,edf_hazen,logfisk,0.0780766576652843,0.530385761606,Δo > Δ,1,6,1,5
11080010,edf_filliben,logfisk,0.0792909462370602,0.530385761606,Δo > Δ,1,6,1,6
11080010,edf_beard,logfisk,0.0802143936756632,0.530385761606,Δo > Δ,1,6,1,7
11080010,edf_jenkinson,logfisk,0.0802143936756632,0.530385761606,Δo > Δ,1,6,1,8
11080010,edf_chegodayev,logfisk,0.0814389234562275,0.530385761606,Δo > Δ,1,6,1,9
11080010,edf_adamowski,logfisk,0.0874485388408429,0.530385761606,Δo > Δ,1,6,1,10
11080010,edf_weibull,logbetaprime,0.1120505552634303,0.530385761606,Δo > Δ,1,6,1,11
11080010,edf_california,dweibull,0.1226562300861343,0.530385761606,Δo > Δ,1,6,1,12
11105020,edf_blom,laplace_asymmetric,0.046656659374025,0.4472608134160001,Δo > Δ,1,8,1,1
11105020,edf_cunnane,laplace_asymmetric,0.0476924433259283,0.4472608134160001,Δo > Δ,1,8,1,2
11105020,edf_tukey,laplace_asymmetric,0.0494780084656423,0.4472608134160001,Δo > Δ,1,8,1,3
11105020,edf_gringorten,laplace_asymmetric,0.0494946780970445,0.4472608134160001,Δo > Δ,1,8,1,4
11105020,edf_filliben,laplace_asymmetric,0.050613692864925,0.4472608134160001,Δo > Δ,1,8,1,5
11105020,edf_jenkinson,laplace_asymmetric,0.0511486528570504,0.4472608134160001,Δo > Δ,1,8,1,6
11105020,edf_beard,laplace_asymmetric,0.0511486528570504,0.4472608134160001,Δo > Δ,1,8,1,7
11105020,edf_chegodayev,laplace_asymmetric,0.0518589608465946,0.4472608134160001,Δo > Δ,1,8,1,8
11105020,edf_hazen,laplace_asymmetric,0.0522656140576356,0.4472608134160001,Δo > Δ,1,8,1,9
11105020,edf_adamowski,laplace_asymmetric,0.0564976952162955,0.4472608134160001,Δo > Δ,1,8,1,10
11105020,edf_weibull,fisk,0.0769098828959546,0.4472608134160001,Δo > Δ,1,8,1,11
11105020,edf_california,laplace,0.1074047293934106,0.4472608134160001,Δo > Δ,1,8,1,12
11117050,edf_weibull,logbetaprime,0.1256254374800867,0.5865427407550001,Δo > Δ,1,5,1,1
11117050,edf_hazen,logloggamma,0.1427173269237444,0.5865427407550001,Δo > Δ,1,5,1,2
11117050,edf_gringorten,logloggamma,0.1474048269237445,0.5865427407550001,Δo > Δ,1,5,1,3
11117050,edf_cunnane,logloggamma,0.1504096346160522,0.5865427407550001,Δo > Δ,1,5,1,4
11117050,edf_blom,logloggamma,0.152241136447554,0.5865427407550001,Δo > Δ,1,5,1,5
11117050,edf_adamowski,logbetaprime,0.1535453055890551,0.5865427407550001,Δo > Δ,1,5,1,6
11117050,edf_tukey,logloggamma,0.1552173269237445,0.5865427407550001,Δo > Δ,1,5,1,7
11117050,edf_filliben,logloggamma,0.1563240370821787,0.5865427407550001,Δo > Δ,1,5,1,8
11117050,edf_beard,logloggamma,0.1568437209757891,0.5865427407550001,Δo > Δ,1,5,1,9
11117050,edf_jenkinson,logloggamma,0.1568437209757891,0.5865427407550001,Δo > Δ,1,5,1,10
11117050,edf_chegodayev,logloggamma,0.1575321417385592,0.5865427407550001,Δo > Δ,1,5,1,11
11117050,edf_california,logkstwobign,0.1665371591324501,0.5865427407550001,Δo > Δ,1,5,1,12
11135030,edf_chegodayev,logt,0.0827519880266604,0.417612680231,Δo > Δ,1,9,1,1
11135030,edf_jenkinson,logt,0.0832056467845426,0.417612680231,Δo > Δ,1,9,1,2
11135030,edf_beard,logt,0.0832056467845426,0.417612680231,Δo > Δ,1,9,1,3
11135030,edf_filliben,logt,0.0835471624538508,0.417612680231,Δo > Δ,1,9,1,4
11135030,edf_adamowski,logt,0.0836437746829992,0.417612680231,Δo > Δ,1,9,1,5
11135030,edf_tukey,logt,0.0842717448655662,0.417612680231,Δo > Δ,1,9,1,6
11135030,edf_blom,logt,0.0862022467960681,0.417612680231,Δo > Δ,1,9,1,7
11135030,edf_cunnane,logt,0.0873773349276779,0.417612680231,Δo > Δ,1,9,1,8
11135030,edf_gringorten,logt,0.089284276193887,0.417612680231,Δo > Δ,1,9,1,9
11135030,edf_hazen,logt,0.0922082528020741,0.417612680231,Δo > Δ,1,9,1,10
11135030,edf_weibull,logt,0.0941700904724729,0.417612680231,Δo > Δ,1,9,1,11
11135030,edf_california,laplace_asymmetric,0.1357223703395947,0.417612680231,Δo > Δ,1,9,1,12
11159010,edf_hazen,lognct,0.0762074864920596,0.351490473531,Δo > Δ,1,13,1,1
11159010,edf_gringorten,lognct,0.0772729780744584,0.351490473531,Δo > Δ,1,13,1,2
11159010,edf_cunnane,lognct,0.0781968509495508,0.351490473531,Δo > Δ,1,13,1,3
11159010,edf_blom,lognct,0.0787686062382872,0.351490473531,Δo > Δ,1,13,1,4
11159010,edf_tukey,lognct,0.0797120024647023,0.351490473531,Δo > Δ,1,13,1,5
11159010,edf_filliben,lognct,0.0800674083756638,0.351490473531,Δo > Δ,1,13,1,6
11159010,edf_beard,lognct,0.0802351713735214,0.351490473531,Δo > Δ,1,13,1,7
11159010,edf_jenkinson,lognct,0.0802351713735214,0.351490473531,Δo > Δ,1,13,1,8
11159010,edf_chegodayev,lognct,0.0804582711214187,0.351490473531,Δo > Δ,1,13,1,9
11159010,edf_adamowski,lognct,0.0815638543165542,0.351490473531,Δo > Δ,1,13,1,10
11159010,edf_weibull,lognct,0.0868548596075595,0.351490473531,Δo > Δ,1,13,1,11
11159010,edf_california,t,0.0922299319882873,0.351490473531,Δo > Δ,1,13,1,12
12015060,edf_gringorten,dweibull,0.0845555112336057,0.5865427407550001,Δo > Δ,1,5,1,1
12015060,edf_hazen,ncf,0.0897621470314823,0.5865427407550001,Δo > Δ,1,5,1,2
12015060,edf_cunnane,dweibull,0.090565126618221,0.5865427407550001,Δo > Δ,1,5,1,3
12015060,edf_blom,dweibull,0.0942281302812247,0.5865427407550001,Δo > Δ,1,5,1,4
12015060,edf_tukey,dweibull,0.1001805112336056,0.5865427407550001,Δo > Δ,1,5,1,5
12015060,edf_filliben,dweibull,0.1023939315504742,0.5865427407550001,Δo > Δ,1,5,1,6
12015060,edf_beard,dweibull,0.1034332993376949,0.5865427407550001,Δo > Δ,1,5,1,7
12015060,edf_jenkinson,dweibull,0.1034332993376949,0.5865427407550001,Δo > Δ,1,5,1,8
12015060,edf_chegodayev,ncf,0.1045769618462971,0.5865427407550001,Δo > Δ,1,5,1,9
12015060,edf_adamowski,ncf,0.1079439652133005,0.5865427407550001,Δo > Δ,1,5,1,10
12015060,edf_california,logdweibull,0.1197451745842066,0.5865427407550001,Δo > Δ,1,5,1,11
12015060,edf_weibull,ncf,0.1230954803648156,0.5865427407550001,Δo > Δ,1,5,1,12
12015100,edf_california,wald,0.0909090909090909,0.3761373588009999,Δo > Δ,1,11,1,1
12015100,edf_hazen,logdweibull,0.0969316101954792,0.3761373588009999,Δo > Δ,1,11,1,2
12015100,edf_gringorten,logdweibull,0.0998747102608813,0.3761373588009999,Δo > Δ,1,11,1,3
12015100,edf_cunnane,logdweibull,0.101801740065609,0.3761373588009999,Δo > Δ,1,11,1,4
12015100,edf_blom,logdweibull,0.1029922162560852,0.3761373588009999,Δo > Δ,1,11,1,5
12015100,edf_tukey,logdweibull,0.1049530005698108,0.3761373588009999,Δo > Δ,1,11,1,6
12015100,edf_filliben,logdweibull,0.1056905591216081,0.3761373588009999,Δo > Δ,1,11,1,7
12015100,edf_jenkinson,logdweibull,0.1060384962795183,0.3761373588009999,Δo > Δ,1,11,1,8
12015100,edf_beard,logdweibull,0.1060384962795183,0.3761373588009999,Δo > Δ,1,11,1,9
12015100,edf_chegodayev,logdweibull,0.1065009881859099,0.3761373588009999,Δo > Δ,1,11,1,10
12015100,edf_adamowski,logdweibull,0.1087893177053606,0.3761373588009999,Δo > Δ,1,11,1,11
12015100,edf_weibull,loghypsecant,0.1134267052670072,0.3761373588009999,Δo > Δ,1,11,1,12
12015110,edf_california,laplace_asymmetric,0.0880154830359787,0.343224222286,Δo > Δ,1,14,1,1
12015110,edf_weibull,gumbel_l,0.0933993075591289,0.343224222286,Δo > Δ,1,14,1,2
12015110,edf_adamowski,gumbel_l,0.0968475834211979,0.343224222286,Δo > Δ,1,14,1,3
12015110,edf_chegodayev,gumbel_l,0.0975659742257956,0.343224222286,Δo > Δ,1,14,1,4
12015110,edf_jenkinson,gumbel_l,0.0977108513699773,0.343224222286,Δo > Δ,1,14,1,5
12015110,edf_beard,gumbel_l,0.0977108513699773,0.343224222286,Δo > Δ,1,14,1,6
12015110,edf_filliben,gumbel_l,0.0978197739705455,0.343224222286,Δo > Δ,1,14,1,7
12015110,edf_tukey,gumbel_l,0.0980504703498266,0.343224222286,Δo > Δ,1,14,1,8
12015110,edf_blom,gumbel_l,0.0986624654538658,0.343224222286,Δo > Δ,1,14,1,9
12015110,edf_cunnane,gumbel_l,0.0990331103760304,0.343224222286,Δo > Δ,1,14,1,10
12015110,edf_gringorten,gumbel_l,0.0996316021766927,0.343224222286,Δo > Δ,1,14,1,11
12015110,edf_hazen,gumbel_l,0.1005421647019861,0.343224222286,Δo > Δ,1,14,1,12
1206500136,edf_hazen,mielke,0.038867661202478,0.5865427407550001,Δo > Δ,1,5,1,1
1206500136,edf_gringorten,mielke,0.048242661202478,0.5865427407550001,Δo > Δ,1,5,1,2
1206500136,edf_jenkinson,logbetaprime,0.0496049128562355,0.5865427407550001,Δo > Δ,1,5,1,3
1206500136,edf_adamowski,logbetaprime,0.0496049128562355,0.5865427407550001,Δo > Δ,1,5,1,4
1206500136,edf_filliben,logbetaprime,0.0496049128562355,0.5865427407550001,Δo > Δ,1,5,1,5
1206500136,edf_tukey,logbetaprime,0.0496049128562355,0.5865427407550001,Δo > Δ,1,5,1,6
1206500136,edf_blom,logbetaprime,0.0496049128562355,0.5865427407550001,Δo > Δ,1,5,1,7
1206500136,edf_cunnane,logbetaprime,0.0496049128562355,0.5865427407550001,Δo > Δ,1,5,1,8
1206500136,edf_chegodayev,logbetaprime,0.0496049128562355,0.5865427407550001,Δo > Δ,1,5,1,9
1206500136,edf_beard,logbetaprime,0.0496049128562355,0.5865427407550001,Δo > Δ,1,5,1,10
1206500136,edf_weibull,logbetaprime,0.0496049128562355,0.5865427407550001,Δo > Δ,1,5,1,11
1206500136,edf_california,logdweibull,0.1000564476863121,0.5865427407550001,Δo > Δ,1,5,1,12
13027040,edf_weibull,logbetaprime,0.0853024723824333,0.530385761606,Δo > Δ,1,6,1,1
13027040,edf_hazen,loginvgamma,0.1019646616070127,0.530385761606,Δo > Δ,1,6,1,2
13027040,edf_gringorten,loginvgamma,0.1068666223913266,0.530385761606,Δo > Δ,1,6,1,3
13027040,edf_adamowski,logbetaprime,0.1095642016755977,0.530385761606,Δo > Δ,1,6,1,4
13027040,edf_cunnane,loginvgamma,0.1100291777360451,0.530385761606,Δo > Δ,1,6,1,5
13027040,edf_blom,loginvgamma,0.1119646616070128,0.530385761606,Δo > Δ,1,6,1,6
13027040,edf_tukey,loginvgamma,0.1151225563438549,0.530385761606,Δo > Δ,1,6,1,7
13027040,edf_chegodayev,logbetaprime,0.1155738170602131,0.530385761606,Δo > Δ,1,6,1,8
13027040,edf_filliben,loginvgamma,0.1163008752755123,0.530385761606,Δo > Δ,1,6,1,9
13027040,edf_california,chi2,0.1165787291794813,0.530385761606,Δo > Δ,1,6,1,10
13027040,edf_jenkinson,logbetaprime,0.1167983468407775,0.530385761606,Δo > Δ,1,6,1,11
13027040,edf_beard,logbetaprime,0.1167983468407775,0.530385761606,Δo > Δ,1,6,1,12
1303500129,edf_hazen,logfisk,0.0972334737344263,0.5865427407550001,Δo > Δ,1,5,1,1
1303500129,edf_california,dweibull,0.1009339021908964,0.5865427407550001,Δo > Δ,1,5,1,2
1303500129,edf_gringorten,logfisk,0.1011550315093431,0.5865427407550001,Δo > Δ,1,5,1,3
1303500129,edf_cunnane,logfisk,0.1041598392016508,0.5865427407550001,Δo > Δ,1,5,1,4
1303500129,edf_blom,logfisk,0.1059913410331526,0.5865427407550001,Δo > Δ,1,5,1,5
1303500129,edf_tukey,logfisk,0.1089675315093431,0.5865427407550001,Δo > Δ,1,5,1,6
1303500129,edf_filliben,logfisk,0.1100742416677774,0.5865427407550001,Δo > Δ,1,5,1,7
1303500129,edf_jenkinson,logfisk,0.1105939255613877,0.5865427407550001,Δo > Δ,1,5,1,8
1303500129,edf_beard,logfisk,0.1105939255613877,0.5865427407550001,Δo > Δ,1,5,1,9
1303500129,edf_chegodayev,logfisk,0.111282346324158,0.5865427407550001,Δo > Δ,1,5,1,10
1303500129,edf_adamowski,logfisk,0.1146493496911613,0.5865427407550001,Δo > Δ,1,5,1,11
1303500129,edf_weibull,ncf,0.119313548508839,0.5865427407550001,Δo > Δ,1,5,1,12
13035501,edf_california,t,0.0737777446019172,0.4472608134160001,Δo > Δ,1,8,1,1
13035501,edf_adamowski,logdweibull,0.0835996647103736,0.4472608134160001,Δo > Δ,1,8,1,2
13035501,edf_chegodayev,logdweibull,0.0871010652705977,0.4472608134160001,Δo > Δ,1,8,1,3
13035501,edf_jenkinson,logdweibull,0.0878113732601419,0.4472608134160001,Δo > Δ,1,8,1,4
13035501,edf_beard,logdweibull,0.0878113732601419,0.4472608134160001,Δo > Δ,1,8,1,5
13035501,edf_filliben,logdweibull,0.0883463332522673,0.4472608134160001,Δo > Δ,1,8,1,6
13035501,edf_tukey,logdweibull,0.08948201765155,0.4472608134160001,Δo > Δ,1,8,1,7
13035501,edf_blom,logdweibull,0.0925123206818531,0.4472608134160001,Δo > Δ,1,8,1,8
13035501,edf_cunnane,logdweibull,0.0943600664320378,0.4472608134160001,Δo > Δ,1,8,1,9
13035501,edf_weibull,logdweibull,0.0949814225714744,0.4472608134160001,Δo > Δ,1,8,1,10
13035501,edf_hazen,logt,0.0972021927339703,0.4472608134160001,Δo > Δ,1,8,1,11
13035501,edf_gringorten,logdweibull,0.0973637910505648,0.4472608134160001,Δo > Δ,1,8,1,12
13055040,edf_california,logdweibull,0.085495375697338,0.351490473531,Δo > Δ,1,13,1,1
13055040,edf_gringorten,logfisk,0.0871206710705121,0.351490473531,Δo > Δ,1,13,1,2
13055040,edf_hazen,logfisk,0.088527800526422,0.351490473531,Δo > Δ,1,13,1,3
13055040,edf_cunnane,logfisk,0.0888331740487934,0.351490473531,Δo > Δ,1,13,1,4
13055040,edf_chegodayev,ncf,0.0890174006657327,0.351490473531,Δo > Δ,1,13,1,5
13055040,edf_beard,ncf,0.08924050041363,0.351490473531,Δo > Δ,1,13,1,6
13055040,edf_jenkinson,ncf,0.08924050041363,0.351490473531,Δo > Δ,1,13,1,7
13055040,edf_filliben,ncf,0.0894082634114877,0.351490473531,Δo > Δ,1,13,1,8
13055040,edf_tukey,ncf,0.0897636693224492,0.351490473531,Δo > Δ,1,13,1,9
13055040,edf_blom,logfisk,0.0902625622706344,0.351490473531,Δo > Δ,1,13,1,10
13055040,edf_adamowski,ncf,0.0909489974635061,0.351490473531,Δo > Δ,1,13,1,11
13055040,edf_weibull,pearson3,0.0978009988309354,0.351490473531,Δo > Δ,1,13,1,12
13057010,edf_weibull,loglaplace_asymmetric,0.0752474779097971,0.3260541228310003,Δo > Δ,1,17,1,1
13057010,edf_adamowski,loglaplace_asymmetric,0.0863585890209083,0.3260541228310003,Δo > Δ,1,17,1,2
13057010,edf_chegodayev,loglaplace_asymmetric,0.088657439595621,0.3260541228310003,Δo > Δ,1,17,1,3
13057010,edf_jenkinson,loglaplace_asymmetric,0.0891203841877668,0.3260541228310003,Δo > Δ,1,17,1,4
13057010,edf_beard,loglaplace_asymmetric,0.0891203841877668,0.3260541228310003,Δo > Δ,1,17,1,5
13057010,edf_filliben,loglaplace_asymmetric,0.0894682924473407,0.3260541228310003,Δo > Δ,1,17,1,6
13057010,edf_tukey,loglaplace_asymmetric,0.0902047428670621,0.3260541228310003,Δo > Δ,1,17,1,7
13057010,edf_blom,loglaplace_asymmetric,0.0921556904701836,0.3260541228310003,Δo > Δ,1,17,1,8
13057010,edf_cunnane,loglaplace_asymmetric,0.0933353332069548,0.3260541228310003,Δo > Δ,1,17,1,9
13057010,edf_gringorten,loglaplace_asymmetric,0.0952370936938055,0.3260541228310003,Δo > Δ,1,17,1,10
13057010,edf_hazen,loglaplace_asymmetric,0.0981232949032612,0.3260541228310003,Δo > Δ,1,17,1,11
13057010,edf_california,loglaplace_asymmetric,0.1275350596091435,0.3260541228310003,Δo > Δ,1,17,1,12
13067020,edf_hazen,loghalfnorm,0.0572919000383981,0.3942745923300002,Δo > Δ,1,10,1,1
13067020,edf_gringorten,loghalfnorm,0.0614420976668567,0.3942745923300002,Δo > Δ,1,10,1,2
13067020,edf_cunnane,loghalfnorm,0.0641546451364374,0.3942745923300002,Δo > Δ,1,10,1,3
13067020,edf_blom,loghalfnorm,0.0658284854042518,0.3942745923300002,Δo > Δ,1,10,1,4
13067020,edf_tukey,loghalfnorm,0.0685822226190433,0.3942745923300002,Δo > Δ,1,10,1,5
13067020,edf_filliben,loghalfnorm,0.0696170326963818,0.3942745923300002,Δo > Δ,1,10,1,6
13067020,edf_beard,loghalfnorm,0.0701050021578586,0.3942745923300002,Δo > Δ,1,10,1,7
13067020,edf_jenkinson,loghalfnorm,0.0701050021578586,0.3942745923300002,Δo > Δ,1,10,1,8
13067020,edf_chegodayev,loghalfnorm,0.0707534384999366,0.3942745923300002,Δo > Δ,1,10,1,9
13067020,edf_adamowski,loghalfnorm,0.0739585667050648,0.3942745923300002,Δo > Δ,1,10,1,10
13067020,edf_california,logdweibull,0.0771077168725027,0.3942745923300002,Δo > Δ,1,10,1,11
13067020,edf_weibull,lograyleigh,0.0847749179139119,0.3942745923300002,Δo > Δ,1,10,1,12
13077060,edf_hazen,exponnorm,0.0271517048302689,0.530385761606,Δo > Δ,1,6,1,1
13077060,edf_gringorten,exponnorm,0.0345581216949164,0.530385761606,Δo > Δ,1,6,1,2
13077060,edf_cunnane,exponnorm,0.0398290472694473,0.530385761606,Δo > Δ,1,6,1,3
13077060,edf_blom,exponnorm,0.0430548537210602,0.530385761606,Δo > Δ,1,6,1,4
13077060,edf_tukey,exponnorm,0.048318011615797,0.530385761606,Δo > Δ,1,6,1,5
13077060,edf_filliben,exponnorm,0.0502818765018928,0.530385761606,Δo > Δ,1,6,1,6
13077060,edf_beard,exponnorm,0.0512053239404959,0.530385761606,Δo > Δ,1,6,1,7
13077060,edf_jenkinson,exponnorm,0.0512053239404959,0.530385761606,Δo > Δ,1,6,1,8
13077060,edf_chegodayev,exponnorm,0.0524298537210601,0.530385761606,Δo > Δ,1,6,1,9
13077060,edf_adamowski,exponnorm,0.0584394691056756,0.530385761606,Δo > Δ,1,6,1,10
13077060,edf_weibull,laplace_asymmetric,0.0817734179621598,0.530385761606,Δo > Δ,1,6,1,11
13077060,edf_california,exponnorm,0.1097215203877268,0.530385761606,Δo > Δ,1,6,1,12
13085050,edf_adamowski,fisk,0.1391472753680847,0.530385761606,Δo > Δ,1,6,1,1
13085050,edf_weibull,fisk,0.1428570948538859,0.530385761606,Δo > Δ,1,6,1,2
13085050,edf_chegodayev,fisk,0.1451568907527001,0.530385761606,Δo > Δ,1,6,1,3
13085050,edf_california,invgamma,0.1456329597280437,0.530385761606,Δo > Δ,1,6,1,4
13085050,edf_cunnane,logbetaprime,0.146071698141762,0.530385761606,Δo > Δ,1,6,1,5
13085050,edf_beard,fisk,0.1463814205332644,0.530385761606,Δo > Δ,1,6,1,6
13085050,edf_jenkinson,fisk,0.1463814205332644,0.530385761606,Δo > Δ,1,6,1,7
13085050,edf_blom,logbetaprime,0.1467168594320845,0.530385761606,Δo > Δ,1,6,1,8
13085050,edf_filliben,fisk,0.1473048679718673,0.530385761606,Δo > Δ,1,6,1,9
13085050,edf_tukey,logbetaprime,0.1477694910110319,0.530385761606,Δo > Δ,1,6,1,10
13085050,edf_gringorten,logbetaprime,0.1498760108350575,0.530385761606,Δo > Δ,1,6,1,11
13085050,edf_hazen,lognakagami,0.1507522314378176,0.530385761606,Δo > Δ,1,6,1,12
13095010,edf_cunnane,mielke,0.111947870150048,0.351490473531,Δo > Δ,1,13,1,1
13095010,edf_blom,mielke,0.1122885432551466,0.351490473531,Δo > Δ,1,13,1,2
13095010,edf_gringorten,mielke,0.1128717430251404,0.351490473531,Δo > Δ,1,13,1,3
13095010,edf_tukey,mielke,0.1137036375947693,0.351490473531,Δo > Δ,1,13,1,4
13095010,edf_filliben,mielke,0.1142367464612115,0.351490473531,Δo > Δ,1,13,1,5
13095010,edf_hazen,mielke,0.1142788724810503,0.351490473531,Δo > Δ,1,13,1,6
13095010,edf_beard,mielke,0.1144883909579979,0.351490473531,Δo > Δ,1,13,1,7
13095010,edf_jenkinson,mielke,0.1144883909579979,0.351490473531,Δo > Δ,1,13,1,8
13095010,edf_chegodayev,mielke,0.1148230405798439,0.351490473531,Δo > Δ,1,13,1,9
13095010,edf_adamowski,mielke,0.1164814153725471,0.351490473531,Δo > Δ,1,13,1,10
13095010,edf_weibull,mielke,0.124417923309055,0.351490473531,Δo > Δ,1,13,1,11
13095010,edf_california,mielke,0.146395945287077,0.351490473531,Δo > Δ,1,13,1,12
14015010,edf_tukey,dweibull,0.0673889433610397,0.5865427407550001,Δo > Δ,1,5,1,1
14015010,edf_blom,dweibull,0.0681596036869236,0.5865427407550001,Δo > Δ,1,5,1,2
14015010,edf_filliben,dweibull,0.068495653519474,0.5865427407550001,Δo > Δ,1,5,1,3
14015010,edf_jenkinson,dweibull,0.0690153374130843,0.5865427407550001,Δo > Δ,1,5,1,4
14015010,edf_beard,dweibull,0.0690153374130843,0.5865427407550001,Δo > Δ,1,5,1,5
14015010,edf_chegodayev,dweibull,0.0697037581758546,0.5865427407550001,Δo > Δ,1,5,1,6
14015010,edf_cunnane,dweibull,0.0699911055184254,0.5865427407550001,Δo > Δ,1,5,1,7
14015010,edf_gringorten,dweibull,0.0729959132107331,0.5865427407550001,Δo > Δ,1,5,1,8
14015010,edf_adamowski,dweibull,0.0730707615428579,0.5865427407550001,Δo > Δ,1,5,1,9
14015010,edf_hazen,dweibull,0.0776834132107331,0.5865427407550001,Δo > Δ,1,5,1,10
14015010,edf_weibull,dweibull,0.0882222766943731,0.5865427407550001,Δo > Δ,1,5,1,11
14015010,edf_california,gumbel_l,0.1471794233446357,0.5865427407550001,Δo > Δ,1,5,1,12
14015080,edf_gringorten,ncf,0.0512311775332038,0.530385761606,Δo > Δ,1,6,1,1
14015080,edf_cunnane,ncf,0.0520819573903338,0.530385761606,Δo > Δ,1,6,1,2
14015080,edf_blom,logfisk,0.0524972298007721,0.530385761606,Δo > Δ,1,6,1,3
14015080,edf_tukey,logalpha,0.0548550904930259,0.530385761606,Δo > Δ,1,6,1,4
14015080,edf_hazen,loglaplace_asymmetric,0.055269960804635,0.530385761606,Δo > Δ,1,6,1,5
14015080,edf_filliben,logalpha,0.0568189553791217,0.530385761606,Δo > Δ,1,6,1,6
14015080,edf_beard,logalpha,0.0577424028177248,0.530385761606,Δo > Δ,1,6,1,7
14015080,edf_jenkinson,logalpha,0.0577424028177248,0.530385761606,Δo > Δ,1,6,1,8
14015080,edf_chegodayev,logalpha,0.058966932598289,0.530385761606,Δo > Δ,1,6,1,9
14015080,edf_adamowski,loglaplace_asymmetric,0.0637199103437635,0.530385761606,Δo > Δ,1,6,1,10
14015080,edf_weibull,loglaplace_asymmetric,0.091192437816291,0.530385761606,Δo > Δ,1,6,1,11
14015080,edf_california,t,0.1011169393742495,0.530385761606,Δo > Δ,1,6,1,12
14017001,edf_california,logmielke,0.1279705215219547,0.3942745923300002,Δo > Δ,1,10,1,1
14017001,edf_hazen,maxwell,0.136660772716598,0.3942745923300002,Δo > Δ,1,10,1,2
14017001,edf_gringorten,maxwell,0.1372536580920921,0.3942745923300002,Δo > Δ,1,10,1,3
14017001,edf_cunnane,maxwell,0.1376411648734608,0.3942745923300002,Δo > Δ,1,10,1,4
14017001,edf_blom,maxwell,0.13788028491172,0.3942745923300002,Δo > Δ,1,10,1,5
14017001,edf_tukey,maxwell,0.1382736759424045,0.3942745923300002,Δo > Δ,1,10,1,6
14017001,edf_filliben,maxwell,0.1384215059534529,0.3942745923300002,Δo > Δ,1,10,1,7
14017001,edf_jenkinson,maxwell,0.138491215876521,0.3942745923300002,Δo > Δ,1,10,1,8
14017001,edf_beard,maxwell,0.138491215876521,0.3942745923300002,Δo > Δ,1,10,1,9
14017001,edf_chegodayev,maxwell,0.1385838496396749,0.3942745923300002,Δo > Δ,1,10,1,10
14017001,edf_adamowski,maxwell,0.1390417250975504,0.3942745923300002,Δo > Δ,1,10,1,11
14017001,edf_weibull,maxwell,0.1444479836566584,0.3942745923300002,Δo > Δ,1,10,1,12
14019030,edf_gringorten,loggenlogistic,0.0557137023900179,0.3366456264050002,Δo > Δ,1,15,1,1
14019030,edf_cunnane,loggenlogistic,0.0572297237870809,0.3366456264050002,Δo > Δ,1,15,1,2
14019030,edf_hazen,loggenlogistic,0.0573010039773194,0.3366456264050002,Δo > Δ,1,15,1,3
14019030,edf_blom,loggenlogistic,0.0583082397491172,0.3366456264050002,Δo > Δ,1,15,1,4
14019030,edf_tukey,loggenlogistic,0.0600901356863944,0.3366456264050002,Δo > Δ,1,15,1,5
14019030,edf_filliben,loggenlogistic,0.0607621882055303,0.3366456264050002,Δo > Δ,1,15,1,6
14019030,edf_beard,loggenlogistic,0.0610795629493559,0.3366456264050002,Δo > Δ,1,15,1,7
14019030,edf_jenkinson,loggenlogistic,0.0610795629493559,0.3366456264050002,Δo > Δ,1,15,1,8
14019030,edf_chegodayev,loggenlogistic,0.0615017675328089,0.3366456264050002,Δo > Δ,1,15,1,9
14019030,edf_adamowski,loggenlogistic,0.0638907626857929,0.3366456264050002,Δo > Δ,1,15,1,10
14019030,edf_weibull,ncf,0.0667310352592238,0.3366456264050002,Δo > Δ,1,15,1,11
14019030,edf_california,chi2,0.086365017594956,0.3366456264050002,Δo > Δ,1,15,1,12
1501500054,edf_hazen,gumbel_l,0.0603187502770695,0.5865427407550001,Δo > Δ,1,5,1,1
1501500054,edf_cunnane,pearson3,0.0615257797794526,0.5865427407550001,Δo > Δ,1,5,1,2
1501500054,edf_gringorten,pearson3,0.0615257797794526,0.5865427407550001,Δo > Δ,1,5,1,3
1501500054,edf_blom,pearson3,0.0649043648007059,0.5865427407550001,Δo > Δ,1,5,1,4
1501500054,edf_tukey,pearson3,0.0708567457530869,0.5865427407550001,Δo > Δ,1,5,1,5
1501500054,edf_filliben,pearson3,0.0730701660699555,0.5865427407550001,Δo > Δ,1,5,1,6
1501500054,edf_beard,pearson3,0.0741095338571761,0.5865427407550001,Δo > Δ,1,5,1,7
1501500054,edf_jenkinson,pearson3,0.0741095338571761,0.5865427407550001,Δo > Δ,1,5,1,8
1501500054,edf_chegodayev,dweibull,0.0751134001554946,0.5865427407550001,Δo > Δ,1,5,1,9
1501500054,edf_adamowski,gumbel_l,0.0813680424104823,0.5865427407550001,Δo > Δ,1,5,1,10
1501500054,edf_weibull,gumbel_l,0.1116710727135126,0.5865427407550001,Δo > Δ,1,5,1,11
1501500054,edf_california,laplace_asymmetric,0.1327956453298924,0.5865427407550001,Δo > Δ,1,5,1,12
15015120,edf_weibull,fisk,0.08036790424908,0.3210234673459999,Δo > Δ,1,18,1,1
15015120,edf_adamowski,fisk,0.0896139924425366,0.3210234673459999,Δo > Δ,1,18,1,2
15015120,edf_chegodayev,fisk,0.0915235106564027,0.3210234673459999,Δo > Δ,1,18,1,3
15015120,edf_jenkinson,fisk,0.0919079076853094,0.3210234673459999,Δo > Δ,1,18,1,4
15015120,edf_beard,fisk,0.0919079076853094,0.3210234673459999,Δo > Δ,1,18,1,5
15015120,edf_filliben,fisk,0.0921967548946157,0.3210234673459999,Δo > Δ,1,18,1,6
15015120,edf_tukey,fisk,0.0928080956366398,0.3210234673459999,Δo > Δ,1,18,1,7
15015120,edf_blom,fisk,0.0944270246528291,0.3210234673459999,Δo > Δ,1,18,1,8
15015120,edf_cunnane,fisk,0.0954054982340425,0.3210234673459999,Δo > Δ,1,18,1,9
15015120,edf_gringorten,fisk,0.0969822878903022,0.3210234673459999,Δo > Δ,1,18,1,10
15015120,edf_hazen,fisk,0.0993737522022965,0.3210234673459999,Δo > Δ,1,18,1,11
15015120,edf_california,fisk,0.1271515299800741,0.3210234673459999,Δo > Δ,1,18,1,12
15017060,edf_blom,loglaplace,0.0823648803605633,0.530385761606,Δo > Δ,1,6,1,1
15017060,edf_tukey,loglaplace,0.0826931485263355,0.530385761606,Δo > Δ,1,6,1,2
15017060,edf_cunnane,loglaplace,0.0830100416508859,0.530385761606,Δo > Δ,1,6,1,3
15017060,edf_filliben,loglaplace,0.0830859215035547,0.530385761606,Δo > Δ,1,6,1,4
15017060,edf_jenkinson,loglaplace,0.0832706109912754,0.530385761606,Δo > Δ,1,6,1,5
15017060,edf_beard,loglaplace,0.0832706109912754,0.530385761606,Δo > Δ,1,6,1,6
15017060,edf_chegodayev,loglaplace,0.0835155169473882,0.530385761606,Δo > Δ,1,6,1,7
15017060,edf_gringorten,loglaplace,0.0840642267657921,0.530385761606,Δo > Δ,1,6,1,8
15017060,edf_adamowski,loglaplace,0.0847174400243113,0.530385761606,Δo > Δ,1,6,1,9
15017060,edf_hazen,loglaplace,0.0856982136938966,0.530385761606,Δo > Δ,1,6,1,10
15017060,edf_weibull,exponnorm,0.0959915688935993,0.530385761606,Δo > Δ,1,6,1,11
15017060,edf_california,loggumbel_r,0.1594180570071639,0.530385761606,Δo > Δ,1,6,1,12
15035020,edf_hazen,nakagami,0.1071256899516757,0.5865427407550001,Δo > Δ,1,5,1,1
15035020,edf_gringorten,nakagami,0.1104068103499757,0.5865427407550001,Δo > Δ,1,5,1,2
15035020,edf_cunnane,nakagami,0.1153833870954911,0.5865427407550001,Δo > Δ,1,5,1,3
15035020,edf_blom,nakagami,0.1190463907584947,0.5865427407550001,Δo > Δ,1,5,1,4
15035020,edf_tukey,nakagami,0.1249987717108757,0.5865427407550001,Δo > Δ,1,5,1,5
15035020,edf_filliben,nakagami,0.1272121920277443,0.5865427407550001,Δo > Δ,1,5,1,6
15035020,edf_beard,nakagami,0.1282515598149649,0.5865427407550001,Δo > Δ,1,5,1,7
15035020,edf_jenkinson,nakagami,0.1282515598149649,0.5865427407550001,Δo > Δ,1,5,1,8
15035020,edf_chegodayev,nakagami,0.1296284013405053,0.5865427407550001,Δo > Δ,1,5,1,9
15035020,edf_adamowski,nakagami,0.136362408074512,0.5865427407550001,Δo > Δ,1,5,1,10
15035020,edf_weibull,rayleigh,0.1572652537677423,0.5865427407550001,Δo > Δ,1,5,1,11
15035020,edf_california,loginvgauss,0.1807462465862535,0.5865427407550001,Δo > Δ,1,5,1,12
15065040,edf_hazen,logcrystalball,0.0881058919096875,0.3761373588009999,Δo > Δ,1,11,1,1
15065040,edf_gringorten,logcrystalball,0.0890869252648216,0.3761373588009999,Δo > Δ,1,11,1,2
15065040,edf_cunnane,logcrystalball,0.0897292685330641,0.3761373588009999,Δo > Δ,1,11,1,3
15065040,edf_blom,logcrystalball,0.0901260939298895,0.3761373588009999,Δo > Δ,1,11,1,4
15065040,edf_tukey,logcrystalball,0.0907796887011314,0.3761373588009999,Δo > Δ,1,11,1,5
15065040,edf_filliben,logcrystalball,0.0910255415517304,0.3761373588009999,Δo > Δ,1,11,1,6
15065040,edf_beard,logcrystalball,0.0911415206043672,0.3761373588009999,Δo > Δ,1,11,1,7
15065040,edf_jenkinson,logcrystalball,0.0911415206043672,0.3761373588009999,Δo > Δ,1,11,1,8
15065040,edf_chegodayev,logcrystalball,0.0912956845731643,0.3761373588009999,Δo > Δ,1,11,1,9
15065040,edf_adamowski,logcrystalball,0.0920584610796479,0.3761373588009999,Δo > Δ,1,11,1,10
15065040,edf_weibull,logcrystalball,0.0956816494854451,0.3761373588009999,Δo > Δ,1,11,1,11
15065040,edf_california,logcrystalball,0.1065564454273995,0.3761373588009999,Δo > Δ,1,11,1,12
15065180,edf_adamowski,logt,0.0721989451184625,0.3761373588009999,Δo > Δ,1,11,1,1
15065180,edf_chegodayev,logt,0.0729617216249461,0.3761373588009999,Δo > Δ,1,11,1,2
15065180,edf_jenkinson,logt,0.0731158855937433,0.3761373588009999,Δo > Δ,1,11,1,3
15065180,edf_beard,logt,0.0731158855937433,0.3761373588009999,Δo > Δ,1,11,1,4
15065180,edf_filliben,logt,0.0732318646463801,0.3761373588009999,Δo > Δ,1,11,1,5
15065180,edf_tukey,logt,0.0734777174969791,0.3761373588009999,Δo > Δ,1,11,1,6
15065180,edf_blom,logt,0.074131312268221,0.3761373588009999,Δo > Δ,1,11,1,7
15065180,edf_cunnane,logt,0.0745281376650464,0.3761373588009999,Δo > Δ,1,11,1,8
15065180,edf_gringorten,logt,0.0751704809332889,0.3761373588009999,Δo > Δ,1,11,1,9
15065180,edf_hazen,logt,0.076151514288423,0.3761373588009999,Δo > Δ,1,11,1,10
15065180,edf_weibull,logt,0.0800609909065148,0.3761373588009999,Δo > Δ,1,11,1,11
15065180,edf_california,t,0.0809795924484095,0.3761373588009999,Δo > Δ,1,11,1,12
15065190,edf_cunnane,rayleigh,0.0797799991819534,0.351490473531,Δo > Δ,1,13,1,1
15065190,edf_gringorten,rayleigh,0.079846315150571,0.351490473531,Δo > Δ,1,13,1,2
15065190,edf_hazen,rayleigh,0.080549879878526,0.351490473531,Δo > Δ,1,13,1,3
15065190,edf_blom,rayleigh,0.0809235097594262,0.351490473531,Δo > Δ,1,13,1,4
15065190,edf_tukey,rayleigh,0.0828103022122564,0.351490473531,Δo > Δ,1,13,1,5
15065190,edf_filliben,rayleigh,0.0835211140341793,0.351490473531,Δo > Δ,1,13,1,6
15065190,edf_beard,rayleigh,0.0838566400298947,0.351490473531,Δo > Δ,1,13,1,7
15065190,edf_jenkinson,rayleigh,0.0838566400298947,0.351490473531,Δo > Δ,1,13,1,8
15065190,edf_chegodayev,rayleigh,0.0843028395256892,0.351490473531,Δo > Δ,1,13,1,9
15065190,edf_adamowski,rayleigh,0.0865140059159601,0.351490473531,Δo > Δ,1,13,1,10
15065190,edf_weibull,maxwell,0.0937012776278663,0.351490473531,Δo > Δ,1,13,1,11
15065190,edf_california,ncf,0.109832101668102,0.351490473531,Δo > Δ,1,13,1,12
15065501,edf_weibull,logdweibull,0.0701325182670966,0.484420539261,Δo > Δ,1,7,1,1
15065501,edf_adamowski,logdweibull,0.0867991849337633,0.484420539261,Δo > Δ,1,7,1,2
15065501,edf_chegodayev,logdweibull,0.0904027885373669,0.484420539261,Δo > Δ,1,7,1,3
15065501,edf_jenkinson,logdweibull,0.0911352282941969,0.484420539261,Δo > Δ,1,7,1,4
15065501,edf_beard,logdweibull,0.0911352282941969,0.484420539261,Δo > Δ,1,7,1,5
15065501,edf_filliben,logdweibull,0.0916871686404843,0.484420539261,Δo > Δ,1,7,1,6
15065501,edf_tukey,logdweibull,0.0928597909943693,0.484420539261,Δo > Δ,1,7,1,7
15065501,edf_hazen,t,0.0948078621404229,0.484420539261,Δo > Δ,1,7,1,8
15065501,edf_blom,logdweibull,0.0959945872326138,0.484420539261,Δo > Δ,1,7,1,9
15065501,edf_cunnane,logdweibull,0.0979102960448743,0.484420539261,Δo > Δ,1,7,1,10
15065501,edf_gringorten,t,0.0996232714502143,0.484420539261,Δo > Δ,1,7,1,11
15065501,edf_california,t,0.1662364335689943,0.484420539261,Δo > Δ,1,7,1,12
15067020,edf_chegodayev,logncf,0.0478088414201444,0.343224222286,Δo > Δ,1,14,1,1
15067020,edf_jenkinson,logncf,0.0478571338015383,0.343224222286,Δo > Δ,1,14,1,2
15067020,edf_beard,logncf,0.0478571338015383,0.343224222286,Δo > Δ,1,14,1,3
15067020,edf_filliben,logncf,0.0478934413350611,0.343224222286,Δo > Δ,1,14,1,4
15067020,edf_tukey,logncf,0.0479703401281547,0.343224222286,Δo > Δ,1,14,1,5
15067020,edf_blom,logncf,0.0481743384961678,0.343224222286,Δo > Δ,1,14,1,6
15067020,edf_adamowski,logncf,0.0482224497498756,0.343224222286,Δo > Δ,1,14,1,7
15067020,edf_cunnane,logncf,0.048297886803556,0.343224222286,Δo > Δ,1,14,1,8
15067020,edf_gringorten,logncf,0.0484973840704435,0.343224222286,Δo > Δ,1,14,1,9
15067020,edf_hazen,logncf,0.0488009049122079,0.343224222286,Δo > Δ,1,14,1,10
15067020,edf_weibull,fisk,0.0567330838722764,0.343224222286,Δo > Δ,1,14,1,11
15067020,edf_california,logmaxwell,0.0689486435744706,0.343224222286,Δo > Δ,1,14,1,12
15067220,edf_hazen,logt,0.0831312106499414,0.417612680231,Δo > Δ,1,9,1,1
15067220,edf_gringorten,logt,0.084593198954035,0.417612680231,Δo > Δ,1,9,1,2
15067220,edf_cunnane,logt,0.0855466695871395,0.417612680231,Δo > Δ,1,9,1,3
15067220,edf_blom,logt,0.0861342136529444,0.417612680231,Δo > Δ,1,9,1,4
15067220,edf_tukey,logt,0.0870994646181955,0.417612680231,Δo > Δ,1,9,1,5
15067220,edf_filliben,logt,0.0874617558240531,0.417612680231,Δo > Δ,1,9,1,6
15067220,edf_beard,logt,0.0876325136587071,0.417612680231,Δo > Δ,1,9,1,7
15067220,edf_jenkinson,logt,0.0876325136587071,0.417612680231,Δo > Δ,1,9,1,8
15067220,edf_chegodayev,logt,0.0878593430376483,0.417612680231,Δo > Δ,1,9,1,9
15067220,edf_adamowski,logt,0.0889791638663157,0.417612680231,Δo > Δ,1,9,1,10
15067220,edf_weibull,logt,0.0942423217610526,0.417612680231,Δo > Δ,1,9,1,11
15067220,edf_california,t,0.108997704445012,0.417612680231,Δo > Δ,1,9,1,12
15075150,edf_gringorten,loglaplace_asymmetric,0.0902960688905456,0.4472608134160001,Δo > Δ,1,8,1,1
15075150,edf_hazen,loglaplace_asymmetric,0.0909753647111719,0.4472608134160001,Δo > Δ,1,8,1,2
15075150,edf_cunnane,loglaplace_asymmetric,0.0932997935090726,0.4472608134160001,Δo > Δ,1,8,1,3
15075150,edf_blom,loglaplace_asymmetric,0.0951475392592573,0.4472608134160001,Δo > Δ,1,8,1,4
15075150,edf_adamowski,t,0.09667306971687,0.4472608134160001,Δo > Δ,1,8,1,5
15075150,edf_tukey,loglaplace_asymmetric,0.0981778422895604,0.4472608134160001,Δo > Δ,1,8,1,6
15075150,edf_filliben,loglaplace_asymmetric,0.0993135266888431,0.4472608134160001,Δo > Δ,1,8,1,7
15075150,edf_jenkinson,loglaplace_asymmetric,0.0998484866809684,0.4472608134160001,Δo > Δ,1,8,1,8
15075150,edf_beard,loglaplace_asymmetric,0.0998484866809684,0.4472608134160001,Δo > Δ,1,8,1,9
15075150,edf_chegodayev,loglaplace_asymmetric,0.1005587946705127,0.4472608134160001,Δo > Δ,1,8,1,10
15075150,edf_weibull,t,0.1039918508689335,0.4472608134160001,Δo > Δ,1,8,1,11
15075150,edf_california,t,0.1091501846273799,0.4472608134160001,Δo > Δ,1,8,1,12
15075501,edf_california,mielke,0.0909085786957254,0.3761373588009999,Δo > Δ,1,11,1,1
15075501,edf_hazen,ncf,0.0910057547875934,0.3761373588009999,Δo > Δ,1,11,1,2
15075501,edf_gringorten,ncf,0.0939488548529956,0.3761373588009999,Δo > Δ,1,11,1,3
15075501,edf_cunnane,ncf,0.0958758846577233,0.3761373588009999,Δo > Δ,1,11,1,4
15075501,edf_blom,ncf,0.0970663608481994,0.3761373588009999,Δo > Δ,1,11,1,5
15075501,edf_tukey,ncf,0.0990271451619249,0.3761373588009999,Δo > Δ,1,11,1,6
15075501,edf_filliben,ncf,0.0997647037137222,0.3761373588009999,Δo > Δ,1,11,1,7
15075501,edf_jenkinson,ncf,0.1001126408716323,0.3761373588009999,Δo > Δ,1,11,1,8
15075501,edf_beard,ncf,0.1001126408716323,0.3761373588009999,Δo > Δ,1,11,1,9
15075501,edf_chegodayev,ncf,0.100575132778024,0.3761373588009999,Δo > Δ,1,11,1,10
15075501,edf_adamowski,ncf,0.1028634622974748,0.3761373588009999,Δo > Δ,1,11,1,11
15075501,edf_weibull,ncf,0.1137330275148661,0.3761373588009999,Δo > Δ,1,11,1,12
1508500053,edf_hazen,loglaplace_asymmetric,0.0450413906718523,0.530385761606,Δo > Δ,1,6,1,1
1508500053,edf_gringorten,loglaplace_asymmetric,0.0466753775999568,0.530385761606,Δo > Δ,1,6,1,2
1508500053,edf_cunnane,loglaplace_asymmetric,0.047729562714863,0.530385761606,Δo > Δ,1,6,1,3
1508500053,edf_blom,loglaplace_asymmetric,0.0496821762161421,0.530385761606,Δo > Δ,1,6,1,4
1508500053,edf_tukey,loggenlogistic,0.0512748085339935,0.530385761606,Δo > Δ,1,6,1,5
1508500053,edf_filliben,loggenlogistic,0.0530383114390368,0.530385761606,Δo > Δ,1,6,1,6
1508500053,edf_beard,loggenlogistic,0.0539617588776399,0.530385761606,Δo > Δ,1,6,1,7
1508500053,edf_jenkinson,loggenlogistic,0.0539617588776399,0.530385761606,Δo > Δ,1,6,1,8
1508500053,edf_chegodayev,loggenlogistic,0.0551862886582041,0.530385761606,Δo > Δ,1,6,1,9
1508500053,edf_adamowski,loggenlogistic,0.0611959040428196,0.530385761606,Δo > Δ,1,6,1,10
1508500053,edf_weibull,nct,0.0867858049177375,0.530385761606,Δo > Δ,1,6,1,11
1508500053,edf_california,t,0.1115928800883485,0.530385761606,Δo > Δ,1,6,1,12
15085050,edf_california,loggenlogistic,0.0719325904088821,0.3210234673459999,Δo > Δ,1,18,1,1
15085050,edf_hazen,rayleigh,0.0802633667322998,0.3210234673459999,Δo > Δ,1,18,1,2
15085050,edf_gringorten,rayleigh,0.0819189958713726,0.3210234673459999,Δo > Δ,1,18,1,3
15085050,edf_cunnane,rayleigh,0.0830106194795526,0.3210234673459999,Δo > Δ,1,18,1,4
15085050,edf_blom,rayleigh,0.0836880242665464,0.3210234673459999,Δo > Δ,1,18,1,5
15085050,edf_tukey,rayleigh,0.0848088212777543,0.3210234673459999,Δo > Δ,1,18,1,6
15085050,edf_filliben,rayleigh,0.0852320571760788,0.3210234673459999,Δo > Δ,1,18,1,7
15085050,edf_jenkinson,rayleigh,0.0854320283209832,0.3210234673459999,Δo > Δ,1,18,1,8
15085050,edf_beard,rayleigh,0.0854320283209832,0.3210234673459999,Δo > Δ,1,18,1,9
15085050,edf_chegodayev,rayleigh,0.0856981493409955,0.3210234673459999,Δo > Δ,1,18,1,10
15085050,edf_adamowski,rayleigh,0.0870201234890566,0.3210234673459999,Δo > Δ,1,18,1,11
15085050,edf_weibull,logloggamma,0.0910278339937226,0.3210234673459999,Δo > Δ,1,18,1,12
1509500118,edf_hazen,logmielke,0.0265520251099093,0.5865427407550001,Δo > Δ,1,5,1,1
1509500118,edf_gringorten,logmielke,0.0359270251099093,0.5865427407550001,Δo > Δ,1,5,1,2
1509500118,edf_cunnane,logmielke,0.0419366404945247,0.5865427407550001,Δo > Δ,1,5,1,3
1509500118,edf_blom,logmielke,0.0455996441575283,0.5865427407550001,Δo > Δ,1,5,1,4
1509500118,edf_tukey,logmielke,0.0515520251099093,0.5865427407550001,Δo > Δ,1,5,1,5
1509500118,edf_filliben,logmielke,0.0537654454267779,0.5865427407550001,Δo > Δ,1,5,1,6
1509500118,edf_beard,logmielke,0.0548048132139985,0.5865427407550001,Δo > Δ,1,5,1,7
1509500118,edf_jenkinson,logmielke,0.0548048132139985,0.5865427407550001,Δo > Δ,1,5,1,8
1509500118,edf_chegodayev,logmielke,0.0561816547395389,0.5865427407550001,Δo > Δ,1,5,1,9
1509500118,edf_adamowski,logmielke,0.0629156614735457,0.5865427407550001,Δo > Δ,1,5,1,10
1509500118,edf_weibull,loglaplace_asymmetric,0.0878823579115352,0.5865427407550001,Δo > Δ,1,5,1,11
1509500118,edf_california,dweibull,0.1175668886136181,0.5865427407550001,Δo > Δ,1,5,1,12
16015110,edf_hazen,logt,0.0807736281897807,0.3156449716410001,Δo > Δ,1,19,1,1
16015110,edf_gringorten,logt,0.083085894210481,0.3156449716410001,Δo > Δ,1,19,1,2
16015110,edf_cunnane,logt,0.0846113474880263,0.3156449716410001,Δo > Δ,1,19,1,3
16015110,edf_blom,logt,0.085558317184996,0.3156449716410001,Δo > Δ,1,19,1,4
16015110,edf_tukey,logt,0.0871257153041183,0.3156449716410001,Δo > Δ,1,19,1,5
16015110,edf_filliben,logt,0.0877177895226248,0.3156449716410001,Δo > Δ,1,19,1,6
16015110,edf_beard,logt,0.087997570398243,0.3156449716410001,Δo > Δ,1,19,1,7
16015110,edf_jenkinson,logt,0.087997570398243,0.3156449716410001,Δo > Δ,1,19,1,8
16015110,edf_chegodayev,logt,0.0883699385533184,0.3156449716410001,Δo > Δ,1,19,1,9
16015110,edf_adamowski,logt,0.0902203218470007,0.3156449716410001,Δo > Δ,1,19,1,10
16015110,edf_california,t,0.0911161094021571,0.3156449716410001,Δo > Δ,1,19,1,11
16015110,edf_weibull,nct,0.0917025583768789,0.3156449716410001,Δo > Δ,1,19,1,12
16015120,edf_adamowski,loghalflogistic,0.0752165322653574,0.343224222286,Δo > Δ,1,14,1,1
16015120,edf_chegodayev,loghalflogistic,0.075934923069955,0.343224222286,Δo > Δ,1,14,1,2
16015120,edf_jenkinson,loghalflogistic,0.0760798002141367,0.343224222286,Δo > Δ,1,14,1,3
16015120,edf_beard,loghalflogistic,0.0760798002141367,0.343224222286,Δo > Δ,1,14,1,4
16015120,edf_filliben,loghalflogistic,0.076188722814705,0.343224222286,Δo > Δ,1,14,1,5
16015120,edf_tukey,loghalflogistic,0.0764194191939861,0.343224222286,Δo > Δ,1,14,1,6
16015120,edf_blom,loghalflogistic,0.0770314142980252,0.343224222286,Δo > Δ,1,14,1,7
16015120,edf_cunnane,loghalflogistic,0.0774020592201898,0.343224222286,Δo > Δ,1,14,1,8
16015120,edf_gringorten,loghalflogistic,0.0780005510208522,0.343224222286,Δo > Δ,1,14,1,9
16015120,edf_hazen,loghalflogistic,0.0789111135461455,0.343224222286,Δo > Δ,1,14,1,10
16015120,edf_weibull,alpha,0.0834467607006608,0.343224222286,Δo > Δ,1,14,1,11
16015120,edf_california,logt,0.0849711298112635,0.343224222286,Δo > Δ,1,14,1,12
16015130,edf_hazen,logcrystalball,0.0213663337960574,0.3210234673459999,Δo > Δ,1,18,1,1
16015130,edf_gringorten,logcrystalball,0.0237577981080516,0.3210234673459999,Δo > Δ,1,18,1,2
16015130,edf_cunnane,logcrystalball,0.0253345877643114,0.3210234673459999,Δo > Δ,1,18,1,3
16015130,edf_blom,logcrystalball,0.0263130613455248,0.3210234673459999,Δo > Δ,1,18,1,4
16015130,edf_tukey,logcrystalball,0.0279319903617141,0.3210234673459999,Δo > Δ,1,18,1,5
16015130,edf_filliben,logcrystalball,0.0285433311037381,0.3210234673459999,Δo > Δ,1,18,1,6
16015130,edf_beard,logcrystalball,0.0288321783130445,0.3210234673459999,Δo > Δ,1,18,1,7
16015130,edf_jenkinson,logcrystalball,0.0288321783130445,0.3210234673459999,Δo > Δ,1,18,1,8
16015130,edf_chegodayev,logcrystalball,0.0292165753419512,0.3210234673459999,Δo > Δ,1,18,1,9
16015130,edf_adamowski,logcrystalball,0.0311260935558173,0.3210234673459999,Δo > Δ,1,18,1,10
16015130,edf_weibull,logcrystalball,0.0403721817492739,0.3210234673459999,Δo > Δ,1,18,1,11
16015130,edf_california,logcrystalball,0.0467714007972852,0.3210234673459999,Δo > Δ,1,18,1,12
16015501,edf_weibull,ncf,0.0913424445313277,0.3942745923300002,Δo > Δ,1,10,1,1
16015501,edf_adamowski,ncf,0.0935069466958298,0.3942745923300002,Δo > Δ,1,10,1,2
16015501,edf_chegodayev,ncf,0.0939648221537053,0.3942745923300002,Δo > Δ,1,10,1,3
16015501,edf_jenkinson,ncf,0.0940574559168593,0.3942745923300002,Δo > Δ,1,10,1,4
16015501,edf_beard,ncf,0.0940574559168593,0.3942745923300002,Δo > Δ,1,10,1,5
16015501,edf_filliben,ncf,0.0941271658399274,0.3942745923300002,Δo > Δ,1,10,1,6
16015501,edf_tukey,ncf,0.0942749958509758,0.3942745923300002,Δo > Δ,1,10,1,7
16015501,edf_blom,ncf,0.0950674783420056,0.3942745923300002,Δo > Δ,1,10,1,8
16015501,edf_cunnane,ncf,0.0957848384567833,0.3942745923300002,Δo > Δ,1,10,1,9
16015501,edf_gringorten,ncf,0.0969473588008893,0.3942745923300002,Δo > Δ,1,10,1,10
16015501,edf_california,loginvgauss,0.0982748786116207,0.3942745923300002,Δo > Δ,1,10,1,11
16015501,edf_hazen,loggenlogistic,0.0983916717838673,0.3942745923300002,Δo > Δ,1,10,1,12
16015502,edf_blom,dweibull,0.0612843570012643,0.4472608134160001,Δo > Δ,1,8,1,1
16015502,edf_cunnane,dweibull,0.063132102751449,0.4472608134160001,Δo > Δ,1,8,1,2
16015502,edf_tukey,dweibull,0.0640853328781739,0.4472608134160001,Δo > Δ,1,8,1,3
16015502,edf_filliben,dweibull,0.0656752910371697,0.4472608134160001,Δo > Δ,1,8,1,4
16015502,edf_gringorten,dweibull,0.066135827369976,0.4472608134160001,Δo > Δ,1,8,1,5
16015502,edf_jenkinson,dweibull,0.0664242350261453,0.4472608134160001,Δo > Δ,1,8,1,6
16015502,edf_beard,dweibull,0.0664242350261453,0.4472608134160001,Δo > Δ,1,8,1,7
16015502,edf_chegodayev,dweibull,0.0674186662115073,0.4472608134160001,Δo > Δ,1,8,1,8
16015502,edf_hazen,dweibull,0.0707540539709613,0.4472608134160001,Δo > Δ,1,8,1,9
16015502,edf_adamowski,dweibull,0.072320626995821,0.4472608134160001,Δo > Δ,1,8,1,10
16015502,edf_weibull,dweibull,0.095196443989285,0.4472608134160001,Δo > Δ,1,8,1,11
16015502,edf_california,invgauss,0.1072266275216875,0.4472608134160001,Δo > Δ,1,8,1,12
16017030,edf_hazen,genlogistic,0.0916360412519242,0.5865427407550001,Δo > Δ,1,5,1,1
16017030,edf_chegodayev,dweibull,0.0924245274330286,0.5865427407550001,Δo > Δ,1,5,1,2
16017030,edf_beard,dweibull,0.0931129481957988,0.5865427407550001,Δo > Δ,1,5,1,3
16017030,edf_jenkinson,dweibull,0.0931129481957988,0.5865427407550001,Δo > Δ,1,5,1,4
16017030,edf_filliben,dweibull,0.0936326320894091,0.5865427407550001,Δo > Δ,1,5,1,5
16017030,edf_adamowski,dweibull,0.0946604202845579,0.5865427407550001,Δo > Δ,1,5,1,6
16017030,edf_tukey,dweibull,0.0947393422478434,0.5865427407550001,Δo > Δ,1,5,1,7
16017030,edf_gringorten,genlogistic,0.0963235412519242,0.5865427407550001,Δo > Δ,1,5,1,8
16017030,edf_blom,dweibull,0.0977155327240338,0.5865427407550001,Δo > Δ,1,5,1,9
16017030,edf_cunnane,genlogistic,0.0993283489442319,0.5865427407550001,Δo > Δ,1,5,1,10
16017030,edf_weibull,weibull_min,0.1234636472972325,0.5865427407550001,Δo > Δ,1,5,1,11
16017030,edf_california,invgauss,0.1411938998966228,0.5865427407550001,Δo > Δ,1,5,1,12
1602500044,edf_hazen,dweibull,0.0735710846231629,0.5865427407550001,Δo > Δ,1,5,1,1
1602500044,edf_gringorten,dweibull,0.0829460846231631,0.5865427407550001,Δo > Δ,1,5,1,2
1602500044,edf_cunnane,dweibull,0.0889557000077785,0.5865427407550001,Δo > Δ,1,5,1,3
1602500044,edf_blom,dweibull,0.092618703670782,0.5865427407550001,Δo > Δ,1,5,1,4
1602500044,edf_tukey,dweibull,0.098571084623163,0.5865427407550001,Δo > Δ,1,5,1,5
1602500044,edf_filliben,rayleigh,0.1003176025378961,0.5865427407550001,Δo > Δ,1,5,1,6
1602500044,edf_beard,rayleigh,0.1008372864315065,0.5865427407550001,Δo > Δ,1,5,1,7
1602500044,edf_jenkinson,rayleigh,0.1008372864315065,0.5865427407550001,Δo > Δ,1,5,1,8
1602500044,edf_california,dweibull,0.1008814435609868,0.5865427407550001,Δo > Δ,1,5,1,9
1602500044,edf_chegodayev,rayleigh,0.1015257071942766,0.5865427407550001,Δo > Δ,1,5,1,10
1602500044,edf_adamowski,rayleigh,0.10489271056128,0.5865427407550001,Δo > Δ,1,5,1,11
1602500044,edf_weibull,genlogistic,0.1169272550014498,0.5865427407550001,Δo > Δ,1,5,1,12
1602500110,edf_california,logdweibull,0.0806031731599664,0.5865427407550001,Δo > Δ,1,5,1,1
1602500110,edf_hazen,nakagami,0.1038563591582852,0.5865427407550001,Δo > Δ,1,5,1,2
1602500110,edf_gringorten,nakagami,0.1093662676124364,0.5865427407550001,Δo > Δ,1,5,1,3
1602500110,edf_cunnane,nakagami,0.1153758829970518,0.5865427407550001,Δo > Δ,1,5,1,4
1602500110,edf_blom,nakagami,0.1190388866600554,0.5865427407550001,Δo > Δ,1,5,1,5
1602500110,edf_tukey,nakagami,0.1249912676124364,0.5865427407550001,Δo > Δ,1,5,1,6
1602500110,edf_filliben,nakagami,0.127204687929305,0.5865427407550001,Δo > Δ,1,5,1,7
1602500110,edf_jenkinson,nakagami,0.1282440557165256,0.5865427407550001,Δo > Δ,1,5,1,8
1602500110,edf_beard,nakagami,0.1282440557165256,0.5865427407550001,Δo > Δ,1,5,1,9
1602500110,edf_chegodayev,nakagami,0.129620897242066,0.5865427407550001,Δo > Δ,1,5,1,10
1602500110,edf_adamowski,nakagami,0.1363549039760727,0.5865427407550001,Δo > Δ,1,5,1,11
1602500110,edf_weibull,logalpha,0.1564497879919906,0.5865427407550001,Δo > Δ,1,5,1,12
16025040,edf_hazen,logfisk,0.0242705187311341,0.530385761606,Δo > Δ,1,6,1,1
16025040,edf_gringorten,logfisk,0.032440453371657,0.530385761606,Δo > Δ,1,6,1,2
16025040,edf_cunnane,logfisk,0.0377113789461879,0.530385761606,Δo > Δ,1,6,1,3
16025040,edf_blom,logfisk,0.0409371853978008,0.530385761606,Δo > Δ,1,6,1,4
16025040,edf_tukey,logfisk,0.0462003432925376,0.530385761606,Δo > Δ,1,6,1,5
16025040,edf_filliben,logfisk,0.0481642081786335,0.530385761606,Δo > Δ,1,6,1,6
16025040,edf_beard,logfisk,0.0490876556172365,0.530385761606,Δo > Δ,1,6,1,7
16025040,edf_jenkinson,logfisk,0.0490876556172365,0.530385761606,Δo > Δ,1,6,1,8
16025040,edf_chegodayev,logfisk,0.0503121853978008,0.530385761606,Δo > Δ,1,6,1,9
16025040,edf_adamowski,logfisk,0.0563218007824162,0.530385761606,Δo > Δ,1,6,1,10
16025040,edf_california,t,0.056365110669902,0.530385761606,Δo > Δ,1,6,1,11
16025040,edf_weibull,loglaplace_asymmetric,0.076566624318046,0.530385761606,Δo > Δ,1,6,1,12
16025501,edf_weibull,logdweibull,0.1174012412034887,0.484420539261,Δo > Δ,1,7,1,1
16025501,edf_adamowski,logdweibull,0.1340679078701554,0.484420539261,Δo > Δ,1,7,1,2
16025501,edf_chegodayev,logdweibull,0.137671511473759,0.484420539261,Δo > Δ,1,7,1,3
16025501,edf_jenkinson,logdweibull,0.138403951230589,0.484420539261,Δo > Δ,1,7,1,4
16025501,edf_beard,logdweibull,0.138403951230589,0.484420539261,Δo > Δ,1,7,1,5
16025501,edf_filliben,logdweibull,0.1389558915768764,0.484420539261,Δo > Δ,1,7,1,6
16025501,edf_tukey,logdweibull,0.1401285139307615,0.484420539261,Δo > Δ,1,7,1,7
16025501,edf_blom,logdweibull,0.143263310169006,0.484420539261,Δo > Δ,1,7,1,8
16025501,edf_cunnane,logdweibull,0.1451790189812665,0.484420539261,Δo > Δ,1,7,1,9
16025501,edf_gringorten,logdweibull,0.1483001176079831,0.484420539261,Δo > Δ,1,7,1,10
16025501,edf_california,logdweibull,0.1496521368139426,0.484420539261,Δo > Δ,1,7,1,11
16025501,edf_hazen,logdweibull,0.1531155269177745,0.484420539261,Δo > Δ,1,7,1,12
16025503,edf_gringorten,dweibull,0.0893980174480812,0.4472608134160001,Δo > Δ,1,8,1,1
16025503,edf_cunnane,dweibull,0.091205038074635,0.4472608134160001,Δo > Δ,1,8,1,2
16025503,edf_hazen,dweibull,0.0921689534086723,0.4472608134160001,Δo > Δ,1,8,1,3
16025503,edf_blom,dweibull,0.0930527838248198,0.4472608134160001,Δo > Δ,1,8,1,4
16025503,edf_tukey,dweibull,0.0960830868551228,0.4472608134160001,Δo > Δ,1,8,1,5
16025503,edf_filliben,dweibull,0.0972187712544055,0.4472608134160001,Δo > Δ,1,8,1,6
16025503,edf_beard,dweibull,0.0977537312465309,0.4472608134160001,Δo > Δ,1,8,1,7
16025503,edf_jenkinson,dweibull,0.0977537312465309,0.4472608134160001,Δo > Δ,1,8,1,8
16025503,edf_chegodayev,dweibull,0.0984640392360752,0.4472608134160001,Δo > Δ,1,8,1,9
16025503,edf_adamowski,dweibull,0.1019654397962993,0.4472608134160001,Δo > Δ,1,8,1,10
16025503,edf_weibull,dweibull,0.118305309077345,0.4472608134160001,Δo > Δ,1,8,1,11
16025503,edf_california,dweibull,0.1546689534086723,0.4472608134160001,Δo > Δ,1,8,1,12
16027120,edf_adamowski,t,0.0711800784979489,0.4472608134160001,Δo > Δ,1,8,1,1
16027120,edf_chegodayev,t,0.0732809188340833,0.4472608134160001,Δo > Δ,1,8,1,2
16027120,edf_jenkinson,t,0.07370710362781,0.4472608134160001,Δo > Δ,1,8,1,3
16027120,edf_beard,t,0.07370710362781,0.4472608134160001,Δo > Δ,1,8,1,4
16027120,edf_filliben,t,0.0740280796230852,0.4472608134160001,Δo > Δ,1,8,1,5
16027120,edf_tukey,t,0.0747094902626548,0.4472608134160001,Δo > Δ,1,8,1,6
16027120,edf_weibull,dweibull,0.0753507343398076,0.4472608134160001,Δo > Δ,1,8,1,7
16027120,edf_blom,t,0.0765276720808366,0.4472608134160001,Δo > Δ,1,8,1,8
16027120,edf_cunnane,t,0.0776363195309474,0.4472608134160001,Δo > Δ,1,8,1,9
16027120,edf_gringorten,t,0.0794385543020636,0.4472608134160001,Δo > Δ,1,8,1,10
16027120,edf_hazen,t,0.0822094902626548,0.4472608134160001,Δo > Δ,1,8,1,11
16027120,edf_california,t,0.1027158808850246,0.4472608134160001,Δo > Δ,1,8,1,12
16027300,edf_adamowski,weibull_min,0.1072811104138685,0.3621841451959999,Δo > Δ,1,12,1,1
16027300,edf_chegodayev,weibull_min,0.1073590418319823,0.3621841451959999,Δo > Δ,1,12,1,2
16027300,edf_jenkinson,weibull_min,0.1074241833192927,0.3621841451959999,Δo > Δ,1,12,1,3
16027300,edf_beard,weibull_min,0.1074241833192927,0.3621841451959999,Δo > Δ,1,12,1,4
16027300,edf_filliben,weibull_min,0.1074731777254381,0.3621841451959999,Δo > Δ,1,12,1,5
16027300,edf_tukey,weibull_min,0.1075770017273615,0.3621841451959999,Δo > Δ,1,12,1,6
16027300,edf_blom,weibull_min,0.1078527877174332,0.3621841451959999,Δo > Δ,1,12,1,7
16027300,edf_cunnane,weibull_min,0.108020067744198,0.3621841451959999,Δo > Δ,1,12,1,8
16027300,edf_gringorten,weibull_min,0.1082905865993623,0.3621841451959999,Δo > Δ,1,12,1,9
16027300,edf_hazen,weibull_min,0.1087031278534877,0.3621841451959999,Δo > Δ,1,12,1,10
16027300,edf_weibull,weibull_min,0.1088195719523301,0.3621841451959999,Δo > Δ,1,12,1,11
16027300,edf_california,gumbel_l,0.1179291420062432,0.3621841451959999,Δo > Δ,1,12,1,12
16035030,edf_hazen,laplace_asymmetric,0.1382848075008536,0.4472608134160001,Δo > Δ,1,8,1,1
16035030,edf_weibull,logmielke,0.139686339355927,0.4472608134160001,Δo > Δ,1,8,1,2
16035030,edf_gringorten,laplace_asymmetric,0.1410557434614448,0.4472608134160001,Δo > Δ,1,8,1,3
16035030,edf_cunnane,laplace_asymmetric,0.142857978232561,0.4472608134160001,Δo > Δ,1,8,1,4
16035030,edf_blom,laplace_asymmetric,0.1439666256826718,0.4472608134160001,Δo > Δ,1,8,1,5
16035030,edf_tukey,laplace_asymmetric,0.1457848075008536,0.4472608134160001,Δo > Δ,1,8,1,6
16035030,edf_filliben,laplace_asymmetric,0.1464662181404232,0.4472608134160001,Δo > Δ,1,8,1,7
16035030,edf_jenkinson,laplace_asymmetric,0.1467871941356984,0.4472608134160001,Δo > Δ,1,8,1,8
16035030,edf_beard,laplace_asymmetric,0.1467871941356984,0.4472608134160001,Δo > Δ,1,8,1,9
16035030,edf_chegodayev,laplace_asymmetric,0.147213378929425,0.4472608134160001,Δo > Δ,1,8,1,10
16035030,edf_adamowski,laplace_asymmetric,0.1493142192655595,0.4472608134160001,Δo > Δ,1,8,1,11
16035030,edf_california,invgauss,0.1575545064155471,0.4472608134160001,Δo > Δ,1,8,1,12
16040050,edf_california,dweibull,0.0732241362433625,0.5865427407550001,Δo > Δ,1,5,1,1
16040050,edf_hazen,loginvweibull,0.09174479449004,0.5865427407550001,Δo > Δ,1,5,1,2
16040050,edf_gringorten,loginvweibull,0.0964322944900399,0.5865427407550001,Δo > Δ,1,5,1,3
16040050,edf_cunnane,loginvweibull,0.0994371021823476,0.5865427407550001,Δo > Δ,1,5,1,4
16040050,edf_blom,loginvweibull,0.1012686040138495,0.5865427407550001,Δo > Δ,1,5,1,5
16040050,edf_tukey,loginvweibull,0.1042447944900399,0.5865427407550001,Δo > Δ,1,5,1,6
16040050,edf_filliben,loginvweibull,0.1053515046484743,0.5865427407550001,Δo > Δ,1,5,1,7
16040050,edf_jenkinson,loginvweibull,0.1058711885420845,0.5865427407550001,Δo > Δ,1,5,1,8
16040050,edf_beard,loginvweibull,0.1058711885420845,0.5865427407550001,Δo > Δ,1,5,1,9
16040050,edf_chegodayev,loginvweibull,0.1065596093048548,0.5865427407550001,Δo > Δ,1,5,1,10
16040050,edf_adamowski,loginvweibull,0.1099266126718582,0.5865427407550001,Δo > Δ,1,5,1,11
16040050,edf_weibull,loginvweibull,0.1250781278233733,0.5865427407550001,Δo > Δ,1,5,1,12
16055120,edf_california,dweibull,0.1242268490586006,0.343224222286,Δo > Δ,1,14,1,1
16055120,edf_weibull,dweibull,0.1289887538205053,0.343224222286,Δo > Δ,1,14,1,2
16055120,edf_adamowski,dweibull,0.1439312825561375,0.343224222286,Δo > Δ,1,14,1,3
16055120,edf_chegodayev,dweibull,0.1470443093760609,0.343224222286,Δo > Δ,1,14,1,4
16055120,edf_jenkinson,dweibull,0.1476721103341817,0.343224222286,Δo > Δ,1,14,1,5
16055120,edf_beard,dweibull,0.1476721103341817,0.343224222286,Δo > Δ,1,14,1,6
16055120,edf_filliben,dweibull,0.1481441082699774,0.343224222286,Δo > Δ,1,14,1,7
16055120,edf_tukey,dweibull,0.1491437925801952,0.343224222286,Δo > Δ,1,14,1,8
16055120,edf_blom,dweibull,0.151795771364365,0.343224222286,Δo > Δ,1,14,1,9
16055120,edf_cunnane,dweibull,0.1534018993604114,0.343224222286,Δo > Δ,1,14,1,10
16055120,edf_gringorten,dweibull,0.1559953638299482,0.343224222286,Δo > Δ,1,14,1,11
16055120,edf_hazen,dweibull,0.1599411347728863,0.343224222286,Δo > Δ,1,14,1,12
16055501,edf_hazen,mielke,0.0778102286026887,0.4472608134160001,Δo > Δ,1,8,1,1
16055501,edf_gringorten,loggenlogistic,0.0815010641650297,0.4472608134160001,Δo > Δ,1,8,1,2
16055501,edf_cunnane,loggenlogistic,0.0845047887835567,0.4472608134160001,Δo > Δ,1,8,1,3
16055501,edf_blom,loggenlogistic,0.0863525345337414,0.4472608134160001,Δo > Δ,1,8,1,4
16055501,edf_tukey,loggenlogistic,0.0893828375640445,0.4472608134160001,Δo > Δ,1,8,1,5
16055501,edf_filliben,loggenlogistic,0.0905185219633272,0.4472608134160001,Δo > Δ,1,8,1,6
16055501,edf_beard,loggenlogistic,0.0910534819554525,0.4472608134160001,Δo > Δ,1,8,1,7
16055501,edf_jenkinson,loggenlogistic,0.0910534819554525,0.4472608134160001,Δo > Δ,1,8,1,8
16055501,edf_chegodayev,loggenlogistic,0.0917637899449968,0.4472608134160001,Δo > Δ,1,8,1,9
16055501,edf_adamowski,loggenlogistic,0.0952651905052209,0.4472608134160001,Δo > Δ,1,8,1,10
16055501,edf_weibull,logbetaprime,0.1083838840735729,0.4472608134160001,Δo > Δ,1,8,1,11
16055501,edf_california,nakagami,0.1280232634177265,0.4472608134160001,Δo > Δ,1,8,1,12
1605700152,edf_adamowski,logdweibull,0.0642911009091616,0.5865427407550001,Δo > Δ,1,5,1,1
1605700152,edf_hazen,fisk,0.0646933699657473,0.5865427407550001,Δo > Δ,1,5,1,2
1605700152,edf_chegodayev,logdweibull,0.0659617345235077,0.5865427407550001,Δo > Δ,1,5,1,3
1605700152,edf_jenkinson,logdweibull,0.0673385760490482,0.5865427407550001,Δo > Δ,1,5,1,4
1605700152,edf_beard,logdweibull,0.0673385760490482,0.5865427407550001,Δo > Δ,1,5,1,5
1605700152,edf_filliben,logdweibull,0.0683779438362688,0.5865427407550001,Δo > Δ,1,5,1,6
1605700152,edf_gringorten,fisk,0.0693808699657473,0.5865427407550001,Δo > Δ,1,5,1,7
1605700152,edf_tukey,logdweibull,0.0705913641531373,0.5865427407550001,Δo > Δ,1,5,1,8
1605700152,edf_cunnane,weibull_min,0.0720575460154819,0.5865427407550001,Δo > Δ,1,5,1,9
1605700152,edf_blom,weibull_min,0.0738890478469838,0.5865427407550001,Δo > Δ,1,5,1,10
1605700152,edf_weibull,logdweibull,0.0903255742706281,0.5865427407550001,Δo > Δ,1,5,1,11
1605700152,edf_california,laplace_asymmetric,0.137326611747755,0.5865427407550001,Δo > Δ,1,5,1,12
16057030,edf_weibull,hypsecant,0.0794087962613013,0.331107277296,Δo > Δ,1,16,1,1
16057030,edf_adamowski,genlogistic,0.0836866939055311,0.331107277296,Δo > Δ,1,16,1,2
16057030,edf_chegodayev,genlogistic,0.0838714684805496,0.331107277296,Δo > Δ,1,16,1,3
16057030,edf_jenkinson,genlogistic,0.0839086941275313,0.331107277296,Δo > Δ,1,16,1,4
16057030,edf_beard,genlogistic,0.0839086941275313,0.331107277296,Δo > Δ,1,16,1,5
16057030,edf_filliben,genlogistic,0.0839366730739337,0.331107277296,Δo > Δ,1,16,1,6
16057030,edf_tukey,genlogistic,0.08399590850046,0.331107277296,Δo > Δ,1,16,1,7
16057030,edf_blom,genlogistic,0.0841528943717316,0.331107277296,Δo > Δ,1,16,1,8
16057030,edf_cunnane,genlogistic,0.0842478611333651,0.331107277296,Δo > Δ,1,16,1,9
16057030,edf_gringorten,genlogistic,0.0844010333295481,0.331107277296,Δo > Δ,1,16,1,10
16057030,edf_hazen,laplace_asymmetric,0.0849122701645503,0.331107277296,Δo > Δ,1,16,1,11
16057030,edf_california,loglaplace_asymmetric,0.0850852513683152,0.331107277296,Δo > Δ,1,16,1,12
17015010,edf_weibull,logwald,0.1099144218279255,0.3761373588009999,Δo > Δ,1,11,1,1
17015010,edf_adamowski,logwald,0.1244071754511139,0.3761373588009999,Δo > Δ,1,11,1,2
17015010,edf_chegodayev,logwald,0.1274582814770483,0.3761373588009999,Δo > Δ,1,11,1,3
17015010,edf_jenkinson,logwald,0.1280749373522372,0.3761373588009999,Δo > Δ,1,11,1,4
17015010,edf_beard,logwald,0.1280749373522372,0.3761373588009999,Δo > Δ,1,11,1,5
17015010,edf_filliben,logwald,0.128538853562784,0.3761373588009999,Δo > Δ,1,11,1,6
17015010,edf_tukey,logwald,0.1295222649651804,0.3761373588009999,Δo > Δ,1,11,1,7
17015010,edf_blom,logwald,0.1321366440501478,0.3761373588009999,Δo > Δ,1,11,1,8
17015010,edf_cunnane,logwald,0.1337239456374493,0.3761373588009999,Δo > Δ,1,11,1,9
17015010,edf_gringorten,logwald,0.1362933187104195,0.3761373588009999,Δo > Δ,1,11,1,10
17015010,edf_hazen,logwald,0.1402174521309558,0.3761373588009999,Δo > Δ,1,11,1,11
17015010,edf_california,logpearson3,0.1494167278234225,0.3761373588009999,Δo > Δ,1,11,1,12
17017001,edf_california,nakagami,0.1155651637717267,0.417612680231,Δo > Δ,1,9,1,1
17017001,edf_weibull,weibull_min,0.1203856269964729,0.417612680231,Δo > Δ,1,9,1,2
17017001,edf_adamowski,weibull_min,0.1256487848912097,0.417612680231,Δo > Δ,1,9,1,3
17017001,edf_chegodayev,weibull_min,0.1267686057198772,0.417612680231,Δo > Δ,1,9,1,4
17017001,edf_jenkinson,weibull_min,0.1269954350988184,0.417612680231,Δo > Δ,1,9,1,5
17017001,edf_beard,weibull_min,0.1269954350988184,0.417612680231,Δo > Δ,1,9,1,6
17017001,edf_filliben,weibull_min,0.1271661929334724,0.417612680231,Δo > Δ,1,9,1,7
17017001,edf_tukey,weibull_min,0.12752848413933,0.417612680231,Δo > Δ,1,9,1,8
17017001,edf_blom,weibull_min,0.128493735104581,0.417612680231,Δo > Δ,1,9,1,9
17017001,edf_cunnane,weibull_min,0.129081279170386,0.417612680231,Δo > Δ,1,9,1,10
17017001,edf_gringorten,weibull_min,0.1300347498034905,0.417612680231,Δo > Δ,1,9,1,11
17017001,edf_hazen,logmaxwell,0.1301667348602085,0.417612680231,Δo > Δ,1,9,1,12
17019010,edf_gringorten,rayleigh,0.0567691340605606,0.530385761606,Δo > Δ,1,6,1,1
17019010,edf_hazen,logloggamma,0.0580229205247805,0.530385761606,Δo > Δ,1,6,1,2
17019010,edf_cunnane,rayleigh,0.0587345350565162,0.530385761606,Δo > Δ,1,6,1,3
17019010,edf_blom,rayleigh,0.060670018927484,0.530385761606,Δo > Δ,1,6,1,4
17019010,edf_tukey,rayleigh,0.0638279136643261,0.530385761606,Δo > Δ,1,6,1,5
17019010,edf_filliben,rayleigh,0.0650062325959836,0.530385761606,Δo > Δ,1,6,1,6
17019010,edf_beard,rayleigh,0.0655603010591454,0.530385761606,Δo > Δ,1,6,1,7
17019010,edf_jenkinson,rayleigh,0.0655603010591454,0.530385761606,Δo > Δ,1,6,1,8
17019010,edf_chegodayev,rayleigh,0.066295018927484,0.530385761606,Δo > Δ,1,6,1,9
17019010,edf_adamowski,rayleigh,0.0699007881582532,0.530385761606,Δo > Δ,1,6,1,10
17019010,edf_weibull,logpearson3,0.0875931859240898,0.530385761606,Δo > Δ,1,6,1,11
17019010,edf_california,logbetaprime,0.1191374656704552,0.530385761606,Δo > Δ,1,6,1,12
17035010,edf_weibull,logdweibull,0.0714695880688153,0.5865427407550001,Δo > Δ,1,5,1,1
17035010,edf_adamowski,logdweibull,0.0866211032203304,0.5865427407550001,Δo > Δ,1,5,1,2
17035010,edf_chegodayev,logdweibull,0.0899881065873338,0.5865427407550001,Δo > Δ,1,5,1,3
17035010,edf_jenkinson,logdweibull,0.0906765273501041,0.5865427407550001,Δo > Δ,1,5,1,4
17035010,edf_beard,logdweibull,0.0906765273501041,0.5865427407550001,Δo > Δ,1,5,1,5
17035010,edf_filliben,logdweibull,0.0911962112437143,0.5865427407550001,Δo > Δ,1,5,1,6
17035010,edf_tukey,logdweibull,0.0923029214021486,0.5865427407550001,Δo > Δ,1,5,1,7
17035010,edf_blom,logdweibull,0.0952791118783391,0.5865427407550001,Δo > Δ,1,5,1,8
17035010,edf_cunnane,logdweibull,0.0971106137098409,0.5865427407550001,Δo > Δ,1,5,1,9
17035010,edf_gringorten,logdweibull,0.1001154214021486,0.5865427407550001,Δo > Δ,1,5,1,10
17035010,edf_hazen,logdweibull,0.1048029214021486,0.5865427407550001,Δo > Δ,1,5,1,11
17035010,edf_california,loglaplace,0.1618030454160969,0.5865427407550001,Δo > Δ,1,5,1,12
21015040,edf_hazen,t,0.0773246868576102,0.3260541228310003,Δo > Δ,1,17,1,1
21015040,edf_gringorten,t,0.0781493157745977,0.3260541228310003,Δo > Δ,1,17,1,2
21015040,edf_weibull,logt,0.0783842581893884,0.3260541228310003,Δo > Δ,1,17,1,3
21015040,edf_cunnane,t,0.0786926759136978,0.3260541228310003,Δo > Δ,1,17,1,4
21015040,edf_blom,t,0.0790297166956325,0.3260541228310003,Δo > Δ,1,17,1,5
21015040,edf_tukey,t,0.0795871302965243,0.3260541228310003,Δo > Δ,1,17,1,6
21015040,edf_filliben,t,0.079797544702159,0.3260541228310003,Δo > Δ,1,17,1,7
21015040,edf_jenkinson,t,0.0798969470620373,0.3260541228310003,Δo > Δ,1,17,1,8
21015040,edf_beard,t,0.0798969470620373,0.3260541228310003,Δo > Δ,1,17,1,9
21015040,edf_chegodayev,t,0.0800292169455075,0.3260541228310003,Δo > Δ,1,17,1,10
21015040,edf_adamowski,t,0.0806860313954254,0.3260541228310003,Δo > Δ,1,17,1,11
21015040,edf_california,t,0.0871528455386585,0.3260541228310003,Δo > Δ,1,17,1,12
21015050,edf_weibull,maxwell,0.058031806300109,0.3366456264050002,Δo > Δ,1,15,1,1
21015050,edf_adamowski,logdweibull,0.0595716091216467,0.3366456264050002,Δo > Δ,1,15,1,2
21015050,edf_jenkinson,logdweibull,0.0595716091216467,0.3366456264050002,Δo > Δ,1,15,1,3
21015050,edf_cunnane,logdweibull,0.0595716091216467,0.3366456264050002,Δo > Δ,1,15,1,4
21015050,edf_tukey,logdweibull,0.0595716091216467,0.3366456264050002,Δo > Δ,1,15,1,5
21015050,edf_blom,logdweibull,0.0595716091216467,0.3366456264050002,Δo > Δ,1,15,1,6
21015050,edf_chegodayev,logdweibull,0.0595716091216467,0.3366456264050002,Δo > Δ,1,15,1,7
21015050,edf_filliben,logdweibull,0.0595716091216467,0.3366456264050002,Δo > Δ,1,15,1,8
21015050,edf_beard,logdweibull,0.0595716091216467,0.3366456264050002,Δo > Δ,1,15,1,9
21015050,edf_gringorten,logdweibull,0.0608181907397372,0.3366456264050002,Δo > Δ,1,15,1,10
21015050,edf_hazen,loggenlogistic,0.0614711550286218,0.3366456264050002,Δo > Δ,1,15,1,11
21015050,edf_california,loghypsecant,0.0709257275946499,0.3366456264050002,Δo > Δ,1,15,1,12
21015060,edf_hazen,loglaplace_asymmetric,0.0625947977470914,0.3210234673459999,Δo > Δ,1,18,1,1
21015060,edf_gringorten,loglaplace_asymmetric,0.0627787565403217,0.3210234673459999,Δo > Δ,1,18,1,2
21015060,edf_cunnane,loglaplace_asymmetric,0.0629000480523417,0.3210234673459999,Δo > Δ,1,18,1,3
21015060,edf_blom,loglaplace_asymmetric,0.0629753152508966,0.3210234673459999,Δo > Δ,1,18,1,4
21015060,edf_tukey,loglaplace_asymmetric,0.0630998482521419,0.3210234673459999,Δo > Δ,1,18,1,5
21015060,edf_filliben,loglaplace_asymmetric,0.0631468744630668,0.3210234673459999,Δo > Δ,1,18,1,6
21015060,edf_beard,loglaplace_asymmetric,0.0631690934791673,0.3210234673459999,Δo > Δ,1,18,1,7
21015060,edf_jenkinson,loglaplace_asymmetric,0.0631690934791673,0.3210234673459999,Δo > Δ,1,18,1,8
21015060,edf_chegodayev,loglaplace_asymmetric,0.0631986624813909,0.3210234673459999,Δo > Δ,1,18,1,9
21015060,edf_adamowski,loglaplace_asymmetric,0.0637992193467831,0.3210234673459999,Δo > Δ,1,18,1,10
21015060,edf_weibull,loglaplace_asymmetric,0.0687778822201827,0.3210234673459999,Δo > Δ,1,18,1,11
21015060,edf_california,loglaplace_asymmetric,0.0854819928785196,0.3210234673459999,Δo > Δ,1,18,1,12
21015070,edf_blom,loghypsecant,0.0608011968968627,0.3156449716410001,Δo > Δ,1,19,1,1
21015070,edf_cunnane,loghypsecant,0.0616329098195168,0.3156449716410001,Δo > Δ,1,19,1,2
21015070,edf_tukey,loghypsecant,0.0616968529649326,0.3156449716410001,Δo > Δ,1,19,1,3
21015070,edf_filliben,loghypsecant,0.0620351810897935,0.3156449716410001,Δo > Δ,1,19,1,4
21015070,edf_jenkinson,loghypsecant,0.0621950558758611,0.3156449716410001,Δo > Δ,1,19,1,5
21015070,edf_beard,loghypsecant,0.0621950558758611,0.3156449716410001,Δo > Δ,1,19,1,6
21015070,edf_chegodayev,loghypsecant,0.0624078376787613,0.3156449716410001,Δo > Δ,1,19,1,7
21015070,edf_gringorten,loghypsecant,0.0631583630970619,0.3156449716410001,Δo > Δ,1,19,1,8
21015070,edf_adamowski,loghypsecant,0.0634651995608654,0.3156449716410001,Δo > Δ,1,19,1,9
21015070,edf_hazen,loglaplace_asymmetric,0.0641077902605435,0.3156449716410001,Δo > Δ,1,19,1,10
21015070,edf_weibull,fisk,0.0666971011112272,0.3156449716410001,Δo > Δ,1,19,1,11
21015070,edf_california,loglaplace_asymmetric,0.0904235797342277,0.3156449716410001,Δo > Δ,1,19,1,12
21015502,edf_adamowski,exponnorm,0.059368431747349,0.4472608134160001,Δo > Δ,1,8,1,1
21015502,edf_chegodayev,exponnorm,0.0614692720834835,0.4472608134160001,Δo > Δ,1,8,1,2
21015502,edf_jenkinson,exponnorm,0.0618954568772099,0.4472608134160001,Δo > Δ,1,8,1,3
21015502,edf_beard,exponnorm,0.0618954568772099,0.4472608134160001,Δo > Δ,1,8,1,4
21015502,edf_filliben,exponnorm,0.0622164328724852,0.4472608134160001,Δo > Δ,1,8,1,5
21015502,edf_tukey,exponnorm,0.0628978435120549,0.4472608134160001,Δo > Δ,1,8,1,6
21015502,edf_blom,exponnorm,0.0647160253302366,0.4472608134160001,Δo > Δ,1,8,1,7
21015502,edf_cunnane,exponnorm,0.0658246727803476,0.4472608134160001,Δo > Δ,1,8,1,8
21015502,edf_gringorten,exponnorm,0.0676269075514638,0.4472608134160001,Δo > Δ,1,8,1,9
21015502,edf_weibull,logfisk,0.0700312339645594,0.4472608134160001,Δo > Δ,1,8,1,10
21015502,edf_hazen,exponnorm,0.0703978435120549,0.4472608134160001,Δo > Δ,1,8,1,11
21015502,edf_california,logkstwobign,0.1143392958142357,0.4472608134160001,Δo > Δ,1,8,1,12
21017030,edf_hazen,logdweibull,0.0849463245446191,0.530385761606,Δo > Δ,1,6,1,1
21017030,edf_gringorten,logdweibull,0.0898482853289328,0.530385761606,Δo > Δ,1,6,1,2
21017030,edf_adamowski,t,0.0922189350275408,0.530385761606,Δo > Δ,1,6,1,3
21017030,edf_cunnane,logdweibull,0.0930108406736514,0.530385761606,Δo > Δ,1,6,1,4
21017030,edf_chegodayev,t,0.0942187798750922,0.530385761606,Δo > Δ,1,6,1,5
21017030,edf_blom,logdweibull,0.0949463245446191,0.530385761606,Δo > Δ,1,6,1,6
21017030,edf_beard,t,0.0954433096556564,0.530385761606,Δo > Δ,1,6,1,7
21017030,edf_jenkinson,t,0.0954433096556564,0.530385761606,Δo > Δ,1,6,1,8
21017030,edf_filliben,t,0.0963667570942595,0.530385761606,Δo > Δ,1,6,1,9
21017030,edf_tukey,logdweibull,0.0981042192814612,0.530385761606,Δo > Δ,1,6,1,10
21017030,edf_weibull,wald,0.1074627110587894,0.530385761606,Δo > Δ,1,6,1,11
21017030,edf_california,t,0.1262246232558646,0.530385761606,Δo > Δ,1,6,1,12
21017040,edf_gringorten,loglaplace,0.048524340467574,0.4472608134160001,Δo > Δ,1,8,1,1
21017040,edf_california,t,0.0485708193821057,0.4472608134160001,Δo > Δ,1,8,1,2
21017040,edf_cunnane,loglaplace,0.0491250853912793,0.4472608134160001,Δo > Δ,1,8,1,3
21017040,edf_blom,loglaplace,0.0494946345413164,0.4472608134160001,Δo > Δ,1,8,1,4
21017040,edf_hazen,loglaplace,0.0500119363368116,0.4472608134160001,Δo > Δ,1,8,1,5
21017040,edf_tukey,loglaplace,0.0501006951473769,0.4472608134160001,Δo > Δ,1,8,1,6
21017040,edf_chegodayev,logt,0.0503811833021928,0.4472608134160001,Δo > Δ,1,8,1,7
21017040,edf_jenkinson,logt,0.0508073680959193,0.4472608134160001,Δo > Δ,1,8,1,8
21017040,edf_beard,logt,0.0508073680959193,0.4472608134160001,Δo > Δ,1,8,1,9
21017040,edf_filliben,logt,0.0511283440911946,0.4472608134160001,Δo > Δ,1,8,1,10
21017040,edf_adamowski,logt,0.0531373345121348,0.4472608134160001,Δo > Δ,1,8,1,11
21017040,edf_weibull,logt,0.0760131515055988,0.4472608134160001,Δo > Δ,1,8,1,12
21017080,edf_hazen,fisk,0.0705428074971518,0.5865427407550001,Δo > Δ,1,5,1,1
21017080,edf_gringorten,fisk,0.0752303074971517,0.5865427407550001,Δo > Δ,1,5,1,2
21017080,edf_filliben,loggumbel_l,0.0774752584405501,0.5865427407550001,Δo > Δ,1,5,1,3
21017080,edf_cunnane,fisk,0.0782351151894594,0.5865427407550001,Δo > Δ,1,5,1,4
21017080,edf_chegodayev,logpearson3,0.0784297220284552,0.5865427407550001,Δo > Δ,1,5,1,5
21017080,edf_jenkinson,loggumbel_l,0.0784403551659565,0.5865427407550001,Δo > Δ,1,5,1,6
21017080,edf_beard,loggumbel_l,0.0784403551659565,0.5865427407550001,Δo > Δ,1,5,1,7
21017080,edf_tukey,loggumbel_l,0.0785819685989844,0.5865427407550001,Δo > Δ,1,5,1,8
21017080,edf_blom,fisk,0.0800666170209613,0.5865427407550001,Δo > Δ,1,5,1,9
21017080,edf_adamowski,logpearson3,0.0851637287624619,0.5865427407550001,Δo > Δ,1,5,1,10
21017080,edf_weibull,weibull_min,0.1088556149632737,0.5865427407550001,Δo > Δ,1,5,1,11
21017080,edf_california,laplace_asymmetric,0.1329226476958583,0.5865427407550001,Δo > Δ,1,5,1,12
21035501,edf_weibull,logncf,0.0726704565510975,0.484420539261,Δo > Δ,1,7,1,1
21035501,edf_hazen,maxwell,0.0790495746602272,0.484420539261,Δo > Δ,1,7,1,2
21035501,edf_adamowski,logncf,0.0810037898844309,0.484420539261,Δo > Δ,1,7,1,3
21035501,edf_chegodayev,logncf,0.0828055916862327,0.484420539261,Δo > Δ,1,7,1,4
21035501,edf_jenkinson,logncf,0.0831718115646477,0.484420539261,Δo > Δ,1,7,1,5
21035501,edf_beard,logncf,0.0831718115646477,0.484420539261,Δo > Δ,1,7,1,6
21035501,edf_filliben,logncf,0.0834477817377913,0.484420539261,Δo > Δ,1,7,1,7
21035501,edf_gringorten,maxwell,0.0838649839700186,0.484420539261,Δo > Δ,1,7,1,8
21035501,edf_tukey,logncf,0.0840340929147339,0.484420539261,Δo > Δ,1,7,1,9
21035501,edf_cunnane,maxwell,0.0869860825967352,0.484420539261,Δo > Δ,1,7,1,10
21035501,edf_blom,logncf,0.087250298321848,0.484420539261,Δo > Δ,1,7,1,11
21035501,edf_california,f,0.1382990753005498,0.484420539261,Δo > Δ,1,7,1,12
21037020,edf_hazen,dweibull,0.0617698287605508,0.5865427407550001,Δo > Δ,1,5,1,1
21037020,edf_gringorten,dweibull,0.0711448287605509,0.5865427407550001,Δo > Δ,1,5,1,2
21037020,edf_california,dweibull,0.075040630856067,0.5865427407550001,Δo > Δ,1,5,1,3
21037020,edf_cunnane,dweibull,0.0771544441451663,0.5865427407550001,Δo > Δ,1,5,1,4
21037020,edf_blom,dweibull,0.0808174478081699,0.5865427407550001,Δo > Δ,1,5,1,5
21037020,edf_tukey,dweibull,0.0867698287605508,0.5865427407550001,Δo > Δ,1,5,1,6
21037020,edf_filliben,dweibull,0.0889832490774193,0.5865427407550001,Δo > Δ,1,5,1,7
21037020,edf_jenkinson,dweibull,0.0900226168646399,0.5865427407550001,Δo > Δ,1,5,1,8
21037020,edf_beard,dweibull,0.0900226168646399,0.5865427407550001,Δo > Δ,1,5,1,9
21037020,edf_chegodayev,dweibull,0.0913994583901804,0.5865427407550001,Δo > Δ,1,5,1,10
21037020,edf_adamowski,dweibull,0.0981334651241871,0.5865427407550001,Δo > Δ,1,5,1,11
21037020,edf_weibull,dweibull,0.1284364954272174,0.5865427407550001,Δo > Δ,1,5,1,12
21045501,edf_california,logdweibull,0.0821772323437787,0.4472608134160001,Δo > Δ,1,8,1,1
21045501,edf_hazen,fisk,0.103890157737573,0.4472608134160001,Δo > Δ,1,8,1,2
21045501,edf_gringorten,fisk,0.1039302091163056,0.4472608134160001,Δo > Δ,1,8,1,3
21045501,edf_cunnane,fisk,0.1057324438874218,0.4472608134160001,Δo > Δ,1,8,1,4
21045501,edf_blom,fisk,0.1068410913375328,0.4472608134160001,Δo > Δ,1,8,1,5
21045501,edf_tukey,fisk,0.1086592731557145,0.4472608134160001,Δo > Δ,1,8,1,6
21045501,edf_filliben,fisk,0.1093406837952842,0.4472608134160001,Δo > Δ,1,8,1,7
21045501,edf_jenkinson,fisk,0.1096616597905595,0.4472608134160001,Δo > Δ,1,8,1,8
21045501,edf_beard,fisk,0.1096616597905595,0.4472608134160001,Δo > Δ,1,8,1,9
21045501,edf_chegodayev,fisk,0.110087844584286,0.4472608134160001,Δo > Δ,1,8,1,10
21045501,edf_adamowski,fisk,0.1121886849204204,0.4472608134160001,Δo > Δ,1,8,1,11
21045501,edf_weibull,logloggamma,0.1216061845374349,0.4472608134160001,Δo > Δ,1,8,1,12
21050090,edf_weibull,pearson3,0.1762907407391188,0.5865427407550001,Δo > Δ,1,5,1,1
21050090,edf_california,laplace_asymmetric,0.184590086826701,0.5865427407550001,Δo > Δ,1,5,1,2
21050090,edf_adamowski,pearson3,0.1914422558906339,0.5865427407550001,Δo > Δ,1,5,1,3
21050090,edf_chegodayev,pearson3,0.1948092592576373,0.5865427407550001,Δo > Δ,1,5,1,4
21050090,edf_jenkinson,pearson3,0.1954976800204075,0.5865427407550001,Δo > Δ,1,5,1,5
21050090,edf_beard,pearson3,0.1954976800204075,0.5865427407550001,Δo > Δ,1,5,1,6
21050090,edf_filliben,pearson3,0.1960173639140178,0.5865427407550001,Δo > Δ,1,5,1,7
21050090,edf_tukey,pearson3,0.1971240740724521,0.5865427407550001,Δo > Δ,1,5,1,8
21050090,edf_blom,pearson3,0.2001002645486426,0.5865427407550001,Δo > Δ,1,5,1,9
21050090,edf_cunnane,pearson3,0.2019317663801444,0.5865427407550001,Δo > Δ,1,5,1,10
21050090,edf_gringorten,pearson3,0.2049365740724521,0.5865427407550001,Δo > Δ,1,5,1,11
21050090,edf_hazen,pearson3,0.2096240740724521,0.5865427407550001,Δo > Δ,1,5,1,12
21055070,edf_hazen,laplace_asymmetric,0.0826136698932276,0.3156449716410001,Δo > Δ,1,19,1,1
21055070,edf_gringorten,laplace_asymmetric,0.0849259359139278,0.3156449716410001,Δo > Δ,1,19,1,2
21055070,edf_cunnane,laplace_asymmetric,0.0864513891914732,0.3156449716410001,Δo > Δ,1,19,1,3
21055070,edf_blom,laplace_asymmetric,0.0873983588884429,0.3156449716410001,Δo > Δ,1,19,1,4
21055070,edf_tukey,laplace_asymmetric,0.0889657570075651,0.3156449716410001,Δo > Δ,1,19,1,5
21055070,edf_filliben,laplace_asymmetric,0.0895578312260717,0.3156449716410001,Δo > Δ,1,19,1,6
21055070,edf_beard,laplace_asymmetric,0.0898376121016899,0.3156449716410001,Δo > Δ,1,19,1,7
21055070,edf_jenkinson,laplace_asymmetric,0.0898376121016899,0.3156449716410001,Δo > Δ,1,19,1,8
21055070,edf_chegodayev,laplace_asymmetric,0.0902099802567653,0.3156449716410001,Δo > Δ,1,19,1,9
21055070,edf_adamowski,laplace_asymmetric,0.0920603635504475,0.3156449716410001,Δo > Δ,1,19,1,10
21055070,edf_weibull,laplace_asymmetric,0.1010347225248065,0.3156449716410001,Δo > Δ,1,19,1,11
21055070,edf_california,laplace_asymmetric,0.1089294593669118,0.3156449716410001,Δo > Δ,1,19,1,12
21055501,edf_filliben,logloggamma,0.0815435766913074,0.4472608134160001,Δo > Δ,1,8,1,1
21055501,edf_jenkinson,logloggamma,0.0822925206802829,0.4472608134160001,Δo > Δ,1,8,1,2
21055501,edf_beard,logloggamma,0.0822925206802829,0.4472608134160001,Δo > Δ,1,8,1,3
21055501,edf_tukey,logloggamma,0.0824843967218137,0.4472608134160001,Δo > Δ,1,8,1,4
21055501,edf_gringorten,mielke,0.0825381282453453,0.4472608134160001,Δo > Δ,1,8,1,5
21055501,edf_chegodayev,logmielke,0.082804589691561,0.4472608134160001,Δo > Δ,1,8,1,6
21055501,edf_cunnane,mielke,0.0831388731690507,0.4472608134160001,Δo > Δ,1,8,1,7
21055501,edf_blom,mielke,0.0835084223190876,0.4472608134160001,Δo > Δ,1,8,1,8
21055501,edf_hazen,mielke,0.0852596909252543,0.4472608134160001,Δo > Δ,1,8,1,9
21055501,edf_adamowski,mielke,0.0852909535133835,0.4472608134160001,Δo > Δ,1,8,1,10
21055501,edf_weibull,logpearson3,0.0890348059565823,0.4472608134160001,Δo > Δ,1,8,1,11
21055501,edf_california,erlang,0.1017030844296423,0.4472608134160001,Δo > Δ,1,8,1,12
21057050,edf_chegodayev,invweibull,0.1052984224745763,0.4472608134160001,Δo > Δ,1,8,1,1
21057050,edf_jenkinson,invweibull,0.1054404840724852,0.4472608134160001,Δo > Δ,1,8,1,2
21057050,edf_beard,invweibull,0.1054404840724852,0.4472608134160001,Δo > Δ,1,8,1,3
21057050,edf_filliben,invweibull,0.1055474760709102,0.4472608134160001,Δo > Δ,1,8,1,4
21057050,edf_tukey,invweibull,0.1057746129507667,0.4472608134160001,Δo > Δ,1,8,1,5
21057050,edf_blom,invweibull,0.1063806735568274,0.4472608134160001,Δo > Δ,1,8,1,6
21057050,edf_adamowski,invweibull,0.1064826209370265,0.4472608134160001,Δo > Δ,1,8,1,7
21057050,edf_cunnane,invweibull,0.1067502227068643,0.4472608134160001,Δo > Δ,1,8,1,8
21057050,edf_gringorten,invweibull,0.1073509676305696,0.4472608134160001,Δo > Δ,1,8,1,9
21057050,edf_hazen,invweibull,0.1082746129507667,0.4472608134160001,Δo > Δ,1,8,1,10
21057050,edf_weibull,invweibull,0.116286542505654,0.4472608134160001,Δo > Δ,1,8,1,11
21057050,edf_california,logfatiguelife,0.1209786641531418,0.4472608134160001,Δo > Δ,1,8,1,12
21057060,edf_hazen,logmielke,0.0563098395464695,0.484420539261,Δo > Δ,1,7,1,1
21057060,edf_gringorten,logmielke,0.0611252488562608,0.484420539261,Δo > Δ,1,7,1,2
21057060,edf_cunnane,logmielke,0.0642463474829775,0.484420539261,Δo > Δ,1,7,1,3
21057060,edf_blom,logmielke,0.066162056295238,0.484420539261,Δo > Δ,1,7,1,4
21057060,edf_filliben,alpha,0.0669503613514507,0.484420539261,Δo > Δ,1,7,1,5
21057060,edf_jenkinson,alpha,0.0674668586088882,0.484420539261,Δo > Δ,1,7,1,6
21057060,edf_beard,alpha,0.0674668586088882,0.484420539261,Δo > Δ,1,7,1,7
21057060,edf_tukey,alpha,0.0675366725283932,0.484420539261,Δo > Δ,1,7,1,8
21057060,edf_chegodayev,alpha,0.0681992983657182,0.484420539261,Δo > Δ,1,7,1,9
21057060,edf_adamowski,alpha,0.0718029019693218,0.484420539261,Δo > Δ,1,7,1,10
21057060,edf_weibull,alpha,0.0884695686359885,0.484420539261,Δo > Δ,1,7,1,11
21057060,edf_california,invgauss,0.1027552600325954,0.484420539261,Δo > Δ,1,7,1,12
21065501,edf_gringorten,logdweibull,0.073777184312921,0.530385761606,Δo > Δ,1,6,1,1
21065501,edf_cunnane,logdweibull,0.0760828389939647,0.530385761606,Δo > Δ,1,6,1,2
21065501,edf_hazen,logdweibull,0.0786791450972348,0.530385761606,Δo > Δ,1,6,1,3
21065501,edf_blom,logdweibull,0.0793086454455774,0.530385761606,Δo > Δ,1,6,1,4
21065501,edf_tukey,logdweibull,0.0845718033403143,0.530385761606,Δo > Δ,1,6,1,5
21065501,edf_filliben,logdweibull,0.0865356682264102,0.530385761606,Δo > Δ,1,6,1,6
21065501,edf_beard,logdweibull,0.0874591156650131,0.530385761606,Δo > Δ,1,6,1,7
21065501,edf_jenkinson,logdweibull,0.0874591156650131,0.530385761606,Δo > Δ,1,6,1,8
21065501,edf_chegodayev,logdweibull,0.0886836454455775,0.530385761606,Δo > Δ,1,6,1,9
21065501,edf_adamowski,logdweibull,0.0946932608301929,0.530385761606,Δo > Δ,1,6,1,10
21065501,edf_weibull,logdweibull,0.1221657883027204,0.530385761606,Δo > Δ,1,6,1,11
21065501,edf_california,invgamma,0.1394695783656538,0.530385761606,Δo > Δ,1,6,1,12
21087080,edf_california,dweibull,0.1091925908175776,0.3942745923300002,Δo > Δ,1,10,1,1
21087080,edf_hazen,maxwell,0.1133276316356812,0.3942745923300002,Δo > Δ,1,10,1,2
21087080,edf_gringorten,maxwell,0.1162920585131516,0.3942745923300002,Δo > Δ,1,10,1,3
21087080,edf_cunnane,maxwell,0.1182295924199949,0.3942745923300002,Δo > Δ,1,10,1,4
21087080,edf_blom,maxwell,0.119425192611291,0.3942745923300002,Δo > Δ,1,10,1,5
21087080,edf_tukey,maxwell,0.1213921477647135,0.3942745923300002,Δo > Δ,1,10,1,6
21087080,edf_filliben,maxwell,0.1221312978199552,0.3942745923300002,Δo > Δ,1,10,1,7
21087080,edf_jenkinson,maxwell,0.1224798474352959,0.3942745923300002,Δo > Δ,1,10,1,8
21087080,edf_beard,maxwell,0.1224798474352959,0.3942745923300002,Δo > Δ,1,10,1,9
21087080,edf_chegodayev,maxwell,0.1229430162510658,0.3942745923300002,Δo > Δ,1,10,1,10
21087080,edf_adamowski,maxwell,0.1252323935404431,0.3942745923300002,Δo > Δ,1,10,1,11
21087080,edf_weibull,maxwell,0.1360549043629539,0.3942745923300002,Δo > Δ,1,10,1,12
21097070,edf_hazen,loghalfnorm,0.0666041390229552,0.3210234673459999,Δo > Δ,1,18,1,1
21097070,edf_gringorten,loghalfnorm,0.0675239329891067,0.3210234673459999,Δo > Δ,1,18,1,2
21097070,edf_cunnane,loghalfnorm,0.0681303905492067,0.3210234673459999,Δo > Δ,1,18,1,3
21097070,edf_blom,loghalfnorm,0.068506726541981,0.3210234673459999,Δo > Δ,1,18,1,4
21097070,edf_tukey,loghalfnorm,0.0691293915482077,0.3210234673459999,Δo > Δ,1,18,1,5
21097070,edf_filliben,loghalfnorm,0.0693645226028323,0.3210234673459999,Δo > Δ,1,18,1,6
21097070,edf_beard,loghalfnorm,0.0694756176833348,0.3210234673459999,Δo > Δ,1,18,1,7
21097070,edf_jenkinson,loghalfnorm,0.0694756176833348,0.3210234673459999,Δo > Δ,1,18,1,8
21097070,edf_chegodayev,loghalfnorm,0.0696234626944527,0.3210234673459999,Δo > Δ,1,18,1,9
21097070,edf_adamowski,loghalfnorm,0.070357892776709,0.3210234673459999,Δo > Δ,1,18,1,10
21097070,edf_weibull,logkstwobign,0.0728470578121411,0.3210234673459999,Δo > Δ,1,18,1,11
21097070,edf_california,loghalflogistic,0.0765370861505347,0.3210234673459999,Δo > Δ,1,18,1,12
21097120,edf_filliben,loginvgauss,0.0779052444437985,0.530385761606,Δo > Δ,1,6,1,1
21097120,edf_jenkinson,loginvgauss,0.0784593129069602,0.530385761606,Δo > Δ,1,6,1,2
21097120,edf_beard,loginvgauss,0.0784593129069602,0.530385761606,Δo > Δ,1,6,1,3
21097120,edf_tukey,loginvgauss,0.0787726620619572,0.530385761606,Δo > Δ,1,6,1,4
21097120,edf_chegodayev,loginvgauss,0.0791940307752989,0.530385761606,Δo > Δ,1,6,1,5
21097120,edf_adamowski,alpha,0.079873698347504,0.530385761606,Δo > Δ,1,6,1,6
21097120,edf_gringorten,invgamma,0.0804590118844266,0.530385761606,Δo > Δ,1,6,1,7
21097120,edf_hazen,f,0.0808413674033736,0.530385761606,Δo > Δ,1,6,1,8
21097120,edf_cunnane,invgamma,0.0815131969993328,0.530385761606,Δo > Δ,1,6,1,9
21097120,edf_blom,loginvgauss,0.0819305567987992,0.530385761606,Δo > Δ,1,6,1,10
21097120,edf_weibull,alpha,0.0944978384385056,0.530385761606,Δo > Δ,1,6,1,11
21097120,edf_california,fatiguelife,0.1224127893670163,0.530385761606,Δo > Δ,1,6,1,12
21105030,edf_cunnane,dweibull,0.0806451619614449,0.530385761606,Δo > Δ,1,6,1,1
21105030,edf_blom,dweibull,0.0810791600423415,0.530385761606,Δo > Δ,1,6,1,2
21105030,edf_gringorten,dweibull,0.0816993470763511,0.530385761606,Δo > Δ,1,6,1,3
21105030,edf_hazen,dweibull,0.0833333340044557,0.530385761606,Δo > Δ,1,6,1,4
21105030,edf_tukey,dweibull,0.0842370547791836,0.530385761606,Δo > Δ,1,6,1,5
21105030,edf_filliben,dweibull,0.085415373710841,0.530385761606,Δo > Δ,1,6,1,6
21105030,edf_beard,dweibull,0.0859694421740028,0.530385761606,Δo > Δ,1,6,1,7
21105030,edf_jenkinson,dweibull,0.0859694421740028,0.530385761606,Δo > Δ,1,6,1,8
21105030,edf_chegodayev,dweibull,0.0867041600423415,0.530385761606,Δo > Δ,1,6,1,9
21105030,edf_adamowski,dweibull,0.0903099292731107,0.530385761606,Δo > Δ,1,6,1,10
21105030,edf_weibull,dweibull,0.1067934457566271,0.530385761606,Δo > Δ,1,6,1,11
21105030,edf_california,kstwobign,0.119275875241622,0.530385761606,Δo > Δ,1,6,1,12
21107020,edf_chegodayev,dweibull,0.0535237281817584,0.5865427407550001,Δo > Δ,1,5,1,1
21107020,edf_jenkinson,dweibull,0.0541010268157976,0.5865427407550001,Δo > Δ,1,5,1,2
21107020,edf_beard,dweibull,0.0541010268157976,0.5865427407550001,Δo > Δ,1,5,1,3
21107020,edf_filliben,dweibull,0.0546207107094078,0.5865427407550001,Δo > Δ,1,5,1,4
21107020,edf_tukey,dweibull,0.0557274208678422,0.5865427407550001,Δo > Δ,1,5,1,5
21107020,edf_adamowski,dweibull,0.0568907315487619,0.5865427407550001,Δo > Δ,1,5,1,6
21107020,edf_blom,dweibull,0.0587036113440326,0.5865427407550001,Δo > Δ,1,5,1,7
21107020,edf_cunnane,dweibull,0.0605351131755345,0.5865427407550001,Δo > Δ,1,5,1,8
21107020,edf_gringorten,laplace,0.0624555475002716,0.5865427407550001,Δo > Δ,1,5,1,9
21107020,edf_hazen,laplace,0.0624555475002716,0.5865427407550001,Δo > Δ,1,5,1,10
21107020,edf_weibull,dweibull,0.072042246700277,0.5865427407550001,Δo > Δ,1,5,1,11
21107020,edf_california,kstwobign,0.1547680475019941,0.5865427407550001,Δo > Δ,1,5,1,12
21115010,edf_adamowski,lognakagami,0.1724694768842344,0.5865427407550001,Δo > Δ,1,5,1,1
21115010,edf_cunnane,lognakagami,0.1724694768842344,0.5865427407550001,Δo > Δ,1,5,1,2
21115010,edf_jenkinson,lognakagami,0.1724694768842344,0.5865427407550001,Δo > Δ,1,5,1,3
21115010,edf_filliben,lognakagami,0.1724694768842344,0.5865427407550001,Δo > Δ,1,5,1,4
21115010,edf_tukey,lognakagami,0.1724694768842344,0.5865427407550001,Δo > Δ,1,5,1,5
21115010,edf_blom,lognakagami,0.1724694768842344,0.5865427407550001,Δo > Δ,1,5,1,6
21115010,edf_chegodayev,lognakagami,0.1724694768842344,0.5865427407550001,Δo > Δ,1,5,1,7
21115010,edf_beard,lognakagami,0.1724694768842344,0.5865427407550001,Δo > Δ,1,5,1,8
21115010,edf_weibull,lognakagami,0.1724694768842344,0.5865427407550001,Δo > Δ,1,5,1,9
21115010,edf_gringorten,lognakagami,0.1783963305354579,0.5865427407550001,Δo > Δ,1,5,1,10
21115010,edf_hazen,lognakagami,0.187771330535458,0.5865427407550001,Δo > Δ,1,5,1,11
21115010,edf_california,loginvgauss,0.2073290395096111,0.5865427407550001,Δo > Δ,1,5,1,12
21115170,edf_hazen,genlogistic,0.08633591851006,0.3156449716410001,Δo > Δ,1,19,1,1
21115170,edf_gringorten,genlogistic,0.0876572133790316,0.3156449716410001,Δo > Δ,1,19,1,2
21115170,edf_cunnane,genlogistic,0.0885289009662004,0.3156449716410001,Δo > Δ,1,19,1,3
21115170,edf_blom,genlogistic,0.0890700265073259,0.3156449716410001,Δo > Δ,1,19,1,4
21115170,edf_tukey,genlogistic,0.0899656825753958,0.3156449716410001,Δo > Δ,1,19,1,5
21115170,edf_filliben,genlogistic,0.0903040107002567,0.3156449716410001,Δo > Δ,1,19,1,6
21115170,edf_beard,genlogistic,0.0904638854863243,0.3156449716410001,Δo > Δ,1,19,1,7
21115170,edf_jenkinson,genlogistic,0.0904638854863243,0.3156449716410001,Δo > Δ,1,19,1,8
21115170,edf_chegodayev,genlogistic,0.0906766672892245,0.3156449716410001,Δo > Δ,1,19,1,9
21115170,edf_adamowski,genlogistic,0.0917340291713286,0.3156449716410001,Δo > Δ,1,19,1,10
21115170,edf_weibull,genlogistic,0.0968622342995337,0.3156449716410001,Δo > Δ,1,19,1,11
21115170,edf_california,genlogistic,0.1126517079837442,0.3156449716410001,Δo > Δ,1,19,1,12
21115180,edf_hazen,logt,0.0946214416412771,0.3260541228310003,Δo > Δ,1,17,1,1
21115180,edf_gringorten,logt,0.0970953283922392,0.3260541228310003,Δo > Δ,1,17,1,2
21115180,edf_cunnane,logt,0.0987254088095398,0.3260541228310003,Δo > Δ,1,17,1,3
21115180,edf_blom,logt,0.0997365311553436,0.3260541228310003,Δo > Δ,1,17,1,4
21115180,edf_tukey,logt,0.1014087719580192,0.3260541228310003,Δo > Δ,1,17,1,5
21115180,edf_filliben,logt,0.1020400151749233,0.3260541228310003,Δo > Δ,1,17,1,6
21115180,edf_beard,logt,0.1023382222545581,0.3260541228310003,Δo > Δ,1,17,1,7
21115180,edf_jenkinson,logt,0.1023382222545581,0.3260541228310003,Δo > Δ,1,17,1,8
21115180,edf_chegodayev,logt,0.1027350319049688,0.3260541228310003,Δo > Δ,1,17,1,9
21115180,edf_adamowski,logt,0.1047054752547225,0.3260541228310003,Δo > Δ,1,17,1,10
21115180,edf_weibull,logt,0.114229284778532,0.3260541228310003,Δo > Δ,1,17,1,11
21115180,edf_california,logt,0.1240332063471595,0.3260541228310003,Δo > Δ,1,17,1,12
21115501,edf_hazen,laplace_asymmetric,0.0619046825400572,0.4472608134160001,Δo > Δ,1,8,1,1
21115501,edf_tukey,logdweibull,0.0637093308148928,0.4472608134160001,Δo > Δ,1,8,1,2
21115501,edf_filliben,logdweibull,0.0648450152141756,0.4472608134160001,Δo > Δ,1,8,1,3
21115501,edf_blom,logdweibull,0.0649327998927351,0.4472608134160001,Δo > Δ,1,8,1,4
21115501,edf_beard,logdweibull,0.065379975206301,0.4472608134160001,Δo > Δ,1,8,1,5
21115501,edf_jenkinson,logdweibull,0.065379975206301,0.4472608134160001,Δo > Δ,1,8,1,6
21115501,edf_chegodayev,logdweibull,0.0660902831958453,0.4472608134160001,Δo > Δ,1,8,1,7
21115501,edf_gringorten,laplace_asymmetric,0.0665229091410424,0.4472608134160001,Δo > Δ,1,8,1,8
21115501,edf_cunnane,logdweibull,0.0667805456429198,0.4472608134160001,Δo > Δ,1,8,1,9
21115501,edf_adamowski,logt,0.0673060753128925,0.4472608134160001,Δo > Δ,1,8,1,10
21115501,edf_weibull,logpearson3,0.0789049553535824,0.4472608134160001,Δo > Δ,1,8,1,11
21115501,edf_california,dweibull,0.0864207321769234,0.4472608134160001,Δo > Δ,1,8,1,12
21117110,edf_adamowski,fisk,0.066158327603949,0.3621841451959999,Δo > Δ,1,12,1,1
21117110,edf_chegodayev,fisk,0.0664809082491104,0.3621841451959999,Δo > Δ,1,12,1,2
21117110,edf_jenkinson,fisk,0.0665460497364208,0.3621841451959999,Δo > Δ,1,12,1,3
21117110,edf_beard,fisk,0.0665460497364208,0.3621841451959999,Δo > Δ,1,12,1,4
21117110,edf_filliben,fisk,0.0665950441425661,0.3621841451959999,Δo > Δ,1,12,1,5
21117110,edf_tukey,fisk,0.0666988681444896,0.3621841451959999,Δo > Δ,1,12,1,6
21117110,edf_blom,fisk,0.0669746541345613,0.3621841451959999,Δo > Δ,1,12,1,7
21117110,edf_cunnane,fisk,0.0671419341613261,0.3621841451959999,Δo > Δ,1,12,1,8
21117110,edf_weibull,fisk,0.0672693964412595,0.3621841451959999,Δo > Δ,1,12,1,9
21117110,edf_gringorten,fisk,0.0674124530164903,0.3621841451959999,Δo > Δ,1,12,1,10
21117110,edf_hazen,fisk,0.0678249942706157,0.3621841451959999,Δo > Δ,1,12,1,11
21117110,edf_california,invgauss,0.0721681085446502,0.3621841451959999,Δo > Δ,1,12,1,12
21127030,edf_hazen,crystalball,0.1142758531641073,0.530385761606,Δo > Δ,1,6,1,1
21127030,edf_gringorten,crystalball,0.119177813948421,0.530385761606,Δo > Δ,1,6,1,2
21127030,edf_weibull,logncf,0.1192233297225284,0.530385761606,Δo > Δ,1,6,1,3
21127030,edf_cunnane,crystalball,0.1223403692931395,0.530385761606,Δo > Δ,1,6,1,4
21127030,edf_blom,crystalball,0.1242758531641073,0.530385761606,Δo > Δ,1,6,1,5
21127030,edf_adamowski,logncf,0.1247178352170338,0.530385761606,Δo > Δ,1,6,1,6
21127030,edf_chegodayev,logncf,0.1259197582939569,0.530385761606,Δo > Δ,1,6,1,7
21127030,edf_jenkinson,logncf,0.1261646642500698,0.530385761606,Δo > Δ,1,6,1,8
21127030,edf_beard,logncf,0.1261646642500698,0.530385761606,Δo > Δ,1,6,1,9
21127030,edf_filliben,logncf,0.1263493537377904,0.530385761606,Δo > Δ,1,6,1,10
21127030,edf_tukey,logncf,0.1267421267150096,0.530385761606,Δo > Δ,1,6,1,11
21127030,edf_california,lognakagami,0.1706891419416301,0.530385761606,Δo > Δ,1,6,1,12
21137010,edf_hazen,gibrat,0.0577223566904461,0.3942745923300002,Δo > Δ,1,10,1,1
21137010,edf_gringorten,gibrat,0.0606867835679164,0.3942745923300002,Δo > Δ,1,10,1,2
21137010,edf_cunnane,gibrat,0.0626243174747598,0.3942745923300002,Δo > Δ,1,10,1,3
21137010,edf_blom,logt,0.0636843578518758,0.3942745923300002,Δo > Δ,1,10,1,4
21137010,edf_tukey,logt,0.0644736348305927,0.3942745923300002,Δo > Δ,1,10,1,5
21137010,edf_filliben,logt,0.0652127848858344,0.3942745923300002,Δo > Δ,1,10,1,6
21137010,edf_beard,logt,0.0655613345011751,0.3942745923300002,Δo > Δ,1,10,1,7
21137010,edf_jenkinson,logt,0.0655613345011751,0.3942745923300002,Δo > Δ,1,10,1,8
21137010,edf_chegodayev,logt,0.0660245033169451,0.3942745923300002,Δo > Δ,1,10,1,9
21137010,edf_california,t,0.0681264112941542,0.3942745923300002,Δo > Δ,1,10,1,10
21137010,edf_adamowski,logt,0.0683138806063223,0.3942745923300002,Δo > Δ,1,10,1,11
21137010,edf_weibull,nct,0.0685359467587782,0.3942745923300002,Δo > Δ,1,10,1,12
21137050,edf_hazen,logdweibull,0.0857217030984894,0.351490473531,Δo > Δ,1,13,1,1
21137050,edf_gringorten,logdweibull,0.0872386783714816,0.351490473531,Δo > Δ,1,13,1,2
21137050,edf_cunnane,logdweibull,0.0895483605592127,0.351490473531,Δo > Δ,1,13,1,3
21137050,edf_california,logerlang,0.0906420172135202,0.351490473531,Δo > Δ,1,13,1,4
21137050,edf_blom,logdweibull,0.0909777487810538,0.351490473531,Δo > Δ,1,13,1,5
21137050,edf_weibull,nakagami,0.0923694062769432,0.351490473531,Δo > Δ,1,13,1,6
21137050,edf_tukey,logdweibull,0.0933362393470915,0.351490473531,Δo > Δ,1,13,1,7
21137050,edf_filliben,logdweibull,0.0942247541244952,0.351490473531,Δo > Δ,1,13,1,8
21137050,edf_jenkinson,logdweibull,0.0946441616191394,0.351490473531,Δo > Δ,1,13,1,9
21137050,edf_beard,logdweibull,0.0946441616191394,0.351490473531,Δo > Δ,1,13,1,10
21137050,edf_chegodayev,logdweibull,0.0952019109888826,0.351490473531,Δo > Δ,1,13,1,11
21137050,edf_adamowski,logdweibull,0.0979658689767212,0.351490473531,Δo > Δ,1,13,1,12
21147030,edf_hazen,loglaplace_asymmetric,0.0289879592125494,0.5865427407550001,Δo > Δ,1,5,1,1
21147030,edf_gringorten,loglaplace_asymmetric,0.0355913905264177,0.5865427407550001,Δo > Δ,1,5,1,2
21147030,edf_adamowski,logncf,0.0392235369123266,0.5865427407550001,Δo > Δ,1,5,1,3
21147030,edf_cunnane,loglaplace_asymmetric,0.0416010059110331,0.5865427407550001,Δo > Δ,1,5,1,4
21147030,edf_chegodayev,logncf,0.04259054027933,0.5865427407550001,Δo > Δ,1,5,1,5
21147030,edf_jenkinson,logncf,0.0432789610421002,0.5865427407550001,Δo > Δ,1,5,1,6
21147030,edf_beard,logncf,0.0432789610421002,0.5865427407550001,Δo > Δ,1,5,1,7
21147030,edf_filliben,logncf,0.0437986449357105,0.5865427407550001,Δo > Δ,1,5,1,8
21147030,edf_tukey,logncf,0.0449053550941448,0.5865427407550001,Δo > Δ,1,5,1,9
21147030,edf_blom,loglaplace_asymmetric,0.0452640095740367,0.5865427407550001,Δo > Δ,1,5,1,10
21147030,edf_weibull,logncf,0.0616407340941599,0.5865427407550001,Δo > Δ,1,5,1,11
21147030,edf_california,dweibull,0.0810803788473968,0.5865427407550001,Δo > Δ,1,5,1,12
21160260,edf_hazen,laplace_asymmetric,0.1336262696234484,0.3761373588009999,Δo > Δ,1,11,1,1
21160260,edf_gringorten,laplace_asymmetric,0.1365693696888507,0.3761373588009999,Δo > Δ,1,11,1,2
21160260,edf_cunnane,laplace_asymmetric,0.1384963994935783,0.3761373588009999,Δo > Δ,1,11,1,3
21160260,edf_blom,laplace_asymmetric,0.1396868756840545,0.3761373588009999,Δo > Δ,1,11,1,4
21160260,edf_tukey,laplace_asymmetric,0.14164765999778,0.3761373588009999,Δo > Δ,1,11,1,5
21160260,edf_filliben,laplace_asymmetric,0.1423852185495773,0.3761373588009999,Δo > Δ,1,11,1,6
21160260,edf_beard,laplace_asymmetric,0.1427331557074874,0.3761373588009999,Δo > Δ,1,11,1,7
21160260,edf_jenkinson,laplace_asymmetric,0.1427331557074874,0.3761373588009999,Δo > Δ,1,11,1,8
21160260,edf_chegodayev,laplace_asymmetric,0.1431956476138791,0.3761373588009999,Δo > Δ,1,11,1,9
21160260,edf_adamowski,laplace_asymmetric,0.1454839771333299,0.3761373588009999,Δo > Δ,1,11,1,10
21160260,edf_weibull,laplace_asymmetric,0.1563535423507212,0.3761373588009999,Δo > Δ,1,11,1,11
21160260,edf_california,laplace_asymmetric,0.1790808150779939,0.3761373588009999,Δo > Δ,1,11,1,12
21165501,edf_hazen,halfnorm,0.0974495167556123,0.4472608134160001,Δo > Δ,1,8,1,1
21165501,edf_gringorten,halfnorm,0.1002204527162035,0.4472608134160001,Δo > Δ,1,8,1,2
21165501,edf_cunnane,halfnorm,0.1020226874873197,0.4472608134160001,Δo > Δ,1,8,1,3
21165501,edf_blom,halfnorm,0.1031313349374305,0.4472608134160001,Δo > Δ,1,8,1,4
21165501,edf_tukey,halfnorm,0.1049495167556123,0.4472608134160001,Δo > Δ,1,8,1,5
21165501,edf_filliben,halfnorm,0.1056309273951819,0.4472608134160001,Δo > Δ,1,8,1,6
21165501,edf_beard,halfnorm,0.1059519033904571,0.4472608134160001,Δo > Δ,1,8,1,7
21165501,edf_jenkinson,halfnorm,0.1059519033904571,0.4472608134160001,Δo > Δ,1,8,1,8
21165501,edf_chegodayev,halfnorm,0.1063780881841837,0.4472608134160001,Δo > Δ,1,8,1,9
21165501,edf_adamowski,halfnorm,0.1084789285203182,0.4472608134160001,Δo > Δ,1,8,1,10
21165501,edf_weibull,lognakagami,0.1193100961156099,0.4472608134160001,Δo > Δ,1,8,1,11
21165501,edf_california,logexpon,0.125,0.4472608134160001,Δo > Δ,1,8,1,12
21165502,edf_california,dweibull,0.0782367311357196,0.5865427407550001,Δo > Δ,1,5,1,1
21165502,edf_hazen,logfisk,0.1025372010600396,0.5865427407550001,Δo > Δ,1,5,1,2
21165502,edf_gringorten,logdweibull,0.1068729715919576,0.5865427407550001,Δo > Δ,1,5,1,3
21165502,edf_cunnane,logdweibull,0.1070818380012998,0.5865427407550001,Δo > Δ,1,5,1,4
21165502,edf_blom,logdweibull,0.1089133398328017,0.5865427407550001,Δo > Δ,1,5,1,5
21165502,edf_tukey,logdweibull,0.1118895303089921,0.5865427407550001,Δo > Δ,1,5,1,6
21165502,edf_filliben,logdweibull,0.1129962404674264,0.5865427407550001,Δo > Δ,1,5,1,7
21165502,edf_jenkinson,logdweibull,0.1135159243610368,0.5865427407550001,Δo > Δ,1,5,1,8
21165502,edf_beard,logdweibull,0.1135159243610368,0.5865427407550001,Δo > Δ,1,5,1,9
21165502,edf_chegodayev,logdweibull,0.1142043451238069,0.5865427407550001,Δo > Δ,1,5,1,10
21165502,edf_adamowski,logdweibull,0.1175713484908103,0.5865427407550001,Δo > Δ,1,5,1,11
21165502,edf_weibull,logdweibull,0.1327228636423255,0.5865427407550001,Δo > Δ,1,5,1,12
21167060,edf_chegodayev,logdweibull,0.0745373619974403,0.4472608134160001,Δo > Δ,1,8,1,1
21167060,edf_jenkinson,logdweibull,0.0749635467911667,0.4472608134160001,Δo > Δ,1,8,1,2
21167060,edf_beard,logdweibull,0.0749635467911667,0.4472608134160001,Δo > Δ,1,8,1,3
21167060,edf_filliben,logdweibull,0.075284522786442,0.4472608134160001,Δo > Δ,1,8,1,4
21167060,edf_tukey,logdweibull,0.0759659334260117,0.4472608134160001,Δo > Δ,1,8,1,5
21167060,edf_blom,logdweibull,0.0777841152441934,0.4472608134160001,Δo > Δ,1,8,1,6
21167060,edf_adamowski,logdweibull,0.0782429075129971,0.4472608134160001,Δo > Δ,1,8,1,7
21167060,edf_cunnane,logdweibull,0.0788927626943044,0.4472608134160001,Δo > Δ,1,8,1,8
21167060,edf_gringorten,logdweibull,0.0806949974654206,0.4472608134160001,Δo > Δ,1,8,1,9
21167060,edf_hazen,logdweibull,0.0834659334260117,0.4472608134160001,Δo > Δ,1,8,1,10
21167060,edf_california,fatiguelife,0.091813069968734,0.4472608134160001,Δo > Δ,1,8,1,11
21167060,edf_weibull,halfnorm,0.100649397905792,0.4472608134160001,Δo > Δ,1,8,1,12
21167080,edf_adamowski,dweibull,0.0494507592607196,0.3366456264050002,Δo > Δ,1,15,1,1
21167080,edf_chegodayev,dweibull,0.0502886310663333,0.3366456264050002,Δo > Δ,1,15,1,2
21167080,edf_jenkinson,dweibull,0.0504575128997145,0.3366456264050002,Δo > Δ,1,15,1,3
21167080,edf_beard,dweibull,0.0504575128997145,0.3366456264050002,Δo > Δ,1,15,1,4
21167080,edf_filliben,dweibull,0.0505844627972448,0.3366456264050002,Δo > Δ,1,15,1,5
21167080,edf_tukey,dweibull,0.0508532838048991,0.3366456264050002,Δo > Δ,1,15,1,6
21167080,edf_blom,dweibull,0.05156604217981,0.3366456264050002,Δo > Δ,1,15,1,7
21167080,edf_cunnane,dweibull,0.0519974485646245,0.3366456264050002,Δo > Δ,1,15,1,8
21167080,edf_gringorten,dweibull,0.0526936334713357,0.3366456264050002,Δo > Δ,1,15,1,9
21167080,edf_hazen,dweibull,0.0537518345295368,0.3366456264050002,Δo > Δ,1,15,1,10
21167080,edf_weibull,dweibull,0.0566314483336681,0.3366456264050002,Δo > Δ,1,15,1,11
21167080,edf_california,dweibull,0.0649647816670015,0.3366456264050002,Δo > Δ,1,15,1,12
21185090,edf_california,dweibull,0.1018210793738325,0.3096406529800002,Δo > Δ,1,20,1,1
21185090,edf_weibull,dweibull,0.1232496508024039,0.3096406529800002,Δo > Δ,1,20,1,2
21185090,edf_adamowski,dweibull,0.1249918110811496,0.3096406529800002,Δo > Δ,1,20,1,3
21185090,edf_chegodayev,dweibull,0.1253504911385384,0.3096406529800002,Δo > Δ,1,20,1,4
21185090,edf_jenkinson,dweibull,0.1254226495406627,0.3096406529800002,Δo > Δ,1,20,1,5
21185090,edf_beard,dweibull,0.1254226495406627,0.3096406529800002,Δo > Δ,1,20,1,6
21185090,edf_filliben,dweibull,0.1254768613527178,0.3096406529800002,Δo > Δ,1,20,1,7
21185090,edf_tukey,dweibull,0.1255915711771112,0.3096406529800002,Δo > Δ,1,20,1,8
21185090,edf_blom,dweibull,0.1258951534479065,0.3096406529800002,Δo > Δ,1,20,1,9
21185090,edf_cunnane,dweibull,0.1260785051164067,0.3096406529800002,Δo > Δ,1,20,1,10
21185090,edf_gringorten,dweibull,0.1263737632704528,0.3096406529800002,Δo > Δ,1,20,1,11
21185090,edf_hazen,dweibull,0.1268210793738325,0.3096406529800002,Δo > Δ,1,20,1,12
21185501,edf_blom,logdweibull,0.0704684785904157,0.4472608134160001,Δo > Δ,1,8,1,1
21185501,edf_tukey,logdweibull,0.070555144847736,0.4472608134160001,Δo > Δ,1,8,1,2
21185501,edf_filliben,logdweibull,0.0721451030067319,0.4472608134160001,Δo > Δ,1,8,1,3
21185501,edf_cunnane,logdweibull,0.0723162243406005,0.4472608134160001,Δo > Δ,1,8,1,4
21185501,edf_jenkinson,logdweibull,0.0728940469957074,0.4472608134160001,Δo > Δ,1,8,1,5
21185501,edf_beard,logdweibull,0.0728940469957074,0.4472608134160001,Δo > Δ,1,8,1,6
21185501,edf_chegodayev,logdweibull,0.0738884781810694,0.4472608134160001,Δo > Δ,1,8,1,7
21185501,edf_gringorten,logdweibull,0.0753199489591275,0.4472608134160001,Δo > Δ,1,8,1,8
21185501,edf_adamowski,logdweibull,0.0787904389653831,0.4472608134160001,Δo > Δ,1,8,1,9
21185501,edf_hazen,logdweibull,0.0799381755601127,0.4472608134160001,Δo > Δ,1,8,1,10
21185501,edf_california,invgauss,0.0866377683546309,0.4472608134160001,Δo > Δ,1,8,1,11
21185501,edf_weibull,halfnorm,0.0962609951631547,0.4472608134160001,Δo > Δ,1,8,1,12
2119500111,edf_hazen,logdweibull,0.0793316161329381,0.530385761606,Δo > Δ,1,6,1,1
2119500111,edf_gringorten,logdweibull,0.0842335769172519,0.530385761606,Δo > Δ,1,6,1,2
2119500111,edf_cunnane,logdweibull,0.0873961322619705,0.530385761606,Δo > Δ,1,6,1,3
2119500111,edf_blom,logdweibull,0.0893316161329381,0.530385761606,Δo > Δ,1,6,1,4
2119500111,edf_tukey,logdweibull,0.0924895108697803,0.530385761606,Δo > Δ,1,6,1,5
2119500111,edf_filliben,logdweibull,0.0936678298014377,0.530385761606,Δo > Δ,1,6,1,6
2119500111,edf_beard,logdweibull,0.0942218982645994,0.530385761606,Δo > Δ,1,6,1,7
2119500111,edf_jenkinson,logdweibull,0.0942218982645994,0.530385761606,Δo > Δ,1,6,1,8
2119500111,edf_chegodayev,logdweibull,0.0949566161329381,0.530385761606,Δo > Δ,1,6,1,9
2119500111,edf_adamowski,logdweibull,0.0985623853637074,0.530385761606,Δo > Δ,1,6,1,10
2119500111,edf_weibull,logdweibull,0.1150459018472238,0.530385761606,Δo > Δ,1,6,1,11
2119500111,edf_california,loginvgauss,0.1336656935473607,0.530385761606,Δo > Δ,1,6,1,12
21195120,edf_hazen,logfisk,0.0732938107851797,0.530385761606,Δo > Δ,1,6,1,1
21195120,edf_gringorten,logfisk,0.0781957715694935,0.530385761606,Δo > Δ,1,6,1,2
21195120,edf_cunnane,logfisk,0.081358326914212,0.530385761606,Δo > Δ,1,6,1,3
21195120,edf_blom,logfisk,0.0832938107851797,0.530385761606,Δo > Δ,1,6,1,4
21195120,edf_tukey,logfisk,0.0864517055220218,0.530385761606,Δo > Δ,1,6,1,5
21195120,edf_filliben,logfisk,0.0876300244536792,0.530385761606,Δo > Δ,1,6,1,6
21195120,edf_beard,logfisk,0.088184092916841,0.530385761606,Δo > Δ,1,6,1,7
21195120,edf_jenkinson,logfisk,0.088184092916841,0.530385761606,Δo > Δ,1,6,1,8
21195120,edf_chegodayev,logfisk,0.0889188107851797,0.530385761606,Δo > Δ,1,6,1,9
21195120,edf_adamowski,logfisk,0.0925245800159489,0.530385761606,Δo > Δ,1,6,1,10
21195120,edf_weibull,logfisk,0.1090080964994654,0.530385761606,Δo > Δ,1,6,1,11
21195120,edf_california,logfatiguelife,0.1184179504914428,0.530385761606,Δo > Δ,1,6,1,12
21195160,edf_cunnane,laplace,0.0605433355778166,0.484420539261,Δo > Δ,1,7,1,1
21195160,edf_gringorten,laplace,0.0605433355778166,0.484420539261,Δo > Δ,1,7,1,2
21195160,edf_blom,laplace,0.0605433355778166,0.484420539261,Δo > Δ,1,7,1,3
21195160,edf_hazen,laplace,0.0605433355778166,0.484420539261,Δo > Δ,1,7,1,4
21195160,edf_tukey,laplace,0.0620157444599746,0.484420539261,Δo > Δ,1,7,1,5
21195160,edf_filliben,laplace,0.0626020556369171,0.484420539261,Δo > Δ,1,7,1,6
21195160,edf_beard,laplace,0.0628780258100608,0.484420539261,Δo > Δ,1,7,1,7
21195160,edf_jenkinson,laplace,0.0628780258100608,0.484420539261,Δo > Δ,1,7,1,8
21195160,edf_chegodayev,laplace,0.0632442456884758,0.484420539261,Δo > Δ,1,7,1,9
21195160,edf_adamowski,hypsecant,0.0641779003102231,0.484420539261,Δo > Δ,1,7,1,10
21195160,edf_weibull,laplace_asymmetric,0.079806815646232,0.484420539261,Δo > Δ,1,7,1,11
21195160,edf_california,invgauss,0.1174819949145338,0.484420539261,Δo > Δ,1,7,1,12
21195170,edf_hazen,loginvweibull,0.0647995099879219,0.3096406529800002,Δo > Δ,1,20,1,1
21195170,edf_gringorten,loginvweibull,0.0664396690336476,0.3096406529800002,Δo > Δ,1,20,1,2
21195170,edf_cunnane,loginvweibull,0.0675222822651496,0.3096406529800002,Δo > Δ,1,20,1,3
21195170,edf_california,laplace_asymmetric,0.0678368337431228,0.3096406529800002,Δo > Δ,1,20,1,4
21195170,edf_blom,loginvweibull,0.068194571716317,0.3096406529800002,Δo > Δ,1,20,1,5
21195170,edf_tukey,loginvweibull,0.0693077067092334,0.3096406529800002,Δo > Δ,1,20,1,6
21195170,edf_filliben,loginvweibull,0.0697283093986756,0.3096406529800002,Δo > Δ,1,20,1,7
21195170,edf_jenkinson,loginvweibull,0.0699270860428777,0.3096406529800002,Δo > Δ,1,20,1,8
21195170,edf_beard,loginvweibull,0.0699270860428777,0.3096406529800002,Δo > Δ,1,20,1,9
21195170,edf_chegodayev,loginvweibull,0.070191666850667,0.3096406529800002,Δo > Δ,1,20,1,10
21195170,edf_adamowski,loginvweibull,0.0715068270610926,0.3096406529800002,Δo > Δ,1,20,1,11
21195170,edf_weibull,loginvweibull,0.0778947480831601,0.3096406529800002,Δo > Δ,1,20,1,12
21195190,edf_adamowski,weibull_min,0.0737177046980895,0.3156449716410001,Δo > Δ,1,19,1,1
21195190,edf_chegodayev,weibull_min,0.0742463856391415,0.3156449716410001,Δo > Δ,1,19,1,2
21195190,edf_jenkinson,weibull_min,0.0743527765405916,0.3156449716410001,Δo > Δ,1,19,1,3
21195190,edf_beard,weibull_min,0.0743527765405916,0.3156449716410001,Δo > Δ,1,19,1,4
21195190,edf_filliben,weibull_min,0.0744327139336254,0.3156449716410001,Δo > Δ,1,19,1,5
21195190,edf_tukey,weibull_min,0.0746018779960558,0.3156449716410001,Δo > Δ,1,19,1,6
21195190,edf_blom,weibull_min,0.0750497060300908,0.3156449716410001,Δo > Δ,1,19,1,7
21195190,edf_cunnane,weibull_min,0.0753202688006536,0.3156449716410001,Δo > Δ,1,19,1,8
21195190,edf_gringorten,weibull_min,0.075756112594238,0.3156449716410001,Δo > Δ,1,19,1,9
21195190,edf_hazen,weibull_min,0.0764167600287237,0.3156449716410001,Δo > Δ,1,19,1,10
21195190,edf_california,lognakagami,0.0775144464663006,0.3156449716410001,Δo > Δ,1,19,1,11
21195190,edf_weibull,weibull_min,0.0791338644540459,0.3156449716410001,Δo > Δ,1,19,1,12
21195501,edf_hazen,logalpha,0.0327412843441989,0.5865427407550001,Δo > Δ,1,5,1,1
21195501,edf_gringorten,logalpha,0.0421162843441989,0.5865427407550001,Δo > Δ,1,5,1,2
21195501,edf_cunnane,logalpha,0.0481258997288143,0.5865427407550001,Δo > Δ,1,5,1,3
21195501,edf_blom,logalpha,0.0517889033918179,0.5865427407550001,Δo > Δ,1,5,1,4
21195501,edf_tukey,logalpha,0.0577412843441989,0.5865427407550001,Δo > Δ,1,5,1,5
21195501,edf_filliben,logalpha,0.0599547046610675,0.5865427407550001,Δo > Δ,1,5,1,6
21195501,edf_beard,logalpha,0.0609940724482881,0.5865427407550001,Δo > Δ,1,5,1,7
21195501,edf_jenkinson,logalpha,0.0609940724482881,0.5865427407550001,Δo > Δ,1,5,1,8
21195501,edf_chegodayev,logalpha,0.0623709139738285,0.5865427407550001,Δo > Δ,1,5,1,9
21195501,edf_weibull,logncf,0.0669126897803557,0.5865427407550001,Δo > Δ,1,5,1,10
21195501,edf_adamowski,logalpha,0.0691049207078352,0.5865427407550001,Δo > Δ,1,5,1,11
21195501,edf_california,dweibull,0.1000000000000225,0.5865427407550001,Δo > Δ,1,5,1,12
21195502,edf_hazen,t,0.097541420581717,0.484420539261,Δo > Δ,1,7,1,1
21195502,edf_gringorten,t,0.1023568298915084,0.484420539261,Δo > Δ,1,7,1,2
21195502,edf_cunnane,t,0.105477928518225,0.484420539261,Δo > Δ,1,7,1,3
21195502,edf_blom,t,0.1073936373304855,0.484420539261,Δo > Δ,1,7,1,4
21195502,edf_tukey,t,0.11052843356873,0.484420539261,Δo > Δ,1,7,1,5
21195502,edf_filliben,t,0.1117010559226151,0.484420539261,Δo > Δ,1,7,1,6
21195502,edf_beard,t,0.1122529962689025,0.484420539261,Δo > Δ,1,7,1,7
21195502,edf_jenkinson,t,0.1122529962689025,0.484420539261,Δo > Δ,1,7,1,8
21195502,edf_chegodayev,t,0.1129854360257325,0.484420539261,Δo > Δ,1,7,1,9
21195502,edf_adamowski,t,0.1165890396293361,0.484420539261,Δo > Δ,1,7,1,10
21195502,edf_weibull,t,0.1332557062960028,0.484420539261,Δo > Δ,1,7,1,11
21195502,edf_california,nakagami,0.1614447598994768,0.484420539261,Δo > Δ,1,7,1,12
2119700147,edf_cunnane,laplace_asymmetric,0.0677501109499184,0.5865427407550001,Δo > Δ,1,5,1,1
2119700147,edf_filliben,laplace_asymmetric,0.0677501109499184,0.5865427407550001,Δo > Δ,1,5,1,2
2119700147,edf_tukey,laplace_asymmetric,0.0677501109499184,0.5865427407550001,Δo > Δ,1,5,1,3
2119700147,edf_gringorten,laplace_asymmetric,0.0677501109499184,0.5865427407550001,Δo > Δ,1,5,1,4
2119700147,edf_blom,laplace_asymmetric,0.0677501109499184,0.5865427407550001,Δo > Δ,1,5,1,5
2119700147,edf_hazen,laplace_asymmetric,0.0677501109499184,0.5865427407550001,Δo > Δ,1,5,1,6
2119700147,edf_beard,laplace_asymmetric,0.0678459084988008,0.5865427407550001,Δo > Δ,1,5,1,7
2119700147,edf_jenkinson,laplace_asymmetric,0.0678459084988008,0.5865427407550001,Δo > Δ,1,5,1,8
2119700147,edf_chegodayev,laplace_asymmetric,0.0692227500243412,0.5865427407550001,Δo > Δ,1,5,1,9
2119700147,edf_adamowski,fisk,0.0729604228258413,0.5865427407550001,Δo > Δ,1,5,1,10
2119700147,edf_california,dweibull,0.1000000000000272,0.5865427407550001,Δo > Δ,1,5,1,11
2119700147,edf_weibull,dweibull,0.1023637716221204,0.5865427407550001,Δo > Δ,1,5,1,12
21197010,edf_weibull,f,0.0554337275160304,0.331107277296,Δo > Δ,1,16,1,1
21197010,edf_adamowski,pearson3,0.0577050785991635,0.331107277296,Δo > Δ,1,16,1,2
21197010,edf_chegodayev,pearson3,0.0581482534444989,0.331107277296,Δo > Δ,1,16,1,3
21197010,edf_jenkinson,pearson3,0.0585577355612982,0.331107277296,Δo > Δ,1,16,1,4
21197010,edf_beard,pearson3,0.0585577355612982,0.331107277296,Δo > Δ,1,16,1,5
21197010,edf_filliben,pearson3,0.0588655039717247,0.331107277296,Δo > Δ,1,16,1,6
21197010,edf_tukey,pearson3,0.0595170936635134,0.331107277296,Δo > Δ,1,16,1,7
21197010,edf_california,chi2,0.0605851963185996,0.331107277296,Δo > Δ,1,16,1,8
21197010,edf_hazen,dweibull,0.0607044579140575,0.331107277296,Δo > Δ,1,16,1,9
21197010,edf_blom,pearson3,0.0612439382475008,0.331107277296,Δo > Δ,1,16,1,10
21197010,edf_gringorten,dweibull,0.0618676092788217,0.331107277296,Δo > Δ,1,16,1,11
21197010,edf_cunnane,pearson3,0.0622885726254685,0.331107277296,Δo > Δ,1,16,1,12
21197430,edf_chegodayev,logfisk,0.0564168940133547,0.3621841451959999,Δo > Δ,1,12,1,1
21197430,edf_jenkinson,logfisk,0.0564820355006651,0.3621841451959999,Δo > Δ,1,12,1,2
21197430,edf_beard,logfisk,0.0564820355006651,0.3621841451959999,Δo > Δ,1,12,1,3
21197430,edf_filliben,logfisk,0.0565310299068105,0.3621841451959999,Δo > Δ,1,12,1,4
21197430,edf_tukey,logfisk,0.0566348539087339,0.3621841451959999,Δo > Δ,1,12,1,5
21197430,edf_blom,logfisk,0.0569106398988056,0.3621841451959999,Δo > Δ,1,12,1,6
21197430,edf_cunnane,logfisk,0.0570779199255704,0.3621841451959999,Δo > Δ,1,12,1,7
21197430,edf_gringorten,logfisk,0.0583426949149057,0.3621841451959999,Δo > Δ,1,12,1,8
21197430,edf_adamowski,logfisk,0.0589391694498013,0.3621841451959999,Δo > Δ,1,12,1,9
21197430,edf_hazen,logfisk,0.0604054011855327,0.3621841451959999,Δo > Δ,1,12,1,10
21197430,edf_weibull,fisk,0.0650689791598631,0.3621841451959999,Δo > Δ,1,12,1,11
21197430,edf_california,mielke,0.0833333050441557,0.3621841451959999,Δo > Δ,1,12,1,12
2120000099,edf_adamowski,betaprime,0.0764907783701857,0.5865427407550001,Δo > Δ,1,5,1,1
2120000099,edf_chegodayev,betaprime,0.0796749647611546,0.5865427407550001,Δo > Δ,1,5,1,2
2120000099,edf_jenkinson,betaprime,0.0803633855239248,0.5865427407550001,Δo > Δ,1,5,1,3
2120000099,edf_beard,betaprime,0.0803633855239248,0.5865427407550001,Δo > Δ,1,5,1,4
2120000099,edf_filliben,betaprime,0.0808830694175351,0.5865427407550001,Δo > Δ,1,5,1,5
2120000099,edf_tukey,betaprime,0.0819897795759694,0.5865427407550001,Δo > Δ,1,5,1,6
2120000099,edf_gringorten,laplace_asymmetric,0.0841760849013352,0.5865427407550001,Δo > Δ,1,5,1,7
2120000099,edf_cunnane,laplace_asymmetric,0.0841760849013352,0.5865427407550001,Δo > Δ,1,5,1,8
2120000099,edf_blom,laplace_asymmetric,0.0841760849013352,0.5865427407550001,Δo > Δ,1,5,1,9
2120000099,edf_hazen,laplace_asymmetric,0.0841760849013352,0.5865427407550001,Δo > Δ,1,5,1,10
2120000099,edf_weibull,fisk,0.1005257366430135,0.5865427407550001,Δo > Δ,1,5,1,11
2120000099,edf_california,kstwobign,0.1485186653903653,0.5865427407550001,Δo > Δ,1,5,1,12
2120000100,edf_blom,genlogistic,0.05998244154664,0.5865427407550001,Δo > Δ,1,5,1,1
2120000100,edf_tukey,genlogistic,0.0611177279913427,0.5865427407550001,Δo > Δ,1,5,1,2
2120000100,edf_cunnane,genlogistic,0.0618139433781418,0.5865427407550001,Δo > Δ,1,5,1,3
2120000100,edf_filliben,genlogistic,0.0633311483082113,0.5865427407550001,Δo > Δ,1,5,1,4
2120000100,edf_gringorten,gumbel_l,0.063710634038992,0.5865427407550001,Δo > Δ,1,5,1,5
2120000100,edf_jenkinson,genlogistic,0.0643705160954319,0.5865427407550001,Δo > Δ,1,5,1,6
2120000100,edf_beard,genlogistic,0.0643705160954319,0.5865427407550001,Δo > Δ,1,5,1,7
2120000100,edf_chegodayev,genlogistic,0.0657473576209723,0.5865427407550001,Δo > Δ,1,5,1,8
2120000100,edf_hazen,gumbel_l,0.0660027280910359,0.5865427407550001,Δo > Δ,1,5,1,9
2120000100,edf_adamowski,genlogistic,0.0724813643549791,0.5865427407550001,Δo > Δ,1,5,1,10
2120000100,edf_weibull,genlogistic,0.1027843946580094,0.5865427407550001,Δo > Δ,1,5,1,11
2120000100,edf_california,dweibull,0.1292668098871907,0.5865427407550001,Δo > Δ,1,5,1,12
2120000101,edf_adamowski,exponnorm,0.0760090803674968,0.5865427407550001,Δo > Δ,1,5,1,1
2120000101,edf_chegodayev,exponnorm,0.0779081718729201,0.5865427407550001,Δo > Δ,1,5,1,2
2120000101,edf_jenkinson,exponnorm,0.0785965926356902,0.5865427407550001,Δo > Δ,1,5,1,3
2120000101,edf_beard,exponnorm,0.0785965926356902,0.5865427407550001,Δo > Δ,1,5,1,4
2120000101,edf_filliben,exponnorm,0.0791162765293005,0.5865427407550001,Δo > Δ,1,5,1,5
2120000101,edf_tukey,exponnorm,0.0802229866877348,0.5865427407550001,Δo > Δ,1,5,1,6
2120000101,edf_blom,exponnorm,0.0831991771639253,0.5865427407550001,Δo > Δ,1,5,1,7
2120000101,edf_cunnane,exponnorm,0.0850306789954271,0.5865427407550001,Δo > Δ,1,5,1,8
2120000101,edf_gringorten,halflogistic,0.0879977986800293,0.5865427407550001,Δo > Δ,1,5,1,9
2120000101,edf_hazen,halflogistic,0.0879977986800293,0.5865427407550001,Δo > Δ,1,5,1,10
2120000101,edf_weibull,exponnorm,0.1027913307647897,0.5865427407550001,Δo > Δ,1,5,1,11
2120000101,edf_california,invgauss,0.1487161844091997,0.5865427407550001,Δo > Δ,1,5,1,12
2120000103,edf_hazen,halfnorm,0.0506520491838831,0.5865427407550001,Δo > Δ,1,5,1,1
2120000103,edf_gringorten,halfnorm,0.0553395491838831,0.5865427407550001,Δo > Δ,1,5,1,2
2120000103,edf_cunnane,halfnorm,0.0583443568761908,0.5865427407550001,Δo > Δ,1,5,1,3
2120000103,edf_blom,halfnorm,0.0601758587076926,0.5865427407550001,Δo > Δ,1,5,1,4
2120000103,edf_tukey,halfnorm,0.0631520491838831,0.5865427407550001,Δo > Δ,1,5,1,5
2120000103,edf_filliben,halfnorm,0.0642587593423174,0.5865427407550001,Δo > Δ,1,5,1,6
2120000103,edf_beard,halfnorm,0.0647784432359277,0.5865427407550001,Δo > Δ,1,5,1,7
2120000103,edf_jenkinson,halfnorm,0.0647784432359277,0.5865427407550001,Δo > Δ,1,5,1,8
2120000103,edf_chegodayev,halfnorm,0.0654668639986979,0.5865427407550001,Δo > Δ,1,5,1,9
2120000103,edf_adamowski,halfnorm,0.0688338673657013,0.5865427407550001,Δo > Δ,1,5,1,10
2120000103,edf_weibull,halfnorm,0.0962137260296902,0.5865427407550001,Δo > Δ,1,5,1,11
2120000103,edf_california,invgauss,0.1415794232112173,0.5865427407550001,Δo > Δ,1,5,1,12
2120000105,edf_california,logistic,0.1712447222740588,0.5865427407550001,Δo > Δ,1,5,1,1
2120000105,edf_adamowski,dweibull,0.1732467127023431,0.5865427407550001,Δo > Δ,1,5,1,2
2120000105,edf_jenkinson,dweibull,0.1732467127023431,0.5865427407550001,Δo > Δ,1,5,1,3
2120000105,edf_cunnane,dweibull,0.1732467127023431,0.5865427407550001,Δo > Δ,1,5,1,4
2120000105,edf_gringorten,dweibull,0.1732467127023431,0.5865427407550001,Δo > Δ,1,5,1,5
2120000105,edf_tukey,dweibull,0.1732467127023431,0.5865427407550001,Δo > Δ,1,5,1,6
2120000105,edf_blom,dweibull,0.1732467127023431,0.5865427407550001,Δo > Δ,1,5,1,7
2120000105,edf_filliben,dweibull,0.1732467127023431,0.5865427407550001,Δo > Δ,1,5,1,8
2120000105,edf_chegodayev,dweibull,0.1732467127023431,0.5865427407550001,Δo > Δ,1,5,1,9
2120000105,edf_beard,dweibull,0.1732467127023431,0.5865427407550001,Δo > Δ,1,5,1,10
2120000105,edf_weibull,dweibull,0.1732467127023431,0.5865427407550001,Δo > Δ,1,5,1,11
2120000105,edf_hazen,dweibull,0.1732467127023431,0.5865427407550001,Δo > Δ,1,5,1,12
2120000106,edf_blom,logweibull_min,0.0780972956501097,0.5865427407550001,Δo > Δ,1,5,1,1
2120000106,edf_tukey,logweibull_min,0.0792212235063409,0.5865427407550001,Δo > Δ,1,5,1,2
2120000106,edf_cunnane,logweibull_min,0.0799287974816115,0.5865427407550001,Δo > Δ,1,5,1,3
2120000106,edf_hazen,invgamma,0.0806043008307463,0.5865427407550001,Δo > Δ,1,5,1,4
2120000106,edf_filliben,logweibull_min,0.0814346438232094,0.5865427407550001,Δo > Δ,1,5,1,5
2120000106,edf_adamowski,loggumbel_l,0.0821413842950365,0.5865427407550001,Δo > Δ,1,5,1,6
2120000106,edf_gringorten,invgamma,0.082166239076054,0.5865427407550001,Δo > Δ,1,5,1,7
2120000106,edf_jenkinson,logweibull_min,0.0824740116104301,0.5865427407550001,Δo > Δ,1,5,1,8
2120000106,edf_beard,logweibull_min,0.0824740116104301,0.5865427407550001,Δo > Δ,1,5,1,9
2120000106,edf_chegodayev,logweibull_min,0.0838508531359705,0.5865427407550001,Δo > Δ,1,5,1,10
2120000106,edf_weibull,invgamma,0.1108120724093874,0.5865427407550001,Δo > Δ,1,5,1,11
2120000106,edf_california,logpearson3,0.1469132099541958,0.5865427407550001,Δo > Δ,1,5,1,12
2120000107,edf_cunnane,pearson3,0.0657147851417249,0.5865427407550001,Δo > Δ,1,5,1,1
2120000107,edf_blom,pearson3,0.0657147851417249,0.5865427407550001,Δo > Δ,1,5,1,2
2120000107,edf_tukey,pearson3,0.0657147851417249,0.5865427407550001,Δo > Δ,1,5,1,3
2120000107,edf_gringorten,pearson3,0.0657147851417249,0.5865427407550001,Δo > Δ,1,5,1,4
2120000107,edf_filliben,pearson3,0.0671293791412198,0.5865427407550001,Δo > Δ,1,5,1,5
2120000107,edf_jenkinson,pearson3,0.0681687469284404,0.5865427407550001,Δo > Δ,1,5,1,6
2120000107,edf_beard,pearson3,0.0681687469284404,0.5865427407550001,Δo > Δ,1,5,1,7
2120000107,edf_chegodayev,pearson3,0.0695455884539809,0.5865427407550001,Δo > Δ,1,5,1,8
2120000107,edf_hazen,pearson3,0.0703780342965624,0.5865427407550001,Δo > Δ,1,5,1,9
2120000107,edf_adamowski,pearson3,0.0762795951879876,0.5865427407550001,Δo > Δ,1,5,1,10
2120000107,edf_weibull,fisk,0.0963426686921119,0.5865427407550001,Δo > Δ,1,5,1,11
2120000107,edf_california,genlogistic,0.13718426816771,0.5865427407550001,Δo > Δ,1,5,1,12
2120000108,edf_hazen,fisk,0.0402438974147468,0.5865427407550001,Δo > Δ,1,5,1,1
2120000108,edf_gringorten,fisk,0.0445730310324257,0.5865427407550001,Δo > Δ,1,5,1,2
2120000108,edf_cunnane,logcrystalball,0.0501391623593747,0.5865427407550001,Δo > Δ,1,5,1,3
2120000108,edf_blom,logcrystalball,0.0538021660223783,0.5865427407550001,Δo > Δ,1,5,1,4
2120000108,edf_tukey,logcrystalball,0.0597545469747592,0.5865427407550001,Δo > Δ,1,5,1,5
2120000108,edf_filliben,logcrystalball,0.0619679672916277,0.5865427407550001,Δo > Δ,1,5,1,6
2120000108,edf_beard,logcrystalball,0.0630073350788483,0.5865427407550001,Δo > Δ,1,5,1,7
2120000108,edf_jenkinson,logcrystalball,0.0630073350788483,0.5865427407550001,Δo > Δ,1,5,1,8
2120000108,edf_chegodayev,logcrystalball,0.0643841766043888,0.5865427407550001,Δo > Δ,1,5,1,9
2120000108,edf_adamowski,logcrystalball,0.0711181833383955,0.5865427407550001,Δo > Δ,1,5,1,10
2120000108,edf_weibull,logcrystalball,0.1014212136414258,0.5865427407550001,Δo > Δ,1,5,1,11
2120000108,edf_california,logcrystalball,0.133155395237586,0.5865427407550001,Δo > Δ,1,5,1,12
2120000109,edf_hazen,betaprime,0.0686806622986591,0.5865427407550001,Δo > Δ,1,5,1,1
2120000109,edf_gringorten,betaprime,0.069078045584058,0.5865427407550001,Δo > Δ,1,5,1,2
2120000109,edf_cunnane,betaprime,0.0720828532763657,0.5865427407550001,Δo > Δ,1,5,1,3
2120000109,edf_blom,betaprime,0.0739143551078675,0.5865427407550001,Δo > Δ,1,5,1,4
2120000109,edf_tukey,betaprime,0.076890545584058,0.5865427407550001,Δo > Δ,1,5,1,5
2120000109,edf_jenkinson,rice,0.0770526096774162,0.5865427407550001,Δo > Δ,1,5,1,6
2120000109,edf_beard,rice,0.0770526096774162,0.5865427407550001,Δo > Δ,1,5,1,7
2120000109,edf_filliben,rice,0.0770526096774162,0.5865427407550001,Δo > Δ,1,5,1,8
2120000109,edf_chegodayev,rice,0.0783766549901153,0.5865427407550001,Δo > Δ,1,5,1,9
2120000109,edf_adamowski,invgamma,0.0788189203409798,0.5865427407550001,Δo > Δ,1,5,1,10
2120000109,edf_california,dweibull,0.0861190602701522,0.5865427407550001,Δo > Δ,1,5,1,11
2120000109,edf_weibull,invgamma,0.0960823654453882,0.5865427407550001,Δo > Δ,1,5,1,12
21201200,edf_blom,halflogistic,0.0556096223426147,0.3942745923300002,Δo > Δ,1,10,1,1
21201200,edf_tukey,halflogistic,0.0556418561131559,0.3942745923300002,Δo > Δ,1,10,1,2
21201200,edf_filliben,halflogistic,0.0566766661904943,0.3942745923300002,Δo > Δ,1,10,1,3
21201200,edf_cunnane,halflogistic,0.0568052225339107,0.3942745923300002,Δo > Δ,1,10,1,4
21201200,edf_hazen,logmaxwell,0.0570436504106596,0.3942745923300002,Δo > Δ,1,10,1,5
21201200,edf_jenkinson,halflogistic,0.0571646356519712,0.3942745923300002,Δo > Δ,1,10,1,6
21201200,edf_beard,halflogistic,0.0571646356519712,0.3942745923300002,Δo > Δ,1,10,1,7
21201200,edf_gringorten,logmaxwell,0.0576365357861536,0.3942745923300002,Δo > Δ,1,10,1,8
21201200,edf_chegodayev,halflogistic,0.0578130719940492,0.3942745923300002,Δo > Δ,1,10,1,9
21201200,edf_adamowski,halfnorm,0.0605158162096128,0.3942745923300002,Δo > Δ,1,10,1,10
21201200,edf_weibull,halfnorm,0.0670162219759713,0.3942745923300002,Δo > Δ,1,10,1,11
21201200,edf_california,halflogistic,0.0989192408915242,0.3942745923300002,Δo > Δ,1,10,1,12
21201980,edf_cunnane,logt,0.0540382257191067,0.3761373588009999,Δo > Δ,1,11,1,1
21201980,edf_blom,logt,0.0548318765127575,0.3761373588009999,Δo > Δ,1,11,1,2
21201980,edf_gringorten,logt,0.0554127424173719,0.3761373588009999,Δo > Δ,1,11,1,3
21201980,edf_tukey,logt,0.0561390660552412,0.3761373588009999,Δo > Δ,1,11,1,4
21201980,edf_filliben,logt,0.0566307717564394,0.3761373588009999,Δo > Δ,1,11,1,5
21201980,edf_jenkinson,logt,0.0568627298617129,0.3761373588009999,Δo > Δ,1,11,1,6
21201980,edf_beard,logt,0.0568627298617129,0.3761373588009999,Δo > Δ,1,11,1,7
21201980,edf_california,t,0.0569120921711678,0.3761373588009999,Δo > Δ,1,11,1,8
21201980,edf_chegodayev,logt,0.0571710577993073,0.3761373588009999,Δo > Δ,1,11,1,9
21201980,edf_hazen,logt,0.0583558424827742,0.3761373588009999,Δo > Δ,1,11,1,10
21201980,edf_adamowski,logt,0.0586966108122745,0.3761373588009999,Δo > Δ,1,11,1,11
21201980,edf_weibull,alpha,0.0661703598139508,0.3761373588009999,Δo > Δ,1,11,1,12
21202170,edf_adamowski,logt,0.1096438550266423,0.417612680231,Δo > Δ,1,9,1,1
21202170,edf_cunnane,logt,0.1096438550266423,0.417612680231,Δo > Δ,1,9,1,2
21202170,edf_jenkinson,logt,0.1096438550266423,0.417612680231,Δo > Δ,1,9,1,3
21202170,edf_filliben,logt,0.1096438550266423,0.417612680231,Δo > Δ,1,9,1,4
21202170,edf_tukey,logt,0.1096438550266423,0.417612680231,Δo > Δ,1,9,1,5
21202170,edf_blom,logt,0.1096438550266423,0.417612680231,Δo > Δ,1,9,1,6
21202170,edf_chegodayev,logt,0.1096438550266423,0.417612680231,Δo > Δ,1,9,1,7
21202170,edf_beard,logt,0.1096438550266423,0.417612680231,Δo > Δ,1,9,1,8
21202170,edf_weibull,logt,0.1096438550266423,0.417612680231,Δo > Δ,1,9,1,9
21202170,edf_gringorten,logt,0.109944066988745,0.417612680231,Δo > Δ,1,9,1,10
21202170,edf_hazen,logt,0.1143300319010258,0.417612680231,Δo > Δ,1,9,1,11
21202170,edf_california,laplace,0.1234859189103642,0.417612680231,Δo > Δ,1,9,1,12
21202180,edf_cunnane,dweibull,0.0455913084817037,0.3942745923300002,Δo > Δ,1,10,1,1
21202180,edf_blom,dweibull,0.0458402658306176,0.3942745923300002,Δo > Δ,1,10,1,2
21202180,edf_gringorten,dweibull,0.0467538288258098,0.3942745923300002,Δo > Δ,1,10,1,3
21202180,edf_hazen,dweibull,0.048532484952292,0.3942745923300002,Δo > Δ,1,10,1,4
21202180,edf_tukey,dweibull,0.0493807851067781,0.3942745923300002,Δo > Δ,1,10,1,5
21202180,edf_filliben,dweibull,0.0507112552062133,0.3942745923300002,Δo > Δ,1,10,1,6
21202180,edf_beard,dweibull,0.0513386445138264,0.3942745923300002,Δo > Δ,1,10,1,7
21202180,edf_jenkinson,dweibull,0.0513386445138264,0.3942745923300002,Δo > Δ,1,10,1,8
21202180,edf_chegodayev,dweibull,0.0521723483822124,0.3942745923300002,Δo > Δ,1,10,1,9
21202180,edf_adamowski,dweibull,0.0562932275030915,0.3942745923300002,Δo > Δ,1,10,1,10
21202180,edf_weibull,dweibull,0.075773746983611,0.3942745923300002,Δo > Δ,1,10,1,11
21202180,edf_california,logkappa4,0.0937081164452948,0.3942745923300002,Δo > Δ,1,10,1,12
21202210,edf_adamowski,logncf,0.0899363117709909,0.5865427407550001,Δo > Δ,1,5,1,1
21202210,edf_weibull,logncf,0.0899363117709909,0.5865427407550001,Δo > Δ,1,5,1,2
21202210,edf_california,dweibull,0.0907390135532152,0.5865427407550001,Δo > Δ,1,5,1,3
21202210,edf_chegodayev,logncf,0.0908887377247902,0.5865427407550001,Δo > Δ,1,5,1,4
21202210,edf_jenkinson,logncf,0.0922655792503307,0.5865427407550001,Δo > Δ,1,5,1,5
21202210,edf_beard,logncf,0.0922655792503307,0.5865427407550001,Δo > Δ,1,5,1,6
21202210,edf_filliben,logncf,0.0933049470375513,0.5865427407550001,Δo > Δ,1,5,1,7
21202210,edf_tukey,logncf,0.0955183673544198,0.5865427407550001,Δo > Δ,1,5,1,8
21202210,edf_hazen,logfisk,0.0956872864345307,0.5865427407550001,Δo > Δ,1,5,1,9
21202210,edf_gringorten,logfisk,0.1003747864345306,0.5865427407550001,Δo > Δ,1,5,1,10
21202210,edf_blom,logncf,0.1014707483068008,0.5865427407550001,Δo > Δ,1,5,1,11
21202210,edf_cunnane,logfisk,0.1033795941268383,0.5865427407550001,Δo > Δ,1,5,1,12
21202220,edf_california,pearson3,0.0920814173247438,0.3761373588009999,Δo > Δ,1,11,1,1
21202220,edf_adamowski,mielke,0.0935790819961982,0.3761373588009999,Δo > Δ,1,11,1,2
21202220,edf_jenkinson,mielke,0.0935790819961982,0.3761373588009999,Δo > Δ,1,11,1,3
21202220,edf_cunnane,mielke,0.0935790819961982,0.3761373588009999,Δo > Δ,1,11,1,4
21202220,edf_gringorten,mielke,0.0935790819961982,0.3761373588009999,Δo > Δ,1,11,1,5
21202220,edf_tukey,mielke,0.0935790819961982,0.3761373588009999,Δo > Δ,1,11,1,6
21202220,edf_blom,mielke,0.0935790819961982,0.3761373588009999,Δo > Δ,1,11,1,7
21202220,edf_filliben,mielke,0.0935790819961982,0.3761373588009999,Δo > Δ,1,11,1,8
21202220,edf_chegodayev,mielke,0.0935790819961982,0.3761373588009999,Δo > Δ,1,11,1,9
21202220,edf_beard,mielke,0.0935790819961982,0.3761373588009999,Δo > Δ,1,11,1,10
21202220,edf_weibull,mielke,0.0935790819961982,0.3761373588009999,Δo > Δ,1,11,1,11
21202220,edf_hazen,mielke,0.0935790819961982,0.3761373588009999,Δo > Δ,1,11,1,12
21202230,edf_hazen,weibull_min,0.0419749062053734,0.3761373588009999,Δo > Δ,1,11,1,1
21202230,edf_blom,pearson3,0.0446443271926548,0.3761373588009999,Δo > Δ,1,11,1,2
21202230,edf_gringorten,weibull_min,0.0449180062707755,0.3761373588009999,Δo > Δ,1,11,1,3
21202230,edf_tukey,pearson3,0.044940605649857,0.3761373588009999,Δo > Δ,1,11,1,4
21202230,edf_cunnane,pearson3,0.0454379779863056,0.3761373588009999,Δo > Δ,1,11,1,5
21202230,edf_filliben,pearson3,0.0459240170522535,0.3761373588009999,Δo > Δ,1,11,1,6
21202230,edf_beard,pearson3,0.0463879332628003,0.3761373588009999,Δo > Δ,1,11,1,7
21202230,edf_jenkinson,pearson3,0.0463879332628003,0.3761373588009999,Δo > Δ,1,11,1,8
21202230,edf_chegodayev,pearson3,0.0470045891379891,0.3761373588009999,Δo > Δ,1,11,1,9
21202230,edf_adamowski,pearson3,0.0500556951639235,0.3761373588009999,Δo > Δ,1,11,1,10
21202230,edf_weibull,pearson3,0.0645484487871119,0.3761373588009999,Δo > Δ,1,11,1,11
21202230,edf_california,pearson3,0.0796999639386271,0.3761373588009999,Δo > Δ,1,11,1,12
21202240,edf_california,mielke,0.1275399157720201,0.3761373588009999,Δo > Δ,1,11,1,1
21202240,edf_weibull,dweibull,0.1389202010748743,0.3761373588009999,Δo > Δ,1,11,1,2
21202240,edf_adamowski,mielke,0.1525100876247928,0.3761373588009999,Δo > Δ,1,11,1,3
21202240,edf_chegodayev,mielke,0.1532728641312764,0.3761373588009999,Δo > Δ,1,11,1,4
21202240,edf_jenkinson,mielke,0.1534270281000736,0.3761373588009999,Δo > Δ,1,11,1,5
21202240,edf_beard,mielke,0.1534270281000736,0.3761373588009999,Δo > Δ,1,11,1,6
21202240,edf_filliben,mielke,0.1535430071527103,0.3761373588009999,Δo > Δ,1,11,1,7
21202240,edf_tukey,mielke,0.1537888600033095,0.3761373588009999,Δo > Δ,1,11,1,8
21202240,edf_blom,mielke,0.1544424547745513,0.3761373588009999,Δo > Δ,1,11,1,9
21202240,edf_cunnane,mielke,0.1548392801713767,0.3761373588009999,Δo > Δ,1,11,1,10
21202240,edf_gringorten,mielke,0.1554816234396192,0.3761373588009999,Δo > Δ,1,11,1,11
21202240,edf_hazen,mielke,0.1564626567947533,0.3761373588009999,Δo > Δ,1,11,1,12
21202250,edf_weibull,logpearson3,0.0815241500545155,0.3761373588009999,Δo > Δ,1,11,1,1
21202250,edf_adamowski,logpearson3,0.0960169036777038,0.3761373588009999,Δo > Δ,1,11,1,2
21202250,edf_chegodayev,logpearson3,0.0994738644091582,0.3761373588009999,Δo > Δ,1,11,1,3
21202250,edf_jenkinson,logpearson3,0.1002446842531443,0.3761373588009999,Δo > Δ,1,11,1,4
21202250,edf_beard,logpearson3,0.1002446842531443,0.3761373588009999,Δo > Δ,1,11,1,5
21202250,edf_california,logmielke,0.1006072108985068,0.3761373588009999,Δo > Δ,1,11,1,6
21202250,edf_filliben,logpearson3,0.1008245795163278,0.3761373588009999,Δo > Δ,1,11,1,7
21202250,edf_tukey,logpearson3,0.1020538437693234,0.3761373588009999,Δo > Δ,1,11,1,8
21202250,edf_blom,logpearson3,0.1053218176255326,0.3761373588009999,Δo > Δ,1,11,1,9
21202250,edf_cunnane,logpearson3,0.1073059446096597,0.3761373588009999,Δo > Δ,1,11,1,10
21202250,edf_gringorten,logpearson3,0.1105176609508724,0.3761373588009999,Δo > Δ,1,11,1,11
21202250,edf_hazen,truncnorm,0.1119212291252478,0.3761373588009999,Δo > Δ,1,11,1,12
2120500050,edf_weibull,logbetaprime,0.1078648800633969,0.5865427407550001,Δo > Δ,1,5,1,1
2120500050,edf_cunnane,nakagami,0.1153846135520981,0.5865427407550001,Δo > Δ,1,5,1,2
2120500050,edf_gringorten,nakagami,0.11621826351097,0.5865427407550001,Δo > Δ,1,5,1,3
2120500050,edf_hazen,weibull_min,0.1175580246142103,0.5865427407550001,Δo > Δ,1,5,1,4
2120500050,edf_california,logdweibull,0.1179324416035075,0.5865427407550001,Δo > Δ,1,5,1,5
2120500050,edf_blom,nakagami,0.1190476172151018,0.5865427407550001,Δo > Δ,1,5,1,6
2120500050,edf_tukey,nakagami,0.1249999981674827,0.5865427407550001,Δo > Δ,1,5,1,7
2120500050,edf_filliben,nakagami,0.1272134184843513,0.5865427407550001,Δo > Δ,1,5,1,8
2120500050,edf_jenkinson,nakagami,0.128252786271572,0.5865427407550001,Δo > Δ,1,5,1,9
2120500050,edf_beard,nakagami,0.128252786271572,0.5865427407550001,Δo > Δ,1,5,1,10
2120500050,edf_chegodayev,nakagami,0.1296296277971124,0.5865427407550001,Δo > Δ,1,5,1,11
2120500050,edf_adamowski,logweibull_min,0.1363636293649205,0.5865427407550001,Δo > Δ,1,5,1,12
2120500135,edf_hazen,kappa4,0.0873907918579055,0.530385761606,Δo > Δ,1,6,1,1
2120500135,edf_gringorten,kappa4,0.0915032679738542,0.530385761606,Δo > Δ,1,6,1,2
2120500135,edf_weibull,dweibull,0.0958368700837266,0.530385761606,Δo > Δ,1,6,1,3
2120500135,edf_cunnane,kappa4,0.0967741935483851,0.530385761606,Δo > Δ,1,6,1,4
2120500135,edf_adamowski,dweibull,0.0982554027732387,0.530385761606,Δo > Δ,1,6,1,5
2120500135,edf_blom,kappa4,0.099999999999998,0.530385761606,Δo > Δ,1,6,1,6
2120500135,edf_chegodayev,dweibull,0.1018611720040079,0.530385761606,Δo > Δ,1,6,1,7
2120500135,edf_jenkinson,dweibull,0.1025958898723465,0.530385761606,Δo > Δ,1,6,1,8
2120500135,edf_beard,dweibull,0.1025958898723465,0.530385761606,Δo > Δ,1,6,1,9
2120500135,edf_filliben,dweibull,0.1031499583355083,0.530385761606,Δo > Δ,1,6,1,10
2120500135,edf_tukey,dweibull,0.1043282772671658,0.530385761606,Δo > Δ,1,6,1,11
2120500135,edf_california,dweibull,0.1196463938932504,0.530385761606,Δo > Δ,1,6,1,12
21205012,edf_hazen,fatiguelife,0.0952224673062009,0.3366456264050002,Δo > Δ,1,15,1,1
21205012,edf_gringorten,fatiguelife,0.0957515678353014,0.3366456264050002,Δo > Δ,1,15,1,2
21205012,edf_cunnane,fatiguelife,0.0960996602886571,0.3366456264050002,Δo > Δ,1,15,1,3
21205012,edf_blom,fatiguelife,0.0963153634810644,0.3366456264050002,Δo > Δ,1,15,1,4
21205012,edf_tukey,fatiguelife,0.0966717426685198,0.3366456264050002,Δo > Δ,1,15,1,5
21205012,edf_filliben,fatiguelife,0.096806153172347,0.3366456264050002,Δo > Δ,1,15,1,6
21205012,edf_beard,fatiguelife,0.0968696281211122,0.3366456264050002,Δo > Δ,1,15,1,7
21205012,edf_jenkinson,fatiguelife,0.0968696281211122,0.3366456264050002,Δo > Δ,1,15,1,8
21205012,edf_chegodayev,fatiguelife,0.0969540690378027,0.3366456264050002,Δo > Δ,1,15,1,9
21205012,edf_adamowski,fatiguelife,0.0973730049406095,0.3366456264050002,Δo > Δ,1,15,1,10
21205012,edf_weibull,fatiguelife,0.0993891339728676,0.3366456264050002,Δo > Δ,1,15,1,11
21205012,edf_california,fatiguelife,0.1130971411563959,0.3366456264050002,Δo > Δ,1,15,1,12
21205502,edf_weibull,lognct,0.0822421237683994,0.4472608134160001,Δo > Δ,1,8,1,1
21205502,edf_adamowski,lognct,0.1051179407618635,0.4472608134160001,Δo > Δ,1,8,1,2
21205502,edf_california,invgauss,0.1076578596763457,0.4472608134160001,Δo > Δ,1,8,1,3
21205502,edf_chegodayev,lognct,0.1100199015461772,0.4472608134160001,Δo > Δ,1,8,1,4
21205502,edf_jenkinson,lognct,0.1110143327315392,0.4472608134160001,Δo > Δ,1,8,1,5
21205502,edf_beard,lognct,0.1110143327315392,0.4472608134160001,Δo > Δ,1,8,1,6
21205502,edf_filliben,lognct,0.1117632767205147,0.4472608134160001,Δo > Δ,1,8,1,7
21205502,edf_tukey,lognct,0.1133532348795106,0.4472608134160001,Δo > Δ,1,8,1,8
21205502,edf_hazen,loginvweibull,0.1158080902357883,0.4472608134160001,Δo > Δ,1,8,1,9
21205502,edf_gringorten,dweibull,0.1167793016356979,0.4472608134160001,Δo > Δ,1,8,1,10
21205502,edf_blom,lognct,0.1175956591219348,0.4472608134160001,Δo > Δ,1,8,1,11
21205502,edf_cunnane,dweibull,0.1177678002009233,0.4472608134160001,Δo > Δ,1,8,1,12
21205503,edf_weibull,genlogistic,0.1040283990703991,0.484420539261,Δo > Δ,1,7,1,1
21205503,edf_adamowski,genlogistic,0.1206950657370657,0.484420539261,Δo > Δ,1,7,1,2
21205503,edf_chegodayev,genlogistic,0.1242986693406694,0.484420539261,Δo > Δ,1,7,1,3
21205503,edf_jenkinson,genlogistic,0.1250311090974994,0.484420539261,Δo > Δ,1,7,1,4
21205503,edf_beard,genlogistic,0.1250311090974994,0.484420539261,Δo > Δ,1,7,1,5
21205503,edf_filliben,genlogistic,0.1255830494437867,0.484420539261,Δo > Δ,1,7,1,6
21205503,edf_tukey,genlogistic,0.1267556717976718,0.484420539261,Δo > Δ,1,7,1,7
21205503,edf_blom,genlogistic,0.1298904680359163,0.484420539261,Δo > Δ,1,7,1,8
21205503,edf_cunnane,genlogistic,0.1318061768481769,0.484420539261,Δo > Δ,1,7,1,9
21205503,edf_gringorten,genlogistic,0.1349272754748935,0.484420539261,Δo > Δ,1,7,1,10
21205503,edf_california,laplace_asymmetric,0.1379584631136811,0.484420539261,Δo > Δ,1,7,1,11
21205503,edf_hazen,genlogistic,0.1397426847846848,0.484420539261,Δo > Δ,1,7,1,12
21205505,edf_filliben,dweibull,0.0818848067789852,0.484420539261,Δo > Δ,1,7,1,1
21205505,edf_jenkinson,dweibull,0.082569695187015,0.484420539261,Δo > Δ,1,7,1,2
21205505,edf_beard,dweibull,0.082569695187015,0.484420539261,Δo > Δ,1,7,1,3
21205505,edf_tukey,dweibull,0.0836437403098128,0.484420539261,Δo > Δ,1,7,1,4
21205505,edf_chegodayev,dweibull,0.08366835482226,0.484420539261,Δo > Δ,1,7,1,5
21205505,edf_blom,dweibull,0.0883459346671796,0.484420539261,Δo > Δ,1,7,1,6
21205505,edf_adamowski,dweibull,0.0890737602276654,0.484420539261,Δo > Δ,1,7,1,7
21205505,edf_cunnane,dweibull,0.0912194978855703,0.484420539261,Δo > Δ,1,7,1,8
21205505,edf_gringorten,dweibull,0.0959011458256452,0.484420539261,Δo > Δ,1,7,1,9
21205505,edf_hazen,dweibull,0.1031242597903323,0.484420539261,Δo > Δ,1,7,1,10
21205505,edf_weibull,dweibull,0.1140737602276654,0.484420539261,Δo > Δ,1,7,1,11
21205505,edf_california,loghypsecant,0.1260393253580377,0.484420539261,Δo > Δ,1,7,1,12
21205506,edf_gringorten,fisk,0.0559882295267866,0.484420539261,Δo > Δ,1,7,1,1
21205506,edf_cunnane,fisk,0.0569856592517012,0.484420539261,Δo > Δ,1,7,1,2
21205506,edf_hazen,fisk,0.0583959341816824,0.484420539261,Δo > Δ,1,7,1,3
21205506,edf_blom,fisk,0.0589013680639617,0.484420539261,Δo > Δ,1,7,1,4
21205506,edf_tukey,fisk,0.0620361643022062,0.484420539261,Δo > Δ,1,7,1,5
21205506,edf_filliben,fisk,0.0632087866560913,0.484420539261,Δo > Δ,1,7,1,6
21205506,edf_beard,fisk,0.0637607270023786,0.484420539261,Δo > Δ,1,7,1,7
21205506,edf_jenkinson,fisk,0.0637607270023786,0.484420539261,Δo > Δ,1,7,1,8
21205506,edf_chegodayev,fisk,0.0646915232679426,0.484420539261,Δo > Δ,1,7,1,9
21205506,edf_adamowski,fisk,0.070096928673348,0.484420539261,Δo > Δ,1,7,1,10
21205506,edf_weibull,pearson3,0.0889953032567723,0.484420539261,Δo > Δ,1,7,1,11
21205506,edf_california,laplace_asymmetric,0.0987723947216699,0.484420539261,Δo > Δ,1,7,1,12
21205507,edf_tukey,dweibull,0.0797844103763479,0.484420539261,Δo > Δ,1,7,1,1
21205507,edf_filliben,dweibull,0.081152607996651,0.484420539261,Δo > Δ,1,7,1,2
21205507,edf_jenkinson,dweibull,0.081980518516082,0.484420539261,Δo > Δ,1,7,1,3
21205507,edf_beard,dweibull,0.081980518516082,0.484420539261,Δo > Δ,1,7,1,4
21205507,edf_chegodayev,logdweibull,0.0825412403039104,0.484420539261,Δo > Δ,1,7,1,5
21205507,edf_blom,dweibull,0.0829192066145924,0.484420539261,Δo > Δ,1,7,1,6
21205507,edf_cunnane,dweibull,0.0848349154268529,0.484420539261,Δo > Δ,1,7,1,7
21205507,edf_weibull,lognct,0.0872561338905487,0.484420539261,Δo > Δ,1,7,1,8
21205507,edf_adamowski,logdweibull,0.0879466457093157,0.484420539261,Δo > Δ,1,7,1,9
21205507,edf_gringorten,dweibull,0.0879560140535695,0.484420539261,Δo > Δ,1,7,1,10
21205507,edf_hazen,halfnorm,0.0924742464755012,0.484420539261,Δo > Δ,1,7,1,11
21205507,edf_california,dweibull,0.1231033876611088,0.484420539261,Δo > Δ,1,7,1,12
21205660,edf_weibull,logncf,0.0915027816081019,0.484420539261,Δo > Δ,1,7,1,1
21205660,edf_adamowski,logncf,0.1165027816081019,0.484420539261,Δo > Δ,1,7,1,2
21205660,edf_chegodayev,logncf,0.1219081870135073,0.484420539261,Δo > Δ,1,7,1,3
21205660,edf_jenkinson,logncf,0.1230068466487523,0.484420539261,Δo > Δ,1,7,1,4
21205660,edf_beard,logncf,0.1230068466487523,0.484420539261,Δo > Δ,1,7,1,5
21205660,edf_filliben,logncf,0.1238347571681834,0.484420539261,Δo > Δ,1,7,1,6
21205660,edf_tukey,logncf,0.125593690699011,0.484420539261,Δo > Δ,1,7,1,7
21205660,edf_blom,logncf,0.1302958850563778,0.484420539261,Δo > Δ,1,7,1,8
21205660,edf_cunnane,logncf,0.1331694482747686,0.484420539261,Δo > Δ,1,7,1,9
21205660,edf_gringorten,logncf,0.1378510962148435,0.484420539261,Δo > Δ,1,7,1,10
21205660,edf_hazen,halfnorm,0.1447227944563516,0.484420539261,Δo > Δ,1,7,1,11
21205660,edf_california,invgauss,0.1488801872491639,0.484420539261,Δo > Δ,1,7,1,12
21205710,edf_tukey,logt,0.0559831318928489,0.4472608134160001,Δo > Δ,1,8,1,1
21205710,edf_filliben,logt,0.0562102687727055,0.4472608134160001,Δo > Δ,1,8,1,2
21205710,edf_blom,logt,0.0562918901057686,0.4472608134160001,Δo > Δ,1,8,1,3
21205710,edf_jenkinson,logt,0.0563172607711305,0.4472608134160001,Δo > Δ,1,8,1,4
21205710,edf_beard,logt,0.0563172607711305,0.4472608134160001,Δo > Δ,1,8,1,5
21205710,edf_chegodayev,logt,0.0571535668420127,0.4472608134160001,Δo > Δ,1,8,1,6
21205710,edf_cunnane,logt,0.0581396358559534,0.4472608134160001,Δo > Δ,1,8,1,7
21205710,edf_gringorten,logt,0.0611433604744804,0.4472608134160001,Δo > Δ,1,8,1,8
21205710,edf_adamowski,logt,0.0620555276263264,0.4472608134160001,Δo > Δ,1,8,1,9
21205710,edf_hazen,logt,0.0657615870754656,0.4472608134160001,Δo > Δ,1,8,1,10
21205710,edf_weibull,logdweibull,0.0773777882909186,0.4472608134160001,Δo > Δ,1,8,1,11
21205710,edf_california,laplace_asymmetric,0.1019296338310037,0.4472608134160001,Δo > Δ,1,8,1,12
21205791,edf_chegodayev,gompertz,0.0701730517966939,0.3761373588009999,Δo > Δ,1,11,1,1
21205791,edf_jenkinson,gompertz,0.0703272157654911,0.3761373588009999,Δo > Δ,1,11,1,2
21205791,edf_beard,gompertz,0.0703272157654911,0.3761373588009999,Δo > Δ,1,11,1,3
21205791,edf_filliben,gompertz,0.0704431948181278,0.3761373588009999,Δo > Δ,1,11,1,4
21205791,edf_tukey,gompertz,0.0706890476687269,0.3761373588009999,Δo > Δ,1,11,1,5
21205791,edf_adamowski,gompertz,0.071071167472351,0.3761373588009999,Δo > Δ,1,11,1,6
21205791,edf_blom,gompertz,0.0713426424399688,0.3761373588009999,Δo > Δ,1,11,1,7
21205791,edf_cunnane,gompertz,0.0717394678367941,0.3761373588009999,Δo > Δ,1,11,1,8
21205791,edf_weibull,loghalfnorm,0.0719071029310258,0.3761373588009999,Δo > Δ,1,11,1,9
21205791,edf_gringorten,gompertz,0.0723818111050367,0.3761373588009999,Δo > Δ,1,11,1,10
21205791,edf_hazen,gompertz,0.0738378278315833,0.3761373588009999,Δo > Δ,1,11,1,11
21205791,edf_california,logdweibull,0.0746542355088504,0.3761373588009999,Δo > Δ,1,11,1,12
21205910,edf_adamowski,logalpha,0.0668295764468354,0.530385761606,Δo > Δ,1,6,1,1
21205910,edf_chegodayev,exponnorm,0.0680306808741791,0.530385761606,Δo > Δ,1,6,1,2
21205910,edf_filliben,alpha,0.0684177632410598,0.530385761606,Δo > Δ,1,6,1,3
21205910,edf_jenkinson,alpha,0.0686024527287804,0.530385761606,Δo > Δ,1,6,1,4
21205910,edf_beard,alpha,0.0686024527287804,0.530385761606,Δo > Δ,1,6,1,5
21205910,edf_tukey,alpha,0.0687609745264462,0.530385761606,Δo > Δ,1,6,1,6
21205910,edf_blom,logpearson3,0.0701346029870996,0.530385761606,Δo > Δ,1,6,1,7
21205910,edf_cunnane,logfisk,0.0703986477594337,0.530385761606,Δo > Δ,1,6,1,8
21205910,edf_gringorten,logfisk,0.0721575953558784,0.530385761606,Δo > Δ,1,6,1,9
21205910,edf_weibull,logncf,0.0738516126978223,0.530385761606,Δo > Δ,1,6,1,10
21205910,edf_hazen,logfisk,0.0770595561401921,0.530385761606,Δo > Δ,1,6,1,11
21205910,edf_california,loginvweibull,0.1288156899323058,0.530385761606,Δo > Δ,1,6,1,12
21205940,edf_hazen,loghalfnorm,0.1012351784687185,0.530385761606,Δo > Δ,1,6,1,1
21205940,edf_gringorten,loghalfnorm,0.1061371392530322,0.530385761606,Δo > Δ,1,6,1,2
21205940,edf_weibull,halfnorm,0.1072151404464959,0.530385761606,Δo > Δ,1,6,1,3
21205940,edf_cunnane,loghalfnorm,0.1092996945977508,0.530385761606,Δo > Δ,1,6,1,4
21205940,edf_adamowski,dweibull,0.1098268338902139,0.530385761606,Δo > Δ,1,6,1,5
21205940,edf_blom,loghalfnorm,0.1112351784687185,0.530385761606,Δo > Δ,1,6,1,6
21205940,edf_chegodayev,halfnorm,0.1139115690179245,0.530385761606,Δo > Δ,1,6,1,7
21205940,edf_jenkinson,halfnorm,0.1141564749740373,0.530385761606,Δo > Δ,1,6,1,8
21205940,edf_beard,halfnorm,0.1141564749740373,0.530385761606,Δo > Δ,1,6,1,9
21205940,edf_filliben,halfnorm,0.114341164461758,0.530385761606,Δo > Δ,1,6,1,10
21205940,edf_tukey,loghalfnorm,0.1143930732055606,0.530385761606,Δo > Δ,1,6,1,11
21205940,edf_california,dweibull,0.1301296921215808,0.530385761606,Δo > Δ,1,6,1,12
21206280,edf_adamowski,logloggamma,0.0660756506387324,0.530385761606,Δo > Δ,1,6,1,1
21206280,edf_blom,loggenlogistic,0.068836851874043,0.530385761606,Δo > Δ,1,6,1,2
21206280,edf_cunnane,mielke,0.068912136251667,0.530385761606,Δo > Δ,1,6,1,3
21206280,edf_chegodayev,logloggamma,0.0696814198695017,0.530385761606,Δo > Δ,1,6,1,4
21206280,edf_tukey,loggenlogistic,0.0698894834529904,0.530385761606,Δo > Δ,1,6,1,5
21206280,edf_filliben,loggenlogistic,0.0702822564302095,0.530385761606,Δo > Δ,1,6,1,6
21206280,edf_jenkinson,logloggamma,0.0704161377378403,0.530385761606,Δo > Δ,1,6,1,7
21206280,edf_beard,logloggamma,0.0704161377378403,0.530385761606,Δo > Δ,1,6,1,8
21206280,edf_gringorten,mielke,0.0720746915963855,0.530385761606,Δo > Δ,1,6,1,9
21206280,edf_hazen,mielke,0.0769766523806994,0.530385761606,Δo > Δ,1,6,1,10
21206280,edf_weibull,mielke,0.0856497129047402,0.530385761606,Δo > Δ,1,6,1,11
21206280,edf_california,chi2,0.1262594176421134,0.530385761606,Δo > Δ,1,6,1,12
21206600,edf_california,fatiguelife,0.0528678443279725,0.331107277296,Δo > Δ,1,16,1,1
21206600,edf_adamowski,logweibull_min,0.0771729379585631,0.331107277296,Δo > Δ,1,16,1,2
21206600,edf_weibull,logweibull_min,0.077844705223529,0.331107277296,Δo > Δ,1,16,1,3
21206600,edf_chegodayev,logweibull_min,0.0799445565838403,0.331107277296,Δo > Δ,1,16,1,4
21206600,edf_jenkinson,fatiguelife,0.0804929969531251,0.331107277296,Δo > Δ,1,16,1,5
21206600,edf_beard,fatiguelife,0.0804929969531251,0.331107277296,Δo > Δ,1,16,1,6
21206600,edf_filliben,fatiguelife,0.0806328916851372,0.331107277296,Δo > Δ,1,16,1,7
21206600,edf_tukey,fatiguelife,0.0809290688177685,0.331107277296,Δo > Δ,1,16,1,8
21206600,edf_blom,fatiguelife,0.0817139981741264,0.331107277296,Δo > Δ,1,16,1,9
21206600,edf_cunnane,fatiguelife,0.0821888319822936,0.331107277296,Δo > Δ,1,16,1,10
21206600,edf_gringorten,fatiguelife,0.0829546929632083,0.331107277296,Δo > Δ,1,16,1,11
21206600,edf_hazen,logalpha,0.0831577613732607,0.331107277296,Δo > Δ,1,16,1,12
21206780,edf_filliben,logt,0.0585484429499627,0.484420539261,Δo > Δ,1,7,1,1
21206780,edf_jenkinson,logt,0.0593763534693937,0.484420539261,Δo > Δ,1,7,1,2
21206780,edf_beard,logt,0.0593763534693937,0.484420539261,Δo > Δ,1,7,1,3
21206780,edf_tukey,logt,0.0594880530869281,0.484420539261,Δo > Δ,1,7,1,4
21206780,edf_chegodayev,logt,0.0604750131046387,0.484420539261,Δo > Δ,1,7,1,5
21206780,edf_blom,logt,0.0626228493251727,0.484420539261,Δo > Δ,1,7,1,6
21206780,edf_cunnane,logt,0.0645385581374331,0.484420539261,Δo > Δ,1,7,1,7
21206780,edf_adamowski,logt,0.0658804185100441,0.484420539261,Δo > Δ,1,7,1,8
21206780,edf_gringorten,logt,0.0676596567641497,0.484420539261,Δo > Δ,1,7,1,9
21206780,edf_hazen,logt,0.0724750660739411,0.484420539261,Δo > Δ,1,7,1,10
21206780,edf_california,t,0.0820764166801294,0.484420539261,Δo > Δ,1,7,1,11
21206780,edf_weibull,logdweibull,0.0839372311512857,0.484420539261,Δo > Δ,1,7,1,12
21206790,edf_weibull,dweibull,0.1049134498396525,0.3156449716410001,Δo > Δ,1,19,1,1
21206790,edf_california,f,0.1097674604516867,0.3156449716410001,Δo > Δ,1,19,1,2
21206790,edf_adamowski,dweibull,0.1100416549678577,0.3156449716410001,Δo > Δ,1,19,1,3
21206790,edf_chegodayev,dweibull,0.1110990168499619,0.3156449716410001,Δo > Δ,1,19,1,4
21206790,edf_jenkinson,dweibull,0.1113117986528621,0.3156449716410001,Δo > Δ,1,19,1,5
21206790,edf_beard,dweibull,0.1113117986528621,0.3156449716410001,Δo > Δ,1,19,1,6
21206790,edf_filliben,dweibull,0.1114716734389297,0.3156449716410001,Δo > Δ,1,19,1,7
21206790,edf_tukey,dweibull,0.1118100015637905,0.3156449716410001,Δo > Δ,1,19,1,8
21206790,edf_blom,dweibull,0.1127056576318603,0.3156449716410001,Δo > Δ,1,19,1,9
21206790,edf_cunnane,dweibull,0.1132467831729859,0.3156449716410001,Δo > Δ,1,19,1,10
21206790,edf_gringorten,dweibull,0.1141184707601546,0.3156449716410001,Δo > Δ,1,19,1,11
21206790,edf_hazen,dweibull,0.1154397656291262,0.3156449716410001,Δo > Δ,1,19,1,12
21206810,edf_hazen,nct,0.0343653042966101,0.3761373588009999,Δo > Δ,1,11,1,1
21206810,edf_gringorten,nct,0.0382894377171464,0.3761373588009999,Δo > Δ,1,11,1,2
21206810,edf_cunnane,nct,0.0408588107901166,0.3761373588009999,Δo > Δ,1,11,1,3
21206810,edf_blom,nct,0.0424461123774182,0.3761373588009999,Δo > Δ,1,11,1,4
21206810,edf_tukey,nct,0.0450604914623855,0.3761373588009999,Δo > Δ,1,11,1,5
21206810,edf_filliben,nct,0.0460439028647819,0.3761373588009999,Δo > Δ,1,11,1,6
21206810,edf_beard,nct,0.0465078190753288,0.3761373588009999,Δo > Δ,1,11,1,7
21206810,edf_jenkinson,nct,0.0465078190753288,0.3761373588009999,Δo > Δ,1,11,1,8
21206810,edf_chegodayev,nct,0.0471244749505176,0.3761373588009999,Δo > Δ,1,11,1,9
21206810,edf_adamowski,nct,0.050175580976452,0.3761373588009999,Δo > Δ,1,11,1,10
21206810,edf_california,dweibull,0.0534039127532351,0.3761373588009999,Δo > Δ,1,11,1,11
21206810,edf_weibull,nct,0.0646683345996404,0.3761373588009999,Δo > Δ,1,11,1,12
21206890,edf_adamowski,moyal,0.1005845427730879,0.484420539261,Δo > Δ,1,7,1,1
21206890,edf_jenkinson,moyal,0.1005845427730879,0.484420539261,Δo > Δ,1,7,1,2
21206890,edf_filliben,moyal,0.1005845427730879,0.484420539261,Δo > Δ,1,7,1,3
21206890,edf_chegodayev,moyal,0.1005845427730879,0.484420539261,Δo > Δ,1,7,1,4
21206890,edf_beard,moyal,0.1005845427730879,0.484420539261,Δo > Δ,1,7,1,5
21206890,edf_tukey,moyal,0.1006946174977112,0.484420539261,Δo > Δ,1,7,1,6
21206890,edf_blom,moyal,0.1038294137359557,0.484420539261,Δo > Δ,1,7,1,7
21206890,edf_weibull,gumbel_r,0.104188248057883,0.484420539261,Δo > Δ,1,7,1,8
21206890,edf_cunnane,moyal,0.1057451225482162,0.484420539261,Δo > Δ,1,7,1,9
21206890,edf_gringorten,moyal,0.1088662211749328,0.484420539261,Δo > Δ,1,7,1,10
21206890,edf_hazen,moyal,0.1136816304847242,0.484420539261,Δo > Δ,1,7,1,11
21206890,edf_california,wald,0.1428571428571428,0.484420539261,Δo > Δ,1,7,1,12
21206900,edf_hazen,logdweibull,0.0366605225866002,0.5865427407550001,Δo > Δ,1,5,1,1
21206900,edf_gringorten,logdweibull,0.0372030347488825,0.5865427407550001,Δo > Δ,1,5,1,2
21206900,edf_cunnane,logdweibull,0.0402078424411903,0.5865427407550001,Δo > Δ,1,5,1,3
21206900,edf_adamowski,dweibull,0.0409792578324992,0.5865427407550001,Δo > Δ,1,5,1,4
21206900,edf_blom,logdweibull,0.0420393442726921,0.5865427407550001,Δo > Δ,1,5,1,5
21206900,edf_chegodayev,dweibull,0.0426139212175263,0.5865427407550001,Δo > Δ,1,5,1,6
21206900,edf_beard,dweibull,0.0439907627430667,0.5865427407550001,Δo > Δ,1,5,1,7
21206900,edf_jenkinson,dweibull,0.0439907627430667,0.5865427407550001,Δo > Δ,1,5,1,8
21206900,edf_tukey,logdweibull,0.0450155347488825,0.5865427407550001,Δo > Δ,1,5,1,9
21206900,edf_filliben,dweibull,0.0450301305302873,0.5865427407550001,Δo > Δ,1,5,1,10
21206900,edf_weibull,dweibull,0.0561307729840144,0.5865427407550001,Δo > Δ,1,5,1,11
21206900,edf_california,logdweibull,0.1366605225866002,0.5865427407550001,Δo > Δ,1,5,1,12
21206920,edf_chegodayev,loglaplace_asymmetric,0.0612730261441052,0.3260541228310003,Δo > Δ,1,17,1,1
21206920,edf_jenkinson,loglaplace_asymmetric,0.0614714309693105,0.3260541228310003,Δo > Δ,1,17,1,2
21206920,edf_beard,loglaplace_asymmetric,0.0614714309693105,0.3260541228310003,Δo > Δ,1,17,1,3
21206920,edf_filliben,loglaplace_asymmetric,0.061620534509128,0.3260541228310003,Δo > Δ,1,17,1,4
21206920,edf_tukey,loglaplace_asymmetric,0.06193615611758,0.3260541228310003,Δo > Δ,1,17,1,5
21206920,edf_adamowski,loglaplace_asymmetric,0.0626404094517634,0.3260541228310003,Δo > Δ,1,17,1,6
21206920,edf_blom,loglaplace_asymmetric,0.0627722765189178,0.3260541228310003,Δo > Δ,1,17,1,7
21206920,edf_cunnane,loglaplace_asymmetric,0.0632778376918198,0.3260541228310003,Δo > Δ,1,17,1,8
21206920,edf_gringorten,loglaplace_asymmetric,0.0640928779004701,0.3260541228310003,Δo > Δ,1,17,1,9
21206920,edf_hazen,loglaplace_asymmetric,0.0653298212759511,0.3260541228310003,Δo > Δ,1,17,1,10
21206920,edf_weibull,loglaplace_asymmetric,0.0705769173882713,0.3260541228310003,Δo > Δ,1,17,1,11
21206920,edf_california,loglaplace_asymmetric,0.0836488128131079,0.3260541228310003,Δo > Δ,1,17,1,12
21206930,edf_cunnane,loggumbel_l,0.086744262392109,0.3156449716410001,Δo > Δ,1,19,1,1
21206930,edf_blom,loggumbel_l,0.0869282028693969,0.3156449716410001,Δo > Δ,1,19,1,2
21206930,edf_gringorten,loggumbel_l,0.08783387187607,0.3156449716410001,Δo > Δ,1,19,1,3
21206930,edf_tukey,loggumbel_l,0.0882716869715017,0.3156449716410001,Δo > Δ,1,19,1,4
21206930,edf_hazen,loglaplace_asymmetric,0.0883211858114677,0.3156449716410001,Δo > Δ,1,19,1,5
21206930,edf_filliben,loggumbel_l,0.088779179158793,0.3156449716410001,Δo > Δ,1,19,1,6
21206930,edf_beard,loggumbel_l,0.0890189913378944,0.3156449716410001,Δo > Δ,1,19,1,7
21206930,edf_jenkinson,loggumbel_l,0.0890189913378944,0.3156449716410001,Δo > Δ,1,19,1,8
21206930,edf_chegodayev,loggumbel_l,0.0893381640422447,0.3156449716410001,Δo > Δ,1,19,1,9
21206930,edf_adamowski,logmielke,0.0894502781104526,0.3156449716410001,Δo > Δ,1,19,1,10
21206930,edf_weibull,t,0.0943722299215515,0.3156449716410001,Δo > Δ,1,19,1,11
21206930,edf_california,weibull_min,0.1045055344043843,0.3156449716410001,Δo > Δ,1,19,1,12
21206940,edf_california,t,0.0648368301476604,0.3761373588009999,Δo > Δ,1,11,1,1
21206940,edf_adamowski,logt,0.066851359830016,0.3761373588009999,Δo > Δ,1,11,1,2
21206940,edf_chegodayev,logt,0.0691396893494667,0.3761373588009999,Δo > Δ,1,11,1,3
21206940,edf_jenkinson,logt,0.0696021812558584,0.3761373588009999,Δo > Δ,1,11,1,4
21206940,edf_beard,logt,0.0696021812558584,0.3761373588009999,Δo > Δ,1,11,1,5
21206940,edf_filliben,logt,0.0699501184137685,0.3761373588009999,Δo > Δ,1,11,1,6
21206940,edf_tukey,logt,0.0706876769655658,0.3761373588009999,Δo > Δ,1,11,1,7
21206940,edf_weibull,logt,0.0723197381939078,0.3761373588009999,Δo > Δ,1,11,1,8
21206940,edf_blom,logt,0.0726484612792913,0.3761373588009999,Δo > Δ,1,11,1,9
21206940,edf_cunnane,logt,0.0738389374697675,0.3761373588009999,Δo > Δ,1,11,1,10
21206940,edf_gringorten,logt,0.0757659672744952,0.3761373588009999,Δo > Δ,1,11,1,11
21206940,edf_hazen,logt,0.0787090673398974,0.3761373588009999,Δo > Δ,1,11,1,12
21206950,edf_california,loggenexpon,0.0895627212593183,0.3260541228310003,Δo > Δ,1,17,1,1
21206950,edf_adamowski,halfnorm,0.0918312272681372,0.3260541228310003,Δo > Δ,1,17,1,2
21206950,edf_jenkinson,halfnorm,0.0918312272681372,0.3260541228310003,Δo > Δ,1,17,1,3
21206950,edf_cunnane,halfnorm,0.0918312272681372,0.3260541228310003,Δo > Δ,1,17,1,4
21206950,edf_gringorten,halfnorm,0.0918312272681372,0.3260541228310003,Δo > Δ,1,17,1,5
21206950,edf_tukey,halfnorm,0.0918312272681372,0.3260541228310003,Δo > Δ,1,17,1,6
21206950,edf_blom,halfnorm,0.0918312272681372,0.3260541228310003,Δo > Δ,1,17,1,7
21206950,edf_filliben,halfnorm,0.0918312272681372,0.3260541228310003,Δo > Δ,1,17,1,8
21206950,edf_chegodayev,halfnorm,0.0918312272681372,0.3260541228310003,Δo > Δ,1,17,1,9
21206950,edf_beard,halfnorm,0.0918312272681372,0.3260541228310003,Δo > Δ,1,17,1,10
21206950,edf_weibull,halfnorm,0.0918312272681372,0.3260541228310003,Δo > Δ,1,17,1,11
21206950,edf_hazen,halfnorm,0.0918312272681372,0.3260541228310003,Δo > Δ,1,17,1,12
21206960,edf_adamowski,t,0.0537000887194371,0.331107277296,Δo > Δ,1,16,1,1
21206960,edf_weibull,dweibull,0.0542582167192841,0.331107277296,Δo > Δ,1,16,1,2
21206960,edf_chegodayev,t,0.055052655887178,0.331107277296,Δo > Δ,1,16,1,3
21206960,edf_jenkinson,t,0.0556110405919042,0.331107277296,Δo > Δ,1,16,1,4
21206960,edf_beard,t,0.0556110405919042,0.331107277296,Δo > Δ,1,16,1,5
21206960,edf_filliben,t,0.0560307247879403,0.331107277296,Δo > Δ,1,16,1,6
21206960,edf_tukey,t,0.056919256185834,0.331107277296,Δo > Δ,1,16,1,7
21206960,edf_blom,t,0.0592740442549078,0.331107277296,Δo > Δ,1,16,1,8
21206960,edf_cunnane,t,0.0606985456794093,0.331107277296,Δo > Δ,1,16,1,9
21206960,edf_california,dweibull,0.0610261559841585,0.331107277296,Δo > Δ,1,16,1,10
21206960,edf_gringorten,t,0.0629961286221535,0.331107277296,Δo > Δ,1,16,1,11
21206960,edf_hazen,loglaplace_asymmetric,0.064783480531825,0.331107277296,Δo > Δ,1,16,1,12
21206980,edf_adamowski,invgamma,0.0553858590197272,0.3210234673459999,Δo > Δ,1,18,1,1
21206980,edf_chegodayev,invgamma,0.0567078331677883,0.3210234673459999,Δo > Δ,1,18,1,2
21206980,edf_hazen,exponnorm,0.056903699563632,0.3210234673459999,Δo > Δ,1,18,1,3
21206980,edf_jenkinson,invgamma,0.0569739541878007,0.3210234673459999,Δo > Δ,1,18,1,4
21206980,edf_beard,invgamma,0.0569739541878007,0.3210234673459999,Δo > Δ,1,18,1,5
21206980,edf_filliben,invgamma,0.0571739253327051,0.3210234673459999,Δo > Δ,1,18,1,6
21206980,edf_tukey,invgamma,0.0575971612310295,0.3210234673459999,Δo > Δ,1,18,1,7
21206980,edf_gringorten,exponnorm,0.0578239160934175,0.3210234673459999,Δo > Δ,1,18,1,8
21206980,edf_blom,nct,0.0581722561885057,0.3210234673459999,Δo > Δ,1,18,1,9
21206980,edf_cunnane,nct,0.0582010494864009,0.3210234673459999,Δo > Δ,1,18,1,10
21206980,edf_weibull,invgamma,0.0586067927905321,0.3210234673459999,Δo > Δ,1,18,1,11
21206980,edf_california,halfnorm,0.0727188262208374,0.3210234673459999,Δo > Δ,1,18,1,12
21206990,edf_weibull,dweibull,0.0532205086401506,0.3096406529800002,Δo > Δ,1,20,1,1
21206990,edf_adamowski,dweibull,0.057285549290557,0.3096406529800002,Δo > Δ,1,20,1,2
21206990,edf_chegodayev,dweibull,0.0581224694244642,0.3096406529800002,Δo > Δ,1,20,1,3
21206990,edf_jenkinson,dweibull,0.058290839029421,0.3096406529800002,Δo > Δ,1,20,1,4
21206990,edf_beard,dweibull,0.058290839029421,0.3096406529800002,Δo > Δ,1,20,1,5
21206990,edf_filliben,dweibull,0.0584173332575496,0.3096406529800002,Δo > Δ,1,20,1,6
21206990,edf_tukey,dweibull,0.0586849895144675,0.3096406529800002,Δo > Δ,1,20,1,7
21206990,edf_blom,dweibull,0.0593933481463234,0.3096406529800002,Δo > Δ,1,20,1,8
21206990,edf_cunnane,dweibull,0.0598211687061571,0.3096406529800002,Δo > Δ,1,20,1,9
21206990,edf_gringorten,dweibull,0.0605101043989312,0.3096406529800002,Δo > Δ,1,20,1,10
21206990,edf_hazen,dweibull,0.0615538419734839,0.3096406529800002,Δo > Δ,1,20,1,11
21206990,edf_california,mielke,0.0620554403252519,0.3096406529800002,Δo > Δ,1,20,1,12
2120700037,edf_cunnane,dweibull,0.0823005867336005,0.5865427407550001,Δo > Δ,1,5,1,1
2120700037,edf_gringorten,dweibull,0.0823005867336005,0.5865427407550001,Δo > Δ,1,5,1,2
2120700037,edf_hazen,dweibull,0.0823005867336005,0.5865427407550001,Δo > Δ,1,5,1,3
2120700037,edf_blom,dweibull,0.0849025887103431,0.5865427407550001,Δo > Δ,1,5,1,4
2120700037,edf_tukey,dweibull,0.0908549696627241,0.5865427407550001,Δo > Δ,1,5,1,5
2120700037,edf_filliben,dweibull,0.0930683899795926,0.5865427407550001,Δo > Δ,1,5,1,6
2120700037,edf_beard,dweibull,0.0941077577668132,0.5865427407550001,Δo > Δ,1,5,1,7
2120700037,edf_jenkinson,dweibull,0.0941077577668132,0.5865427407550001,Δo > Δ,1,5,1,8
2120700037,edf_chegodayev,dweibull,0.0954845992923537,0.5865427407550001,Δo > Δ,1,5,1,9
2120700037,edf_adamowski,dweibull,0.1022186060263604,0.5865427407550001,Δo > Δ,1,5,1,10
2120700037,edf_weibull,dweibull,0.1325216363293907,0.5865427407550001,Δo > Δ,1,5,1,11
2120700037,edf_california,dweibull,0.1746272631772272,0.5865427407550001,Δo > Δ,1,5,1,12
2120700038,edf_hazen,dweibull,0.0480289257668681,0.5865427407550001,Δo > Δ,1,5,1,1
2120700038,edf_gringorten,dweibull,0.0561876495730306,0.5865427407550001,Δo > Δ,1,5,1,2
2120700038,edf_cunnane,dweibull,0.0621972649576461,0.5865427407550001,Δo > Δ,1,5,1,3
2120700038,edf_blom,dweibull,0.0658602686206496,0.5865427407550001,Δo > Δ,1,5,1,4
2120700038,edf_tukey,dweibull,0.0718126495730305,0.5865427407550001,Δo > Δ,1,5,1,5
2120700038,edf_filliben,dweibull,0.0740260698898991,0.5865427407550001,Δo > Δ,1,5,1,6
2120700038,edf_beard,dweibull,0.0750654376771197,0.5865427407550001,Δo > Δ,1,5,1,7
2120700038,edf_jenkinson,dweibull,0.0750654376771197,0.5865427407550001,Δo > Δ,1,5,1,8
2120700038,edf_chegodayev,dweibull,0.0764422792026602,0.5865427407550001,Δo > Δ,1,5,1,9
2120700038,edf_adamowski,fisk,0.0801072541147299,0.5865427407550001,Δo > Δ,1,5,1,10
2120700038,edf_california,dweibull,0.1000000000020943,0.5865427407550001,Δo > Δ,1,5,1,11
2120700038,edf_weibull,genlogistic,0.1074842345022949,0.5865427407550001,Δo > Δ,1,5,1,12
2120700146,edf_hazen,logloggamma,0.093229469695347,0.530385761606,Δo > Δ,1,6,1,1
2120700146,edf_gringorten,logloggamma,0.0981314304796607,0.530385761606,Δo > Δ,1,6,1,2
2120700146,edf_cunnane,logloggamma,0.1012939858243792,0.530385761606,Δo > Δ,1,6,1,3
2120700146,edf_blom,logloggamma,0.103229469695347,0.530385761606,Δo > Δ,1,6,1,4
2120700146,edf_tukey,logloggamma,0.1063873644321891,0.530385761606,Δo > Δ,1,6,1,5
2120700146,edf_filliben,logloggamma,0.1075656833638466,0.530385761606,Δo > Δ,1,6,1,6
2120700146,edf_beard,logloggamma,0.1081197518270084,0.530385761606,Δo > Δ,1,6,1,7
2120700146,edf_jenkinson,logloggamma,0.1081197518270084,0.530385761606,Δo > Δ,1,6,1,8
2120700146,edf_chegodayev,logloggamma,0.108854469695347,0.530385761606,Δo > Δ,1,6,1,9
2120700146,edf_adamowski,logloggamma,0.1124602389261162,0.530385761606,Δo > Δ,1,6,1,10
2120700146,edf_weibull,logloggamma,0.1289437554096327,0.530385761606,Δo > Δ,1,6,1,11
2120700146,edf_california,loginvweibull,0.144833806276091,0.530385761606,Δo > Δ,1,6,1,12
2120700162,edf_gringorten,rayleigh,0.0526983442047338,0.5865427407550001,Δo > Δ,1,5,1,1
2120700162,edf_hazen,rayleigh,0.0526983442047338,0.5865427407550001,Δo > Δ,1,5,1,2
2120700162,edf_cunnane,rayleigh,0.0527863318729669,0.5865427407550001,Δo > Δ,1,5,1,3
2120700162,edf_blom,rayleigh,0.0546178337044688,0.5865427407550001,Δo > Δ,1,5,1,4
2120700162,edf_tukey,rayleigh,0.0599096904309272,0.5865427407550001,Δo > Δ,1,5,1,5
2120700162,edf_filliben,rayleigh,0.0621231107477958,0.5865427407550001,Δo > Δ,1,5,1,6
2120700162,edf_beard,rayleigh,0.0631624785350165,0.5865427407550001,Δo > Δ,1,5,1,7
2120700162,edf_jenkinson,rayleigh,0.0631624785350165,0.5865427407550001,Δo > Δ,1,5,1,8
2120700162,edf_chegodayev,rayleigh,0.0645393200605569,0.5865427407550001,Δo > Δ,1,5,1,9
2120700162,edf_adamowski,invgauss,0.0695467626136768,0.5865427407550001,Δo > Δ,1,5,1,10
2120700162,edf_weibull,maxwell,0.0923885779110665,0.5865427407550001,Δo > Δ,1,5,1,11
2120700162,edf_california,betaprime,0.1302281344092324,0.5865427407550001,Δo > Δ,1,5,1,12
21207702,edf_filliben,weibull_min,0.0926296540374179,0.484420539261,Δo > Δ,1,7,1,1
21207702,edf_tukey,weibull_min,0.0929878535790722,0.484420539261,Δo > Δ,1,7,1,2
21207702,edf_jenkinson,weibull_min,0.093457564556849,0.484420539261,Δo > Δ,1,7,1,3
21207702,edf_beard,weibull_min,0.093457564556849,0.484420539261,Δo > Δ,1,7,1,4
21207702,edf_chegodayev,weibull_min,0.094556224192094,0.484420539261,Δo > Δ,1,7,1,5
21207702,edf_blom,weibull_min,0.0976900479364391,0.484420539261,Δo > Δ,1,7,1,6
21207702,edf_hazen,f,0.0988417793166354,0.484420539261,Δo > Δ,1,7,1,7
21207702,edf_adamowski,weibull_min,0.0999616295974994,0.484420539261,Δo > Δ,1,7,1,8
21207702,edf_cunnane,weibull_min,0.1005636111548298,0.484420539261,Δo > Δ,1,7,1,9
21207702,edf_gringorten,f,0.1036571886264268,0.484420539261,Δo > Δ,1,7,1,10
21207702,edf_california,logdweibull,0.1206225979545385,0.484420539261,Δo > Δ,1,7,1,11
21207702,edf_weibull,weibull_min,0.1249616295974994,0.484420539261,Δo > Δ,1,7,1,12
21207714,edf_adamowski,logalpha,0.0697156025194924,0.484420539261,Δo > Δ,1,7,1,1
21207714,edf_chegodayev,logalpha,0.0715174043212942,0.484420539261,Δo > Δ,1,7,1,2
21207714,edf_jenkinson,logalpha,0.0718836241997094,0.484420539261,Δo > Δ,1,7,1,3
21207714,edf_beard,logalpha,0.0718836241997094,0.484420539261,Δo > Δ,1,7,1,4
21207714,edf_filliben,logalpha,0.072159594372853,0.484420539261,Δo > Δ,1,7,1,5
21207714,edf_tukey,logalpha,0.0727459055497955,0.484420539261,Δo > Δ,1,7,1,6
21207714,edf_blom,logalpha,0.0743133036689178,0.484420539261,Δo > Δ,1,7,1,7
21207714,edf_cunnane,logalpha,0.075271158075048,0.484420539261,Δo > Δ,1,7,1,8
21207714,edf_gringorten,logalpha,0.0768317073884062,0.484420539261,Δo > Δ,1,7,1,9
21207714,edf_hazen,logalpha,0.0792394120433021,0.484420539261,Δo > Δ,1,7,1,10
21207714,edf_weibull,logalpha,0.0841103303381362,0.484420539261,Δo > Δ,1,7,1,11
21207714,edf_california,t,0.1017771469386418,0.484420539261,Δo > Δ,1,7,1,12
21208480,edf_filliben,logdweibull,0.046300376030309,0.484420539261,Δo > Δ,1,7,1,1
21208480,edf_tukey,logdweibull,0.0465339979979243,0.484420539261,Δo > Δ,1,7,1,2
21208480,edf_jenkinson,logdweibull,0.04712828654974,0.484420539261,Δo > Δ,1,7,1,3
21208480,edf_beard,logdweibull,0.04712828654974,0.484420539261,Δo > Δ,1,7,1,4
21208480,edf_blom,logdweibull,0.0481013961170466,0.484420539261,Δo > Δ,1,7,1,5
21208480,edf_chegodayev,logdweibull,0.048226946184985,0.484420539261,Δo > Δ,1,7,1,6
21208480,edf_cunnane,logdweibull,0.0490592505231768,0.484420539261,Δo > Δ,1,7,1,7
21208480,edf_gringorten,logdweibull,0.0506197998365351,0.484420539261,Δo > Δ,1,7,1,8
21208480,edf_california,t,0.0521223349485738,0.484420539261,Δo > Δ,1,7,1,9
21208480,edf_hazen,logdweibull,0.0530275044914308,0.484420539261,Δo > Δ,1,7,1,10
21208480,edf_adamowski,logdweibull,0.0536323515903905,0.484420539261,Δo > Δ,1,7,1,11
21208480,edf_weibull,logdweibull,0.0786323515903905,0.484420539261,Δo > Δ,1,7,1,12
21209170,edf_adamowski,loginvgauss,0.0630148061360537,0.484420539261,Δo > Δ,1,7,1,1
21209170,edf_chegodayev,loginvgauss,0.0648166079378555,0.484420539261,Δo > Δ,1,7,1,2
21209170,edf_jenkinson,loginvgauss,0.0651828278162705,0.484420539261,Δo > Δ,1,7,1,3
21209170,edf_beard,loginvgauss,0.0651828278162705,0.484420539261,Δo > Δ,1,7,1,4
21209170,edf_filliben,loginvgauss,0.0654587979894142,0.484420539261,Δo > Δ,1,7,1,5
21209170,edf_tukey,loginvgauss,0.0660451091663567,0.484420539261,Δo > Δ,1,7,1,6
21209170,edf_blom,loginvgauss,0.067612507285479,0.484420539261,Δo > Δ,1,7,1,7
21209170,edf_cunnane,invgamma,0.0679319139039152,0.484420539261,Δo > Δ,1,7,1,8
21209170,edf_gringorten,invgamma,0.0679319139039152,0.484420539261,Δo > Δ,1,7,1,9
21209170,edf_hazen,invgamma,0.0679319139039152,0.484420539261,Δo > Δ,1,7,1,10
21209170,edf_california,logdweibull,0.0774579676382659,0.484420539261,Δo > Δ,1,7,1,11
21209170,edf_weibull,logexponnorm,0.0789734669355295,0.484420539261,Δo > Δ,1,7,1,12
21209200,edf_hazen,genlogistic,0.0487561185087811,0.530385761606,Δo > Δ,1,6,1,1
21209200,edf_blom,moyal,0.0528538155092338,0.530385761606,Δo > Δ,1,6,1,2
21209200,edf_cunnane,moyal,0.0529439964567247,0.530385761606,Δo > Δ,1,6,1,3
21209200,edf_gringorten,moyal,0.0539981815716308,0.530385761606,Δo > Δ,1,6,1,4
21209200,edf_chegodayev,loggenlogistic,0.0554864955067099,0.530385761606,Δo > Δ,1,6,1,5
21209200,edf_jenkinson,loggenlogistic,0.0557314014628227,0.530385761606,Δo > Δ,1,6,1,6
21209200,edf_beard,loggenlogistic,0.0557314014628227,0.530385761606,Δo > Δ,1,6,1,7
21209200,edf_filliben,loggenlogistic,0.0559160909505433,0.530385761606,Δo > Δ,1,6,1,8
21209200,edf_tukey,loggenlogistic,0.0563088639277625,0.530385761606,Δo > Δ,1,6,1,9
21209200,edf_adamowski,loggenlogistic,0.0603344808110177,0.530385761606,Δo > Δ,1,6,1,10
21209200,edf_weibull,loglaplace_asymmetric,0.0865238390998297,0.530385761606,Δo > Δ,1,6,1,11
21209200,edf_california,ncf,0.0997424661287401,0.530385761606,Δo > Δ,1,6,1,12
21209920,edf_gringorten,fatiguelife,0.078866944580578,0.3096406529800002,Δo > Δ,1,20,1,1
21209920,edf_hazen,fatiguelife,0.0790721226008318,0.3096406529800002,Δo > Δ,1,20,1,2
21209920,edf_cunnane,fatiguelife,0.0795558802733521,0.3096406529800002,Δo > Δ,1,20,1,3
21209920,edf_blom,fatiguelife,0.0799837008331859,0.3096406529800002,Δo > Δ,1,20,1,4
21209920,edf_tukey,fatiguelife,0.0806920594650417,0.3096406529800002,Δo > Δ,1,20,1,5
21209920,edf_filliben,fatiguelife,0.0809597157219596,0.3096406529800002,Δo > Δ,1,20,1,6
21209920,edf_beard,fatiguelife,0.0810862099500882,0.3096406529800002,Δo > Δ,1,20,1,7
21209920,edf_jenkinson,fatiguelife,0.0810862099500882,0.3096406529800002,Δo > Δ,1,20,1,8
21209920,edf_chegodayev,fatiguelife,0.081254579555045,0.3096406529800002,Δo > Δ,1,20,1,9
21209920,edf_adamowski,fatiguelife,0.0820914996889522,0.3096406529800002,Δo > Δ,1,20,1,10
21209920,edf_weibull,logdweibull,0.08530438315455,0.3096406529800002,Δo > Δ,1,20,1,11
21209920,edf_california,logdweibull,0.0938586215168962,0.3096406529800002,Δo > Δ,1,20,1,12
2121500042,edf_cunnane,dweibull,0.0720115268320097,0.5865427407550001,Δo > Δ,1,5,1,1
2121500042,edf_gringorten,dweibull,0.0736936417749082,0.5865427407550001,Δo > Δ,1,5,1,2
2121500042,edf_blom,dweibull,0.0756745304950134,0.5865427407550001,Δo > Δ,1,5,1,3
2121500042,edf_hazen,dweibull,0.0783811417749082,0.5865427407550001,Δo > Δ,1,5,1,4
2121500042,edf_adamowski,genlogistic,0.0801306477503258,0.5865427407550001,Δo > Δ,1,5,1,5
2121500042,edf_tukey,dweibull,0.0816269114473944,0.5865427407550001,Δo > Δ,1,5,1,6
2121500042,edf_chegodayev,genlogistic,0.0834976511173292,0.5865427407550001,Δo > Δ,1,5,1,7
2121500042,edf_filliben,dweibull,0.0838403317642629,0.5865427407550001,Δo > Δ,1,5,1,8
2121500042,edf_jenkinson,genlogistic,0.0841860718800994,0.5865427407550001,Δo > Δ,1,5,1,9
2121500042,edf_beard,genlogistic,0.0841860718800994,0.5865427407550001,Δo > Δ,1,5,1,10
2121500042,edf_weibull,logdweibull,0.0956637668436531,0.5865427407550001,Δo > Δ,1,5,1,11
2121500042,edf_california,gumbel_l,0.1523391102926428,0.5865427407550001,Δo > Δ,1,5,1,12
21215160,edf_adamowski,t,0.04689268789176,0.3156449716410001,Δo > Δ,1,19,1,1
21215160,edf_chegodayev,t,0.0474213688328121,0.3156449716410001,Δo > Δ,1,19,1,2
21215160,edf_jenkinson,t,0.0475277597342622,0.3156449716410001,Δo > Δ,1,19,1,3
21215160,edf_beard,t,0.0475277597342622,0.3156449716410001,Δo > Δ,1,19,1,4
21215160,edf_filliben,t,0.047607697127296,0.3156449716410001,Δo > Δ,1,19,1,5
21215160,edf_tukey,t,0.0477768611897264,0.3156449716410001,Δo > Δ,1,19,1,6
21215160,edf_blom,t,0.0482246892237614,0.3156449716410001,Δo > Δ,1,19,1,7
21215160,edf_cunnane,t,0.0484952519943241,0.3156449716410001,Δo > Δ,1,19,1,8
21215160,edf_gringorten,t,0.0489310957879085,0.3156449716410001,Δo > Δ,1,19,1,9
21215160,edf_hazen,t,0.0495917432223943,0.3156449716410001,Δo > Δ,1,19,1,10
21215160,edf_weibull,t,0.0496807470017999,0.3156449716410001,Δo > Δ,1,19,1,11
21215160,edf_california,loglaplace_asymmetric,0.0719736214437581,0.3156449716410001,Δo > Δ,1,19,1,12
21215170,edf_hazen,lognct,0.0995977103767005,0.530385761606,Δo > Δ,1,6,1,1
21215170,edf_gringorten,lognct,0.101231697304805,0.530385761606,Δo > Δ,1,6,1,2
21215170,edf_cunnane,lognct,0.1022858824197112,0.530385761606,Δo > Δ,1,6,1,3
21215170,edf_blom,lognct,0.1029310437100339,0.530385761606,Δo > Δ,1,6,1,4
21215170,edf_tukey,lognct,0.1039836752889812,0.530385761606,Δo > Δ,1,6,1,5
21215170,edf_filliben,lognct,0.1043764482662004,0.530385761606,Δo > Δ,1,6,1,6
21215170,edf_beard,lognct,0.104561137753921,0.530385761606,Δo > Δ,1,6,1,7
21215170,edf_jenkinson,lognct,0.104561137753921,0.530385761606,Δo > Δ,1,6,1,8
21215170,edf_chegodayev,lognct,0.1048060437100338,0.530385761606,Δo > Δ,1,6,1,9
21215170,edf_adamowski,lognct,0.106007966786957,0.530385761606,Δo > Δ,1,6,1,10
21215170,edf_weibull,lognct,0.1115024722814624,0.530385761606,Δo > Δ,1,6,1,11
21215170,edf_california,lognct,0.1531788859449676,0.530385761606,Δo > Δ,1,6,1,12
21215180,edf_weibull,dweibull,0.04903574254872,0.3210234673459999,Δo > Δ,1,18,1,1
21215180,edf_gringorten,t,0.0506888121179304,0.3210234673459999,Δo > Δ,1,18,1,2
21215180,edf_adamowski,dweibull,0.05085986418325,0.3210234673459999,Δo > Δ,1,18,1,3
21215180,edf_hazen,t,0.051018285395006,0.3210234673459999,Δo > Δ,1,18,1,4
21215180,edf_blom,laplace,0.0515681825024069,0.3210234673459999,Δo > Δ,1,18,1,5
21215180,edf_chegodayev,laplace_asymmetric,0.0516853706292913,0.3210234673459999,Δo > Δ,1,18,1,6
21215180,edf_jenkinson,laplace_asymmetric,0.052069767658198,0.3210234673459999,Δo > Δ,1,18,1,7
21215180,edf_beard,laplace_asymmetric,0.052069767658198,0.3210234673459999,Δo > Δ,1,18,1,8
21215180,edf_filliben,laplace_asymmetric,0.0523586148675043,0.3210234673459999,Δo > Δ,1,18,1,9
21215180,edf_cunnane,laplace,0.0524865370978437,0.3210234673459999,Δo > Δ,1,18,1,10
21215180,edf_tukey,laplace_asymmetric,0.0529699556095284,0.3210234673459999,Δo > Δ,1,18,1,11
21215180,edf_california,t,0.0787960631727837,0.3210234673459999,Δo > Δ,1,18,1,12
21215190,edf_weibull,gumbel_l,0.0844748610542411,0.3156449716410001,Δo > Δ,1,19,1,1
21215190,edf_adamowski,gumbel_l,0.0896030661824464,0.3156449716410001,Δo > Δ,1,19,1,2
21215190,edf_hazen,logt,0.0897361122901979,0.3156449716410001,Δo > Δ,1,19,1,3
21215190,edf_california,dweibull,0.0899418443764469,0.3156449716410001,Δo > Δ,1,19,1,4
21215190,edf_chegodayev,gumbel_l,0.0906604280645505,0.3156449716410001,Δo > Δ,1,19,1,5
21215190,edf_beard,gumbel_l,0.0908732098674507,0.3156449716410001,Δo > Δ,1,19,1,6
21215190,edf_jenkinson,gumbel_l,0.0908732098674507,0.3156449716410001,Δo > Δ,1,19,1,7
21215190,edf_filliben,gumbel_l,0.0910330846535183,0.3156449716410001,Δo > Δ,1,19,1,8
21215190,edf_tukey,gumbel_l,0.0913714127783791,0.3156449716410001,Δo > Δ,1,19,1,9
21215190,edf_gringorten,logt,0.0920483783108982,0.3156449716410001,Δo > Δ,1,19,1,10
21215190,edf_blom,gumbel_l,0.0922670688464489,0.3156449716410001,Δo > Δ,1,19,1,11
21215190,edf_cunnane,gumbel_l,0.0928081943875746,0.3156449716410001,Δo > Δ,1,19,1,12
21215501,edf_adamowski,logdweibull,0.0650445235330463,0.4472608134160001,Δo > Δ,1,8,1,1
21215501,edf_chegodayev,logdweibull,0.0671453638691808,0.4472608134160001,Δo > Δ,1,8,1,2
21215501,edf_jenkinson,logdweibull,0.0675715486629072,0.4472608134160001,Δo > Δ,1,8,1,3
21215501,edf_beard,logdweibull,0.0675715486629072,0.4472608134160001,Δo > Δ,1,8,1,4
21215501,edf_filliben,logdweibull,0.0678925246581825,0.4472608134160001,Δo > Δ,1,8,1,5
21215501,edf_tukey,logdweibull,0.0685739352977522,0.4472608134160001,Δo > Δ,1,8,1,6
21215501,edf_blom,logdweibull,0.0703921171159339,0.4472608134160001,Δo > Δ,1,8,1,7
21215501,edf_cunnane,logdweibull,0.0715007645660449,0.4472608134160001,Δo > Δ,1,8,1,8
21215501,edf_gringorten,logdweibull,0.0733029993371611,0.4472608134160001,Δo > Δ,1,8,1,9
21215501,edf_hazen,logdweibull,0.0760739352977522,0.4472608134160001,Δo > Δ,1,8,1,10
21215501,edf_weibull,logdweibull,0.0796383049217733,0.4472608134160001,Δo > Δ,1,8,1,11
21215501,edf_california,logdweibull,0.1385739352977522,0.4472608134160001,Δo > Δ,1,8,1,12
21217180,edf_filliben,kstwobign,0.0959766982750661,0.417612680231,Δo > Δ,1,9,1,1
21217180,edf_cunnane,gumbel_r,0.0960062778437404,0.417612680231,Δo > Δ,1,9,1,2
21217180,edf_blom,gumbel_r,0.0960062778437404,0.417612680231,Δo > Δ,1,9,1,3
21217180,edf_gringorten,gumbel_r,0.0960062778437404,0.417612680231,Δo > Δ,1,9,1,4
21217180,edf_tukey,kstwobign,0.096017971607256,0.417612680231,Δo > Δ,1,9,1,5
21217180,edf_chegodayev,genlogistic,0.0963031123424936,0.417612680231,Δo > Δ,1,9,1,6
21217180,edf_jenkinson,kstwobign,0.0964889717790282,0.417612680231,Δo > Δ,1,9,1,7
21217180,edf_beard,kstwobign,0.0964889717790282,0.417612680231,Δo > Δ,1,9,1,8
21217180,edf_adamowski,genlogistic,0.098124423218676,0.417612680231,Δo > Δ,1,9,1,9
21217180,edf_hazen,gumbel_r,0.0984766353971572,0.417612680231,Δo > Δ,1,9,1,10
21217180,edf_weibull,rayleigh,0.101258736512206,0.417612680231,Δo > Δ,1,9,1,11
21217180,edf_california,logmielke,0.1127575152283518,0.417612680231,Δo > Δ,1,9,1,12
21235030,edf_california,logdweibull,0.0571049763016654,0.3096406529800002,Δo > Δ,1,20,1,1
21235030,edf_adamowski,loglaplace_asymmetric,0.0623513949747941,0.3096406529800002,Δo > Δ,1,20,1,2
21235030,edf_hazen,loglaplace,0.0633573903067523,0.3096406529800002,Δo > Δ,1,20,1,3
21235030,edf_chegodayev,loglaplace_asymmetric,0.0636665551852198,0.3096406529800002,Δo > Δ,1,20,1,4
21235030,edf_jenkinson,loglaplace_asymmetric,0.063931135993009,0.3096406529800002,Δo > Δ,1,20,1,5
21235030,edf_beard,loglaplace_asymmetric,0.063931135993009,0.3096406529800002,Δo > Δ,1,20,1,6
21235030,edf_filliben,loglaplace_asymmetric,0.0641299126372111,0.3096406529800002,Δo > Δ,1,20,1,7
21235030,edf_tukey,loglaplace_asymmetric,0.0645505153266534,0.3096406529800002,Δo > Δ,1,20,1,8
21235030,edf_gringorten,loglaplace,0.0652957600880645,0.3096406529800002,Δo > Δ,1,20,1,9
21235030,edf_blom,loglaplace_asymmetric,0.0656636503195698,0.3096406529800002,Δo > Δ,1,20,1,10
21235030,edf_cunnane,loglaplace_asymmetric,0.0663359397707372,0.3096406529800002,Δo > Δ,1,20,1,11
21235030,edf_weibull,loglaplace_asymmetric,0.0686038584655999,0.3096406529800002,Δo > Δ,1,20,1,12
21237010,edf_weibull,logdweibull,0.064787734045604,0.331107277296,Δo > Δ,1,16,1,1
21237010,edf_adamowski,logdweibull,0.0658517048520126,0.331107277296,Δo > Δ,1,16,1,2
21237010,edf_chegodayev,logdweibull,0.066775577727105,0.331107277296,Δo > Δ,1,16,1,3
21237010,edf_jenkinson,logdweibull,0.0669617059620137,0.331107277296,Δo > Δ,1,16,1,4
21237010,edf_beard,logdweibull,0.0669617059620137,0.331107277296,Δo > Δ,1,16,1,5
21237010,edf_filliben,logdweibull,0.0671016006940257,0.331107277296,Δo > Δ,1,16,1,6
21237010,edf_tukey,logdweibull,0.067397777826657,0.331107277296,Δo > Δ,1,16,1,7
21237010,edf_california,logdweibull,0.067953349577278,0.331107277296,Δo > Δ,1,16,1,8
21237010,edf_blom,logdweibull,0.068182707183015,0.331107277296,Δo > Δ,1,16,1,9
21237010,edf_cunnane,logdweibull,0.0686575409911821,0.331107277296,Δo > Δ,1,16,1,10
21237010,edf_gringorten,logdweibull,0.0694234019720969,0.331107277296,Δo > Δ,1,16,1,11
21237010,edf_hazen,logdweibull,0.0705865533368611,0.331107277296,Δo > Δ,1,16,1,12
21237020,edf_adamowski,loglaplace_asymmetric,0.1053552600359558,0.3621841451959999,Δo > Δ,1,12,1,1
21237020,edf_chegodayev,loglaplace_asymmetric,0.105677840681117,0.3621841451959999,Δo > Δ,1,12,1,2
21237020,edf_jenkinson,loglaplace_asymmetric,0.1057429821684275,0.3621841451959999,Δo > Δ,1,12,1,3
21237020,edf_beard,loglaplace_asymmetric,0.1057429821684275,0.3621841451959999,Δo > Δ,1,12,1,4
21237020,edf_filliben,loglaplace_asymmetric,0.1057919765745728,0.3621841451959999,Δo > Δ,1,12,1,5
21237020,edf_tukey,loglaplace_asymmetric,0.1058958005764963,0.3621841451959999,Δo > Δ,1,12,1,6
21237020,edf_blom,loglaplace_asymmetric,0.1061715865665681,0.3621841451959999,Δo > Δ,1,12,1,7
21237020,edf_cunnane,loglaplace_asymmetric,0.1063388665933329,0.3621841451959999,Δo > Δ,1,12,1,8
21237020,edf_gringorten,loglaplace_asymmetric,0.106609385448497,0.3621841451959999,Δo > Δ,1,12,1,9
21237020,edf_hazen,loglaplace_asymmetric,0.1070219267026224,0.3621841451959999,Δo > Δ,1,12,1,10
21237020,edf_weibull,loggumbel_r,0.1088123430526989,0.3621841451959999,Δo > Δ,1,12,1,11
21237020,edf_california,logfisk,0.1252570263947041,0.3621841451959999,Δo > Δ,1,12,1,12
21255160,edf_weibull,fisk,0.0607492232680328,0.3260541228310003,Δo > Δ,1,17,1,1
21255160,edf_hazen,logt,0.065777621873693,0.3260541228310003,Δo > Δ,1,17,1,2
21255160,edf_gringorten,logt,0.0661899363321867,0.3260541228310003,Δo > Δ,1,17,1,3
21255160,edf_cunnane,logt,0.0664616164017368,0.3260541228310003,Δo > Δ,1,17,1,4
21255160,edf_blom,logt,0.0666301367927041,0.3260541228310003,Δo > Δ,1,17,1,5
21255160,edf_tukey,logt,0.06690884359315,0.3260541228310003,Δo > Δ,1,17,1,6
21255160,edf_filliben,logt,0.0670140507959675,0.3260541228310003,Δo > Δ,1,17,1,7
21255160,edf_jenkinson,logt,0.0670637519759066,0.3260541228310003,Δo > Δ,1,17,1,8
21255160,edf_beard,logt,0.0670637519759066,0.3260541228310003,Δo > Δ,1,17,1,9
21255160,edf_chegodayev,logt,0.0671298869176417,0.3260541228310003,Δo > Δ,1,17,1,10
21255160,edf_adamowski,logt,0.0674582941426006,0.3260541228310003,Δo > Δ,1,17,1,11
21255160,edf_california,moyal,0.089761901923577,0.3260541228310003,Δo > Δ,1,17,1,12
21255170,edf_california,loginvgauss,0.0794617407979622,0.3260541228310003,Δo > Δ,1,17,1,1
21255170,edf_hazen,logdweibull,0.0813446869633501,0.3260541228310003,Δo > Δ,1,17,1,2
21255170,edf_weibull,loggompertz,0.0817877795985895,0.3260541228310003,Δo > Δ,1,17,1,3
21255170,edf_gringorten,logdweibull,0.0821693158803374,0.3260541228310003,Δo > Δ,1,17,1,4
21255170,edf_cunnane,logdweibull,0.0827126760194377,0.3260541228310003,Δo > Δ,1,17,1,5
21255170,edf_blom,logdweibull,0.0830497168013723,0.3260541228310003,Δo > Δ,1,17,1,6
21255170,edf_tukey,logdweibull,0.0836071304022642,0.3260541228310003,Δo > Δ,1,17,1,7
21255170,edf_filliben,logdweibull,0.0838175448078989,0.3260541228310003,Δo > Δ,1,17,1,8
21255170,edf_jenkinson,logdweibull,0.0839169471677772,0.3260541228310003,Δo > Δ,1,17,1,9
21255170,edf_beard,logdweibull,0.0839169471677772,0.3260541228310003,Δo > Δ,1,17,1,10
21255170,edf_chegodayev,logdweibull,0.0840492170512474,0.3260541228310003,Δo > Δ,1,17,1,11
21255170,edf_adamowski,logdweibull,0.0847060315011653,0.3260541228310003,Δo > Δ,1,17,1,12
21255501,edf_cunnane,logdweibull,0.0804432714966404,0.484420539261,Δo > Δ,1,7,1,1
21255501,edf_jenkinson,logdweibull,0.0804432714966404,0.484420539261,Δo > Δ,1,7,1,2
21255501,edf_filliben,logdweibull,0.0804432714966404,0.484420539261,Δo > Δ,1,7,1,3
21255501,edf_gringorten,logdweibull,0.0804432714966404,0.484420539261,Δo > Δ,1,7,1,4
21255501,edf_blom,logdweibull,0.0804432714966404,0.484420539261,Δo > Δ,1,7,1,5
21255501,edf_tukey,logdweibull,0.0804432714966404,0.484420539261,Δo > Δ,1,7,1,6
21255501,edf_chegodayev,logdweibull,0.0804432714966404,0.484420539261,Δo > Δ,1,7,1,7
21255501,edf_beard,logdweibull,0.0804432714966404,0.484420539261,Δo > Δ,1,7,1,8
21255501,edf_hazen,logdweibull,0.0804432714966404,0.484420539261,Δo > Δ,1,7,1,9
21255501,edf_adamowski,logdweibull,0.0832832275322013,0.484420539261,Δo > Δ,1,7,1,10
21255501,edf_weibull,dweibull,0.1025937397210149,0.484420539261,Δo > Δ,1,7,1,11
21255501,edf_california,logkstwobign,0.1287249265181838,0.484420539261,Δo > Δ,1,7,1,12
21257090,edf_hazen,weibull_min,0.0511090395283647,0.5865427407550001,Δo > Δ,1,5,1,1
21257090,edf_gringorten,genlogistic,0.0566886763675665,0.5865427407550001,Δo > Δ,1,5,1,2
21257090,edf_blom,betaprime,0.0569275856889589,0.5865427407550001,Δo > Δ,1,5,1,3
21257090,edf_cunnane,betaprime,0.0569275856889589,0.5865427407550001,Δo > Δ,1,5,1,4
21257090,edf_tukey,betaprime,0.0587776060624376,0.5865427407550001,Δo > Δ,1,5,1,5
21257090,edf_filliben,betaprime,0.0609910263793061,0.5865427407550001,Δo > Δ,1,5,1,6
21257090,edf_beard,f,0.0612077178138941,0.5865427407550001,Δo > Δ,1,5,1,7
21257090,edf_jenkinson,f,0.0612077178138941,0.5865427407550001,Δo > Δ,1,5,1,8
21257090,edf_chegodayev,f,0.0622165798138519,0.5865427407550001,Δo > Δ,1,5,1,9
21257090,edf_adamowski,fisk,0.0677343664123957,0.5865427407550001,Δo > Δ,1,5,1,10
21257090,edf_weibull,fisk,0.0912622664667575,0.5865427407550001,Δo > Δ,1,5,1,11
21257090,edf_california,genlogistic,0.1376183869222576,0.5865427407550001,Δo > Δ,1,5,1,12
21257100,edf_hazen,invgauss,0.1000327212066174,0.5865427407550001,Δo > Δ,1,5,1,1
21257100,edf_gringorten,invgauss,0.1047202212066173,0.5865427407550001,Δo > Δ,1,5,1,2
21257100,edf_cunnane,invgauss,0.1077250288989251,0.5865427407550001,Δo > Δ,1,5,1,3
21257100,edf_blom,invgauss,0.1095565307304269,0.5865427407550001,Δo > Δ,1,5,1,4
21257100,edf_tukey,invgauss,0.1125327212066173,0.5865427407550001,Δo > Δ,1,5,1,5
21257100,edf_filliben,invgauss,0.1136394313650517,0.5865427407550001,Δo > Δ,1,5,1,6
21257100,edf_beard,invgauss,0.1141591152586619,0.5865427407550001,Δo > Δ,1,5,1,7
21257100,edf_jenkinson,invgauss,0.1141591152586619,0.5865427407550001,Δo > Δ,1,5,1,8
21257100,edf_chegodayev,invgauss,0.1148475360214322,0.5865427407550001,Δo > Δ,1,5,1,9
21257100,edf_adamowski,invgauss,0.1182145393884356,0.5865427407550001,Δo > Δ,1,5,1,10
21257100,edf_weibull,invgauss,0.1333660545399507,0.5865427407550001,Δo > Δ,1,5,1,11
21257100,edf_california,pearson3,0.1374854467199924,0.5865427407550001,Δo > Δ,1,5,1,12
21257120,edf_weibull,loggamma,0.0845376781561496,0.3366456264050002,Δo > Δ,1,15,1,1
21257120,edf_weibull,loggamma,0.0845376781561496,0.3366456264050002,Δo > Δ,1,15,1,2
21257120,edf_filliben,logloggamma,0.0886598042636014,0.3366456264050002,Δo > Δ,1,15,1,3
21257120,edf_jenkinson,logloggamma,0.0887867541611317,0.3366456264050002,Δo > Δ,1,15,1,4
21257120,edf_beard,logloggamma,0.0887867541611317,0.3366456264050002,Δo > Δ,1,15,1,5
21257120,edf_chegodayev,logloggamma,0.0889556359945129,0.3366456264050002,Δo > Δ,1,15,1,6
21257120,edf_tukey,logloggamma,0.0890103380507225,0.3366456264050002,Δo > Δ,1,15,1,7
21257120,edf_blom,logpearson3,0.089475625025847,0.3366456264050002,Δo > Δ,1,15,1,8
21257120,edf_adamowski,logloggamma,0.0897935078001266,0.3366456264050002,Δo > Δ,1,15,1,9
21257120,edf_cunnane,logpearson3,0.0907698441802904,0.3366456264050002,Δo > Δ,1,15,1,10
21257120,edf_gringorten,logpearson3,0.0928583989004241,0.3366456264050002,Δo > Δ,1,15,1,11
21257120,edf_hazen,betaprime,0.0935601694966709,0.3366456264050002,Δo > Δ,1,15,1,12
21257120,edf_california,logmoyal,0.0952810678712087,0.3366456264050002,Δo > Δ,1,15,1,13
2201500047,edf_california,dweibull,0.0684657287803792,0.5865427407550001,Δo > Δ,1,5,1,1
2201500047,edf_hazen,mielke,0.0824416205529779,0.5865427407550001,Δo > Δ,1,5,1,2
2201500047,edf_gringorten,invweibull,0.089104008056503,0.5865427407550001,Δo > Δ,1,5,1,3
2201500047,edf_cunnane,invweibull,0.0921088157488108,0.5865427407550001,Δo > Δ,1,5,1,4
2201500047,edf_blom,invweibull,0.0939403175803126,0.5865427407550001,Δo > Δ,1,5,1,5
2201500047,edf_tukey,invweibull,0.096916508056503,0.5865427407550001,Δo > Δ,1,5,1,6
2201500047,edf_filliben,invweibull,0.0980232182149374,0.5865427407550001,Δo > Δ,1,5,1,7
2201500047,edf_jenkinson,invweibull,0.0985429021085476,0.5865427407550001,Δo > Δ,1,5,1,8
2201500047,edf_beard,invweibull,0.0985429021085476,0.5865427407550001,Δo > Δ,1,5,1,9
2201500047,edf_chegodayev,invweibull,0.0992313228713179,0.5865427407550001,Δo > Δ,1,5,1,10
2201500047,edf_adamowski,logfisk,0.1018872862187251,0.5865427407550001,Δo > Δ,1,5,1,11
2201500047,edf_weibull,invweibull,0.1177498413898364,0.5865427407550001,Δo > Δ,1,5,1,12
22025501,edf_adamowski,laplace_asymmetric,0.1349652305947876,0.4472608134160001,Δo > Δ,1,8,1,1
22025501,edf_chegodayev,laplace_asymmetric,0.1370660709309221,0.4472608134160001,Δo > Δ,1,8,1,2
22025501,edf_jenkinson,laplace_asymmetric,0.1374922557246487,0.4472608134160001,Δo > Δ,1,8,1,3
22025501,edf_beard,laplace_asymmetric,0.1374922557246487,0.4472608134160001,Δo > Δ,1,8,1,4
22025501,edf_filliben,laplace_asymmetric,0.1378132317199239,0.4472608134160001,Δo > Δ,1,8,1,5
22025501,edf_tukey,laplace_asymmetric,0.1384946423594935,0.4472608134160001,Δo > Δ,1,8,1,6
22025501,edf_weibull,mielke,0.1399487204169472,0.4472608134160001,Δo > Δ,1,8,1,7
22025501,edf_blom,laplace_asymmetric,0.1403128241776753,0.4472608134160001,Δo > Δ,1,8,1,8
22025501,edf_cunnane,laplace_asymmetric,0.1414214716277861,0.4472608134160001,Δo > Δ,1,8,1,9
22025501,edf_gringorten,laplace_asymmetric,0.1432237063989023,0.4472608134160001,Δo > Δ,1,8,1,10
22025501,edf_hazen,laplace_asymmetric,0.1459946423594935,0.4472608134160001,Δo > Δ,1,8,1,11
22025501,edf_california,gumbel_l,0.1587908322715834,0.4472608134160001,Δo > Δ,1,8,1,12
22045502,edf_gringorten,dweibull,0.0568824303172638,0.4472608134160001,Δo > Δ,1,8,1,1
22045502,edf_blom,logdweibull,0.0584192890381438,0.4472608134160001,Δo > Δ,1,8,1,2
22045502,edf_hazen,dweibull,0.0584575325691124,0.4472608134160001,Δo > Δ,1,8,1,3
22045502,edf_cunnane,dweibull,0.0586846650883799,0.4472608134160001,Δo > Δ,1,8,1,4
22045502,edf_tukey,logdweibull,0.0597470266313356,0.4472608134160001,Δo > Δ,1,8,1,5
22045502,edf_filliben,logdweibull,0.0604284372709054,0.4472608134160001,Δo > Δ,1,8,1,6
22045502,edf_beard,logdweibull,0.0607494132661806,0.4472608134160001,Δo > Δ,1,8,1,7
22045502,edf_jenkinson,logdweibull,0.0607494132661806,0.4472608134160001,Δo > Δ,1,8,1,8
22045502,edf_chegodayev,logdweibull,0.0611755980599071,0.4472608134160001,Δo > Δ,1,8,1,9
22045502,edf_weibull,lognct,0.0650762329780756,0.4472608134160001,Δo > Δ,1,8,1,10
22045502,edf_adamowski,dweibull,0.0651409061213785,0.4472608134160001,Δo > Δ,1,8,1,11
22045502,edf_california,kstwobign,0.0964032882662311,0.4472608134160001,Δo > Δ,1,8,1,12
22057010,edf_weibull,logdweibull,0.0674389664044083,0.3156449716410001,Δo > Δ,1,19,1,1
22057010,edf_adamowski,loglaplace,0.0690366433155071,0.3156449716410001,Δo > Δ,1,19,1,2
22057010,edf_filliben,loglaplace,0.0690366433155071,0.3156449716410001,Δo > Δ,1,19,1,3
22057010,edf_jenkinson,loglaplace,0.0690366433155071,0.3156449716410001,Δo > Δ,1,19,1,4
22057010,edf_chegodayev,loglaplace,0.0690366433155071,0.3156449716410001,Δo > Δ,1,19,1,5
22057010,edf_tukey,loglaplace,0.0690366433155071,0.3156449716410001,Δo > Δ,1,19,1,6
22057010,edf_beard,loglaplace,0.0690366433155071,0.3156449716410001,Δo > Δ,1,19,1,7
22057010,edf_blom,loglaplace,0.0696116956760056,0.3156449716410001,Δo > Δ,1,19,1,8
22057010,edf_cunnane,loglaplace,0.0705586653729755,0.3156449716410001,Δo > Δ,1,19,1,9
22057010,edf_gringorten,loglaplace,0.0720841186505205,0.3156449716410001,Δo > Δ,1,19,1,10
22057010,edf_hazen,loglaplace,0.074396384671221,0.3156449716410001,Δo > Δ,1,19,1,11
22057010,edf_california,logt,0.0877807346132714,0.3156449716410001,Δo > Δ,1,19,1,12
22075050,edf_adamowski,logpearson3,0.0506267145369823,0.3761373588009999,Δo > Δ,1,11,1,1
22075050,edf_chegodayev,logpearson3,0.0513894910434659,0.3761373588009999,Δo > Δ,1,11,1,2
22075050,edf_jenkinson,logpearson3,0.0515436550122631,0.3761373588009999,Δo > Δ,1,11,1,3
22075050,edf_beard,logpearson3,0.0515436550122631,0.3761373588009999,Δo > Δ,1,11,1,4
22075050,edf_filliben,logpearson3,0.0516596340648998,0.3761373588009999,Δo > Δ,1,11,1,5
22075050,edf_tukey,logpearson3,0.051905486915499,0.3761373588009999,Δo > Δ,1,11,1,6
22075050,edf_blom,logpearson3,0.0525590816867408,0.3761373588009999,Δo > Δ,1,11,1,7
22075050,edf_cunnane,logpearson3,0.0529559070835662,0.3761373588009999,Δo > Δ,1,11,1,8
22075050,edf_gringorten,logpearson3,0.0535982503518087,0.3761373588009999,Δo > Δ,1,11,1,9
22075050,edf_hazen,logpearson3,0.0545792837069428,0.3761373588009999,Δo > Δ,1,11,1,10
22075050,edf_weibull,logpearson3,0.0607856382162603,0.3761373588009999,Δo > Δ,1,11,1,11
22075050,edf_california,logpearson3,0.0898516924220719,0.3761373588009999,Δo > Δ,1,11,1,12
23015501,edf_hazen,loggenlogistic,0.0268352818105083,0.5865427407550001,Δo > Δ,1,5,1,1
23015501,edf_gringorten,loggenlogistic,0.0362102818105083,0.5865427407550001,Δo > Δ,1,5,1,2
23015501,edf_cunnane,loggenlogistic,0.0422198971951236,0.5865427407550001,Δo > Δ,1,5,1,3
23015501,edf_blom,loggenlogistic,0.0458829008581273,0.5865427407550001,Δo > Δ,1,5,1,4
23015501,edf_tukey,loggenlogistic,0.0518352818105082,0.5865427407550001,Δo > Δ,1,5,1,5
23015501,edf_filliben,loggenlogistic,0.0540487021273768,0.5865427407550001,Δo > Δ,1,5,1,6
23015501,edf_beard,loggenlogistic,0.0550880699145975,0.5865427407550001,Δo > Δ,1,5,1,7
23015501,edf_jenkinson,loggenlogistic,0.0550880699145975,0.5865427407550001,Δo > Δ,1,5,1,8
23015501,edf_chegodayev,loggenlogistic,0.0564649114401379,0.5865427407550001,Δo > Δ,1,5,1,9
23015501,edf_adamowski,loglaplace_asymmetric,0.0623072877289769,0.5865427407550001,Δo > Δ,1,5,1,10
23015501,edf_weibull,loglaplace_asymmetric,0.0890428599562583,0.5865427407550001,Δo > Δ,1,5,1,11
23015501,edf_california,logdweibull,0.1164854406176159,0.5865427407550001,Δo > Δ,1,5,1,12
2301700089,edf_hazen,logfisk,0.08662015637794,0.5865427407550001,Δo > Δ,1,5,1,1
2301700089,edf_weibull,logdweibull,0.0871415725652093,0.5865427407550001,Δo > Δ,1,5,1,2
2301700089,edf_adamowski,logdweibull,0.0871908104319372,0.5865427407550001,Δo > Δ,1,5,1,3
2301700089,edf_gringorten,logfisk,0.09130765637794,0.5865427407550001,Δo > Δ,1,5,1,4
2301700089,edf_chegodayev,logdweibull,0.0939248171659439,0.5865427407550001,Δo > Δ,1,5,1,5
2301700089,edf_cunnane,logfisk,0.0943124640702477,0.5865427407550001,Δo > Δ,1,5,1,6
2301700089,edf_jenkinson,logdweibull,0.0953016586914844,0.5865427407550001,Δo > Δ,1,5,1,7
2301700089,edf_beard,logdweibull,0.0953016586914844,0.5865427407550001,Δo > Δ,1,5,1,8
2301700089,edf_blom,logfisk,0.0961439659017495,0.5865427407550001,Δo > Δ,1,5,1,9
2301700089,edf_filliben,logdweibull,0.096341026478705,0.5865427407550001,Δo > Δ,1,5,1,10
2301700089,edf_tukey,logdweibull,0.0985544467955735,0.5865427407550001,Δo > Δ,1,5,1,11
2301700089,edf_california,f,0.135473751201781,0.5865427407550001,Δo > Δ,1,5,1,12
23017040,edf_adamowski,gumbel_r,0.0722182485804525,0.4472608134160001,Δo > Δ,1,8,1,1
23017040,edf_chegodayev,gumbel_r,0.0723604559342183,0.4472608134160001,Δo > Δ,1,8,1,2
23017040,edf_jenkinson,gumbel_r,0.0730707639237626,0.4472608134160001,Δo > Δ,1,8,1,3
23017040,edf_beard,gumbel_r,0.0730707639237626,0.4472608134160001,Δo > Δ,1,8,1,4
23017040,edf_filliben,gumbel_r,0.073605723915888,0.4472608134160001,Δo > Δ,1,8,1,5
23017040,edf_tukey,gumbel_r,0.0747414083151708,0.4472608134160001,Δo > Δ,1,8,1,6
23017040,edf_gringorten,genlogistic,0.077127922351333,0.4472608134160001,Δo > Δ,1,8,1,7
23017040,edf_cunnane,genlogistic,0.0777286672750383,0.4472608134160001,Δo > Δ,1,8,1,8
23017040,edf_blom,gumbel_r,0.0777717113454737,0.4472608134160001,Δo > Δ,1,8,1,9
23017040,edf_hazen,genlogistic,0.0779086461313594,0.4472608134160001,Δo > Δ,1,8,1,10
23017040,edf_weibull,logloggamma,0.0794732005832268,0.4472608134160001,Δo > Δ,1,8,1,11
23017040,edf_california,loglaplace_asymmetric,0.0996165647733559,0.4472608134160001,Δo > Δ,1,8,1,12
2302500064,edf_hazen,logbetaprime,0.098232720538093,0.530385761606,Δo > Δ,1,6,1,1
2302500064,edf_gringorten,logbetaprime,0.1031346813224068,0.530385761606,Δo > Δ,1,6,1,2
2302500064,edf_cunnane,logbetaprime,0.1062972366671254,0.530385761606,Δo > Δ,1,6,1,3
2302500064,edf_blom,logbetaprime,0.108232720538093,0.530385761606,Δo > Δ,1,6,1,4
2302500064,edf_tukey,logbetaprime,0.1113906152749352,0.530385761606,Δo > Δ,1,6,1,5
2302500064,edf_filliben,logbetaprime,0.1125689342065926,0.530385761606,Δo > Δ,1,6,1,6
2302500064,edf_beard,logbetaprime,0.1131230026697543,0.530385761606,Δo > Δ,1,6,1,7
2302500064,edf_jenkinson,logbetaprime,0.1131230026697543,0.530385761606,Δo > Δ,1,6,1,8
2302500064,edf_chegodayev,logbetaprime,0.113857720538093,0.530385761606,Δo > Δ,1,6,1,9
2302500064,edf_adamowski,logbetaprime,0.1174634897688623,0.530385761606,Δo > Δ,1,6,1,10
2302500064,edf_weibull,logbetaprime,0.1339470062523787,0.530385761606,Δo > Δ,1,6,1,11
2302500064,edf_california,logdweibull,0.1374283590247137,0.530385761606,Δo > Δ,1,6,1,12
23025501,edf_gringorten,logkstwobign,0.0806909804649433,0.4472608134160001,Δo > Δ,1,8,1,1
23025501,edf_cunnane,loginvweibull,0.0815192306676975,0.4472608134160001,Δo > Δ,1,8,1,2
23025501,edf_blom,loginvweibull,0.0826278781178084,0.4472608134160001,Δo > Δ,1,8,1,3
23025501,edf_hazen,loginvweibull,0.0826769546026154,0.4472608134160001,Δo > Δ,1,8,1,4
23025501,edf_tukey,loginvweibull,0.0844460599359901,0.4472608134160001,Δo > Δ,1,8,1,5
23025501,edf_filliben,loginvweibull,0.0851274705755599,0.4472608134160001,Δo > Δ,1,8,1,6
23025501,edf_beard,loginvweibull,0.0854484465708351,0.4472608134160001,Δo > Δ,1,8,1,7
23025501,edf_jenkinson,loginvweibull,0.0854484465708351,0.4472608134160001,Δo > Δ,1,8,1,8
23025501,edf_adamowski,erlang,0.0856837730624108,0.4472608134160001,Δo > Δ,1,8,1,9
23025501,edf_chegodayev,loginvweibull,0.0858746313645616,0.4472608134160001,Δo > Δ,1,8,1,10
23025501,edf_weibull,weibull_min,0.0913735227697978,0.4472608134160001,Δo > Δ,1,8,1,11
23025501,edf_california,dweibull,0.0940177383552824,0.4472608134160001,Δo > Δ,1,8,1,12
23025502,edf_filliben,logdweibull,0.059879750638999,0.4472608134160001,Δo > Δ,1,8,1,1
23025502,edf_tukey,logdweibull,0.0600000000001072,0.4472608134160001,Δo > Δ,1,8,1,2
23025502,edf_jenkinson,logdweibull,0.0602007266342742,0.4472608134160001,Δo > Δ,1,8,1,3
23025502,edf_beard,logdweibull,0.0602007266342742,0.4472608134160001,Δo > Δ,1,8,1,4
23025502,edf_blom,logdweibull,0.0606060606061677,0.4472608134160001,Δo > Δ,1,8,1,5
23025502,edf_chegodayev,logdweibull,0.0606269114280008,0.4472608134160001,Δo > Δ,1,8,1,6
23025502,edf_cunnane,logdweibull,0.0609756097562048,0.4472608134160001,Δo > Δ,1,8,1,7
23025502,edf_gringorten,fisk,0.0619420715803196,0.4472608134160001,Δo > Δ,1,8,1,8
23025502,edf_adamowski,logdweibull,0.0627277517641353,0.4472608134160001,Δo > Δ,1,8,1,9
23025502,edf_hazen,fisk,0.0628657169005166,0.4472608134160001,Δo > Δ,1,8,1,10
23025502,edf_weibull,logpearson3,0.0795558433296797,0.4472608134160001,Δo > Δ,1,8,1,11
23025502,edf_california,laplace_asymmetric,0.0880951438277038,0.4472608134160001,Δo > Δ,1,8,1,12
23035030,edf_blom,maxwell,0.0622630704507288,0.3260541228310003,Δo > Δ,1,17,1,1
23035030,edf_cunnane,maxwell,0.0628402589873364,0.3260541228310003,Δo > Δ,1,17,1,2
23035030,edf_tukey,maxwell,0.0636566044529584,0.3260541228310003,Δo > Δ,1,17,1,3
23035030,edf_filliben,maxwell,0.0641826404670452,0.3260541228310003,Δo > Δ,1,17,1,4
23035030,edf_gringorten,maxwell,0.0641986593350869,0.3260541228310003,Δo > Δ,1,17,1,5
23035030,edf_jenkinson,maxwell,0.0644311463667409,0.3260541228310003,Δo > Δ,1,17,1,6
23035030,edf_beard,maxwell,0.0644311463667409,0.3260541228310003,Δo > Δ,1,17,1,7
23035030,edf_chegodayev,maxwell,0.0647618210754165,0.3260541228310003,Δo > Δ,1,17,1,8
23035030,edf_hazen,pearson3,0.0651229331929534,0.3260541228310003,Δo > Δ,1,17,1,9
23035030,edf_adamowski,maxwell,0.0664038572002112,0.3260541228310003,Δo > Δ,1,17,1,10
23035030,edf_weibull,gompertz,0.073855355738492,0.3260541228310003,Δo > Δ,1,17,1,11
23035030,edf_california,weibull_min,0.0888955602520114,0.3260541228310003,Δo > Δ,1,17,1,12
23037010,edf_hazen,mielke,0.1074100772773823,0.3260541228310003,Δo > Δ,1,17,1,1
23037010,edf_gringorten,mielke,0.1098839640283444,0.3260541228310003,Δo > Δ,1,17,1,2
23037010,edf_cunnane,mielke,0.111514044445645,0.3260541228310003,Δo > Δ,1,17,1,3
23037010,edf_blom,mielke,0.1125251667914488,0.3260541228310003,Δo > Δ,1,17,1,4
23037010,edf_tukey,mielke,0.1141974075941244,0.3260541228310003,Δo > Δ,1,17,1,5
23037010,edf_filliben,mielke,0.1148286508110285,0.3260541228310003,Δo > Δ,1,17,1,6
23037010,edf_beard,mielke,0.1151268578906633,0.3260541228310003,Δo > Δ,1,17,1,7
23037010,edf_jenkinson,mielke,0.1151268578906633,0.3260541228310003,Δo > Δ,1,17,1,8
23037010,edf_chegodayev,mielke,0.115523667541074,0.3260541228310003,Δo > Δ,1,17,1,9
23037010,edf_adamowski,mielke,0.1174941108908277,0.3260541228310003,Δo > Δ,1,17,1,10
23037010,edf_weibull,nakagami,0.1211212047605274,0.3260541228310003,Δo > Δ,1,17,1,11
23037010,edf_california,invgauss,0.1245474337174596,0.3260541228310003,Δo > Δ,1,17,1,12
23050420,edf_hazen,lognct,0.0347826877174279,0.343224222286,Δo > Δ,1,14,1,1
23050420,edf_gringorten,lognct,0.0369073336097791,0.343224222286,Δo > Δ,1,14,1,2
23050420,edf_cunnane,lognct,0.0383038144779912,0.343224222286,Δo > Δ,1,14,1,3
23050420,edf_blom,lognct,0.0391686526297086,0.343224222286,Δo > Δ,1,14,1,4
23050420,edf_tukey,lognct,0.0405966412058,0.343224222286,Δo > Δ,1,14,1,5
23050420,edf_filliben,lognct,0.0411349327574557,0.343224222286,Δo > Δ,1,14,1,6
23050420,edf_beard,lognct,0.0413890854921149,0.343224222286,Δo > Δ,1,14,1,7
23050420,edf_jenkinson,lognct,0.0413890854921149,0.343224222286,Δo > Δ,1,14,1,8
23050420,edf_chegodayev,lognct,0.0417271321618723,0.343224222286,Δo > Δ,1,14,1,9
23050420,edf_adamowski,lognct,0.0434033773726003,0.343224222286,Δo > Δ,1,14,1,10
23050420,edf_weibull,lognct,0.0520950292459456,0.343224222286,Δo > Δ,1,14,1,11
23050420,edf_california,lognct,0.0704969734317136,0.343224222286,Δo > Δ,1,14,1,12
23055502,edf_jenkinson,weibull_min,0.0823389017605557,0.4472608134160001,Δo > Δ,1,8,1,1
23055502,edf_beard,weibull_min,0.0823389017605557,0.4472608134160001,Δo > Δ,1,8,1,2
23055502,edf_hazen,nakagami,0.0825842850580722,0.4472608134160001,Δo > Δ,1,8,1,3
23055502,edf_filliben,weibull_min,0.0830617606750032,0.4472608134160001,Δo > Δ,1,8,1,4
23055502,edf_chegodayev,weibull_min,0.0833333329459177,0.4472608134160001,Δo > Δ,1,8,1,5
23055502,edf_tukey,weibull_min,0.0846517188339991,0.4472608134160001,Δo > Δ,1,8,1,6
23055502,edf_gringorten,nakagami,0.0853552210186634,0.4472608134160001,Δo > Δ,1,8,1,7
23055502,edf_cunnane,nakagami,0.0871574557897796,0.4472608134160001,Δo > Δ,1,8,1,8
23055502,edf_adamowski,weibull_min,0.0882352937302314,0.4472608134160001,Δo > Δ,1,8,1,9
23055502,edf_blom,nakagami,0.0882661032398904,0.4472608134160001,Δo > Δ,1,8,1,10
23055502,edf_weibull,logdweibull,0.1025920868293608,0.4472608134160001,Δo > Δ,1,8,1,11
23055502,edf_california,dweibull,0.1033023885451614,0.4472608134160001,Δo > Δ,1,8,1,12
23057140,edf_hazen,nct,0.0517615529540377,0.4472608134160001,Δo > Δ,1,8,1,1
23057140,edf_cunnane,chi2,0.0519384539825875,0.4472608134160001,Δo > Δ,1,8,1,2
23057140,edf_gringorten,chi2,0.0535119373412019,0.4472608134160001,Δo > Δ,1,8,1,3
23057140,edf_blom,chi2,0.0537861997327724,0.4472608134160001,Δo > Δ,1,8,1,4
23057140,edf_tukey,chi2,0.0568165027630753,0.4472608134160001,Δo > Δ,1,8,1,5
23057140,edf_filliben,chi2,0.0579521871623581,0.4472608134160001,Δo > Δ,1,8,1,6
23057140,edf_beard,chi2,0.0584871471544835,0.4472608134160001,Δo > Δ,1,8,1,7
23057140,edf_jenkinson,chi2,0.0584871471544835,0.4472608134160001,Δo > Δ,1,8,1,8
23057140,edf_chegodayev,chi2,0.0591974551440278,0.4472608134160001,Δo > Δ,1,8,1,9
23057140,edf_adamowski,ncf,0.0603635278524171,0.4472608134160001,Δo > Δ,1,8,1,10
23057140,edf_weibull,logpearson3,0.0810814733065826,0.4472608134160001,Δo > Δ,1,8,1,11
23057140,edf_california,laplace_asymmetric,0.0876957507918237,0.4472608134160001,Δo > Δ,1,8,1,12
2306500106,edf_hazen,logmielke,0.0834363817689899,0.5865427407550001,Δo > Δ,1,5,1,1
2306500106,edf_gringorten,logmielke,0.0881238817689899,0.5865427407550001,Δo > Δ,1,5,1,2
2306500106,edf_cunnane,logmielke,0.0911286894612976,0.5865427407550001,Δo > Δ,1,5,1,3
2306500106,edf_blom,logmielke,0.0929601912927994,0.5865427407550001,Δo > Δ,1,5,1,4
2306500106,edf_tukey,logmielke,0.0959363817689899,0.5865427407550001,Δo > Δ,1,5,1,5
2306500106,edf_filliben,logmielke,0.0970430919274242,0.5865427407550001,Δo > Δ,1,5,1,6
2306500106,edf_beard,logmielke,0.0975627758210345,0.5865427407550001,Δo > Δ,1,5,1,7
2306500106,edf_jenkinson,logmielke,0.0975627758210345,0.5865427407550001,Δo > Δ,1,5,1,8
2306500106,edf_chegodayev,logmielke,0.0982511965838047,0.5865427407550001,Δo > Δ,1,5,1,9
2306500106,edf_adamowski,logmielke,0.1016181999508081,0.5865427407550001,Δo > Δ,1,5,1,10
2306500106,edf_weibull,logmielke,0.1167697151023232,0.5865427407550001,Δo > Δ,1,5,1,11
2306500106,edf_california,kstwobign,0.1437600995467971,0.5865427407550001,Δo > Δ,1,5,1,12
23065110,edf_california,loglogistic,0.1918542557270238,0.5865427407550001,Δo > Δ,1,5,1,1
23065110,edf_weibull,logdweibull,0.2099242777877538,0.5865427407550001,Δo > Δ,1,5,1,2
23065110,edf_adamowski,logfisk,0.2333621926647632,0.5865427407550001,Δo > Δ,1,5,1,3
23065110,edf_cunnane,logfisk,0.2333621926647632,0.5865427407550001,Δo > Δ,1,5,1,4
23065110,edf_gringorten,logfisk,0.2333621926647632,0.5865427407550001,Δo > Δ,1,5,1,5
23065110,edf_tukey,logfisk,0.2333621926647632,0.5865427407550001,Δo > Δ,1,5,1,6
23065110,edf_jenkinson,logfisk,0.2333621926647632,0.5865427407550001,Δo > Δ,1,5,1,7
23065110,edf_filliben,logfisk,0.2333621926647632,0.5865427407550001,Δo > Δ,1,5,1,8
23065110,edf_chegodayev,logfisk,0.2333621926647632,0.5865427407550001,Δo > Δ,1,5,1,9
23065110,edf_blom,logfisk,0.2333621926647632,0.5865427407550001,Δo > Δ,1,5,1,10
23065110,edf_beard,logfisk,0.2333621926647632,0.5865427407550001,Δo > Δ,1,5,1,11
23065110,edf_hazen,logfisk,0.2333621926647632,0.5865427407550001,Δo > Δ,1,5,1,12
23065180,edf_california,dweibull,0.07847530919831,0.3096406529800002,Δo > Δ,1,20,1,1
23065180,edf_hazen,laplace,0.0787544101587156,0.3096406529800002,Δo > Δ,1,20,1,2
23065180,edf_tukey,dweibull,0.0795498568521154,0.3096406529800002,Δo > Δ,1,20,1,3
23065180,edf_filliben,dweibull,0.0797600834572387,0.3096406529800002,Δo > Δ,1,20,1,4
23065180,edf_jenkinson,dweibull,0.0798865776853673,0.3096406529800002,Δo > Δ,1,20,1,5
23065180,edf_beard,dweibull,0.0798865776853673,0.3096406529800002,Δo > Δ,1,20,1,6
23065180,edf_chegodayev,dweibull,0.0800549472903241,0.3096406529800002,Δo > Δ,1,20,1,7
23065180,edf_blom,dweibull,0.080055827303441,0.3096406529800002,Δo > Δ,1,20,1,8
23065180,edf_cunnane,dweibull,0.080361413417608,0.3096406529800002,Δo > Δ,1,20,1,9
23065180,edf_gringorten,laplace,0.0806927799400277,0.3096406529800002,Δo > Δ,1,20,1,10
23065180,edf_adamowski,dweibull,0.0808918674242313,0.3096406529800002,Δo > Δ,1,20,1,11
23065180,edf_weibull,dweibull,0.0849569080746379,0.3096406529800002,Δo > Δ,1,20,1,12
23065190,edf_adamowski,t,0.0817490338801494,0.3210234673459999,Δo > Δ,1,18,1,1
23065190,edf_chegodayev,t,0.0842460961598204,0.3210234673459999,Δo > Δ,1,18,1,2
23065190,edf_jenkinson,t,0.0847487691976214,0.3210234673459999,Δo > Δ,1,18,1,3
23065190,edf_beard,t,0.0847487691976214,0.3210234673459999,Δo > Δ,1,18,1,4
23065190,edf_filliben,t,0.0851264924713297,0.3210234673459999,Δo > Δ,1,18,1,5
23065190,edf_tukey,t,0.0859259380570536,0.3210234673459999,Δo > Δ,1,18,1,6
23065190,edf_weibull,t,0.0864474823817572,0.3210234673459999,Δo > Δ,1,18,1,7
23065190,edf_blom,t,0.0880429990782242,0.3210234673459999,Δo > Δ,1,18,1,8
23065190,edf_cunnane,t,0.089322541453657,0.3210234673459999,Δo > Δ,1,18,1,9
23065190,edf_gringorten,t,0.0913844971579968,0.3210234673459999,Δo > Δ,1,18,1,10
23065190,edf_california,t,0.0943714923654309,0.3210234673459999,Δo > Δ,1,18,1,11
23065190,edf_hazen,t,0.0945117966429122,0.3210234673459999,Δo > Δ,1,18,1,12
23065501,edf_hazen,weibull_min,0.0573317447114737,0.530385761606,Δo > Δ,1,6,1,1
23065501,edf_gringorten,weibull_min,0.0622337054957875,0.530385761606,Δo > Δ,1,6,1,2
23065501,edf_filliben,gumbel_l,0.0637164036378249,0.530385761606,Δo > Δ,1,6,1,3
23065501,edf_jenkinson,gumbel_l,0.064639851076428,0.530385761606,Δo > Δ,1,6,1,4
23065501,edf_beard,gumbel_l,0.064639851076428,0.530385761606,Δo > Δ,1,6,1,5
23065501,edf_tukey,gumbel_l,0.0646748693548746,0.530385761606,Δo > Δ,1,6,1,6
23065501,edf_cunnane,weibull_min,0.065396260840506,0.530385761606,Δo > Δ,1,6,1,7
23065501,edf_chegodayev,gumbel_l,0.0658643808569922,0.530385761606,Δo > Δ,1,6,1,8
23065501,edf_blom,weibull_min,0.0674311779486833,0.530385761606,Δo > Δ,1,6,1,9
23065501,edf_adamowski,gumbel_l,0.0718739962416077,0.530385761606,Δo > Δ,1,6,1,10
23065501,edf_weibull,gumbel_l,0.0993465237141351,0.530385761606,Δo > Δ,1,6,1,11
23065501,edf_california,laplace_asymmetric,0.1189469593205965,0.530385761606,Δo > Δ,1,6,1,12
23065502,edf_hazen,fisk,0.0699996499998533,0.5865427407550001,Δo > Δ,1,5,1,1
23065502,edf_gringorten,fisk,0.0746871499998532,0.5865427407550001,Δo > Δ,1,5,1,2
23065502,edf_cunnane,fisk,0.0776919576921609,0.5865427407550001,Δo > Δ,1,5,1,3
23065502,edf_blom,fisk,0.0795234595236628,0.5865427407550001,Δo > Δ,1,5,1,4
23065502,edf_tukey,fisk,0.0824996499998532,0.5865427407550001,Δo > Δ,1,5,1,5
23065502,edf_filliben,fisk,0.0836063601582876,0.5865427407550001,Δo > Δ,1,5,1,6
23065502,edf_beard,fisk,0.0841260440518978,0.5865427407550001,Δo > Δ,1,5,1,7
23065502,edf_jenkinson,fisk,0.0841260440518978,0.5865427407550001,Δo > Δ,1,5,1,8
23065502,edf_chegodayev,fisk,0.0848144648146681,0.5865427407550001,Δo > Δ,1,5,1,9
23065502,edf_adamowski,fisk,0.0881814681816715,0.5865427407550001,Δo > Δ,1,5,1,10
23065502,edf_weibull,fisk,0.103826827634764,0.5865427407550001,Δo > Δ,1,5,1,11
23065502,edf_california,dweibull,0.1294077571919288,0.5865427407550001,Δo > Δ,1,5,1,12
23065504,edf_weibull,logncf,0.0824092366184472,0.484420539261,Δo > Δ,1,7,1,1
23065504,edf_adamowski,dweibull,0.0883331176730038,0.484420539261,Δo > Δ,1,7,1,2
23065504,edf_hazen,laplace_asymmetric,0.0890789474119907,0.484420539261,Δo > Δ,1,7,1,3
23065504,edf_chegodayev,dweibull,0.0901349194748056,0.484420539261,Δo > Δ,1,7,1,4
23065504,edf_jenkinson,dweibull,0.0905011393532206,0.484420539261,Δo > Δ,1,7,1,5
23065504,edf_beard,dweibull,0.0905011393532206,0.484420539261,Δo > Δ,1,7,1,6
23065504,edf_filliben,dweibull,0.0907771095263643,0.484420539261,Δo > Δ,1,7,1,7
23065504,edf_tukey,dweibull,0.0913634207033068,0.484420539261,Δo > Δ,1,7,1,8
23065504,edf_blom,dweibull,0.0929308188224291,0.484420539261,Δo > Δ,1,7,1,9
23065504,edf_cunnane,dweibull,0.0938886732285593,0.484420539261,Δo > Δ,1,7,1,10
23065504,edf_gringorten,laplace_asymmetric,0.093894356721782,0.484420539261,Δo > Δ,1,7,1,11
23065504,edf_california,dweibull,0.1406567053997272,0.484420539261,Δo > Δ,1,7,1,12
23065505,edf_weibull,logbetaprime,0.0624371988375937,0.484420539261,Δo > Δ,1,7,1,1
23065505,edf_adamowski,logbetaprime,0.0723140485801797,0.484420539261,Δo > Δ,1,7,1,2
23065505,edf_california,logdweibull,0.0734009049036389,0.484420539261,Δo > Δ,1,7,1,3
23065505,edf_chegodayev,logbetaprime,0.0777194539855852,0.484420539261,Δo > Δ,1,7,1,4
23065505,edf_jenkinson,logbetaprime,0.0788181136208302,0.484420539261,Δo > Δ,1,7,1,5
23065505,edf_beard,logbetaprime,0.0788181136208302,0.484420539261,Δo > Δ,1,7,1,6
23065505,edf_hazen,invgauss,0.0794466378617148,0.484420539261,Δo > Δ,1,7,1,7
23065505,edf_gringorten,invgauss,0.0794466378617148,0.484420539261,Δo > Δ,1,7,1,8
23065505,edf_filliben,logbetaprime,0.0796460241402612,0.484420539261,Δo > Δ,1,7,1,9
23065505,edf_cunnane,invgauss,0.0812735780709527,0.484420539261,Δo > Δ,1,7,1,10
23065505,edf_tukey,logbetaprime,0.0814049576710888,0.484420539261,Δo > Δ,1,7,1,11
23065505,edf_blom,invgauss,0.0831892868832131,0.484420539261,Δo > Δ,1,7,1,12
23067040,edf_tukey,loglaplace_asymmetric,0.0640065745210905,0.530385761606,Δo > Δ,1,6,1,1
23067040,edf_filliben,loglaplace_asymmetric,0.0659704394071863,0.530385761606,Δo > Δ,1,6,1,2
23067040,edf_blom,loglaplace_asymmetric,0.0661556252371405,0.530385761606,Δo > Δ,1,6,1,3
23067040,edf_jenkinson,loglaplace_asymmetric,0.0668938868457894,0.530385761606,Δo > Δ,1,6,1,4
23067040,edf_beard,loglaplace_asymmetric,0.0668938868457894,0.530385761606,Δo > Δ,1,6,1,5
23067040,edf_cunnane,loglaplace_asymmetric,0.0680911091081083,0.530385761606,Δo > Δ,1,6,1,6
23067040,edf_chegodayev,loglaplace_asymmetric,0.0681184166263536,0.530385761606,Δo > Δ,1,6,1,7
23067040,edf_gringorten,loglaplace_asymmetric,0.0712536644528268,0.530385761606,Δo > Δ,1,6,1,8
23067040,edf_adamowski,loglaplace_asymmetric,0.074128032010969,0.530385761606,Δo > Δ,1,6,1,9
23067040,edf_hazen,loglaplace_asymmetric,0.0761556252371405,0.530385761606,Δo > Δ,1,6,1,10
23067040,edf_weibull,logdweibull,0.0790872759563719,0.530385761606,Δo > Δ,1,6,1,11
23067040,edf_california,dweibull,0.0959540735115894,0.530385761606,Δo > Δ,1,6,1,12
23067060,edf_hazen,laplace_asymmetric,0.0756942813551129,0.3761373588009999,Δo > Δ,1,11,1,1
23067060,edf_gringorten,laplace_asymmetric,0.076675314710247,0.3761373588009999,Δo > Δ,1,11,1,2
23067060,edf_cunnane,laplace_asymmetric,0.0773176579784895,0.3761373588009999,Δo > Δ,1,11,1,3
23067060,edf_blom,laplace_asymmetric,0.0777144833753149,0.3761373588009999,Δo > Δ,1,11,1,4
23067060,edf_tukey,laplace_asymmetric,0.0783680781465567,0.3761373588009999,Δo > Δ,1,11,1,5
23067060,edf_filliben,laplace_asymmetric,0.0786139309971559,0.3761373588009999,Δo > Δ,1,11,1,6
23067060,edf_beard,laplace_asymmetric,0.0787299100497926,0.3761373588009999,Δo > Δ,1,11,1,7
23067060,edf_jenkinson,laplace_asymmetric,0.0787299100497926,0.3761373588009999,Δo > Δ,1,11,1,8
23067060,edf_chegodayev,laplace_asymmetric,0.0788840740185898,0.3761373588009999,Δo > Δ,1,11,1,9
23067060,edf_adamowski,laplace_asymmetric,0.0796468505250734,0.3761373588009999,Δo > Δ,1,11,1,10
23067060,edf_weibull,laplace_asymmetric,0.0832700389308705,0.3761373588009999,Δo > Δ,1,11,1,11
23067060,edf_california,genlogistic,0.1008643610689552,0.3761373588009999,Δo > Δ,1,11,1,12
23067070,edf_hazen,genlogistic,0.0298005393466793,0.530385761606,Δo > Δ,1,6,1,1
23067070,edf_gringorten,genlogistic,0.034702500130993,0.530385761606,Δo > Δ,1,6,1,2
23067070,edf_cunnane,genlogistic,0.0378650554757116,0.530385761606,Δo > Δ,1,6,1,3
23067070,edf_blom,genlogistic,0.0398005393466793,0.530385761606,Δo > Δ,1,6,1,4
23067070,edf_tukey,genlogistic,0.0429584340835214,0.530385761606,Δo > Δ,1,6,1,5
23067070,edf_filliben,genlogistic,0.044136753015179,0.530385761606,Δo > Δ,1,6,1,6
23067070,edf_beard,genlogistic,0.0446908214783408,0.530385761606,Δo > Δ,1,6,1,7
23067070,edf_jenkinson,genlogistic,0.0446908214783408,0.530385761606,Δo > Δ,1,6,1,8
23067070,edf_chegodayev,genlogistic,0.0454255393466793,0.530385761606,Δo > Δ,1,6,1,9
23067070,edf_adamowski,genlogistic,0.0490313085774485,0.530385761606,Δo > Δ,1,6,1,10
23067070,edf_weibull,genlogistic,0.0757352998521487,0.530385761606,Δo > Δ,1,6,1,11
23067070,edf_california,genlogistic,0.1131338726800126,0.530385761606,Δo > Δ,1,6,1,12
2308500071,edf_hazen,weibull_min,0.0330619949986779,0.5865427407550001,Δo > Δ,1,5,1,1
2308500071,edf_gringorten,genlogistic,0.0377916771253265,0.5865427407550001,Δo > Δ,1,5,1,2
2308500071,edf_cunnane,genlogistic,0.0437663031229842,0.5865427407550001,Δo > Δ,1,5,1,3
2308500071,edf_blom,genlogistic,0.0474293067859877,0.5865427407550001,Δo > Δ,1,5,1,4
2308500071,edf_tukey,genlogistic,0.0533816877383687,0.5865427407550001,Δo > Δ,1,5,1,5
2308500071,edf_filliben,genlogistic,0.0555951080552372,0.5865427407550001,Δo > Δ,1,5,1,6
2308500071,edf_beard,genlogistic,0.0566344758424578,0.5865427407550001,Δo > Δ,1,5,1,7
2308500071,edf_jenkinson,genlogistic,0.0566344758424578,0.5865427407550001,Δo > Δ,1,5,1,8
2308500071,edf_chegodayev,genlogistic,0.0580113173679983,0.5865427407550001,Δo > Δ,1,5,1,9
2308500071,edf_adamowski,genlogistic,0.064745324102005,0.5865427407550001,Δo > Δ,1,5,1,10
2308500071,edf_weibull,genlogistic,0.0950483544050353,0.5865427407550001,Δo > Δ,1,5,1,11
2308500071,edf_california,laplace_asymmetric,0.1318634811436272,0.5865427407550001,Δo > Δ,1,5,1,12
23085080,edf_gringorten,logf,0.1014082299023635,0.5865427407550001,Δo > Δ,1,5,1,1
23085080,edf_hazen,logalpha,0.102956565039192,0.5865427407550001,Δo > Δ,1,5,1,2
23085080,edf_adamowski,loginvweibull,0.1043406771249144,0.5865427407550001,Δo > Δ,1,5,1,3
23085080,edf_cunnane,logf,0.1044130375946712,0.5865427407550001,Δo > Δ,1,5,1,4
23085080,edf_blom,logf,0.106244539426173,0.5865427407550001,Δo > Δ,1,5,1,5
23085080,edf_chegodayev,loginvweibull,0.1077076804919178,0.5865427407550001,Δo > Δ,1,5,1,6
23085080,edf_beard,loginvweibull,0.1083961012546879,0.5865427407550001,Δo > Δ,1,5,1,7
23085080,edf_jenkinson,loginvweibull,0.1083961012546879,0.5865427407550001,Δo > Δ,1,5,1,8
23085080,edf_filliben,loginvweibull,0.1089157851482983,0.5865427407550001,Δo > Δ,1,5,1,9
23085080,edf_tukey,logf,0.1092207299023635,0.5865427407550001,Δo > Δ,1,5,1,10
23085080,edf_weibull,loginvweibull,0.1159494805799703,0.5865427407550001,Δo > Δ,1,5,1,11
23085080,edf_california,logdweibull,0.1481685949980916,0.5865427407550001,Δo > Δ,1,5,1,12
23085260,edf_cunnane,laplace_asymmetric,0.0482220543542781,0.351490473531,Δo > Δ,1,13,1,1
23085260,edf_jenkinson,laplace_asymmetric,0.0482220543542781,0.351490473531,Δo > Δ,1,13,1,2
23085260,edf_filliben,laplace_asymmetric,0.0482220543542781,0.351490473531,Δo > Δ,1,13,1,3
23085260,edf_gringorten,laplace_asymmetric,0.0482220543542781,0.351490473531,Δo > Δ,1,13,1,4
23085260,edf_blom,laplace_asymmetric,0.0482220543542781,0.351490473531,Δo > Δ,1,13,1,5
23085260,edf_tukey,laplace_asymmetric,0.0482220543542781,0.351490473531,Δo > Δ,1,13,1,6
23085260,edf_chegodayev,laplace_asymmetric,0.0482220543542781,0.351490473531,Δo > Δ,1,13,1,7
23085260,edf_beard,laplace_asymmetric,0.0482220543542781,0.351490473531,Δo > Δ,1,13,1,8
23085260,edf_hazen,laplace_asymmetric,0.0482220543542781,0.351490473531,Δo > Δ,1,13,1,9
23085260,edf_adamowski,fisk,0.0493274133629991,0.351490473531,Δo > Δ,1,13,1,10
23085260,edf_weibull,genlogistic,0.056923512609861,0.351490473531,Δo > Δ,1,13,1,11
23085260,edf_california,loglaplace_asymmetric,0.0625227593077751,0.351490473531,Δo > Δ,1,13,1,12
23085270,edf_gringorten,loggenexpon,0.0625718939654681,0.3761373588009999,Δo > Δ,1,11,1,1
23085270,edf_hazen,loggenexpon,0.0635184556666019,0.3761373588009999,Δo > Δ,1,11,1,2
23085270,edf_cunnane,loggenexpon,0.0651412670384383,0.3761373588009999,Δo > Δ,1,11,1,3
23085270,edf_blom,loggenexpon,0.06672856862574,0.3761373588009999,Δo > Δ,1,11,1,4
23085270,edf_tukey,loggenexpon,0.0693429477107073,0.3761373588009999,Δo > Δ,1,11,1,5
23085270,edf_filliben,loggenexpon,0.0703263591131038,0.3761373588009999,Δo > Δ,1,11,1,6
23085270,edf_beard,loggenexpon,0.0707902753236506,0.3761373588009999,Δo > Δ,1,11,1,7
23085270,edf_jenkinson,loggenexpon,0.0707902753236506,0.3761373588009999,Δo > Δ,1,11,1,8
23085270,edf_chegodayev,loggenexpon,0.0714069311988395,0.3761373588009999,Δo > Δ,1,11,1,9
23085270,edf_adamowski,fisk,0.0715534243607898,0.3761373588009999,Δo > Δ,1,11,1,10
23085270,edf_weibull,fisk,0.0715534243607898,0.3761373588009999,Δo > Δ,1,11,1,11
23085270,edf_california,logweibull_min,0.0853283736880243,0.3761373588009999,Δo > Δ,1,11,1,12
23085501,edf_blom,logdweibull,0.0969400732288481,0.4472608134160001,Δo > Δ,1,8,1,1
23085501,edf_cunnane,logdweibull,0.0969529266711685,0.4472608134160001,Δo > Δ,1,8,1,2
23085501,edf_gringorten,logdweibull,0.0987551614422846,0.4472608134160001,Δo > Δ,1,8,1,3
23085501,edf_tukey,logdweibull,0.0999703762591512,0.4472608134160001,Δo > Δ,1,8,1,4
23085501,edf_filliben,logdweibull,0.1011060606584339,0.4472608134160001,Δo > Δ,1,8,1,5
23085501,edf_hazen,logdweibull,0.1015260974028758,0.4472608134160001,Δo > Δ,1,8,1,6
23085501,edf_beard,logdweibull,0.1016410206505592,0.4472608134160001,Δo > Δ,1,8,1,7
23085501,edf_jenkinson,logdweibull,0.1016410206505592,0.4472608134160001,Δo > Δ,1,8,1,8
23085501,edf_chegodayev,logdweibull,0.1023513286401035,0.4472608134160001,Δo > Δ,1,8,1,9
23085501,edf_adamowski,logdweibull,0.1058527292003276,0.4472608134160001,Δo > Δ,1,8,1,10
23085501,edf_weibull,logdweibull,0.1221925984813734,0.4472608134160001,Δo > Δ,1,8,1,11
23085501,edf_california,logdweibull,0.1499703762591512,0.4472608134160001,Δo > Δ,1,8,1,12
23087150,edf_chegodayev,laplace_asymmetric,0.1243399112381312,0.484420539261,Δo > Δ,1,7,1,1
23087150,edf_jenkinson,laplace_asymmetric,0.1247061311165462,0.484420539261,Δo > Δ,1,7,1,2
23087150,edf_beard,laplace_asymmetric,0.1247061311165462,0.484420539261,Δo > Δ,1,7,1,3
23087150,edf_filliben,laplace_asymmetric,0.1249821012896899,0.484420539261,Δo > Δ,1,7,1,4
23087150,edf_adamowski,laplace_asymmetric,0.1252192080091119,0.484420539261,Δo > Δ,1,7,1,5
23087150,edf_tukey,laplace_asymmetric,0.1255684124666324,0.484420539261,Δo > Δ,1,7,1,6
23087150,edf_blom,laplace_asymmetric,0.1271358105857546,0.484420539261,Δo > Δ,1,7,1,7
23087150,edf_cunnane,laplace_asymmetric,0.1280936649918849,0.484420539261,Δo > Δ,1,7,1,8
23087150,edf_gringorten,laplace_asymmetric,0.1296542143052432,0.484420539261,Δo > Δ,1,7,1,9
23087150,edf_hazen,laplace_asymmetric,0.1320619189601389,0.484420539261,Δo > Δ,1,7,1,10
23087150,edf_weibull,laplace_asymmetric,0.1418858746757785,0.484420539261,Δo > Δ,1,7,1,11
23087150,edf_california,logmielke,0.165627194328303,0.484420539261,Δo > Δ,1,7,1,12
23087210,edf_hazen,fisk,0.0718550350888915,0.351490473531,Δo > Δ,1,13,1,1
23087210,edf_gringorten,fisk,0.0746692940007114,0.351490473531,Δo > Δ,1,13,1,2
23087210,edf_cunnane,fisk,0.0765170397508961,0.351490473531,Δo > Δ,1,13,1,3
23087210,edf_blom,fisk,0.077660550328369,0.351490473531,Δo > Δ,1,13,1,4
23087210,edf_tukey,fisk,0.0795473427811992,0.351490473531,Δo > Δ,1,13,1,5
23087210,edf_filliben,fisk,0.0802581546031222,0.351490473531,Δo > Δ,1,13,1,6
23087210,edf_beard,fisk,0.0805936805988376,0.351490473531,Δo > Δ,1,13,1,7
23087210,edf_jenkinson,fisk,0.0805936805988376,0.351490473531,Δo > Δ,1,13,1,8
23087210,edf_chegodayev,fisk,0.0810398800946321,0.351490473531,Δo > Δ,1,13,1,9
23087210,edf_adamowski,fisk,0.083251046484903,0.351490473531,Δo > Δ,1,13,1,10
23087210,edf_weibull,fisk,0.0951794724471354,0.351490473531,Δo > Δ,1,13,1,11
23087210,edf_california,exponnorm,0.1025759030005569,0.351490473531,Δo > Δ,1,13,1,12
23087230,edf_cunnane,dweibull,0.0878536932433495,0.5865427407550001,Δo > Δ,1,5,1,1
23087230,edf_gringorten,dweibull,0.0879743723946994,0.5865427407550001,Δo > Δ,1,5,1,2
23087230,edf_blom,dweibull,0.0896851950748514,0.5865427407550001,Δo > Δ,1,5,1,3
23087230,edf_tukey,dweibull,0.0926613855510418,0.5865427407550001,Δo > Δ,1,5,1,4
23087230,edf_hazen,dweibull,0.0926618723946994,0.5865427407550001,Δo > Δ,1,5,1,5
23087230,edf_filliben,dweibull,0.0937680957094762,0.5865427407550001,Δo > Δ,1,5,1,6
23087230,edf_beard,dweibull,0.0942877796030864,0.5865427407550001,Δo > Δ,1,5,1,7
23087230,edf_jenkinson,dweibull,0.0942877796030864,0.5865427407550001,Δo > Δ,1,5,1,8
23087230,edf_chegodayev,dweibull,0.0949762003658567,0.5865427407550001,Δo > Δ,1,5,1,9
23087230,edf_adamowski,dweibull,0.0983432037328601,0.5865427407550001,Δo > Δ,1,5,1,10
23087230,edf_weibull,dweibull,0.1134947188843752,0.5865427407550001,Δo > Δ,1,5,1,11
23087230,edf_california,gumbel_l,0.1507472788660882,0.5865427407550001,Δo > Δ,1,5,1,12
23097030,edf_hazen,t,0.0596672992630222,0.5865427407550001,Δo > Δ,1,5,1,1
23097030,edf_california,dweibull,0.0638127903280431,0.5865427407550001,Δo > Δ,1,5,1,2
23097030,edf_weibull,logbetaprime,0.0640877009446796,0.5865427407550001,Δo > Δ,1,5,1,3
23097030,edf_gringorten,t,0.0643547992630222,0.5865427407550001,Δo > Δ,1,5,1,4
23097030,edf_cunnane,t,0.0673596069553299,0.5865427407550001,Δo > Δ,1,5,1,5
23097030,edf_blom,t,0.0691911087868317,0.5865427407550001,Δo > Δ,1,5,1,6
23097030,edf_tukey,t,0.0721672992630222,0.5865427407550001,Δo > Δ,1,5,1,7
23097030,edf_filliben,t,0.0732740094214565,0.5865427407550001,Δo > Δ,1,5,1,8
23097030,edf_jenkinson,t,0.0737936933150668,0.5865427407550001,Δo > Δ,1,5,1,9
23097030,edf_beard,t,0.0737936933150668,0.5865427407550001,Δo > Δ,1,5,1,10
23097030,edf_chegodayev,t,0.0744821140778371,0.5865427407550001,Δo > Δ,1,5,1,11
23097030,edf_adamowski,t,0.0778491174448404,0.5865427407550001,Δo > Δ,1,5,1,12
23105060,edf_cunnane,weibull_min,0.0687662408601798,0.351490473531,Δo > Δ,1,13,1,1
23105060,edf_jenkinson,weibull_min,0.0687662408601798,0.351490473531,Δo > Δ,1,13,1,2
23105060,edf_filliben,weibull_min,0.0687662408601798,0.351490473531,Δo > Δ,1,13,1,3
23105060,edf_gringorten,weibull_min,0.0687662408601798,0.351490473531,Δo > Δ,1,13,1,4
23105060,edf_blom,weibull_min,0.0687662408601798,0.351490473531,Δo > Δ,1,13,1,5
23105060,edf_tukey,weibull_min,0.0687662408601798,0.351490473531,Δo > Δ,1,13,1,6
23105060,edf_chegodayev,weibull_min,0.0687662408601798,0.351490473531,Δo > Δ,1,13,1,7
23105060,edf_beard,weibull_min,0.0687662408601798,0.351490473531,Δo > Δ,1,13,1,8
23105060,edf_hazen,weibull_min,0.0687662408601798,0.351490473531,Δo > Δ,1,13,1,9
23105060,edf_adamowski,weibull_min,0.069584917197651,0.351490473531,Δo > Δ,1,13,1,10
23105060,edf_weibull,weibull_min,0.0801252835644086,0.351490473531,Δo > Δ,1,13,1,11
23105060,edf_california,pearson3,0.0962695291614924,0.351490473531,Δo > Δ,1,13,1,12
23105070,edf_chegodayev,t,0.0695172270007041,0.3210234673459999,Δo > Δ,1,18,1,1
23105070,edf_jenkinson,t,0.0696059340073749,0.3210234673459999,Δo > Δ,1,18,1,2
23105070,edf_beard,t,0.0696059340073749,0.3210234673459999,Δo > Δ,1,18,1,3
23105070,edf_filliben,t,0.0696725910556763,0.3210234673459999,Δo > Δ,1,18,1,4
23105070,edf_tukey,t,0.0698136696884511,0.3210234673459999,Δo > Δ,1,18,1,5
23105070,edf_adamowski,t,0.0701252416698181,0.3210234673459999,Δo > Δ,1,18,1,6
23105070,edf_blom,t,0.0701872686921871,0.3210234673459999,Δo > Δ,1,18,1,7
23105070,edf_cunnane,t,0.0704130702878518,0.3210234673459999,Δo > Δ,1,18,1,8
23105070,edf_gringorten,t,0.0707769448239117,0.3210234673459999,Δo > Δ,1,18,1,9
23105070,edf_hazen,t,0.0713288212036027,0.3210234673459999,Δo > Δ,1,18,1,10
23105070,edf_weibull,t,0.0751039045432178,0.3210234673459999,Δo > Δ,1,18,1,11
23105070,edf_california,invweibull,0.0837758156282844,0.3210234673459999,Δo > Δ,1,18,1,12
23117030,edf_california,logdweibull,0.1120905823713079,0.530385761606,Δo > Δ,1,6,1,1
23117030,edf_jenkinson,weibull_min,0.1228287301300044,0.530385761606,Δo > Δ,1,6,1,2
23117030,edf_beard,weibull_min,0.1228287301300044,0.530385761606,Δo > Δ,1,6,1,3
23117030,edf_filliben,weibull_min,0.123013419617725,0.530385761606,Δo > Δ,1,6,1,4
23117030,edf_chegodayev,weibull_min,0.1230759245518915,0.530385761606,Δo > Δ,1,6,1,5
23117030,edf_tukey,weibull_min,0.1234061925949442,0.530385761606,Δo > Δ,1,6,1,6
23117030,edf_adamowski,fisk,0.1243205696825019,0.530385761606,Δo > Δ,1,6,1,7
23117030,edf_blom,weibull_min,0.1244588241738915,0.530385761606,Δo > Δ,1,6,1,8
23117030,edf_cunnane,weibull_min,0.1251039854642142,0.530385761606,Δo > Δ,1,6,1,9
23117030,edf_gringorten,weibull_min,0.1261581705791203,0.530385761606,Δo > Δ,1,6,1,10
23117030,edf_hazen,loggompertz,0.1276755318103809,0.530385761606,Δo > Δ,1,6,1,11
23117030,edf_weibull,loginvgauss,0.1367542511435799,0.530385761606,Δo > Δ,1,6,1,12
23125140,edf_adamowski,logcrystalball,0.0868427674304985,0.5865427407550001,Δo > Δ,1,5,1,1
23125140,edf_cunnane,logcrystalball,0.0868427674304985,0.5865427407550001,Δo > Δ,1,5,1,2
23125140,edf_jenkinson,logcrystalball,0.0868427674304985,0.5865427407550001,Δo > Δ,1,5,1,3
23125140,edf_filliben,logcrystalball,0.0868427674304985,0.5865427407550001,Δo > Δ,1,5,1,4
23125140,edf_gringorten,logcrystalball,0.0868427674304985,0.5865427407550001,Δo > Δ,1,5,1,5
23125140,edf_tukey,logcrystalball,0.0868427674304985,0.5865427407550001,Δo > Δ,1,5,1,6
23125140,edf_blom,logcrystalball,0.0868427674304985,0.5865427407550001,Δo > Δ,1,5,1,7
23125140,edf_chegodayev,logcrystalball,0.0868427674304985,0.5865427407550001,Δo > Δ,1,5,1,8
23125140,edf_beard,logcrystalball,0.0868427674304985,0.5865427407550001,Δo > Δ,1,5,1,9
23125140,edf_hazen,logcrystalball,0.0868427674304985,0.5865427407550001,Δo > Δ,1,5,1,10
23125140,edf_weibull,logcrystalball,0.1027133836266752,0.5865427407550001,Δo > Δ,1,5,1,11
23125140,edf_california,logkstwobign,0.142573900351906,0.5865427407550001,Δo > Δ,1,5,1,12
23125160,edf_adamowski,loggenlogistic,0.0409785694147321,0.3210234673459999,Δo > Δ,1,18,1,1
23125160,edf_chegodayev,fisk,0.041222242093765,0.3210234673459999,Δo > Δ,1,18,1,2
23125160,edf_jenkinson,fisk,0.0414292251093301,0.3210234673459999,Δo > Δ,1,18,1,3
23125160,edf_beard,fisk,0.0414292251093301,0.3210234673459999,Δo > Δ,1,18,1,4
23125160,edf_tukey,logmielke,0.0414941212981724,0.3210234673459999,Δo > Δ,1,18,1,5
23125160,edf_filliben,fisk,0.0415847582220335,0.3210234673459999,Δo > Δ,1,18,1,6
23125160,edf_blom,logfisk,0.0416380070407934,0.3210234673459999,Δo > Δ,1,18,1,7
23125160,edf_cunnane,logfisk,0.041735978783898,0.3210234673459999,Δo > Δ,1,18,1,8
23125160,edf_gringorten,logfisk,0.0425850193680379,0.3210234673459999,Δo > Δ,1,18,1,9
23125160,edf_hazen,logfisk,0.0438727309206501,0.3210234673459999,Δo > Δ,1,18,1,10
23125160,edf_weibull,logexponnorm,0.0472618754725077,0.3210234673459999,Δo > Δ,1,18,1,11
23125160,edf_california,logdweibull,0.0484750087356657,0.3210234673459999,Δo > Δ,1,18,1,12
23125170,edf_weibull,laplace_asymmetric,0.0720203194800646,0.331107277296,Δo > Δ,1,16,1,1
23125170,edf_adamowski,laplace_asymmetric,0.0746941162715084,0.331107277296,Δo > Δ,1,16,1,2
23125170,edf_chegodayev,laplace_asymmetric,0.0752484399965638,0.331107277296,Δo > Δ,1,16,1,3
23125170,edf_jenkinson,laplace_asymmetric,0.0753601169375091,0.331107277296,Δo > Δ,1,16,1,4
23125170,edf_beard,laplace_asymmetric,0.0753601169375091,0.331107277296,Δo > Δ,1,16,1,5
23125170,edf_filliben,laplace_asymmetric,0.0754440537767163,0.331107277296,Δo > Δ,1,16,1,6
23125170,edf_tukey,laplace_asymmetric,0.075621760056295,0.331107277296,Δo > Δ,1,16,1,7
23125170,edf_blom,laplace_asymmetric,0.0760927176701098,0.331107277296,Δo > Δ,1,16,1,8
23125170,edf_cunnane,laplace_asymmetric,0.07637761795501,0.331107277296,Δo > Δ,1,16,1,9
23125170,edf_gringorten,laplace_asymmetric,0.076837134543559,0.331107277296,Δo > Δ,1,16,1,10
23125170,edf_hazen,laplace_asymmetric,0.0775350253624175,0.331107277296,Δo > Δ,1,16,1,11
23125170,edf_california,dweibull,0.0979157778933936,0.331107277296,Δo > Δ,1,16,1,12
23125501,edf_hazen,dweibull,0.0912677600245395,0.4472608134160001,Δo > Δ,1,8,1,1
23125501,edf_gringorten,dweibull,0.0958859866255247,0.4472608134160001,Δo > Δ,1,8,1,2
23125501,edf_cunnane,dweibull,0.0988897112440517,0.4472608134160001,Δo > Δ,1,8,1,3
23125501,edf_blom,dweibull,0.1007374569942365,0.4472608134160001,Δo > Δ,1,8,1,4
23125501,edf_tukey,dweibull,0.1037677600245395,0.4472608134160001,Δo > Δ,1,8,1,5
23125501,edf_filliben,dweibull,0.1049034444238222,0.4472608134160001,Δo > Δ,1,8,1,6
23125501,edf_beard,dweibull,0.1054384044159476,0.4472608134160001,Δo > Δ,1,8,1,7
23125501,edf_jenkinson,dweibull,0.1054384044159476,0.4472608134160001,Δo > Δ,1,8,1,8
23125501,edf_chegodayev,dweibull,0.1061487124054919,0.4472608134160001,Δo > Δ,1,8,1,9
23125501,edf_adamowski,dweibull,0.109650112965716,0.4472608134160001,Δo > Δ,1,8,1,10
23125501,edf_weibull,nakagami,0.1161240954083321,0.4472608134160001,Δo > Δ,1,8,1,11
23125501,edf_california,f,0.1410194135605035,0.4472608134160001,Δo > Δ,1,8,1,12
23127020,edf_hazen,lognct,0.0486662212357357,0.351490473531,Δo > Δ,1,13,1,1
23127020,edf_gringorten,lognct,0.0500733506916456,0.351490473531,Δo > Δ,1,13,1,2
23127020,edf_cunnane,lognct,0.050997223566738,0.351490473531,Δo > Δ,1,13,1,3
23127020,edf_blom,lognct,0.0515689788554745,0.351490473531,Δo > Δ,1,13,1,4
23127020,edf_tukey,logt,0.0531989614106414,0.351490473531,Δo > Δ,1,13,1,5
23127020,edf_filliben,logt,0.0540627594125159,0.351490473531,Δo > Δ,1,13,1,6
23127020,edf_beard,logt,0.05448216690716,0.351490473531,Δo > Δ,1,13,1,7
23127020,edf_jenkinson,logt,0.05448216690716,0.351490473531,Δo > Δ,1,13,1,8
23127020,edf_chegodayev,nct,0.0550264471006191,0.351490473531,Δo > Δ,1,13,1,9
23127020,edf_california,t,0.0553037517174787,0.351490473531,Δo > Δ,1,13,1,10
23127020,edf_adamowski,nct,0.0561320302957544,0.351490473531,Δo > Δ,1,13,1,11
23127020,edf_weibull,nct,0.0629135484551143,0.351490473531,Δo > Δ,1,13,1,12
23157030,edf_hazen,loglaplace_asymmetric,0.0553962697400197,0.3621841451959999,Δo > Δ,1,12,1,1
23157030,edf_gringorten,loglaplace_asymmetric,0.0591091410271484,0.3621841451959999,Δo > Δ,1,12,1,2
23157030,edf_cunnane,loglaplace_asymmetric,0.0615438107236262,0.3621841451959999,Δo > Δ,1,12,1,3
23157030,edf_adamowski,dweibull,0.0628891275740437,0.3621841451959999,Δo > Δ,1,12,1,4
23157030,edf_blom,loglaplace_asymmetric,0.0630493309645095,0.3621841451959999,Δo > Δ,1,12,1,5
23157030,edf_tukey,loglaplace_asymmetric,0.0655314048751548,0.3621841451959999,Δo > Δ,1,12,1,6
23157030,edf_chegodayev,dweibull,0.0660746170493754,0.3621841451959999,Δo > Δ,1,12,1,7
23157030,edf_filliben,loglaplace_asymmetric,0.0664658208924661,0.3621841451959999,Δo > Δ,1,12,1,8
23157030,edf_jenkinson,dweibull,0.0667911734097902,0.3621841451959999,Δo > Δ,1,12,1,9
23157030,edf_beard,dweibull,0.0667911734097902,0.3621841451959999,Δo > Δ,1,12,1,10
23157030,edf_weibull,gumbel_r,0.0709054338056819,0.3621841451959999,Δo > Δ,1,12,1,11
23157030,edf_california,dweibull,0.0831976628645505,0.3621841451959999,Δo > Δ,1,12,1,12
23180070,edf_tukey,loglaplace_asymmetric,0.0847365019210565,0.4472608134160001,Δo > Δ,1,8,1,1
23180070,edf_filliben,loglaplace_asymmetric,0.0854179125606261,0.4472608134160001,Δo > Δ,1,8,1,2
23180070,edf_blom,loglaplace_asymmetric,0.0856466776140358,0.4472608134160001,Δo > Δ,1,8,1,3
23180070,edf_jenkinson,loglaplace_asymmetric,0.0857388885559013,0.4472608134160001,Δo > Δ,1,8,1,4
23180070,edf_beard,loglaplace_asymmetric,0.0857388885559013,0.4472608134160001,Δo > Δ,1,8,1,5
23180070,edf_chegodayev,loglaplace_asymmetric,0.086165073349628,0.4472608134160001,Δo > Δ,1,8,1,6
23180070,edf_adamowski,ncf,0.0866171286892572,0.4472608134160001,Δo > Δ,1,8,1,7
23180070,edf_cunnane,loglaplace_asymmetric,0.0874944233642207,0.4472608134160001,Δo > Δ,1,8,1,8
23180070,edf_weibull,logloggamma,0.0885391199747984,0.4472608134160001,Δo > Δ,1,8,1,9
23180070,edf_gringorten,loglaplace_asymmetric,0.0904981479827476,0.4472608134160001,Δo > Δ,1,8,1,10
23180070,edf_california,t,0.0905042776255798,0.4472608134160001,Δo > Δ,1,8,1,11
23180070,edf_hazen,loglaplace_asymmetric,0.0951163745837329,0.4472608134160001,Δo > Δ,1,8,1,12
23190130,edf_hazen,nakagami,0.0832836384776003,0.530385761606,Δo > Δ,1,6,1,1
23190130,edf_gringorten,nakagami,0.0914535731181232,0.530385761606,Δo > Δ,1,6,1,2
23190130,edf_cunnane,nakagami,0.096724498692654,0.530385761606,Δo > Δ,1,6,1,3
23190130,edf_blom,nakagami,0.0999503051442669,0.530385761606,Δo > Δ,1,6,1,4
23190130,edf_tukey,nakagami,0.1052134630390038,0.530385761606,Δo > Δ,1,6,1,5
23190130,edf_filliben,nakagami,0.1071773279250996,0.530385761606,Δo > Δ,1,6,1,6
23190130,edf_beard,nakagami,0.1081007753637027,0.530385761606,Δo > Δ,1,6,1,7
23190130,edf_jenkinson,nakagami,0.1081007753637027,0.530385761606,Δo > Δ,1,6,1,8
23190130,edf_chegodayev,nakagami,0.1093253051442669,0.530385761606,Δo > Δ,1,6,1,9
23190130,edf_adamowski,nakagami,0.1153349205288823,0.530385761606,Δo > Δ,1,6,1,10
23190130,edf_weibull,halflogistic,0.1176011952346731,0.530385761606,Δo > Δ,1,6,1,11
23190130,edf_california,invgauss,0.1391883922428615,0.530385761606,Δo > Δ,1,6,1,12
23190700,edf_cunnane,logt,0.0544774669177263,0.4472608134160001,Δo > Δ,1,8,1,1
23190700,edf_gringorten,logt,0.0550782118414316,0.4472608134160001,Δo > Δ,1,8,1,2
23190700,edf_blom,logt,0.0556063923267623,0.4472608134160001,Δo > Δ,1,8,1,3
23190700,edf_hazen,logt,0.0595013395665053,0.4472608134160001,Δo > Δ,1,8,1,4
23190700,edf_tukey,logt,0.0598488165691865,0.4472608134160001,Δo > Δ,1,8,1,5
23190700,edf_filliben,logt,0.0614387747281823,0.4472608134160001,Δo > Δ,1,8,1,6
23190700,edf_beard,logt,0.0621877187171579,0.4472608134160001,Δo > Δ,1,8,1,7
23190700,edf_jenkinson,logt,0.0621877187171579,0.4472608134160001,Δo > Δ,1,8,1,8
23190700,edf_chegodayev,logt,0.0631821499025199,0.4472608134160001,Δo > Δ,1,8,1,9
23190700,edf_adamowski,logt,0.0680841106868336,0.4472608134160001,Δo > Δ,1,8,1,10
23190700,edf_weibull,logpearson3,0.0799514428318723,0.4472608134160001,Δo > Δ,1,8,1,11
23190700,edf_california,dweibull,0.0838964107323609,0.4472608134160001,Δo > Δ,1,8,1,12
2319500043,edf_hazen,dweibull,0.0500331158516333,0.530385761606,Δo > Δ,1,6,1,1
2319500043,edf_gringorten,dweibull,0.0551979805134721,0.530385761606,Δo > Δ,1,6,1,2
2319500043,edf_cunnane,dweibull,0.060468906088003,0.530385761606,Δo > Δ,1,6,1,3
2319500043,edf_blom,fisk,0.0636456904367003,0.530385761606,Δo > Δ,1,6,1,4
2319500043,edf_tukey,fisk,0.0668035851735424,0.530385761606,Δo > Δ,1,6,1,5
2319500043,edf_filliben,fisk,0.0679819041051998,0.530385761606,Δo > Δ,1,6,1,6
2319500043,edf_beard,fisk,0.0685605494853386,0.530385761606,Δo > Δ,1,6,1,7
2319500043,edf_jenkinson,fisk,0.0685605494853386,0.530385761606,Δo > Δ,1,6,1,8
2319500043,edf_chegodayev,fisk,0.0697850792659029,0.530385761606,Δo > Δ,1,6,1,9
2319500043,edf_adamowski,fisk,0.0757946946505183,0.530385761606,Δo > Δ,1,6,1,10
2319500043,edf_weibull,logpearson3,0.0996648666006712,0.530385761606,Δo > Δ,1,6,1,11
2319500043,edf_california,laplace_asymmetric,0.1117955954341684,0.530385761606,Δo > Δ,1,6,1,12
2319500125,edf_hazen,logf,0.0452250434442822,0.530385761606,Δo > Δ,1,6,1,1
2319500125,edf_gringorten,logf,0.050127004228596,0.530385761606,Δo > Δ,1,6,1,2
2319500125,edf_blom,invgamma,0.0510739099109495,0.530385761606,Δo > Δ,1,6,1,3
2319500125,edf_cunnane,invgamma,0.0517190712012721,0.530385761606,Δo > Δ,1,6,1,4
2319500125,edf_tukey,invgamma,0.0548238975416705,0.530385761606,Δo > Δ,1,6,1,5
2319500125,edf_filliben,invgamma,0.0567877624277663,0.530385761606,Δo > Δ,1,6,1,6
2319500125,edf_beard,invgamma,0.0577112098663694,0.530385761606,Δo > Δ,1,6,1,7
2319500125,edf_jenkinson,invgamma,0.0577112098663694,0.530385761606,Δo > Δ,1,6,1,8
2319500125,edf_chegodayev,invgamma,0.0589357396469336,0.530385761606,Δo > Δ,1,6,1,9
2319500125,edf_adamowski,loghalfnorm,0.0603512443317144,0.530385761606,Δo > Δ,1,6,1,10
2319500125,edf_weibull,logalpha,0.0833644297962753,0.530385761606,Δo > Δ,1,6,1,11
2319500125,edf_california,logmielke,0.1093203884189579,0.530385761606,Δo > Δ,1,6,1,12
2319500137,edf_weibull,logbetaprime,0.0519918621901704,0.5865427407550001,Δo > Δ,1,5,1,1
2319500137,edf_adamowski,logbetaprime,0.0565422435081599,0.5865427407550001,Δo > Δ,1,5,1,2
2319500137,edf_california,dweibull,0.0594643691191512,0.5865427407550001,Δo > Δ,1,5,1,3
2319500137,edf_chegodayev,logbetaprime,0.0632762502421666,0.5865427407550001,Δo > Δ,1,5,1,4
2319500137,edf_jenkinson,logbetaprime,0.0646530917677071,0.5865427407550001,Δo > Δ,1,5,1,5
2319500137,edf_beard,logbetaprime,0.0646530917677071,0.5865427407550001,Δo > Δ,1,5,1,6
2319500137,edf_filliben,logbetaprime,0.0656924595549277,0.5865427407550001,Δo > Δ,1,5,1,7
2319500137,edf_tukey,logbetaprime,0.0679058798717963,0.5865427407550001,Δo > Δ,1,5,1,8
2319500137,edf_hazen,rayleigh,0.0680945803530078,0.5865427407550001,Δo > Δ,1,5,1,9
2319500137,edf_gringorten,logalpha,0.0716175151540747,0.5865427407550001,Δo > Δ,1,5,1,10
2319500137,edf_cunnane,logalpha,0.0729292655956114,0.5865427407550001,Δo > Δ,1,5,1,11
2319500137,edf_blom,logbetaprime,0.0738582608241772,0.5865427407550001,Δo > Δ,1,5,1,12
23195090,edf_weibull,pearson3,0.113574271823302,0.4472608134160001,Δo > Δ,1,8,1,1
23195090,edf_adamowski,exponnorm,0.1220606166533591,0.4472608134160001,Δo > Δ,1,8,1,2
23195090,edf_chegodayev,exponnorm,0.1227608967654039,0.4472608134160001,Δo > Δ,1,8,1,3
23195090,edf_jenkinson,exponnorm,0.1229029583633128,0.4472608134160001,Δo > Δ,1,8,1,4
23195090,edf_beard,exponnorm,0.1229029583633128,0.4472608134160001,Δo > Δ,1,8,1,5
23195090,edf_filliben,exponnorm,0.1230099503617378,0.4472608134160001,Δo > Δ,1,8,1,6
23195090,edf_tukey,exponnorm,0.1232370872415943,0.4472608134160001,Δo > Δ,1,8,1,7
23195090,edf_blom,exponnorm,0.1238431478476549,0.4472608134160001,Δo > Δ,1,8,1,8
23195090,edf_cunnane,exponnorm,0.1242126969976918,0.4472608134160001,Δo > Δ,1,8,1,9
23195090,edf_california,loglaplace_asymmetric,0.1243222639589866,0.4472608134160001,Δo > Δ,1,8,1,10
23195090,edf_gringorten,exponnorm,0.1267230555984254,0.4472608134160001,Δo > Δ,1,8,1,11
23195090,edf_hazen,fisk,0.1306549462505917,0.4472608134160001,Δo > Δ,1,8,1,12
23195110,edf_california,dweibull,0.0671443140339514,0.5865427407550001,Δo > Δ,1,5,1,1
23195110,edf_hazen,fisk,0.0822284759835247,0.5865427407550001,Δo > Δ,1,5,1,2
23195110,edf_gringorten,fisk,0.0869159759835247,0.5865427407550001,Δo > Δ,1,5,1,3
23195110,edf_cunnane,fisk,0.0899207836758324,0.5865427407550001,Δo > Δ,1,5,1,4
23195110,edf_blom,fisk,0.0917522855073342,0.5865427407550001,Δo > Δ,1,5,1,5
23195110,edf_tukey,fisk,0.0947284759835247,0.5865427407550001,Δo > Δ,1,5,1,6
23195110,edf_filliben,fisk,0.095835186141959,0.5865427407550001,Δo > Δ,1,5,1,7
23195110,edf_jenkinson,fisk,0.0963548700355693,0.5865427407550001,Δo > Δ,1,5,1,8
23195110,edf_beard,fisk,0.0963548700355693,0.5865427407550001,Δo > Δ,1,5,1,9
23195110,edf_chegodayev,fisk,0.0970432907983396,0.5865427407550001,Δo > Δ,1,5,1,10
23195110,edf_adamowski,fisk,0.1004102941653429,0.5865427407550001,Δo > Δ,1,5,1,11
23195110,edf_weibull,fisk,0.1155618093168581,0.5865427407550001,Δo > Δ,1,5,1,12
23195190,edf_gringorten,logfisk,0.0791937695891952,0.3942745923300002,Δo > Δ,1,10,1,1
23195190,edf_hazen,logfisk,0.0794925237071091,0.3942745923300002,Δo > Δ,1,10,1,2
23195190,edf_cunnane,logfisk,0.0803562899333012,0.3942745923300002,Δo > Δ,1,10,1,3
23195190,edf_blom,logfisk,0.0810736500480788,0.3942745923300002,Δo > Δ,1,10,1,4
23195190,edf_tukey,logfisk,0.0822538231401323,0.3942745923300002,Δo > Δ,1,10,1,5
23195190,edf_filliben,logfisk,0.0826973131732773,0.3942745923300002,Δo > Δ,1,10,1,6
23195190,edf_beard,logfisk,0.0829064429424817,0.3942745923300002,Δo > Δ,1,10,1,7
23195190,edf_jenkinson,logfisk,0.0829064429424817,0.3942745923300002,Δo > Δ,1,10,1,8
23195190,edf_chegodayev,logfisk,0.0831843442319437,0.3942745923300002,Δo > Δ,1,10,1,9
23195190,edf_adamowski,logfisk,0.0846698047896407,0.3942745923300002,Δo > Δ,1,10,1,10
23195190,edf_california,logmielke,0.0870646722142024,0.3942745923300002,Δo > Δ,1,10,1,11
23195190,edf_weibull,logfisk,0.0954923156121515,0.3942745923300002,Δo > Δ,1,10,1,12
23195200,edf_hazen,loglaplace_asymmetric,0.0330239728092929,0.530385761606,Δo > Δ,1,6,1,1
23195200,edf_gringorten,loglaplace_asymmetric,0.0411939074498158,0.530385761606,Δo > Δ,1,6,1,2
23195200,edf_cunnane,loglaplace_asymmetric,0.0464648330243467,0.530385761606,Δo > Δ,1,6,1,3
23195200,edf_blom,loglaplace_asymmetric,0.0496906394759595,0.530385761606,Δo > Δ,1,6,1,4
23195200,edf_tukey,loglaplace_asymmetric,0.0549537973706963,0.530385761606,Δo > Δ,1,6,1,5
23195200,edf_filliben,loglaplace_asymmetric,0.0569176622567922,0.530385761606,Δo > Δ,1,6,1,6
23195200,edf_beard,loglaplace_asymmetric,0.0578411096953952,0.530385761606,Δo > Δ,1,6,1,7
23195200,edf_jenkinson,loglaplace_asymmetric,0.0578411096953952,0.530385761606,Δo > Δ,1,6,1,8
23195200,edf_chegodayev,loglaplace_asymmetric,0.0590656394759595,0.530385761606,Δo > Δ,1,6,1,9
23195200,edf_adamowski,loglaplace_asymmetric,0.0650752548605749,0.530385761606,Δo > Δ,1,6,1,10
23195200,edf_weibull,loglaplace_asymmetric,0.0925477823331024,0.530385761606,Δo > Δ,1,6,1,11
23195200,edf_california,logdweibull,0.1124754341839167,0.530385761606,Δo > Δ,1,6,1,12
23195230,edf_california,mielke,0.0765028357887826,0.3210234673459999,Δo > Δ,1,18,1,1
23195230,edf_weibull,nakagami,0.0905656974894426,0.3210234673459999,Δo > Δ,1,18,1,2
23195230,edf_hazen,mielke,0.0915781504160302,0.3210234673459999,Δo > Δ,1,18,1,3
23195230,edf_gringorten,mielke,0.0924979443821817,0.3210234673459999,Δo > Δ,1,18,1,4
23195230,edf_cunnane,mielke,0.0931044019422817,0.3210234673459999,Δo > Δ,1,18,1,5
23195230,edf_blom,mielke,0.093480737935056,0.3210234673459999,Δo > Δ,1,18,1,6
23195230,edf_tukey,mielke,0.0941034029412827,0.3210234673459999,Δo > Δ,1,18,1,7
23195230,edf_filliben,mielke,0.0943385339959073,0.3210234673459999,Δo > Δ,1,18,1,8
23195230,edf_jenkinson,mielke,0.0944496290764098,0.3210234673459999,Δo > Δ,1,18,1,9
23195230,edf_beard,mielke,0.0944496290764098,0.3210234673459999,Δo > Δ,1,18,1,10
23195230,edf_chegodayev,mielke,0.0945974740875277,0.3210234673459999,Δo > Δ,1,18,1,11
23195230,edf_adamowski,mielke,0.0953319041697839,0.3210234673459999,Δo > Δ,1,18,1,12
23195240,edf_chegodayev,wald,0.0692136052964882,0.351490473531,Δo > Δ,1,13,1,1
23195240,edf_jenkinson,wald,0.0697713546662315,0.351490473531,Δo > Δ,1,13,1,2
23195240,edf_beard,wald,0.0697713546662315,0.351490473531,Δo > Δ,1,13,1,3
23195240,edf_filliben,wald,0.0701907621608756,0.351490473531,Δo > Δ,1,13,1,4
23195240,edf_adamowski,wald,0.0704522516152894,0.351490473531,Δo > Δ,1,13,1,5
23195240,edf_tukey,wald,0.0710792769382793,0.351490473531,Δo > Δ,1,13,1,6
23195240,edf_blom,wald,0.073437767504317,0.351490473531,Δo > Δ,1,13,1,7
23195240,edf_cunnane,wald,0.0748671557261581,0.351490473531,Δo > Δ,1,13,1,8
23195240,edf_gringorten,wald,0.077176837913889,0.351490473531,Δo > Δ,1,13,1,9
23195240,edf_hazen,wald,0.0806946615536639,0.351490473531,Δo > Δ,1,13,1,10
23195240,edf_weibull,nct,0.0818958991017423,0.351490473531,Δo > Δ,1,13,1,11
23195240,edf_california,wald,0.1080060072010797,0.351490473531,Δo > Δ,1,13,1,12
23195502,edf_weibull,logt,0.0717634055880849,0.3942745923300002,Δo > Δ,1,10,1,1
23195502,edf_adamowski,logt,0.0772574506518136,0.3942745923300002,Δo > Δ,1,10,1,2
23195502,edf_chegodayev,logt,0.0795468279411909,0.3942745923300002,Δo > Δ,1,10,1,3
23195502,edf_jenkinson,logt,0.0800099967569608,0.3942745923300002,Δo > Δ,1,10,1,4
23195502,edf_beard,logt,0.0800099967569608,0.3942745923300002,Δo > Δ,1,10,1,5
23195502,edf_filliben,logt,0.0803585463723015,0.3942745923300002,Δo > Δ,1,10,1,6
23195502,edf_tukey,logt,0.0810976964275432,0.3942745923300002,Δo > Δ,1,10,1,7
23195502,edf_blom,logt,0.0830646515809657,0.3942745923300002,Δo > Δ,1,10,1,8
23195502,edf_cunnane,logt,0.0842602517722618,0.3942745923300002,Δo > Δ,1,10,1,9
23195502,edf_gringorten,logt,0.0861977856791051,0.3942745923300002,Δo > Δ,1,10,1,10
23195502,edf_hazen,loglaplace,0.0878625171907614,0.3942745923300002,Δo > Δ,1,10,1,11
23195502,edf_california,logmoyal,0.1032225696701457,0.3942745923300002,Δo > Δ,1,10,1,12
23197690,edf_adamowski,lognct,0.0669635905375404,0.417612680231,Δo > Δ,1,9,1,1
23197690,edf_cunnane,lognct,0.0669635905375404,0.417612680231,Δo > Δ,1,9,1,2
23197690,edf_jenkinson,lognct,0.0669635905375404,0.417612680231,Δo > Δ,1,9,1,3
23197690,edf_filliben,lognct,0.0669635905375404,0.417612680231,Δo > Δ,1,9,1,4
23197690,edf_gringorten,lognct,0.0669635905375404,0.417612680231,Δo > Δ,1,9,1,5
23197690,edf_tukey,lognct,0.0669635905375404,0.417612680231,Δo > Δ,1,9,1,6
23197690,edf_blom,lognct,0.0669635905375404,0.417612680231,Δo > Δ,1,9,1,7
23197690,edf_chegodayev,lognct,0.0669635905375404,0.417612680231,Δo > Δ,1,9,1,8
23197690,edf_beard,lognct,0.0669635905375404,0.417612680231,Δo > Δ,1,9,1,9
23197690,edf_hazen,lognct,0.0669635905375404,0.417612680231,Δo > Δ,1,9,1,10
23197690,edf_weibull,lognct,0.0752310436704017,0.417612680231,Δo > Δ,1,9,1,11
23197690,edf_california,logt,0.1063228607709924,0.417612680231,Δo > Δ,1,9,1,12
23197700,edf_cunnane,logdweibull,0.092366102496575,0.5865427407550001,Δo > Δ,1,5,1,1
23197700,edf_blom,logdweibull,0.0944636156438542,0.5865427407550001,Δo > Δ,1,5,1,2
23197700,edf_gringorten,logdweibull,0.0983757178811904,0.5865427407550001,Δo > Δ,1,5,1,3
23197700,edf_tukey,logdweibull,0.1004159965962351,0.5865427407550001,Δo > Δ,1,5,1,4
23197700,edf_filliben,logdweibull,0.1026294169131037,0.5865427407550001,Δo > Δ,1,5,1,5
23197700,edf_jenkinson,logdweibull,0.1036687847003244,0.5865427407550001,Δo > Δ,1,5,1,6
23197700,edf_beard,logdweibull,0.1036687847003244,0.5865427407550001,Δo > Δ,1,5,1,7
23197700,edf_chegodayev,logdweibull,0.1050456262258648,0.5865427407550001,Δo > Δ,1,5,1,8
23197700,edf_hazen,logdweibull,0.1077507178811906,0.5865427407550001,Δo > Δ,1,5,1,9
23197700,edf_adamowski,logdweibull,0.1117796329598715,0.5865427407550001,Δo > Δ,1,5,1,10
23197700,edf_california,t,0.1250863324355751,0.5865427407550001,Δo > Δ,1,5,1,11
23197700,edf_weibull,logalpha,0.1337020830919754,0.5865427407550001,Δo > Δ,1,5,1,12
23217080,edf_adamowski,dweibull,0.048645501146464,0.351490473531,Δo > Δ,1,13,1,1
23217080,edf_chegodayev,dweibull,0.0508566675367348,0.351490473531,Δo > Δ,1,13,1,2
23217080,edf_jenkinson,dweibull,0.0513028670325294,0.351490473531,Δo > Δ,1,13,1,3
23217080,edf_beard,dweibull,0.0513028670325294,0.351490473531,Δo > Δ,1,13,1,4
23217080,edf_filliben,dweibull,0.0516383930282447,0.351490473531,Δo > Δ,1,13,1,5
23217080,edf_tukey,dweibull,0.0523492048501677,0.351490473531,Δo > Δ,1,13,1,6
23217080,edf_blom,dweibull,0.0542359973029978,0.351490473531,Δo > Δ,1,13,1,7
23217080,edf_cunnane,dweibull,0.0553795078804707,0.351490473531,Δo > Δ,1,13,1,8
23217080,edf_gringorten,dweibull,0.0572272536306555,0.351490473531,Δo > Δ,1,13,1,9
23217080,edf_hazen,dweibull,0.0600415125424753,0.351490473531,Δo > Δ,1,13,1,10
23217080,edf_weibull,dweibull,0.0638517687004177,0.351490473531,Δo > Δ,1,13,1,11
23217080,edf_california,exponnorm,0.0979106675500961,0.351490473531,Δo > Δ,1,13,1,12
24010390,edf_weibull,logmielke,0.0733925375423209,0.3942745923300002,Δo > Δ,1,10,1,1
24010390,edf_adamowski,logmielke,0.07411851571049,0.3942745923300002,Δo > Δ,1,10,1,2
24010390,edf_gringorten,laplace,0.0751656068732551,0.3942745923300002,Δo > Δ,1,10,1,3
24010390,edf_hazen,laplace,0.0758243515686399,0.3942745923300002,Δo > Δ,1,10,1,4
24010390,edf_cunnane,laplace,0.0763281272173611,0.3942745923300002,Δo > Δ,1,10,1,5
24010390,edf_blom,laplace,0.0770454873321387,0.3942745923300002,Δo > Δ,1,10,1,6
24010390,edf_chegodayev,logmielke,0.077323643915618,0.3942745923300002,Δo > Δ,1,10,1,7
24010390,edf_jenkinson,logdweibull,0.0778694081119989,0.3942745923300002,Δo > Δ,1,10,1,8
24010390,edf_beard,logdweibull,0.0778694081119989,0.3942745923300002,Δo > Δ,1,10,1,9
24010390,edf_tukey,laplace,0.0782256604241923,0.3942745923300002,Δo > Δ,1,10,1,10
24010390,edf_filliben,logdweibull,0.0783573775734759,0.3942745923300002,Δo > Δ,1,10,1,11
24010390,edf_california,loglaplace_asymmetric,0.109689425673258,0.3942745923300002,Δo > Δ,1,10,1,12
2401500040,edf_gringorten,nakagami,0.0963086470270935,0.530385761606,Δo > Δ,1,6,1,1
2401500040,edf_cunnane,nakagami,0.0967741217975072,0.530385761606,Δo > Δ,1,6,1,2
2401500040,edf_blom,nakagami,0.0999999282491201,0.530385761606,Δo > Δ,1,6,1,3
2401500040,edf_hazen,nakagami,0.1029465257445199,0.530385761606,Δo > Δ,1,6,1,4
2401500040,edf_tukey,nakagami,0.105263086143857,0.530385761606,Δo > Δ,1,6,1,5
2401500040,edf_filliben,nakagami,0.1072269510299528,0.530385761606,Δo > Δ,1,6,1,6
2401500040,edf_beard,nakagami,0.1081503984685559,0.530385761606,Δo > Δ,1,6,1,7
2401500040,edf_jenkinson,nakagami,0.1081503984685559,0.530385761606,Δo > Δ,1,6,1,8
2401500040,edf_chegodayev,nakagami,0.1093749282491201,0.530385761606,Δo > Δ,1,6,1,9
2401500040,edf_adamowski,nakagami,0.1153845436337355,0.530385761606,Δo > Δ,1,6,1,10
2401500040,edf_weibull,f,0.1390702336983088,0.530385761606,Δo > Δ,1,6,1,11
2401500040,edf_california,dweibull,0.1608331932706618,0.530385761606,Δo > Δ,1,6,1,12
2401500052,edf_weibull,dweibull,0.1031811913800023,0.530385761606,Δo > Δ,1,6,1,1
2401500052,edf_hazen,t,0.1182096196011204,0.530385761606,Δo > Δ,1,6,1,2
2401500052,edf_adamowski,dweibull,0.1196647078635188,0.530385761606,Δo > Δ,1,6,1,3
2401500052,edf_gringorten,t,0.1231115803854341,0.530385761606,Δo > Δ,1,6,1,4
2401500052,edf_chegodayev,dweibull,0.123270477094288,0.530385761606,Δo > Δ,1,6,1,5
2401500052,edf_beard,dweibull,0.1240051949626267,0.530385761606,Δo > Δ,1,6,1,6
2401500052,edf_jenkinson,dweibull,0.1240051949626267,0.530385761606,Δo > Δ,1,6,1,7
2401500052,edf_filliben,dweibull,0.1245592634257884,0.530385761606,Δo > Δ,1,6,1,8
2401500052,edf_tukey,dweibull,0.1257375823574459,0.530385761606,Δo > Δ,1,6,1,9
2401500052,edf_cunnane,t,0.1262741357301527,0.530385761606,Δo > Δ,1,6,1,10
2401500052,edf_blom,t,0.1282096196011204,0.530385761606,Δo > Δ,1,6,1,11
2401500052,edf_california,loglaplace_asymmetric,0.1502032783502885,0.530385761606,Δo > Δ,1,6,1,12
2401500080,edf_hazen,logweibull_min,0.1098696716857065,0.530385761606,Δo > Δ,1,6,1,1
2401500080,edf_gringorten,logweibull_min,0.1100198744595306,0.530385761606,Δo > Δ,1,6,1,2
2401500080,edf_cunnane,logweibull_min,0.1131824298042492,0.530385761606,Δo > Δ,1,6,1,3
2401500080,edf_blom,logweibull_min,0.1151179136752169,0.530385761606,Δo > Δ,1,6,1,4
2401500080,edf_tukey,logweibull_min,0.118275808412059,0.530385761606,Δo > Δ,1,6,1,5
2401500080,edf_filliben,logweibull_min,0.1194541273437166,0.530385761606,Δo > Δ,1,6,1,6
2401500080,edf_beard,logweibull_min,0.1200081958068784,0.530385761606,Δo > Δ,1,6,1,7
2401500080,edf_jenkinson,logweibull_min,0.1200081958068784,0.530385761606,Δo > Δ,1,6,1,8
2401500080,edf_chegodayev,logweibull_min,0.1207429136752169,0.530385761606,Δo > Δ,1,6,1,9
2401500080,edf_adamowski,logweibull_min,0.1243486829059861,0.530385761606,Δo > Δ,1,6,1,10
2401500080,edf_california,dweibull,0.1416428366299952,0.530385761606,Δo > Δ,1,6,1,11
2401500080,edf_weibull,logweibull_min,0.1428571428551856,0.530385761606,Δo > Δ,1,6,1,12
2401500086,edf_hazen,logfisk,0.0877909415995557,0.530385761606,Δo > Δ,1,6,1,1
2401500086,edf_gringorten,logfisk,0.0926929023838695,0.530385761606,Δo > Δ,1,6,1,2
2401500086,edf_cunnane,logfisk,0.095855457728588,0.530385761606,Δo > Δ,1,6,1,3
2401500086,edf_blom,logfisk,0.0977909415995557,0.530385761606,Δo > Δ,1,6,1,4
2401500086,edf_tukey,logfisk,0.1009488363363978,0.530385761606,Δo > Δ,1,6,1,5
2401500086,edf_filliben,logfisk,0.1021271552680552,0.530385761606,Δo > Δ,1,6,1,6
2401500086,edf_beard,logfisk,0.102681223731217,0.530385761606,Δo > Δ,1,6,1,7
2401500086,edf_jenkinson,logfisk,0.102681223731217,0.530385761606,Δo > Δ,1,6,1,8
2401500086,edf_chegodayev,logfisk,0.1034159415995557,0.530385761606,Δo > Δ,1,6,1,9
2401500086,edf_adamowski,logfisk,0.1070217108303249,0.530385761606,Δo > Δ,1,6,1,10
2401500086,edf_weibull,logncf,0.1141564178700684,0.530385761606,Δo > Δ,1,6,1,11
2401500086,edf_california,invgamma,0.1187923756125839,0.530385761606,Δo > Δ,1,6,1,12
24015110,edf_weibull,logrice,0.0452301445730478,0.3156449716410001,Δo > Δ,1,19,1,1
24015110,edf_adamowski,logncf,0.0492688275147749,0.3156449716410001,Δo > Δ,1,19,1,2
24015110,edf_jenkinson,logncf,0.0492688275147749,0.3156449716410001,Δo > Δ,1,19,1,3
24015110,edf_cunnane,logncf,0.0492688275147749,0.3156449716410001,Δo > Δ,1,19,1,4
24015110,edf_gringorten,logncf,0.0492688275147749,0.3156449716410001,Δo > Δ,1,19,1,5
24015110,edf_tukey,logncf,0.0492688275147749,0.3156449716410001,Δo > Δ,1,19,1,6
24015110,edf_blom,logncf,0.0492688275147749,0.3156449716410001,Δo > Δ,1,19,1,7
24015110,edf_filliben,logncf,0.0492688275147749,0.3156449716410001,Δo > Δ,1,19,1,8
24015110,edf_chegodayev,logncf,0.0492688275147749,0.3156449716410001,Δo > Δ,1,19,1,9
24015110,edf_beard,logncf,0.0492688275147749,0.3156449716410001,Δo > Δ,1,19,1,10
24015110,edf_hazen,logncf,0.0492688275147749,0.3156449716410001,Δo > Δ,1,19,1,11
24015110,edf_california,logdweibull,0.059094578999421,0.3156449716410001,Δo > Δ,1,19,1,12
24015300,edf_adamowski,betaprime,0.090926657753297,0.5865427407550001,Δo > Δ,1,5,1,1
24015300,edf_chegodayev,logpearson3,0.0928609700717213,0.5865427407550001,Δo > Δ,1,5,1,2
24015300,edf_jenkinson,logpearson3,0.0930126358762341,0.5865427407550001,Δo > Δ,1,5,1,3
24015300,edf_beard,logpearson3,0.0930126358762341,0.5865427407550001,Δo > Δ,1,5,1,4
24015300,edf_filliben,logpearson3,0.0935323197698443,0.5865427407550001,Δo > Δ,1,5,1,5
24015300,edf_tukey,logpearson3,0.0946390299282786,0.5865427407550001,Δo > Δ,1,5,1,6
24015300,edf_blom,logbetaprime,0.0952832340196698,0.5865427407550001,Δo > Δ,1,5,1,7
24015300,edf_cunnane,loginvgamma,0.0963884398700771,0.5865427407550001,Δo > Δ,1,5,1,8
24015300,edf_gringorten,loginvgamma,0.0993932475623848,0.5865427407550001,Δo > Δ,1,5,1,9
24015300,edf_hazen,gompertz,0.1002984625145744,0.5865427407550001,Δo > Δ,1,5,1,10
24015300,edf_weibull,logmaxwell,0.1028231362011034,0.5865427407550001,Δo > Δ,1,5,1,11
24015300,edf_california,loggumbel_r,0.1600771815330075,0.5865427407550001,Δo > Δ,1,5,1,12
24015340,edf_california,logt,0.074525613406489,0.484420539261,Δo > Δ,1,7,1,1
24015340,edf_adamowski,nct,0.1001805103556183,0.484420539261,Δo > Δ,1,7,1,2
24015340,edf_jenkinson,nct,0.1001805103556183,0.484420539261,Δo > Δ,1,7,1,3
24015340,edf_cunnane,nct,0.1001805103556183,0.484420539261,Δo > Δ,1,7,1,4
24015340,edf_gringorten,nct,0.1001805103556183,0.484420539261,Δo > Δ,1,7,1,5
24015340,edf_tukey,nct,0.1001805103556183,0.484420539261,Δo > Δ,1,7,1,6
24015340,edf_blom,nct,0.1001805103556183,0.484420539261,Δo > Δ,1,7,1,7
24015340,edf_filliben,nct,0.1001805103556183,0.484420539261,Δo > Δ,1,7,1,8
24015340,edf_chegodayev,nct,0.1001805103556183,0.484420539261,Δo > Δ,1,7,1,9
24015340,edf_beard,nct,0.1001805103556183,0.484420539261,Δo > Δ,1,7,1,10
24015340,edf_weibull,nct,0.1001805103556183,0.484420539261,Δo > Δ,1,7,1,11
24015340,edf_hazen,nct,0.1001805103556183,0.484420539261,Δo > Δ,1,7,1,12
24015380,edf_blom,logfisk,0.0645641658841253,0.530385761606,Δo > Δ,1,6,1,1
24015380,edf_cunnane,logfisk,0.0652093271744478,0.530385761606,Δo > Δ,1,6,1,2
24015380,edf_hazen,dweibull,0.0656940382831017,0.530385761606,Δo > Δ,1,6,1,3
24015380,edf_gringorten,logfisk,0.066263512289354,0.530385761606,Δo > Δ,1,6,1,4
24015380,edf_tukey,logfisk,0.066444483647566,0.530385761606,Δo > Δ,1,6,1,5
24015380,edf_filliben,logfisk,0.0679816813759818,0.530385761606,Δo > Δ,1,6,1,6
24015380,edf_beard,logfisk,0.0689051288145849,0.530385761606,Δo > Δ,1,6,1,7
24015380,edf_jenkinson,logfisk,0.0689051288145849,0.530385761606,Δo > Δ,1,6,1,8
24015380,edf_chegodayev,logfisk,0.0701296585951491,0.530385761606,Δo > Δ,1,6,1,9
24015380,edf_adamowski,logfisk,0.0761392739797645,0.530385761606,Δo > Δ,1,6,1,10
24015380,edf_weibull,dweibull,0.1014083239973874,0.530385761606,Δo > Δ,1,6,1,11
24015380,edf_california,alpha,0.1148190140352722,0.530385761606,Δo > Δ,1,6,1,12
24015501,edf_hazen,gompertz,0.0670615486394637,0.4472608134160001,Δo > Δ,1,8,1,1
24015501,edf_gringorten,gompertz,0.0710159900854199,0.4472608134160001,Δo > Δ,1,8,1,2
24015501,edf_cunnane,gompertz,0.0740197147039469,0.4472608134160001,Δo > Δ,1,8,1,3
24015501,edf_blom,gompertz,0.0758674604541316,0.4472608134160001,Δo > Δ,1,8,1,4
24015501,edf_tukey,gompertz,0.0799999999988188,0.4472608134160001,Δo > Δ,1,8,1,5
24015501,edf_filliben,rayleigh,0.0810160133557856,0.4472608134160001,Δo > Δ,1,8,1,6
24015501,edf_beard,rayleigh,0.0813369893510609,0.4472608134160001,Δo > Δ,1,8,1,7
24015501,edf_jenkinson,rayleigh,0.0813369893510609,0.4472608134160001,Δo > Δ,1,8,1,8
24015501,edf_chegodayev,rayleigh,0.0817631741447874,0.4472608134160001,Δo > Δ,1,8,1,9
24015501,edf_adamowski,rayleigh,0.0838640144809218,0.4472608134160001,Δo > Δ,1,8,1,10
24015501,edf_weibull,maxwell,0.0908391764197208,0.4472608134160001,Δo > Δ,1,8,1,11
24015501,edf_california,dweibull,0.1012464964962678,0.4472608134160001,Δo > Δ,1,8,1,12
24015503,edf_california,logt,0.0648071088688428,0.4472608134160001,Δo > Δ,1,8,1,1
24015503,edf_cunnane,logwald,0.0740547885493987,0.4472608134160001,Δo > Δ,1,8,1,2
24015503,edf_gringorten,logwald,0.074655533473104,0.4472608134160001,Δo > Δ,1,8,1,3
24015503,edf_hazen,logwald,0.0755791787933011,0.4472608134160001,Δo > Δ,1,8,1,4
24015503,edf_blom,logwald,0.0757575757575757,0.4472608134160001,Δo > Δ,1,8,1,5
24015503,edf_tukey,logwald,0.08,0.4472608134160001,Δo > Δ,1,8,1,6
24015503,edf_filliben,logwald,0.0815899581589958,0.4472608134160001,Δo > Δ,1,8,1,7
24015503,edf_jenkinson,logwald,0.0823389021479713,0.4472608134160001,Δo > Δ,1,8,1,8
24015503,edf_beard,logwald,0.0823389021479713,0.4472608134160001,Δo > Δ,1,8,1,9
24015503,edf_chegodayev,logwald,0.0833333333333333,0.4472608134160001,Δo > Δ,1,8,1,10
24015503,edf_adamowski,logwald,0.088235294117647,0.4472608134160001,Δo > Δ,1,8,1,11
24015503,edf_weibull,fisk,0.0946836693907344,0.4472608134160001,Δo > Δ,1,8,1,12
24015504,edf_california,dweibull,0.0901545498155176,0.484420539261,Δo > Δ,1,7,1,1
24015504,edf_adamowski,moyal,0.0975124131456213,0.484420539261,Δo > Δ,1,7,1,2
24015504,edf_weibull,weibull_min,0.0984005147489602,0.484420539261,Δo > Δ,1,7,1,3
24015504,edf_chegodayev,moyal,0.0993142149474231,0.484420539261,Δo > Δ,1,7,1,4
24015504,edf_jenkinson,moyal,0.0996804348258381,0.484420539261,Δo > Δ,1,7,1,5
24015504,edf_beard,moyal,0.0996804348258381,0.484420539261,Δo > Δ,1,7,1,6
24015504,edf_filliben,moyal,0.0999564049989818,0.484420539261,Δo > Δ,1,7,1,7
24015504,edf_tukey,moyal,0.1005427161759243,0.484420539261,Δo > Δ,1,7,1,8
24015504,edf_blom,moyal,0.1021101142950466,0.484420539261,Δo > Δ,1,7,1,9
24015504,edf_cunnane,moyal,0.1030679687011769,0.484420539261,Δo > Δ,1,7,1,10
24015504,edf_gringorten,moyal,0.1046285180145352,0.484420539261,Δo > Δ,1,7,1,11
24015504,edf_hazen,moyal,0.1070362226694308,0.484420539261,Δo > Δ,1,7,1,12
24015506,edf_gringorten,logdweibull,0.060811173491227,0.484420539261,Δo > Δ,1,7,1,1
24015506,edf_hazen,logdweibull,0.061967663702493,0.484420539261,Δo > Δ,1,7,1,2
24015506,edf_cunnane,logdweibull,0.0654928214313019,0.484420539261,Δo > Δ,1,7,1,3
24015506,edf_blom,logdweibull,0.0683663846496927,0.484420539261,Δo > Δ,1,7,1,4
24015506,edf_tukey,logdweibull,0.0730685790070594,0.484420539261,Δo > Δ,1,7,1,5
24015506,edf_filliben,logdweibull,0.0748275125378871,0.484420539261,Δo > Δ,1,7,1,6
24015506,edf_beard,logdweibull,0.0756554230573181,0.484420539261,Δo > Δ,1,7,1,7
24015506,edf_jenkinson,logdweibull,0.0756554230573181,0.484420539261,Δo > Δ,1,7,1,8
24015506,edf_chegodayev,logdweibull,0.0767540826925631,0.484420539261,Δo > Δ,1,7,1,9
24015506,edf_adamowski,logdweibull,0.0821594880979685,0.484420539261,Δo > Δ,1,7,1,10
24015506,edf_weibull,logfisk,0.102623993317883,0.484420539261,Δo > Δ,1,7,1,11
24015506,edf_california,logalpha,0.1035634125759147,0.484420539261,Δo > Δ,1,7,1,12
24015509,edf_adamowski,loghalflogistic,0.1089536652063951,0.484420539261,Δo > Δ,1,7,1,1
24015509,edf_weibull,loghalflogistic,0.1103151037883053,0.484420539261,Δo > Δ,1,7,1,2
24015509,edf_california,invweibull,0.1135775952260679,0.484420539261,Δo > Δ,1,7,1,3
24015509,edf_chegodayev,loghalflogistic,0.1143590706118005,0.484420539261,Δo > Δ,1,7,1,4
24015509,edf_hazen,chi2,0.1150190146840205,0.484420539261,Δo > Δ,1,7,1,5
24015509,edf_beard,loghalflogistic,0.1154577302470455,0.484420539261,Δo > Δ,1,7,1,6
24015509,edf_jenkinson,loghalflogistic,0.1154577302470455,0.484420539261,Δo > Δ,1,7,1,7
24015509,edf_filliben,loghalflogistic,0.1162856407664765,0.484420539261,Δo > Δ,1,7,1,8
24015509,edf_gringorten,chi2,0.1174267193389162,0.484420539261,Δo > Δ,1,7,1,9
24015509,edf_tukey,loghalflogistic,0.1180445742973042,0.484420539261,Δo > Δ,1,7,1,10
24015509,edf_cunnane,chi2,0.1189872686522745,0.484420539261,Δo > Δ,1,7,1,11
24015509,edf_blom,chi2,0.1199451230584048,0.484420539261,Δo > Δ,1,7,1,12
24015510,edf_gringorten,invgauss,0.0501107202800708,0.484420539261,Δo > Δ,1,7,1,1
24015510,edf_hazen,loggenlogistic,0.0507650688139977,0.484420539261,Δo > Δ,1,7,1,2
24015510,edf_cunnane,logweibull_min,0.0514960848311506,0.484420539261,Δo > Δ,1,7,1,3
24015510,edf_adamowski,logbetaprime,0.0522265845344309,0.484420539261,Δo > Δ,1,7,1,4
24015510,edf_blom,invgauss,0.0526291239995594,0.484420539261,Δo > Δ,1,7,1,5
24015510,edf_tukey,invgauss,0.0541965221186817,0.484420539261,Δo > Δ,1,7,1,6
24015510,edf_filliben,invgauss,0.0547828332956242,0.484420539261,Δo > Δ,1,7,1,7
24015510,edf_jenkinson,invgauss,0.0550588034687679,0.484420539261,Δo > Δ,1,7,1,8
24015510,edf_beard,invgauss,0.0550588034687679,0.484420539261,Δo > Δ,1,7,1,9
24015510,edf_chegodayev,invgauss,0.0554250233471829,0.484420539261,Δo > Δ,1,7,1,10
24015510,edf_weibull,logbetaprime,0.0662233033308541,0.484420539261,Δo > Δ,1,7,1,11
24015510,edf_california,dweibull,0.0667907915539357,0.484420539261,Δo > Δ,1,7,1,12
24017330,edf_hazen,logloggamma,0.0750255622302041,0.3942745923300002,Δo > Δ,1,10,1,1
24017330,edf_gringorten,logloggamma,0.0779899891076745,0.3942745923300002,Δo > Δ,1,10,1,2
24017330,edf_cunnane,logloggamma,0.0799275230145178,0.3942745923300002,Δo > Δ,1,10,1,3
24017330,edf_blom,logloggamma,0.0811231232058138,0.3942745923300002,Δo > Δ,1,10,1,4
24017330,edf_tukey,betaprime,0.0828532653515564,0.3942745923300002,Δo > Δ,1,10,1,5
24017330,edf_filliben,betaprime,0.0835924154067982,0.3942745923300002,Δo > Δ,1,10,1,6
24017330,edf_beard,betaprime,0.0839409650221388,0.3942745923300002,Δo > Δ,1,10,1,7
24017330,edf_jenkinson,betaprime,0.0839409650221388,0.3942745923300002,Δo > Δ,1,10,1,8
24017330,edf_chegodayev,betaprime,0.0844041338379088,0.3942745923300002,Δo > Δ,1,10,1,9
24017330,edf_adamowski,invgamma,0.0861815859891394,0.3942745923300002,Δo > Δ,1,10,1,10
24017330,edf_weibull,logloggamma,0.0977528349574768,0.3942745923300002,Δo > Δ,1,10,1,11
24017330,edf_california,logdweibull,0.1095604413454474,0.3942745923300002,Δo > Δ,1,10,1,12
24017590,edf_hazen,logbetaprime,0.0746959077620617,0.530385761606,Δo > Δ,1,6,1,1
24017590,edf_gringorten,logbetaprime,0.0763298946901663,0.530385761606,Δo > Δ,1,6,1,2
24017590,edf_cunnane,logbetaprime,0.0773840798050725,0.530385761606,Δo > Δ,1,6,1,3
24017590,edf_blom,logbetaprime,0.078029241095395,0.530385761606,Δo > Δ,1,6,1,4
24017590,edf_tukey,logbetaprime,0.0790818726743424,0.530385761606,Δo > Δ,1,6,1,5
24017590,edf_filliben,logbetaprime,0.0794746456515615,0.530385761606,Δo > Δ,1,6,1,6
24017590,edf_beard,logbetaprime,0.0796593351392822,0.530385761606,Δo > Δ,1,6,1,7
24017590,edf_jenkinson,logbetaprime,0.0796593351392822,0.530385761606,Δo > Δ,1,6,1,8
24017590,edf_chegodayev,logbetaprime,0.079904241095395,0.530385761606,Δo > Δ,1,6,1,9
24017590,edf_adamowski,logbetaprime,0.0825677608015609,0.530385761606,Δo > Δ,1,6,1,10
24017590,edf_weibull,logbetaprime,0.0990512772850773,0.530385761606,Δo > Δ,1,6,1,11
24017590,edf_california,logkstwobign,0.1219952272218599,0.530385761606,Δo > Δ,1,6,1,12
24017600,edf_adamowski,invgauss,0.0765097000151407,0.530385761606,Δo > Δ,1,6,1,1
24017600,edf_tukey,lograyleigh,0.0768690668942511,0.530385761606,Δo > Δ,1,6,1,2
24017600,edf_filliben,lograyleigh,0.0774963604286062,0.530385761606,Δo > Δ,1,6,1,3
24017600,edf_chegodayev,invgauss,0.0777116230920639,0.530385761606,Δo > Δ,1,6,1,4
24017600,edf_blom,lograyleigh,0.0779216984731984,0.530385761606,Δo > Δ,1,6,1,5
24017600,edf_jenkinson,invgauss,0.0779565290481767,0.530385761606,Δo > Δ,1,6,1,6
24017600,edf_beard,invgauss,0.0779565290481767,0.530385761606,Δo > Δ,1,6,1,7
24017600,edf_cunnane,lograyleigh,0.078566859763521,0.530385761606,Δo > Δ,1,6,1,8
24017600,edf_gringorten,lograyleigh,0.0796210448784272,0.530385761606,Δo > Δ,1,6,1,9
24017600,edf_hazen,lograyleigh,0.0812550318065318,0.530385761606,Δo > Δ,1,6,1,10
24017600,edf_weibull,nct,0.0898564963858959,0.530385761606,Δo > Δ,1,6,1,11
24017600,edf_california,loginvweibull,0.1337206115573977,0.530385761606,Δo > Δ,1,6,1,12
24017640,edf_gringorten,logfisk,0.0651805593999353,0.530385761606,Δo > Δ,1,6,1,1
24017640,edf_cunnane,logfisk,0.0662347445148415,0.530385761606,Δo > Δ,1,6,1,2
24017640,edf_blom,logfisk,0.0681328745028421,0.530385761606,Δo > Δ,1,6,1,3
24017640,edf_hazen,logfisk,0.0706659620340292,0.530385761606,Δo > Δ,1,6,1,4
24017640,edf_tukey,logfisk,0.0721312247167025,0.530385761606,Δo > Δ,1,6,1,5
24017640,edf_filliben,logfisk,0.0740950896027983,0.530385761606,Δo > Δ,1,6,1,6
24017640,edf_beard,logfisk,0.0750185370414014,0.530385761606,Δo > Δ,1,6,1,7
24017640,edf_jenkinson,logfisk,0.0750185370414014,0.530385761606,Δo > Δ,1,6,1,8
24017640,edf_chegodayev,logfisk,0.0762430668219656,0.530385761606,Δo > Δ,1,6,1,9
24017640,edf_adamowski,logfisk,0.082252682206581,0.530385761606,Δo > Δ,1,6,1,10
24017640,edf_weibull,logf,0.1096162486964482,0.530385761606,Δo > Δ,1,6,1,11
24017640,edf_california,ncf,0.1159559871651081,0.530385761606,Δo > Δ,1,6,1,12
24017703,edf_gringorten,dweibull,0.0758062853348624,0.484420539261,Δo > Δ,1,7,1,1
24017703,edf_hazen,dweibull,0.0772521795560585,0.484420539261,Δo > Δ,1,7,1,2
24017703,edf_cunnane,dweibull,0.078927383961579,0.484420539261,Δo > Δ,1,7,1,3
24017703,edf_blom,dweibull,0.0808430927738395,0.484420539261,Δo > Δ,1,7,1,4
24017703,edf_tukey,dweibull,0.083977889012084,0.484420539261,Δo > Δ,1,7,1,5
24017703,edf_filliben,dweibull,0.085150511365969,0.484420539261,Δo > Δ,1,7,1,6
24017703,edf_beard,dweibull,0.0857024517122564,0.484420539261,Δo > Δ,1,7,1,7
24017703,edf_jenkinson,dweibull,0.0857024517122564,0.484420539261,Δo > Δ,1,7,1,8
24017703,edf_chegodayev,dweibull,0.0864348914690864,0.484420539261,Δo > Δ,1,7,1,9
24017703,edf_california,dweibull,0.0891763089634929,0.484420539261,Δo > Δ,1,7,1,10
24017703,edf_adamowski,dweibull,0.09003849507269,0.484420539261,Δo > Δ,1,7,1,11
24017703,edf_weibull,logbetaprime,0.104945715494209,0.484420539261,Δo > Δ,1,7,1,12
24017704,edf_cunnane,genlogistic,0.0780717231793773,0.484420539261,Δo > Δ,1,7,1,1
24017704,edf_blom,genlogistic,0.0783830957386836,0.484420539261,Δo > Δ,1,7,1,2
24017704,edf_gringorten,genlogistic,0.0796322724927356,0.484420539261,Δo > Δ,1,7,1,3
24017704,edf_tukey,genlogistic,0.0815178919769281,0.484420539261,Δo > Δ,1,7,1,4
24017704,edf_hazen,genlogistic,0.0820399771476314,0.484420539261,Δo > Δ,1,7,1,5
24017704,edf_filliben,genlogistic,0.0826905143308132,0.484420539261,Δo > Δ,1,7,1,6
24017704,edf_jenkinson,logmielke,0.0830281024686111,0.484420539261,Δo > Δ,1,7,1,7
24017704,edf_adamowski,logmielke,0.0830281024686111,0.484420539261,Δo > Δ,1,7,1,8
24017704,edf_chegodayev,logmielke,0.0830281024686111,0.484420539261,Δo > Δ,1,7,1,9
24017704,edf_beard,logmielke,0.0830281024686111,0.484420539261,Δo > Δ,1,7,1,10
24017704,edf_weibull,genlogistic,0.1042451647042009,0.484420539261,Δo > Δ,1,7,1,11
24017704,edf_california,logmielke,0.1233735306662552,0.484420539261,Δo > Δ,1,7,1,12
24017705,edf_weibull,loglaplace_asymmetric,0.1157412274539866,0.484420539261,Δo > Δ,1,7,1,1
24017705,edf_adamowski,logloggamma,0.1268114264178806,0.484420539261,Δo > Δ,1,7,1,2
24017705,edf_chegodayev,logt,0.1276353676047367,0.484420539261,Δo > Δ,1,7,1,3
24017705,edf_jenkinson,logt,0.1283678073615667,0.484420539261,Δo > Δ,1,7,1,4
24017705,edf_beard,logt,0.1283678073615667,0.484420539261,Δo > Δ,1,7,1,5
24017705,edf_filliben,logt,0.128919747707854,0.484420539261,Δo > Δ,1,7,1,6
24017705,edf_tukey,logt,0.1300923700617391,0.484420539261,Δo > Δ,1,7,1,7
24017705,edf_blom,logt,0.1332271662999836,0.484420539261,Δo > Δ,1,7,1,8
24017705,edf_cunnane,logt,0.1351428751122441,0.484420539261,Δo > Δ,1,7,1,9
24017705,edf_gringorten,truncnorm,0.1367816004449796,0.484420539261,Δo > Δ,1,7,1,10
24017705,edf_hazen,truncnorm,0.1367816004449796,0.484420539261,Δo > Δ,1,7,1,11
24017705,edf_california,logexpon,0.1428571428571428,0.484420539261,Δo > Δ,1,7,1,12
24017706,edf_hazen,weibull_min,0.0392308452575801,0.484420539261,Δo > Δ,1,7,1,1
24017706,edf_gringorten,weibull_min,0.0440462545673714,0.484420539261,Δo > Δ,1,7,1,2
24017706,edf_cunnane,weibull_min,0.047167353194088,0.484420539261,Δo > Δ,1,7,1,3
24017706,edf_blom,weibull_min,0.0490830620063486,0.484420539261,Δo > Δ,1,7,1,4
24017706,edf_tukey,weibull_min,0.0522178582445931,0.484420539261,Δo > Δ,1,7,1,5
24017706,edf_filliben,weibull_min,0.0533904805984782,0.484420539261,Δo > Δ,1,7,1,6
24017706,edf_beard,weibull_min,0.0539424209447655,0.484420539261,Δo > Δ,1,7,1,7
24017706,edf_jenkinson,weibull_min,0.0539424209447655,0.484420539261,Δo > Δ,1,7,1,8
24017706,edf_chegodayev,weibull_min,0.0546748607015955,0.484420539261,Δo > Δ,1,7,1,9
24017706,edf_adamowski,pearson3,0.057169234215976,0.484420539261,Δo > Δ,1,7,1,10
24017706,edf_weibull,genlogistic,0.0757137921164169,0.484420539261,Δo > Δ,1,7,1,11
24017706,edf_california,loglaplace_asymmetric,0.0964640267528306,0.484420539261,Δo > Δ,1,7,1,12
24017740,edf_blom,logt,0.0612395391138201,0.530385761606,Δo > Δ,1,6,1,1
24017740,edf_cunnane,logt,0.0618847004041426,0.530385761606,Δo > Δ,1,6,1,2
24017740,edf_gringorten,logt,0.0629388855190488,0.530385761606,Δo > Δ,1,6,1,3
24017740,edf_tukey,logt,0.0636611325967267,0.530385761606,Δo > Δ,1,6,1,4
24017740,edf_hazen,logt,0.0645728724471534,0.530385761606,Δo > Δ,1,6,1,5
24017740,edf_filliben,logt,0.0648394515283842,0.530385761606,Δo > Δ,1,6,1,6
24017740,edf_beard,logt,0.0653935199915459,0.530385761606,Δo > Δ,1,6,1,7
24017740,edf_jenkinson,logt,0.0653935199915459,0.530385761606,Δo > Δ,1,6,1,8
24017740,edf_chegodayev,logt,0.0661282378598846,0.530385761606,Δo > Δ,1,6,1,9
24017740,edf_adamowski,logt,0.0697340070906539,0.530385761606,Δo > Δ,1,6,1,10
24017740,edf_weibull,dweibull,0.0714285712276294,0.530385761606,Δo > Δ,1,6,1,11
24017740,edf_california,dweibull,0.0979363921937225,0.530385761606,Δo > Δ,1,6,1,12
24025050,edf_hazen,fisk,0.0646144846935919,0.530385761606,Δo > Δ,1,6,1,1
24025050,edf_gringorten,logfisk,0.0665943786570457,0.530385761606,Δo > Δ,1,6,1,2
24025050,edf_cunnane,logfisk,0.0718653042315766,0.530385761606,Δo > Δ,1,6,1,3
24025050,edf_blom,fisk,0.074614484693592,0.530385761606,Δo > Δ,1,6,1,4
24025050,edf_tukey,fisk,0.0777723794304341,0.530385761606,Δo > Δ,1,6,1,5
24025050,edf_chegodayev,logdweibull,0.0781250000001726,0.530385761606,Δo > Δ,1,6,1,6
24025050,edf_beard,logdweibull,0.0783699059562854,0.530385761606,Δo > Δ,1,6,1,7
24025050,edf_jenkinson,logdweibull,0.0783699059562854,0.530385761606,Δo > Δ,1,6,1,8
24025050,edf_filliben,logdweibull,0.0785545954440061,0.530385761606,Δo > Δ,1,6,1,9
24025050,edf_adamowski,logdweibull,0.079787892511661,0.530385761606,Δo > Δ,1,6,1,10
24025050,edf_weibull,logpearson3,0.1011530844694287,0.530385761606,Δo > Δ,1,6,1,11
24025050,edf_california,dweibull,0.1157089352721313,0.530385761606,Δo > Δ,1,6,1,12
24025090,edf_california,loglaplace_asymmetric,0.0664748973519836,0.3096406529800002,Δo > Δ,1,20,1,1
24025090,edf_hazen,loglaplace_asymmetric,0.067712078719206,0.3096406529800002,Δo > Δ,1,20,1,2
24025090,edf_gringorten,loglaplace_asymmetric,0.069511423056077,0.3096406529800002,Δo > Δ,1,20,1,3
24025090,edf_cunnane,loglaplace_asymmetric,0.0707908750569429,0.3096406529800002,Δo > Δ,1,20,1,4
24025090,edf_blom,loglaplace_asymmetric,0.0715853989537771,0.3096406529800002,Δo > Δ,1,20,1,5
24025090,edf_tukey,loglaplace_asymmetric,0.0729009221272237,0.3096406529800002,Δo > Δ,1,20,1,6
24025090,edf_filliben,loglaplace_asymmetric,0.0733979980329281,0.3096406529800002,Δo > Δ,1,20,1,7
24025090,edf_jenkinson,loglaplace_asymmetric,0.073632915885167,0.3096406529800002,Δo > Δ,1,20,1,8
24025090,edf_beard,loglaplace_asymmetric,0.073632915885167,0.3096406529800002,Δo > Δ,1,20,1,9
24025090,edf_adamowski,loglogistic,0.0736337790832205,0.3096406529800002,Δo > Δ,1,20,1,10
24025090,edf_chegodayev,loglogistic,0.0738191742254734,0.3096406529800002,Δo > Δ,1,20,1,11
24025090,edf_weibull,lognakagami,0.0798524489235159,0.3096406529800002,Δo > Δ,1,20,1,12
24025501,edf_hazen,laplace,0.0421971786439543,0.4472608134160001,Δo > Δ,1,8,1,1
24025501,edf_gringorten,laplace,0.0431208239641514,0.4472608134160001,Δo > Δ,1,8,1,2
24025501,edf_cunnane,laplace,0.0437215688878567,0.4472608134160001,Δo > Δ,1,8,1,3
24025501,edf_blom,laplace,0.0440911180378937,0.4472608134160001,Δo > Δ,1,8,1,4
24025501,edf_tukey,t,0.0472671372431275,0.4472608134160001,Δo > Δ,1,8,1,5
24025501,edf_filliben,t,0.0488570954021233,0.4472608134160001,Δo > Δ,1,8,1,6
24025501,edf_beard,t,0.0496060393910988,0.4472608134160001,Δo > Δ,1,8,1,7
24025501,edf_jenkinson,t,0.0496060393910988,0.4472608134160001,Δo > Δ,1,8,1,8
24025501,edf_chegodayev,laplace_asymmetric,0.0499738344716473,0.4472608134160001,Δo > Δ,1,8,1,9
24025501,edf_adamowski,laplace_asymmetric,0.051766454130298,0.4472608134160001,Δo > Δ,1,8,1,10
24025501,edf_weibull,laplace_asymmetric,0.0746422711237621,0.4472608134160001,Δo > Δ,1,8,1,11
24025501,edf_california,laplace,0.0922687250245242,0.4472608134160001,Δo > Δ,1,8,1,12
24025504,edf_hazen,logalpha,0.1021513060931895,0.484420539261,Δo > Δ,1,7,1,1
24025504,edf_gringorten,logalpha,0.1045590107480853,0.484420539261,Δo > Δ,1,7,1,2
24025504,edf_california,fatiguelife,0.1052237051956135,0.484420539261,Δo > Δ,1,7,1,3
24025504,edf_cunnane,logalpha,0.1061195600614436,0.484420539261,Δo > Δ,1,7,1,4
24025504,edf_blom,logalpha,0.1070774144675738,0.484420539261,Δo > Δ,1,7,1,5
24025504,edf_tukey,logalpha,0.1086448125866961,0.484420539261,Δo > Δ,1,7,1,6
24025504,edf_filliben,logalpha,0.1092311237636386,0.484420539261,Δo > Δ,1,7,1,7
24025504,edf_jenkinson,logalpha,0.1095070939367822,0.484420539261,Δo > Δ,1,7,1,8
24025504,edf_beard,logalpha,0.1095070939367822,0.484420539261,Δo > Δ,1,7,1,9
24025504,edf_chegodayev,logalpha,0.1098733138151973,0.484420539261,Δo > Δ,1,7,1,10
24025504,edf_adamowski,logalpha,0.1116751156169991,0.484420539261,Δo > Δ,1,7,1,11
24025504,edf_weibull,fatiguelife,0.114650917415248,0.484420539261,Δo > Δ,1,7,1,12
24027070,edf_adamowski,logdweibull,0.0353190451238126,0.5865427407550001,Δo > Δ,1,5,1,1
24027070,edf_chegodayev,logdweibull,0.038686048490816,0.5865427407550001,Δo > Δ,1,5,1,2
24027070,edf_jenkinson,logdweibull,0.0393744692535863,0.5865427407550001,Δo > Δ,1,5,1,3
24027070,edf_beard,logdweibull,0.0393744692535863,0.5865427407550001,Δo > Δ,1,5,1,4
24027070,edf_filliben,logdweibull,0.0398941531471965,0.5865427407550001,Δo > Δ,1,5,1,5
24027070,edf_tukey,logdweibull,0.0410008633056309,0.5865427407550001,Δo > Δ,1,5,1,6
24027070,edf_blom,logdweibull,0.0439770537818213,0.5865427407550001,Δo > Δ,1,5,1,7
24027070,edf_cunnane,logdweibull,0.0458085556133232,0.5865427407550001,Δo > Δ,1,5,1,8
24027070,edf_weibull,logdweibull,0.0472045573908993,0.5865427407550001,Δo > Δ,1,5,1,9
24027070,edf_gringorten,logdweibull,0.0488133633056309,0.5865427407550001,Δo > Δ,1,5,1,10
24027070,edf_hazen,logdweibull,0.0535008633056308,0.5865427407550001,Δo > Δ,1,5,1,11
24027070,edf_california,logdweibull,0.1535008633056309,0.5865427407550001,Δo > Δ,1,5,1,12
2403000113,edf_blom,dweibull,0.0302058654972969,0.5865427407550001,Δo > Δ,1,5,1,1
2403000113,edf_cunnane,dweibull,0.0320373673287988,0.5865427407550001,Δo > Δ,1,5,1,2
2403000113,edf_tukey,dweibull,0.0326142736749451,0.5865427407550001,Δo > Δ,1,5,1,3
2403000113,edf_filliben,dweibull,0.0348276939918136,0.5865427407550001,Δo > Δ,1,5,1,4
2403000113,edf_gringorten,dweibull,0.0350421750211065,0.5865427407550001,Δo > Δ,1,5,1,5
2403000113,edf_jenkinson,dweibull,0.0358670617790343,0.5865427407550001,Δo > Δ,1,5,1,6
2403000113,edf_beard,dweibull,0.0358670617790343,0.5865427407550001,Δo > Δ,1,5,1,7
2403000113,edf_chegodayev,dweibull,0.0372439033045747,0.5865427407550001,Δo > Δ,1,5,1,8
2403000113,edf_hazen,dweibull,0.0397296750211064,0.5865427407550001,Δo > Δ,1,5,1,9
2403000113,edf_adamowski,dweibull,0.0439779100385814,0.5865427407550001,Δo > Δ,1,5,1,10
2403000113,edf_weibull,dweibull,0.0742809403416117,0.5865427407550001,Δo > Δ,1,5,1,11
2403000113,edf_california,dweibull,0.1397296750211065,0.5865427407550001,Δo > Δ,1,5,1,12
2403000114,edf_gringorten,mielke,0.0494245237434239,0.5865427407550001,Δo > Δ,1,5,1,1
2403000114,edf_hazen,logbetaprime,0.0520613239819952,0.5865427407550001,Δo > Δ,1,5,1,2
2403000114,edf_cunnane,mielke,0.0524377788640921,0.5865427407550001,Δo > Δ,1,5,1,3
2403000114,edf_blom,logncf,0.0557849721295206,0.5865427407550001,Δo > Δ,1,5,1,4
2403000114,edf_tukey,logfisk,0.06027381308479,0.5865427407550001,Δo > Δ,1,5,1,5
2403000114,edf_filliben,logfisk,0.0624872334016586,0.5865427407550001,Δo > Δ,1,5,1,6
2403000114,edf_beard,alpha,0.0634226391214148,0.5865427407550001,Δo > Δ,1,5,1,7
2403000114,edf_jenkinson,alpha,0.0634226391214148,0.5865427407550001,Δo > Δ,1,5,1,8
2403000114,edf_chegodayev,alpha,0.063441368673166,0.5865427407550001,Δo > Δ,1,5,1,9
2403000114,edf_adamowski,logmaxwell,0.0682176370825898,0.5865427407550001,Δo > Δ,1,5,1,10
2403000114,edf_weibull,loglaplace_asymmetric,0.092888244386195,0.5865427407550001,Δo > Δ,1,5,1,11
2403000114,edf_california,loggenlogistic,0.141276515764954,0.5865427407550001,Δo > Δ,1,5,1,12
2403000117,edf_california,logt,0.073657383376516,0.530385761606,Δo > Δ,1,6,1,1
2403000117,edf_weibull,dweibull,0.1095192333952654,0.530385761606,Δo > Δ,1,6,1,2
2403000117,edf_hazen,logt,0.119366693168609,0.530385761606,Δo > Δ,1,6,1,3
2403000117,edf_gringorten,logt,0.1242686539529228,0.530385761606,Δo > Δ,1,6,1,4
2403000117,edf_adamowski,dweibull,0.1260027498787819,0.530385761606,Δo > Δ,1,6,1,5
2403000117,edf_cunnane,logt,0.1274312092976414,0.530385761606,Δo > Δ,1,6,1,6
2403000117,edf_blom,logt,0.129366693168609,0.530385761606,Δo > Δ,1,6,1,7
2403000117,edf_chegodayev,dweibull,0.1296085191095511,0.530385761606,Δo > Δ,1,6,1,8
2403000117,edf_jenkinson,dweibull,0.1303432369778897,0.530385761606,Δo > Δ,1,6,1,9
2403000117,edf_beard,dweibull,0.1303432369778897,0.530385761606,Δo > Δ,1,6,1,10
2403000117,edf_filliben,dweibull,0.1308973054410515,0.530385761606,Δo > Δ,1,6,1,11
2403000117,edf_tukey,dweibull,0.1320756243727091,0.530385761606,Δo > Δ,1,6,1,12
24030680,edf_california,dweibull,0.0747446166222466,0.484420539261,Δo > Δ,1,7,1,1
24030680,edf_cunnane,logdweibull,0.1052646431153586,0.484420539261,Δo > Δ,1,7,1,2
24030680,edf_hazen,logfisk,0.1054310403010861,0.484420539261,Δo > Δ,1,7,1,3
24030680,edf_gringorten,logdweibull,0.10676513886216,0.484420539261,Δo > Δ,1,7,1,4
24030680,edf_blom,logdweibull,0.1071803519276191,0.484420539261,Δo > Δ,1,7,1,5
24030680,edf_tukey,logdweibull,0.1103151481658636,0.484420539261,Δo > Δ,1,7,1,6
24030680,edf_filliben,logdweibull,0.1114877705197486,0.484420539261,Δo > Δ,1,7,1,7
24030680,edf_jenkinson,logdweibull,0.112039710866036,0.484420539261,Δo > Δ,1,7,1,8
24030680,edf_beard,logdweibull,0.112039710866036,0.484420539261,Δo > Δ,1,7,1,9
24030680,edf_chegodayev,logdweibull,0.112772150622866,0.484420539261,Δo > Δ,1,7,1,10
24030680,edf_adamowski,logfisk,0.1149548498248957,0.484420539261,Δo > Δ,1,7,1,11
24030680,edf_weibull,logfisk,0.123288183158229,0.484420539261,Δo > Δ,1,7,1,12
24030950,edf_cunnane,weibull_min,0.0803671938299957,0.530385761606,Δo > Δ,1,6,1,1
24030950,edf_gringorten,weibull_min,0.0814213789449019,0.530385761606,Δo > Δ,1,6,1,2
24030950,edf_blom,weibull_min,0.0818553949633884,0.530385761606,Δo > Δ,1,6,1,3
24030950,edf_hazen,weibull_min,0.0830553658730064,0.530385761606,Δo > Δ,1,6,1,4
24030950,edf_tukey,weibull_min,0.0850132897002305,0.530385761606,Δo > Δ,1,6,1,5
24030950,edf_chegodayev,gumbel_l,0.0856809349357785,0.530385761606,Δo > Δ,1,6,1,6
24030950,edf_beard,gumbel_l,0.0859258408918914,0.530385761606,Δo > Δ,1,6,1,7
24030950,edf_jenkinson,gumbel_l,0.0859258408918914,0.530385761606,Δo > Δ,1,6,1,8
24030950,edf_filliben,gumbel_l,0.086110530379612,0.530385761606,Δo > Δ,1,6,1,9
24030950,edf_adamowski,gumbel_l,0.0880511917724304,0.530385761606,Δo > Δ,1,6,1,10
24030950,edf_weibull,gompertz,0.1043081674266514,0.530385761606,Δo > Δ,1,6,1,11
24030950,edf_california,betaprime,0.1248466782276096,0.530385761606,Δo > Δ,1,6,1,12
2403500041,edf_hazen,logalpha,0.0343074517167045,0.530385761606,Δo > Δ,1,6,1,1
2403500041,edf_gringorten,logalpha,0.0403428693299325,0.530385761606,Δo > Δ,1,6,1,2
2403500041,edf_cunnane,logalpha,0.0456137949044634,0.530385761606,Δo > Δ,1,6,1,3
2403500041,edf_blom,logalpha,0.0488396013560763,0.530385761606,Δo > Δ,1,6,1,4
2403500041,edf_tukey,logalpha,0.0541027592508131,0.530385761606,Δo > Δ,1,6,1,5
2403500041,edf_filliben,logalpha,0.0560666241369089,0.530385761606,Δo > Δ,1,6,1,6
2403500041,edf_california,logt,0.0564020845908259,0.530385761606,Δo > Δ,1,6,1,7
2403500041,edf_jenkinson,logalpha,0.056990071575512,0.530385761606,Δo > Δ,1,6,1,8
2403500041,edf_beard,logalpha,0.056990071575512,0.530385761606,Δo > Δ,1,6,1,9
2403500041,edf_chegodayev,logalpha,0.0582146013560762,0.530385761606,Δo > Δ,1,6,1,10
2403500041,edf_adamowski,logalpha,0.0642242167406917,0.530385761606,Δo > Δ,1,6,1,11
2403500041,edf_weibull,logalpha,0.0916967442132191,0.530385761606,Δo > Δ,1,6,1,12
2403500082,edf_california,logdweibull,0.0698309184815757,0.5865427407550001,Δo > Δ,1,5,1,1
2403500082,edf_weibull,f,0.0698711321910945,0.5865427407550001,Δo > Δ,1,5,1,2
2403500082,edf_adamowski,f,0.0770737708119601,0.5865427407550001,Δo > Δ,1,5,1,3
2403500082,edf_chegodayev,f,0.0804407741789635,0.5865427407550001,Δo > Δ,1,5,1,4
2403500082,edf_hazen,logfisk,0.0810082495979412,0.5865427407550001,Δo > Δ,1,5,1,5
2403500082,edf_beard,f,0.0811291949417336,0.5865427407550001,Δo > Δ,1,5,1,6
2403500082,edf_jenkinson,f,0.0811291949417336,0.5865427407550001,Δo > Δ,1,5,1,7
2403500082,edf_filliben,f,0.081648878835344,0.5865427407550001,Δo > Δ,1,5,1,8
2403500082,edf_tukey,f,0.0827555889937782,0.5865427407550001,Δo > Δ,1,5,1,9
2403500082,edf_gringorten,logfisk,0.0856957495979412,0.5865427407550001,Δo > Δ,1,5,1,10
2403500082,edf_blom,f,0.0857317794699687,0.5865427407550001,Δo > Δ,1,5,1,11
2403500082,edf_cunnane,f,0.0875632813014705,0.5865427407550001,Δo > Δ,1,5,1,12
2403500083,edf_adamowski,logalpha,0.1125283136868098,0.5865427407550001,Δo > Δ,1,5,1,1
2403500083,edf_chegodayev,logalpha,0.1158953170538132,0.5865427407550001,Δo > Δ,1,5,1,2
2403500083,edf_jenkinson,logalpha,0.1165837378165833,0.5865427407550001,Δo > Δ,1,5,1,3
2403500083,edf_beard,logalpha,0.1165837378165833,0.5865427407550001,Δo > Δ,1,5,1,4
2403500083,edf_filliben,logalpha,0.1171034217101937,0.5865427407550001,Δo > Δ,1,5,1,5
2403500083,edf_tukey,logalpha,0.118210131868628,0.5865427407550001,Δo > Δ,1,5,1,6
2403500083,edf_blom,logalpha,0.1211863223448184,0.5865427407550001,Δo > Δ,1,5,1,7
2403500083,edf_cunnane,logdweibull,0.1218774270664367,0.5865427407550001,Δo > Δ,1,5,1,8
2403500083,edf_gringorten,logdweibull,0.1218774270664367,0.5865427407550001,Δo > Δ,1,5,1,9
2403500083,edf_hazen,logdweibull,0.1218774270664367,0.5865427407550001,Δo > Δ,1,5,1,10
2403500083,edf_weibull,logalpha,0.1226793952624311,0.5865427407550001,Δo > Δ,1,5,1,11
2403500083,edf_california,invgauss,0.166808541906432,0.5865427407550001,Δo > Δ,1,5,1,12
2403500084,edf_blom,dweibull,0.021035740784376,0.5865427407550001,Δo > Δ,1,5,1,1
2403500084,edf_tukey,dweibull,0.0211824997507824,0.5865427407550001,Δo > Δ,1,5,1,2
2403500084,edf_filliben,dweibull,0.0222892099092167,0.5865427407550001,Δo > Δ,1,5,1,3
2403500084,edf_jenkinson,dweibull,0.022808893802827,0.5865427407550001,Δo > Δ,1,5,1,4
2403500084,edf_beard,dweibull,0.022808893802827,0.5865427407550001,Δo > Δ,1,5,1,5
2403500084,edf_chegodayev,dweibull,0.0234973145655973,0.5865427407550001,Δo > Δ,1,5,1,6
2403500084,edf_cunnane,dweibull,0.0246987444473796,0.5865427407550001,Δo > Δ,1,5,1,7
2403500084,edf_adamowski,dweibull,0.0268643179326006,0.5865427407550001,Δo > Δ,1,5,1,8
2403500084,edf_gringorten,dweibull,0.030708359831995,0.5865427407550001,Δo > Δ,1,5,1,9
2403500084,edf_hazen,dweibull,0.040083359831995,0.5865427407550001,Δo > Δ,1,5,1,10
2403500084,edf_weibull,dweibull,0.0420158330841158,0.5865427407550001,Δo > Δ,1,5,1,11
2403500084,edf_california,logdweibull,0.1215922313837376,0.5865427407550001,Δo > Δ,1,5,1,12
2403500085,edf_chegodayev,lognct,0.0836745404288262,0.5865427407550001,Δo > Δ,1,5,1,1
2403500085,edf_jenkinson,lognct,0.0843629611915964,0.5865427407550001,Δo > Δ,1,5,1,2
2403500085,edf_beard,lognct,0.0843629611915964,0.5865427407550001,Δo > Δ,1,5,1,3
2403500085,edf_filliben,lognct,0.0848826450852067,0.5865427407550001,Δo > Δ,1,5,1,4
2403500085,edf_adamowski,lognct,0.0854995471447341,0.5865427407550001,Δo > Δ,1,5,1,5
2403500085,edf_tukey,lognct,0.085989355243641,0.5865427407550001,Δo > Δ,1,5,1,6
2403500085,edf_blom,lognct,0.0889655457198315,0.5865427407550001,Δo > Δ,1,5,1,7
2403500085,edf_cunnane,lognct,0.0907970475513333,0.5865427407550001,Δo > Δ,1,5,1,8
2403500085,edf_gringorten,lognct,0.093801855243641,0.5865427407550001,Δo > Δ,1,5,1,9
2403500085,edf_hazen,lognct,0.098489355243641,0.5865427407550001,Δo > Δ,1,5,1,10
2403500085,edf_weibull,lognct,0.1006510622962493,0.5865427407550001,Δo > Δ,1,5,1,11
2403500085,edf_california,dweibull,0.1065284689421495,0.5865427407550001,Δo > Δ,1,5,1,12
24035340,edf_hazen,logdweibull,0.0690484297702121,0.5865427407550001,Δo > Δ,1,5,1,1
24035340,edf_gringorten,logdweibull,0.0784234297702121,0.5865427407550001,Δo > Δ,1,5,1,2
24035340,edf_cunnane,logdweibull,0.0844330451548275,0.5865427407550001,Δo > Δ,1,5,1,3
24035340,edf_blom,logdweibull,0.0880960488178311,0.5865427407550001,Δo > Δ,1,5,1,4
24035340,edf_tukey,logdweibull,0.0940484297702121,0.5865427407550001,Δo > Δ,1,5,1,5
24035340,edf_filliben,logdweibull,0.0962618500870807,0.5865427407550001,Δo > Δ,1,5,1,6
24035340,edf_beard,logdweibull,0.0973012178743013,0.5865427407550001,Δo > Δ,1,5,1,7
24035340,edf_jenkinson,logdweibull,0.0973012178743013,0.5865427407550001,Δo > Δ,1,5,1,8
24035340,edf_chegodayev,logdweibull,0.0986780593998417,0.5865427407550001,Δo > Δ,1,5,1,9
24035340,edf_adamowski,logdweibull,0.1054120661338484,0.5865427407550001,Δo > Δ,1,5,1,10
24035340,edf_weibull,dweibull,0.1193749083826787,0.5865427407550001,Δo > Δ,1,5,1,11
24035340,edf_california,nct,0.1295230664810501,0.5865427407550001,Δo > Δ,1,5,1,12
24035360,edf_hazen,laplace_asymmetric,0.0634398489152134,0.3096406529800002,Δo > Δ,1,20,1,1
24035360,edf_blom,loglogistic,0.065007267867788,0.3096406529800002,Δo > Δ,1,20,1,2
24035360,edf_cunnane,loglogistic,0.0653284685280545,0.3096406529800002,Δo > Δ,1,20,1,3
24035360,edf_gringorten,laplace_asymmetric,0.065676429432112,0.3096406529800002,Δo > Δ,1,20,1,4
24035360,edf_tukey,loglogistic,0.0665251792217649,0.3096406529800002,Δo > Δ,1,20,1,5
24035360,edf_filliben,loglogistic,0.0670987283437317,0.3096406529800002,Δo > Δ,1,20,1,6
24035360,edf_beard,loglogistic,0.0673697874040072,0.3096406529800002,Δo > Δ,1,20,1,7
24035360,edf_jenkinson,loglogistic,0.0673697874040072,0.3096406529800002,Δo > Δ,1,20,1,8
24035360,edf_chegodayev,loglogistic,0.067730579414629,0.3096406529800002,Δo > Δ,1,20,1,9
24035360,edf_adamowski,loglogistic,0.069523979701573,0.3096406529800002,Δo > Δ,1,20,1,10
24035360,edf_weibull,ncf,0.0721364392193273,0.3096406529800002,Δo > Δ,1,20,1,11
24035360,edf_california,t,0.0782849092102872,0.3096406529800002,Δo > Δ,1,20,1,12
24035370,edf_california,dweibull,0.0696191419110228,0.3156449716410001,Δo > Δ,1,19,1,1
24035370,edf_weibull,weibull_min,0.0710530702781008,0.3156449716410001,Δo > Δ,1,19,1,2
24035370,edf_adamowski,genlogistic,0.073387266272236,0.3156449716410001,Δo > Δ,1,19,1,3
24035370,edf_chegodayev,genlogistic,0.0736516067427621,0.3156449716410001,Δo > Δ,1,19,1,4
24035370,edf_jenkinson,genlogistic,0.0737048021934871,0.3156449716410001,Δo > Δ,1,19,1,5
24035370,edf_beard,genlogistic,0.0737048021934871,0.3156449716410001,Δo > Δ,1,19,1,6
24035370,edf_filliben,genlogistic,0.073744770890004,0.3156449716410001,Δo > Δ,1,19,1,7
24035370,edf_tukey,genlogistic,0.0738293529212192,0.3156449716410001,Δo > Δ,1,19,1,8
24035370,edf_blom,genlogistic,0.0740532669382367,0.3156449716410001,Δo > Δ,1,19,1,9
24035370,edf_cunnane,genlogistic,0.0741885483235181,0.3156449716410001,Δo > Δ,1,19,1,10
24035370,edf_gringorten,genlogistic,0.0744064702203102,0.3156449716410001,Δo > Δ,1,19,1,11
24035370,edf_hazen,genlogistic,0.0747367939375532,0.3156449716410001,Δo > Δ,1,19,1,12
24035390,edf_weibull,loggumbel_r,0.0817498166054883,0.3156449716410001,Δo > Δ,1,19,1,1
24035390,edf_jenkinson,logalpha,0.0834383987016104,0.3156449716410001,Δo > Δ,1,19,1,2
24035390,edf_beard,logalpha,0.0834383987016104,0.3156449716410001,Δo > Δ,1,19,1,3
24035390,edf_chegodayev,logalpha,0.0834915941523355,0.3156449716410001,Δo > Δ,1,19,1,4
24035390,edf_filliben,logalpha,0.0835426579346807,0.3156449716410001,Δo > Δ,1,19,1,5
24035390,edf_adamowski,logalpha,0.0837559346228615,0.3156449716410001,Δo > Δ,1,19,1,6
24035390,edf_tukey,logalpha,0.0842193141844024,0.3156449716410001,Δo > Δ,1,19,1,7
24035390,edf_gringorten,alpha,0.0854221375705451,0.3156449716410001,Δo > Δ,1,19,1,8
24035390,edf_cunnane,alpha,0.0854642822069444,0.3156449716410001,Δo > Δ,1,19,1,9
24035390,edf_blom,alpha,0.0855995635922258,0.3156449716410001,Δo > Δ,1,19,1,10
24035390,edf_hazen,fisk,0.0871197835000098,0.3156449716410001,Δo > Δ,1,19,1,11
24035390,edf_california,fisk,0.113435572973694,0.3156449716410001,Δo > Δ,1,19,1,12
24035410,edf_weibull,logpearson3,0.0740332089985253,0.3260541228310003,Δo > Δ,1,17,1,1
24035410,edf_filliben,loggumbel_r,0.0743416743485814,0.3260541228310003,Δo > Δ,1,17,1,2
24035410,edf_tukey,loggumbel_r,0.0743583636462227,0.3260541228310003,Δo > Δ,1,17,1,3
24035410,edf_jenkinson,loggumbel_r,0.0745404790683381,0.3260541228310003,Δo > Δ,1,17,1,4
24035410,edf_beard,loggumbel_r,0.0745404790683381,0.3260541228310003,Δo > Δ,1,17,1,5
24035410,edf_blom,loggumbel_r,0.0746370704466686,0.3260541228310003,Δo > Δ,1,17,1,6
24035410,edf_chegodayev,loggumbel_r,0.0748050188352785,0.3260541228310003,Δo > Δ,1,17,1,7
24035410,edf_cunnane,loggumbel_r,0.0748055908376359,0.3260541228310003,Δo > Δ,1,17,1,8
24035410,edf_gringorten,loggumbel_r,0.075077270907186,0.3260541228310003,Δo > Δ,1,17,1,9
24035410,edf_hazen,loggumbel_r,0.0754895853656797,0.3260541228310003,Δo > Δ,1,17,1,10
24035410,edf_adamowski,logpearson3,0.0756205105858269,0.3260541228310003,Δo > Δ,1,17,1,11
24035410,edf_california,logt,0.0787928170538211,0.3260541228310003,Δo > Δ,1,17,1,12
24035430,edf_weibull,logpearson3,0.1048171652324699,0.484420539261,Δo > Δ,1,7,1,1
24035430,edf_gringorten,fisk,0.1052927403780661,0.484420539261,Δo > Δ,1,7,1,2
24035430,edf_hazen,fisk,0.1065019123636937,0.484420539261,Δo > Δ,1,7,1,3
24035430,edf_cunnane,fisk,0.1068532896914243,0.484420539261,Δo > Δ,1,7,1,4
24035430,edf_blom,fisk,0.1078111440975545,0.484420539261,Δo > Δ,1,7,1,5
24035430,edf_tukey,fisk,0.1093785422166768,0.484420539261,Δo > Δ,1,7,1,6
24035430,edf_filliben,fisk,0.1099648533936193,0.484420539261,Δo > Δ,1,7,1,7
24035430,edf_jenkinson,fisk,0.110240823566763,0.484420539261,Δo > Δ,1,7,1,8
24035430,edf_beard,fisk,0.110240823566763,0.484420539261,Δo > Δ,1,7,1,9
24035430,edf_chegodayev,fisk,0.1106070434451781,0.484420539261,Δo > Δ,1,7,1,10
24035430,edf_adamowski,fisk,0.1124088452469799,0.484420539261,Δo > Δ,1,7,1,11
24035430,edf_california,logmielke,0.1198518694750592,0.484420539261,Δo > Δ,1,7,1,12
24035507,edf_cunnane,halflogistic,0.0494476376721785,0.530385761606,Δo > Δ,1,6,1,1
24035507,edf_gringorten,halflogistic,0.0507060991693828,0.530385761606,Δo > Δ,1,6,1,2
24035507,edf_blom,halflogistic,0.0526734441237912,0.530385761606,Δo > Δ,1,6,1,3
24035507,edf_hazen,logloggamma,0.0529519852251204,0.530385761606,Δo > Δ,1,6,1,4
24035507,edf_tukey,halflogistic,0.0579366020185281,0.530385761606,Δo > Δ,1,6,1,5
24035507,edf_filliben,logbetaprime,0.059453591356327,0.530385761606,Δo > Δ,1,6,1,6
24035507,edf_beard,logbetaprime,0.0600076598194888,0.530385761606,Δo > Δ,1,6,1,7
24035507,edf_jenkinson,logbetaprime,0.0600076598194888,0.530385761606,Δo > Δ,1,6,1,8
24035507,edf_chegodayev,logbetaprime,0.0607423776878274,0.530385761606,Δo > Δ,1,6,1,9
24035507,edf_adamowski,logbetaprime,0.0643481469185966,0.530385761606,Δo > Δ,1,6,1,10
24035507,edf_weibull,logncf,0.0787962938328578,0.530385761606,Δo > Δ,1,6,1,11
24035507,edf_california,loggenlogistic,0.1153540453594817,0.530385761606,Δo > Δ,1,6,1,12
2403700149,edf_gringorten,dweibull,0.0900751484083442,0.5865427407550001,Δo > Δ,1,5,1,1
2403700149,edf_cunnane,dweibull,0.0926991392799267,0.5865427407550001,Δo > Δ,1,5,1,2
2403700149,edf_blom,dweibull,0.0963621429429303,0.5865427407550001,Δo > Δ,1,5,1,3
2403700149,edf_hazen,dweibull,0.0994501484083442,0.5865427407550001,Δo > Δ,1,5,1,4
2403700149,edf_tukey,dweibull,0.1023145238953112,0.5865427407550001,Δo > Δ,1,5,1,5
2403700149,edf_filliben,dweibull,0.1045279442121798,0.5865427407550001,Δo > Δ,1,5,1,6
2403700149,edf_beard,dweibull,0.1055673119994003,0.5865427407550001,Δo > Δ,1,5,1,7
2403700149,edf_jenkinson,dweibull,0.1055673119994003,0.5865427407550001,Δo > Δ,1,5,1,8
2403700149,edf_chegodayev,dweibull,0.1069441535249409,0.5865427407550001,Δo > Δ,1,5,1,9
2403700149,edf_adamowski,dweibull,0.1136781602589476,0.5865427407550001,Δo > Δ,1,5,1,10
2403700149,edf_weibull,dweibull,0.1439811905619779,0.5865427407550001,Δo > Δ,1,5,1,11
2403700149,edf_california,dweibull,0.1675872383549059,0.5865427407550001,Δo > Δ,1,5,1,12
24037030,edf_hazen,laplace_asymmetric,0.1281457423370242,0.530385761606,Δo > Δ,1,6,1,1
24037030,edf_gringorten,laplace_asymmetric,0.1330477031213379,0.530385761606,Δo > Δ,1,6,1,2
24037030,edf_cunnane,laplace_asymmetric,0.1362102584660565,0.530385761606,Δo > Δ,1,6,1,3
24037030,edf_blom,laplace_asymmetric,0.1381457423370242,0.530385761606,Δo > Δ,1,6,1,4
24037030,edf_tukey,laplace_asymmetric,0.1413036370738663,0.530385761606,Δo > Δ,1,6,1,5
24037030,edf_filliben,laplace_asymmetric,0.1424819560055238,0.530385761606,Δo > Δ,1,6,1,6
24037030,edf_beard,laplace_asymmetric,0.1430360244686856,0.530385761606,Δo > Δ,1,6,1,7
24037030,edf_jenkinson,laplace_asymmetric,0.1430360244686856,0.530385761606,Δo > Δ,1,6,1,8
24037030,edf_chegodayev,laplace_asymmetric,0.1437707423370242,0.530385761606,Δo > Δ,1,6,1,9
24037030,edf_adamowski,laplace_asymmetric,0.1473765115677934,0.530385761606,Δo > Δ,1,6,1,10
24037030,edf_weibull,laplace_asymmetric,0.1638600280513099,0.530385761606,Δo > Δ,1,6,1,11
24037030,edf_california,nakagami,0.1676941050638409,0.530385761606,Δo > Δ,1,6,1,12
24037190,edf_hazen,logt,0.1690826172741621,0.530385761606,Δo > Δ,1,6,1,1
24037190,edf_gringorten,logt,0.1739845780584758,0.530385761606,Δo > Δ,1,6,1,2
24037190,edf_cunnane,logt,0.1771471334031944,0.530385761606,Δo > Δ,1,6,1,3
24037190,edf_blom,logt,0.1790826172741621,0.530385761606,Δo > Δ,1,6,1,4
24037190,edf_tukey,logt,0.1822405120110042,0.530385761606,Δo > Δ,1,6,1,5
24037190,edf_filliben,logt,0.1834188309426618,0.530385761606,Δo > Δ,1,6,1,6
24037190,edf_beard,logt,0.1839728994058236,0.530385761606,Δo > Δ,1,6,1,7
24037190,edf_jenkinson,logt,0.1839728994058236,0.530385761606,Δo > Δ,1,6,1,8
24037190,edf_chegodayev,logt,0.1847076172741621,0.530385761606,Δo > Δ,1,6,1,9
24037190,edf_adamowski,logt,0.1883133865049313,0.530385761606,Δo > Δ,1,6,1,10
24037190,edf_weibull,logt,0.2047969029884478,0.530385761606,Δo > Δ,1,6,1,11
24037190,edf_california,gumbel_l,0.2094597630626865,0.530385761606,Δo > Δ,1,6,1,12
24037290,edf_hazen,dweibull,0.0839323296978854,0.530385761606,Δo > Δ,1,6,1,1
24037290,edf_gringorten,dweibull,0.0888342904821991,0.530385761606,Δo > Δ,1,6,1,2
24037290,edf_cunnane,dweibull,0.0919968458269176,0.530385761606,Δo > Δ,1,6,1,3
24037290,edf_blom,dweibull,0.0939323296978854,0.530385761606,Δo > Δ,1,6,1,4
24037290,edf_tukey,dweibull,0.0970902244347275,0.530385761606,Δo > Δ,1,6,1,5
24037290,edf_filliben,dweibull,0.098268543366385,0.530385761606,Δo > Δ,1,6,1,6
24037290,edf_beard,dweibull,0.0988226118295468,0.530385761606,Δo > Δ,1,6,1,7
24037290,edf_jenkinson,dweibull,0.0988226118295468,0.530385761606,Δo > Δ,1,6,1,8
24037290,edf_chegodayev,dweibull,0.0995573296978854,0.530385761606,Δo > Δ,1,6,1,9
24037290,edf_adamowski,dweibull,0.1031630989286546,0.530385761606,Δo > Δ,1,6,1,10
24037290,edf_weibull,logncf,0.1158071570452512,0.530385761606,Δo > Δ,1,6,1,11
24037290,edf_california,truncnorm,0.1528997187503895,0.530385761606,Δo > Δ,1,6,1,12
24037490,edf_tukey,laplace_asymmetric,0.068557317555486,0.5865427407550001,Δo > Δ,1,5,1,1
24037490,edf_blom,laplace_asymmetric,0.069144965358861,0.5865427407550001,Δo > Δ,1,5,1,2
24037490,edf_filliben,laplace_asymmetric,0.0701995843635445,0.5865427407550001,Δo > Δ,1,5,1,3
24037490,edf_cunnane,laplace_asymmetric,0.0709764671903628,0.5865427407550001,Δo > Δ,1,5,1,4
24037490,edf_jenkinson,laplace_asymmetric,0.0712389521507651,0.5865427407550001,Δo > Δ,1,5,1,5
24037490,edf_beard,laplace_asymmetric,0.0712389521507651,0.5865427407550001,Δo > Δ,1,5,1,6
24037490,edf_chegodayev,laplace_asymmetric,0.0726157936763056,0.5865427407550001,Δo > Δ,1,5,1,7
24037490,edf_gringorten,laplace_asymmetric,0.0739812748826705,0.5865427407550001,Δo > Δ,1,5,1,8
24037490,edf_adamowski,genlogistic,0.0785814502425807,0.5865427407550001,Δo > Δ,1,5,1,9
24037490,edf_hazen,laplace_asymmetric,0.0786687748826705,0.5865427407550001,Δo > Δ,1,5,1,10
24037490,edf_weibull,dweibull,0.0973230266963027,0.5865427407550001,Δo > Δ,1,5,1,11
24037490,edf_california,loglaplace_asymmetric,0.153001699530197,0.5865427407550001,Δo > Δ,1,5,1,12
24055070,edf_california,t,0.0912172672358931,0.4472608134160001,Δo > Δ,1,8,1,1
24055070,edf_weibull,logdweibull,0.1404964600867714,0.4472608134160001,Δo > Δ,1,8,1,2
24055070,edf_adamowski,logdweibull,0.1503003816553988,0.4472608134160001,Δo > Δ,1,8,1,3
24055070,edf_chegodayev,logdweibull,0.1524012219915333,0.4472608134160001,Δo > Δ,1,8,1,4
24055070,edf_jenkinson,logdweibull,0.1528274067852599,0.4472608134160001,Δo > Δ,1,8,1,5
24055070,edf_beard,logdweibull,0.1528274067852599,0.4472608134160001,Δo > Δ,1,8,1,6
24055070,edf_filliben,logdweibull,0.1531483827805351,0.4472608134160001,Δo > Δ,1,8,1,7
24055070,edf_hazen,t,0.1537172672358931,0.4472608134160001,Δo > Δ,1,8,1,8
24055070,edf_tukey,logdweibull,0.1538297934201047,0.4472608134160001,Δo > Δ,1,8,1,9
24055070,edf_blom,logdweibull,0.1556479752382866,0.4472608134160001,Δo > Δ,1,8,1,10
24055070,edf_gringorten,t,0.1564882031964842,0.4472608134160001,Δo > Δ,1,8,1,11
24055070,edf_cunnane,logdweibull,0.1567566226883974,0.4472608134160001,Δo > Δ,1,8,1,12
24055080,edf_hazen,weibull_min,0.0655827687011266,0.4472608134160001,Δo > Δ,1,8,1,1
24055080,edf_gringorten,weibull_min,0.0683537046617177,0.4472608134160001,Δo > Δ,1,8,1,2
24055080,edf_cunnane,weibull_min,0.0701559394328339,0.4472608134160001,Δo > Δ,1,8,1,3
24055080,edf_blom,weibull_min,0.0712645868829449,0.4472608134160001,Δo > Δ,1,8,1,4
24055080,edf_tukey,weibull_min,0.0730827687011266,0.4472608134160001,Δo > Δ,1,8,1,5
24055080,edf_filliben,weibull_min,0.0737641793406963,0.4472608134160001,Δo > Δ,1,8,1,6
24055080,edf_beard,weibull_min,0.0740851553359716,0.4472608134160001,Δo > Δ,1,8,1,7
24055080,edf_jenkinson,weibull_min,0.0740851553359716,0.4472608134160001,Δo > Δ,1,8,1,8
24055080,edf_chegodayev,weibull_min,0.074511340129698,0.4472608134160001,Δo > Δ,1,8,1,9
24055080,edf_adamowski,weibull_min,0.0766121804658325,0.4472608134160001,Δo > Δ,1,8,1,10
24055080,edf_weibull,weibull_min,0.08641610203446,0.4472608134160001,Δo > Δ,1,8,1,11
24055080,edf_california,hypsecant,0.0983753739568176,0.4472608134160001,Δo > Δ,1,8,1,12
24055501,edf_tukey,maxwell,0.1278010179579964,0.530385761606,Δo > Δ,1,6,1,1
24055501,edf_filliben,maxwell,0.1284306098813898,0.530385761606,Δo > Δ,1,6,1,2
24055501,edf_blom,maxwell,0.1288536495369438,0.530385761606,Δo > Δ,1,6,1,3
24055501,edf_jenkinson,maxwell,0.1289846783445516,0.530385761606,Δo > Δ,1,6,1,4
24055501,edf_beard,maxwell,0.1289846783445516,0.530385761606,Δo > Δ,1,6,1,5
24055501,edf_cunnane,maxwell,0.1294988108272664,0.530385761606,Δo > Δ,1,6,1,6
24055501,edf_chegodayev,maxwell,0.1297193962128901,0.530385761606,Δo > Δ,1,6,1,7
24055501,edf_gringorten,maxwell,0.1305529959421725,0.530385761606,Δo > Δ,1,6,1,8
24055501,edf_adamowski,maxwell,0.1333251654436593,0.530385761606,Δo > Δ,1,6,1,9
24055501,edf_hazen,maxwell,0.1335925500748107,0.530385761606,Δo > Δ,1,6,1,10
24055501,edf_weibull,t,0.1485989387274873,0.530385761606,Δo > Δ,1,6,1,11
24055501,edf_california,lognakagami,0.1690114445663464,0.530385761606,Δo > Δ,1,6,1,12
2405700149,edf_hazen,maxwell,0.077124957801988,0.530385761606,Δo > Δ,1,6,1,1
2405700149,edf_gringorten,maxwell,0.0820269185863017,0.530385761606,Δo > Δ,1,6,1,2
2405700149,edf_cunnane,maxwell,0.0851894739310202,0.530385761606,Δo > Δ,1,6,1,3
2405700149,edf_blom,maxwell,0.087124957801988,0.530385761606,Δo > Δ,1,6,1,4
2405700149,edf_tukey,rayleigh,0.0883282427279379,0.530385761606,Δo > Δ,1,6,1,5
2405700149,edf_filliben,rayleigh,0.089374851370728,0.530385761606,Δo > Δ,1,6,1,6
2405700149,edf_weibull,logbetaprime,0.0894152336514754,0.530385761606,Δo > Δ,1,6,1,7
2405700149,edf_jenkinson,rayleigh,0.0899289198338898,0.530385761606,Δo > Δ,1,6,1,8
2405700149,edf_beard,rayleigh,0.0899289198338898,0.530385761606,Δo > Δ,1,6,1,9
2405700149,edf_chegodayev,rayleigh,0.0906636377022284,0.530385761606,Δo > Δ,1,6,1,10
2405700149,edf_adamowski,lognct,0.0941908246627629,0.530385761606,Δo > Δ,1,6,1,11
2405700149,edf_california,logfatiguelife,0.119744517255922,0.530385761606,Δo > Δ,1,6,1,12
25017010,edf_hazen,nakagami,0.0714282665191579,0.484420539261,Δo > Δ,1,7,1,1
25017010,edf_gringorten,nakagami,0.0786513804838449,0.484420539261,Δo > Δ,1,7,1,2
25017010,edf_cunnane,nakagami,0.0833330284239198,0.484420539261,Δo > Δ,1,7,1,3
25017010,edf_adamowski,logdweibull,0.0846300886258082,0.484420539261,Δo > Δ,1,7,1,4
25017010,edf_blom,nakagami,0.0862065916423106,0.484420539261,Δo > Δ,1,7,1,5
25017010,edf_chegodayev,logdweibull,0.08643189042761,0.484420539261,Δo > Δ,1,7,1,6
25017010,edf_filliben,logpearson3,0.0865764436164937,0.484420539261,Δo > Δ,1,7,1,7
25017010,edf_jenkinson,logpearson3,0.0865764436164937,0.484420539261,Δo > Δ,1,7,1,8
25017010,edf_tukey,logpearson3,0.0865764436164937,0.484420539261,Δo > Δ,1,7,1,9
25017010,edf_beard,logpearson3,0.0865764436164937,0.484420539261,Δo > Δ,1,7,1,10
25017010,edf_weibull,logpearson3,0.0963870574767284,0.484420539261,Δo > Δ,1,7,1,11
25017010,edf_california,loglogistic,0.1088603477561319,0.484420539261,Δo > Δ,1,7,1,12
25017030,edf_adamowski,dweibull,0.0801534938717784,0.5865427407550001,Δo > Δ,1,5,1,1
25017030,edf_weibull,dweibull,0.0803980547940133,0.5865427407550001,Δo > Δ,1,5,1,2
25017030,edf_chegodayev,dweibull,0.0835204972387818,0.5865427407550001,Δo > Δ,1,5,1,3
25017030,edf_jenkinson,dweibull,0.084208918001552,0.5865427407550001,Δo > Δ,1,5,1,4
25017030,edf_beard,dweibull,0.084208918001552,0.5865427407550001,Δo > Δ,1,5,1,5
25017030,edf_filliben,dweibull,0.0847286018951623,0.5865427407550001,Δo > Δ,1,5,1,6
25017030,edf_tukey,dweibull,0.0858353120535966,0.5865427407550001,Δo > Δ,1,5,1,7
25017030,edf_blom,dweibull,0.088811502529787,0.5865427407550001,Δo > Δ,1,5,1,8
25017030,edf_cunnane,dweibull,0.0906430043612889,0.5865427407550001,Δo > Δ,1,5,1,9
25017030,edf_gringorten,dweibull,0.0936478120535966,0.5865427407550001,Δo > Δ,1,5,1,10
25017030,edf_hazen,dweibull,0.0983353120535966,0.5865427407550001,Δo > Δ,1,5,1,11
25017030,edf_california,pearson3,0.1493389134129324,0.5865427407550001,Δo > Δ,1,5,1,12
25020430,edf_blom,logdweibull,0.0663211912988546,0.4472608134160001,Δo > Δ,1,8,1,1
25020430,edf_tukey,logdweibull,0.0686210821890408,0.4472608134160001,Δo > Δ,1,8,1,2
25020430,edf_cunnane,logdweibull,0.0689080353491133,0.4472608134160001,Δo > Δ,1,8,1,3
25020430,edf_filliben,logdweibull,0.0697567665883235,0.4472608134160001,Δo > Δ,1,8,1,4
25020430,edf_jenkinson,logdweibull,0.0702917265804489,0.4472608134160001,Δo > Δ,1,8,1,5
25020430,edf_beard,logdweibull,0.0702917265804489,0.4472608134160001,Δo > Δ,1,8,1,6
25020430,edf_chegodayev,logdweibull,0.0710020345699931,0.4472608134160001,Δo > Δ,1,8,1,7
25020430,edf_hazen,loggumbel_l,0.0724035002129137,0.4472608134160001,Δo > Δ,1,8,1,8
25020430,edf_gringorten,logdweibull,0.0731132498150511,0.4472608134160001,Δo > Δ,1,8,1,9
25020430,edf_adamowski,logdweibull,0.0745034351302172,0.4472608134160001,Δo > Δ,1,8,1,10
25020430,edf_weibull,logdweibull,0.090843304411263,0.4472608134160001,Δo > Δ,1,8,1,11
25020430,edf_california,loglaplace_asymmetric,0.0936978785388658,0.4472608134160001,Δo > Δ,1,8,1,12
25020440,edf_adamowski,logncf,0.0928634199491464,0.530385761606,Δo > Δ,1,6,1,1
25020440,edf_chegodayev,logncf,0.0940653430260695,0.530385761606,Δo > Δ,1,6,1,2
25020440,edf_jenkinson,logncf,0.0943102489821823,0.530385761606,Δo > Δ,1,6,1,3
25020440,edf_beard,logncf,0.0943102489821823,0.530385761606,Δo > Δ,1,6,1,4
25020440,edf_filliben,logncf,0.0944949384699029,0.530385761606,Δo > Δ,1,6,1,5
25020440,edf_tukey,logncf,0.0948877114471221,0.530385761606,Δo > Δ,1,6,1,6
25020440,edf_blom,logncf,0.098700977251015,0.530385761606,Δo > Δ,1,6,1,7
25020440,edf_cunnane,logncf,0.1019267837026277,0.530385761606,Δo > Δ,1,6,1,8
25020440,edf_weibull,logncf,0.1035853847129345,0.530385761606,Δo > Δ,1,6,1,9
25020440,edf_gringorten,logncf,0.1071977092771586,0.530385761606,Δo > Δ,1,6,1,10
25020440,edf_hazen,logncf,0.1153676439176816,0.530385761606,Δo > Δ,1,6,1,11
25020440,edf_california,lognakagami,0.1666812296777722,0.530385761606,Δo > Δ,1,6,1,12
25020470,edf_weibull,logdweibull,0.0975253704210871,0.4472608134160001,Δo > Δ,1,8,1,1
25020470,edf_adamowski,logweibull_min,0.1009753221282158,0.4472608134160001,Δo > Δ,1,8,1,2
25020470,edf_chegodayev,logweibull_min,0.1023401754369912,0.4472608134160001,Δo > Δ,1,8,1,3
25020470,edf_jenkinson,logweibull_min,0.1027663602307178,0.4472608134160001,Δo > Δ,1,8,1,4
25020470,edf_beard,logweibull_min,0.1027663602307178,0.4472608134160001,Δo > Δ,1,8,1,5
25020470,edf_filliben,logweibull_min,0.103087336225993,0.4472608134160001,Δo > Δ,1,8,1,6
25020470,edf_tukey,logweibull_min,0.1037687468655626,0.4472608134160001,Δo > Δ,1,8,1,7
25020470,edf_blom,logweibull_min,0.1055869286837444,0.4472608134160001,Δo > Δ,1,8,1,8
25020470,edf_cunnane,invgamma,0.1064250990189702,0.4472608134160001,Δo > Δ,1,8,1,9
25020470,edf_california,dweibull,0.1067073070694146,0.4472608134160001,Δo > Δ,1,8,1,10
25020470,edf_gringorten,invgamma,0.1070258439426756,0.4472608134160001,Δo > Δ,1,8,1,11
25020470,edf_hazen,invgamma,0.1079494892628726,0.4472608134160001,Δo > Δ,1,8,1,12
25020600,edf_california,t,0.1186161558686312,0.4472608134160001,Δo > Δ,1,8,1,1
25020600,edf_adamowski,logkappa4,0.1269660594953993,0.4472608134160001,Δo > Δ,1,8,1,2
25020600,edf_chegodayev,logkappa4,0.1276663396074441,0.4472608134160001,Δo > Δ,1,8,1,3
25020600,edf_jenkinson,logkappa4,0.127808401205353,0.4472608134160001,Δo > Δ,1,8,1,4
25020600,edf_beard,logkappa4,0.127808401205353,0.4472608134160001,Δo > Δ,1,8,1,5
25020600,edf_filliben,logkappa4,0.127915393203778,0.4472608134160001,Δo > Δ,1,8,1,6
25020600,edf_tukey,logkappa4,0.1281425300836345,0.4472608134160001,Δo > Δ,1,8,1,7
25020600,edf_blom,logkappa4,0.1287485906896951,0.4472608134160001,Δo > Δ,1,8,1,8
25020600,edf_cunnane,logkappa4,0.129118139839732,0.4472608134160001,Δo > Δ,1,8,1,9
25020600,edf_gringorten,logkappa4,0.1297188847634374,0.4472608134160001,Δo > Δ,1,8,1,10
25020600,edf_hazen,logkappa4,0.1306425300836345,0.4472608134160001,Δo > Δ,1,8,1,11
25020600,edf_weibull,logkappa4,0.1328134542557891,0.4472608134160001,Δo > Δ,1,8,1,12
25025000,edf_hazen,mielke,0.0461017727092498,0.5865427407550001,Δo > Δ,1,5,1,1
25025000,edf_gringorten,mielke,0.0486196686171938,0.5865427407550001,Δo > Δ,1,5,1,2
25025000,edf_cunnane,mielke,0.0546292840018092,0.5865427407550001,Δo > Δ,1,5,1,3
25025000,edf_blom,mielke,0.0582922876648128,0.5865427407550001,Δo > Δ,1,5,1,4
25025000,edf_tukey,mielke,0.0642446686171938,0.5865427407550001,Δo > Δ,1,5,1,5
25025000,edf_filliben,mielke,0.0664580889340624,0.5865427407550001,Δo > Δ,1,5,1,6
25025000,edf_beard,mielke,0.067497456721283,0.5865427407550001,Δo > Δ,1,5,1,7
25025000,edf_jenkinson,mielke,0.067497456721283,0.5865427407550001,Δo > Δ,1,5,1,8
25025000,edf_chegodayev,mielke,0.0688742982468234,0.5865427407550001,Δo > Δ,1,5,1,9
25025000,edf_adamowski,mielke,0.0756083049808301,0.5865427407550001,Δo > Δ,1,5,1,10
25025000,edf_weibull,logmielke,0.1006779402670428,0.5865427407550001,Δo > Δ,1,5,1,11
25025000,edf_california,t,0.1134508541120433,0.5865427407550001,Δo > Δ,1,5,1,12
25025002,edf_blom,logcrystalball,0.0475831090793356,0.484420539261,Δo > Δ,1,7,1,1
25025002,edf_cunnane,logcrystalball,0.048307640718756,0.484420539261,Δo > Δ,1,7,1,2
25025002,edf_gringorten,loggenlogistic,0.0488566894982881,0.484420539261,Δo > Δ,1,7,1,3
25025002,edf_hazen,loggenlogistic,0.0488566894982881,0.484420539261,Δo > Δ,1,7,1,4
25025002,edf_tukey,loggenlogistic,0.0491060047368653,0.484420539261,Δo > Δ,1,7,1,5
25025002,edf_filliben,loggenlogistic,0.0508649382676928,0.484420539261,Δo > Δ,1,7,1,6
25025002,edf_beard,loggenlogistic,0.0516928487871238,0.484420539261,Δo > Δ,1,7,1,7
25025002,edf_jenkinson,loggenlogistic,0.0516928487871238,0.484420539261,Δo > Δ,1,7,1,8
25025002,edf_chegodayev,loggenlogistic,0.052791508422369,0.484420539261,Δo > Δ,1,7,1,9
25025002,edf_adamowski,nct,0.0559013359326088,0.484420539261,Δo > Δ,1,7,1,10
25025002,edf_california,t,0.0656678338590593,0.484420539261,Δo > Δ,1,7,1,11
25025002,edf_weibull,nct,0.0809013359326088,0.484420539261,Δo > Δ,1,7,1,12
25025030,edf_filliben,loginvweibull,0.0494718754538607,0.4472608134160001,Δo > Δ,1,8,1,1
25025030,edf_jenkinson,loginvweibull,0.0499999095248457,0.4472608134160001,Δo > Δ,1,8,1,2
25025030,edf_beard,loginvweibull,0.0499999095248457,0.4472608134160001,Δo > Δ,1,8,1,3
25025030,edf_tukey,loginvweibull,0.0501532860934303,0.4472608134160001,Δo > Δ,1,8,1,4
25025030,edf_chegodayev,loginvweibull,0.0509943407102077,0.4472608134160001,Δo > Δ,1,8,1,5
25025030,edf_hazen,mielke,0.0516712958063944,0.4472608134160001,Δo > Δ,1,8,1,6
25025030,edf_blom,loginvweibull,0.0519714679116121,0.4472608134160001,Δo > Δ,1,8,1,7
25025030,edf_gringorten,mielke,0.0525949411265915,0.4472608134160001,Δo > Δ,1,8,1,8
25025030,edf_cunnane,loginvweibull,0.0530801153617229,0.4472608134160001,Δo > Δ,1,8,1,9
25025030,edf_adamowski,mielke,0.0553477663946297,0.4472608134160001,Δo > Δ,1,8,1,10
25025030,edf_weibull,loglaplace_asymmetric,0.0721319841797799,0.4472608134160001,Δo > Δ,1,8,1,11
25025030,edf_california,logdweibull,0.0935332578823203,0.4472608134160001,Δo > Δ,1,8,1,12
25025190,edf_gringorten,logdweibull,0.0872717751584555,0.5865427407550001,Δo > Δ,1,5,1,1
25025190,edf_cunnane,logdweibull,0.0880369851902048,0.5865427407550001,Δo > Δ,1,5,1,2
25025190,edf_blom,logdweibull,0.0916999888532084,0.5865427407550001,Δo > Δ,1,5,1,3
25025190,edf_hazen,logdweibull,0.0919592751584554,0.5865427407550001,Δo > Δ,1,5,1,4
25025190,edf_tukey,logdweibull,0.0976523698055893,0.5865427407550001,Δo > Δ,1,5,1,5
25025190,edf_filliben,logdweibull,0.0998657901224578,0.5865427407550001,Δo > Δ,1,5,1,6
25025190,edf_beard,logdweibull,0.1009051579096784,0.5865427407550001,Δo > Δ,1,5,1,7
25025190,edf_jenkinson,logdweibull,0.1009051579096784,0.5865427407550001,Δo > Δ,1,5,1,8
25025190,edf_chegodayev,logdweibull,0.1022819994352189,0.5865427407550001,Δo > Δ,1,5,1,9
25025190,edf_adamowski,logdweibull,0.1090160061692256,0.5865427407550001,Δo > Δ,1,5,1,10
25025190,edf_weibull,logdweibull,0.1393190364722559,0.5865427407550001,Δo > Δ,1,5,1,11
25025190,edf_california,dweibull,0.1570750905776097,0.5865427407550001,Δo > Δ,1,5,1,12
25025240,edf_cunnane,fisk,0.0947932395723578,0.5865427407550001,Δo > Δ,1,5,1,1
25025240,edf_jenkinson,fisk,0.0947932395723578,0.5865427407550001,Δo > Δ,1,5,1,2
25025240,edf_filliben,fisk,0.0947932395723578,0.5865427407550001,Δo > Δ,1,5,1,3
25025240,edf_gringorten,fisk,0.0947932395723578,0.5865427407550001,Δo > Δ,1,5,1,4
25025240,edf_blom,fisk,0.0947932395723578,0.5865427407550001,Δo > Δ,1,5,1,5
25025240,edf_tukey,fisk,0.0947932395723578,0.5865427407550001,Δo > Δ,1,5,1,6
25025240,edf_chegodayev,fisk,0.0947932395723578,0.5865427407550001,Δo > Δ,1,5,1,7
25025240,edf_beard,fisk,0.0947932395723578,0.5865427407550001,Δo > Δ,1,5,1,8
25025240,edf_hazen,fisk,0.0947932395723578,0.5865427407550001,Δo > Δ,1,5,1,9
25025240,edf_adamowski,fisk,0.0966411465929334,0.5865427407550001,Δo > Δ,1,5,1,10
25025240,edf_weibull,fisk,0.1190066815179364,0.5865427407550001,Δo > Δ,1,5,1,11
25025240,edf_california,logmielke,0.1395660135478185,0.5865427407550001,Δo > Δ,1,5,1,12
25025280,edf_weibull,laplace_asymmetric,0.1196451603674805,0.4472608134160001,Δo > Δ,1,8,1,1
25025280,edf_adamowski,laplace_asymmetric,0.1359850296485263,0.4472608134160001,Δo > Δ,1,8,1,2
25025280,edf_chegodayev,laplace_asymmetric,0.1394864302087504,0.4472608134160001,Δo > Δ,1,8,1,3
25025280,edf_jenkinson,laplace_asymmetric,0.1401967381982947,0.4472608134160001,Δo > Δ,1,8,1,4
25025280,edf_beard,laplace_asymmetric,0.1401967381982947,0.4472608134160001,Δo > Δ,1,8,1,5
25025280,edf_filliben,laplace_asymmetric,0.14073169819042,0.4472608134160001,Δo > Δ,1,8,1,6
25025280,edf_tukey,laplace_asymmetric,0.1418673825897027,0.4472608134160001,Δo > Δ,1,8,1,7
25025280,edf_blom,laplace_asymmetric,0.1448976856200058,0.4472608134160001,Δo > Δ,1,8,1,8
25025280,edf_cunnane,laplace_asymmetric,0.1467454313701905,0.4472608134160001,Δo > Δ,1,8,1,9
25025280,edf_california,gumbel_r,0.14816254729617,0.4472608134160001,Δo > Δ,1,8,1,10
25025280,edf_gringorten,laplace_asymmetric,0.1497491559887175,0.4472608134160001,Δo > Δ,1,8,1,11
25025280,edf_hazen,laplace_asymmetric,0.1543673825897027,0.4472608134160001,Δo > Δ,1,8,1,12
25025330,edf_california,dweibull,0.0668234759044988,0.5865427407550001,Δo > Δ,1,5,1,1
25025330,edf_hazen,logbetaprime,0.0740916534548448,0.5865427407550001,Δo > Δ,1,5,1,2
25025330,edf_gringorten,logbetaprime,0.0787791534548447,0.5865427407550001,Δo > Δ,1,5,1,3
25025330,edf_cunnane,logbetaprime,0.0817839611471524,0.5865427407550001,Δo > Δ,1,5,1,4
25025330,edf_blom,logbetaprime,0.0836154629786543,0.5865427407550001,Δo > Δ,1,5,1,5
25025330,edf_tukey,logbetaprime,0.0865916534548447,0.5865427407550001,Δo > Δ,1,5,1,6
25025330,edf_filliben,logbetaprime,0.0876983636132791,0.5865427407550001,Δo > Δ,1,5,1,7
25025330,edf_jenkinson,logbetaprime,0.0882180475068893,0.5865427407550001,Δo > Δ,1,5,1,8
25025330,edf_beard,logbetaprime,0.0882180475068893,0.5865427407550001,Δo > Δ,1,5,1,9
25025330,edf_chegodayev,logbetaprime,0.0889064682696596,0.5865427407550001,Δo > Δ,1,5,1,10
25025330,edf_adamowski,logbetaprime,0.092273471636663,0.5865427407550001,Δo > Δ,1,5,1,11
25025330,edf_weibull,logbetaprime,0.1074249867881781,0.5865427407550001,Δo > Δ,1,5,1,12
25025340,edf_california,dweibull,0.1160281195244401,0.530385761606,Δo > Δ,1,6,1,1
25025340,edf_hazen,logt,0.1328663278948373,0.530385761606,Δo > Δ,1,6,1,2
25025340,edf_gringorten,logt,0.1377682886791511,0.530385761606,Δo > Δ,1,6,1,3
25025340,edf_cunnane,logt,0.1409308440238696,0.530385761606,Δo > Δ,1,6,1,4
25025340,edf_blom,logt,0.1428663278948373,0.530385761606,Δo > Δ,1,6,1,5
25025340,edf_tukey,logt,0.1460242226316794,0.530385761606,Δo > Δ,1,6,1,6
25025340,edf_filliben,logt,0.1472025415633369,0.530385761606,Δo > Δ,1,6,1,7
25025340,edf_jenkinson,logt,0.1477566100264986,0.530385761606,Δo > Δ,1,6,1,8
25025340,edf_beard,logt,0.1477566100264986,0.530385761606,Δo > Δ,1,6,1,9
25025340,edf_chegodayev,logt,0.1484913278948373,0.530385761606,Δo > Δ,1,6,1,10
25025340,edf_weibull,logdweibull,0.1510873936484504,0.530385761606,Δo > Δ,1,6,1,11
25025340,edf_adamowski,logt,0.1520970971256066,0.530385761606,Δo > Δ,1,6,1,12
25025350,edf_blom,dweibull,0.1008458813437669,0.5865427407550001,Δo > Δ,1,5,1,1
25025350,edf_hazen,logdweibull,0.1023866932654713,0.5865427407550001,Δo > Δ,1,5,1,2
25025350,edf_tukey,dweibull,0.103077859548646,0.5865427407550001,Δo > Δ,1,5,1,3
25025350,edf_cunnane,dweibull,0.1045088850067704,0.5865427407550001,Δo > Δ,1,5,1,4
25025350,edf_filliben,dweibull,0.1052912798655145,0.5865427407550001,Δo > Δ,1,5,1,5
25025350,edf_jenkinson,dweibull,0.1063306476527352,0.5865427407550001,Δo > Δ,1,5,1,6
25025350,edf_beard,dweibull,0.1063306476527352,0.5865427407550001,Δo > Δ,1,5,1,7
25025350,edf_gringorten,logdweibull,0.1070741932654713,0.5865427407550001,Δo > Δ,1,5,1,8
25025350,edf_chegodayev,dweibull,0.1077074891782756,0.5865427407550001,Δo > Δ,1,5,1,9
25025350,edf_adamowski,dweibull,0.1144414959122823,0.5865427407550001,Δo > Δ,1,5,1,10
25025350,edf_weibull,loginvweibull,0.1188682887871286,0.5865427407550001,Δo > Δ,1,5,1,11
25025350,edf_california,loglaplace_asymmetric,0.1400353457442565,0.5865427407550001,Δo > Δ,1,5,1,12
25025360,edf_adamowski,exponnorm,0.0585884259791006,0.4472608134160001,Δo > Δ,1,8,1,1
25025360,edf_filliben,logmielke,0.0594330864086549,0.4472608134160001,Δo > Δ,1,8,1,2
25025360,edf_jenkinson,logmielke,0.0595400784070799,0.4472608134160001,Δo > Δ,1,8,1,3
25025360,edf_beard,logmielke,0.0595400784070799,0.4472608134160001,Δo > Δ,1,8,1,4
25025360,edf_chegodayev,logcrystalball,0.0595623312021904,0.4472608134160001,Δo > Δ,1,8,1,5
25025360,edf_tukey,loggenlogistic,0.0598517778603032,0.4472608134160001,Δo > Δ,1,8,1,6
25025360,edf_cunnane,logt,0.060636691782981,0.4472608134160001,Δo > Δ,1,8,1,7
25025360,edf_blom,logt,0.0610062409330181,0.4472608134160001,Δo > Δ,1,8,1,8
25025360,edf_gringorten,laplace_asymmetric,0.0613837978381826,0.4472608134160001,Δo > Δ,1,8,1,9
25025360,edf_hazen,fisk,0.0622374489589746,0.4472608134160001,Δo > Δ,1,8,1,10
25025360,edf_weibull,nct,0.0739956894049042,0.4472608134160001,Δo > Δ,1,8,1,11
25025360,edf_california,loglaplace,0.1027551596791757,0.4472608134160001,Δo > Δ,1,8,1,12
25025380,edf_weibull,dweibull,0.1407306622190109,0.4472608134160001,Δo > Δ,1,8,1,1
25025380,edf_jenkinson,logfisk,0.1536786021186331,0.4472608134160001,Δo > Δ,1,8,1,2
25025380,edf_beard,logfisk,0.1536786021186331,0.4472608134160001,Δo > Δ,1,8,1,3
25025380,edf_chegodayev,logfisk,0.153820663716542,0.4472608134160001,Δo > Δ,1,8,1,4
25025380,edf_filliben,logfisk,0.1541956371052933,0.4472608134160001,Δo > Δ,1,8,1,5
25025380,edf_adamowski,logfisk,0.1545209438285868,0.4472608134160001,Δo > Δ,1,8,1,6
25025380,edf_california,logweibull_min,0.1546275312398969,0.4472608134160001,Δo > Δ,1,8,1,7
25025380,edf_tukey,logfisk,0.1557855952642892,0.4472608134160001,Δo > Δ,1,8,1,8
25025380,edf_hazen,logpearson3,0.1587525149956656,0.4472608134160001,Δo > Δ,1,8,1,9
25025380,edf_gringorten,logpearson3,0.1596761603158627,0.4472608134160001,Δo > Δ,1,8,1,10
25025380,edf_blom,logfisk,0.1600280195067134,0.4472608134160001,Δo > Δ,1,8,1,11
25025380,edf_cunnane,logpearson3,0.160276905239568,0.4472608134160001,Δo > Δ,1,8,1,12
25027050,edf_adamowski,dweibull,0.0683876556002664,0.530385761606,Δo > Δ,1,6,1,1
25027050,edf_chegodayev,dweibull,0.0703006840248738,0.530385761606,Δo > Δ,1,6,1,2
25027050,edf_jenkinson,dweibull,0.0710354018932125,0.530385761606,Δo > Δ,1,6,1,3
25027050,edf_beard,dweibull,0.0710354018932125,0.530385761606,Δo > Δ,1,6,1,4
25027050,edf_filliben,dweibull,0.0715894703563743,0.530385761606,Δo > Δ,1,6,1,5
25027050,edf_tukey,dweibull,0.0727677892880317,0.530385761606,Δo > Δ,1,6,1,6
25027050,edf_blom,dweibull,0.0759256840248738,0.530385761606,Δo > Δ,1,6,1,7
25027050,edf_cunnane,dweibull,0.0778611678958415,0.530385761606,Δo > Δ,1,6,1,8
25027050,edf_gringorten,dweibull,0.08102372324056,0.530385761606,Δo > Δ,1,6,1,9
25027050,edf_hazen,kappa4,0.0833333333333322,0.530385761606,Δo > Δ,1,6,1,10
25027050,edf_weibull,dweibull,0.0958601830727938,0.530385761606,Δo > Δ,1,6,1,11
25027050,edf_california,alpha,0.1080253405724741,0.530385761606,Δo > Δ,1,6,1,12
25027770,edf_adamowski,mielke,0.0016010861227638,0.4472608134160001,Δo > Δ,1,8,1,1
25027770,edf_chegodayev,mielke,0.0065030469070775,0.4472608134160001,Δo > Δ,1,8,1,2
25027770,edf_jenkinson,mielke,0.0074974780924395,0.4472608134160001,Δo > Δ,1,8,1,3
25027770,edf_beard,mielke,0.0074974780924395,0.4472608134160001,Δo > Δ,1,8,1,4
25027770,edf_filliben,mielke,0.0082464220814151,0.4472608134160001,Δo > Δ,1,8,1,5
25027770,edf_tukey,mielke,0.0098363802404109,0.4472608134160001,Δo > Δ,1,8,1,6
25027770,edf_blom,mielke,0.0140788044828351,0.4472608134160001,Δo > Δ,1,8,1,7
25027770,edf_cunnane,mielke,0.0166656485330938,0.4472608134160001,Δo > Δ,1,8,1,8
25027770,edf_gringorten,mielke,0.0208708629990315,0.4472608134160001,Δo > Δ,1,8,1,9
25027770,edf_weibull,mielke,0.0212747308707001,0.4472608134160001,Δo > Δ,1,8,1,10
25027770,edf_hazen,mielke,0.0273363802404109,0.4472608134160001,Δo > Δ,1,8,1,11
25027770,edf_california,mielke,0.035163619759589,0.4472608134160001,Δo > Δ,1,8,1,12
25027910,edf_weibull,dweibull,0.0719054825667525,0.5865427407550001,Δo > Δ,1,5,1,1
25027910,edf_adamowski,dweibull,0.0848053025185417,0.5865427407550001,Δo > Δ,1,5,1,2
25027910,edf_chegodayev,dweibull,0.0881723058855451,0.5865427407550001,Δo > Δ,1,5,1,3
25027910,edf_jenkinson,dweibull,0.0888607266483154,0.5865427407550001,Δo > Δ,1,5,1,4
25027910,edf_beard,dweibull,0.0888607266483154,0.5865427407550001,Δo > Δ,1,5,1,5
25027910,edf_filliben,dweibull,0.0893804105419256,0.5865427407550001,Δo > Δ,1,5,1,6
25027910,edf_tukey,dweibull,0.09048712070036,0.5865427407550001,Δo > Δ,1,5,1,7
25027910,edf_blom,dweibull,0.0934633111765504,0.5865427407550001,Δo > Δ,1,5,1,8
25027910,edf_cunnane,dweibull,0.0952948130080523,0.5865427407550001,Δo > Δ,1,5,1,9
25027910,edf_gringorten,dweibull,0.09829962070036,0.5865427407550001,Δo > Δ,1,5,1,10
25027910,edf_hazen,dweibull,0.1029871207003599,0.5865427407550001,Δo > Δ,1,5,1,11
25027910,edf_california,loglaplace,0.1599804658957263,0.5865427407550001,Δo > Δ,1,5,1,12
26015010,edf_tukey,dweibull,0.1224727157389824,0.417612680231,Δo > Δ,1,9,1,1
26015010,edf_filliben,dweibull,0.1233352965114162,0.417612680231,Δo > Δ,1,9,1,2
26015010,edf_jenkinson,dweibull,0.1238475700153783,0.417612680231,Δo > Δ,1,9,1,3
26015010,edf_beard,dweibull,0.1238475700153783,0.417612680231,Δo > Δ,1,9,1,4
26015010,edf_blom,dweibull,0.1244032176694843,0.417612680231,Δo > Δ,1,9,1,5
26015010,edf_chegodayev,dweibull,0.1245280581522018,0.417612680231,Δo > Δ,1,9,1,6
26015010,edf_cunnane,dweibull,0.1255783058010942,0.417612680231,Δo > Δ,1,9,1,7
26015010,edf_gringorten,dweibull,0.1274852470673032,0.417612680231,Δo > Δ,1,9,1,8
26015010,edf_adamowski,dweibull,0.127887520638204,0.417612680231,Δo > Δ,1,9,1,9
26015010,edf_hazen,dweibull,0.1304092236754903,0.417612680231,Δo > Δ,1,9,1,10
26015010,edf_weibull,dweibull,0.1436769943224146,0.417612680231,Δo > Δ,1,9,1,11
26015010,edf_california,laplace_asymmetric,0.1522991562284558,0.417612680231,Δo > Δ,1,9,1,12
26015030,edf_hazen,dweibull,0.0588866260091999,0.4472608134160001,Δo > Δ,1,8,1,1
26015030,edf_chegodayev,maxwell,0.0595693346645364,0.4472608134160001,Δo > Δ,1,8,1,2
26015030,edf_beard,maxwell,0.0602796426540807,0.4472608134160001,Δo > Δ,1,8,1,3
26015030,edf_jenkinson,maxwell,0.0602796426540807,0.4472608134160001,Δo > Δ,1,8,1,4
26015030,edf_filliben,maxwell,0.060814602646206,0.4472608134160001,Δo > Δ,1,8,1,5
26015030,edf_blom,pearson3,0.0609819890560034,0.4472608134160001,Δo > Δ,1,8,1,6
26015030,edf_tukey,maxwell,0.0619502870454888,0.4472608134160001,Δo > Δ,1,8,1,7
26015030,edf_cunnane,pearson3,0.0628297348061883,0.4472608134160001,Δo > Δ,1,8,1,8
26015030,edf_adamowski,maxwell,0.0629262899115222,0.4472608134160001,Δo > Δ,1,8,1,9
26015030,edf_gringorten,dweibull,0.0635048526101851,0.4472608134160001,Δo > Δ,1,8,1,10
26015030,edf_weibull,loggenlogistic,0.0734698948673054,0.4472608134160001,Δo > Δ,1,8,1,11
26015030,edf_california,loglaplace_asymmetric,0.1021499097323774,0.4472608134160001,Δo > Δ,1,8,1,12
26015040,edf_weibull,logdweibull,0.091675435808683,0.417612680231,Δo > Δ,1,9,1,1
26015040,edf_hazen,t,0.1061290523459349,0.417612680231,Δo > Δ,1,9,1,2
26015040,edf_adamowski,logdweibull,0.1074649094928935,0.417612680231,Δo > Δ,1,9,1,3
26015040,edf_gringorten,t,0.109053028954122,0.417612680231,Δo > Δ,1,9,1,4
26015040,edf_chegodayev,logdweibull,0.1108243719788958,0.417612680231,Δo > Δ,1,9,1,5
26015040,edf_cunnane,t,0.1109599702203311,0.417612680231,Δo > Δ,1,9,1,6
26015040,edf_jenkinson,logdweibull,0.1115048601157192,0.417612680231,Δo > Δ,1,9,1,7
26015040,edf_beard,logdweibull,0.1115048601157192,0.417612680231,Δo > Δ,1,9,1,8
26015040,edf_filliben,logdweibull,0.1120171336196814,0.417612680231,Δo > Δ,1,9,1,9
26015040,edf_blom,t,0.1121350583519409,0.417612680231,Δo > Δ,1,9,1,10
26015040,edf_tukey,logdweibull,0.1131040072372544,0.417612680231,Δo > Δ,1,9,1,11
26015040,edf_california,loglaplace_asymmetric,0.1459334014541287,0.417612680231,Δo > Δ,1,9,1,12
26015050,edf_hazen,dweibull,0.0590502195572929,0.484420539261,Δo > Δ,1,7,1,1
26015050,edf_gringorten,dweibull,0.062984926650168,0.484420539261,Δo > Δ,1,7,1,2
26015050,edf_beard,logdweibull,0.0665475050836892,0.484420539261,Δo > Δ,1,7,1,3
26015050,edf_jenkinson,logdweibull,0.0665475050836892,0.484420539261,Δo > Δ,1,7,1,4
26015050,edf_filliben,logdweibull,0.066881805527236,0.484420539261,Δo > Δ,1,7,1,5
26015050,edf_chegodayev,logdweibull,0.0669137249621043,0.484420539261,Δo > Δ,1,7,1,6
26015050,edf_cunnane,dweibull,0.0676665745902429,0.484420539261,Δo > Δ,1,7,1,7
26015050,edf_tukey,logdweibull,0.0680544278811211,0.484420539261,Δo > Δ,1,7,1,8
26015050,edf_adamowski,logdweibull,0.0687155267639061,0.484420539261,Δo > Δ,1,7,1,9
26015050,edf_blom,dweibull,0.0705401378086336,0.484420539261,Δo > Δ,1,7,1,10
26015050,edf_weibull,logdweibull,0.0936475591159137,0.484420539261,Δo > Δ,1,7,1,11
26015050,edf_california,dweibull,0.1182252311212893,0.484420539261,Δo > Δ,1,7,1,12
26027200,edf_chegodayev,genlogistic,0.0721086937220292,0.5865427407550001,Δo > Δ,1,5,1,1
26027200,edf_jenkinson,genlogistic,0.0727971144847995,0.5865427407550001,Δo > Δ,1,5,1,2
26027200,edf_beard,genlogistic,0.0727971144847995,0.5865427407550001,Δo > Δ,1,5,1,3
26027200,edf_filliben,genlogistic,0.0733167983784097,0.5865427407550001,Δo > Δ,1,5,1,4
26027200,edf_tukey,genlogistic,0.0744235085368441,0.5865427407550001,Δo > Δ,1,5,1,5
26027200,edf_blom,laplace_asymmetric,0.0763786143897571,0.5865427407550001,Δo > Δ,1,5,1,6
26027200,edf_adamowski,genlogistic,0.0768929884032092,0.5865427407550001,Δo > Δ,1,5,1,7
26027200,edf_cunnane,laplace_asymmetric,0.0782101162212589,0.5865427407550001,Δo > Δ,1,5,1,8
26027200,edf_gringorten,laplace_asymmetric,0.0812149239135666,0.5865427407550001,Δo > Δ,1,5,1,9
26027200,edf_hazen,laplace_asymmetric,0.0859024239135666,0.5865427407550001,Δo > Δ,1,5,1,10
26027200,edf_weibull,genlogistic,0.1071960187062395,0.5865427407550001,Δo > Δ,1,5,1,11
26027200,edf_california,truncnorm,0.1452029502411559,0.5865427407550001,Δo > Δ,1,5,1,12
2604500039,edf_hazen,fisk,0.056787383307955,0.530385761606,Δo > Δ,1,6,1,1
2604500039,edf_gringorten,fisk,0.0608401404631843,0.530385761606,Δo > Δ,1,6,1,2
2604500039,edf_cunnane,fisk,0.0640026958079028,0.530385761606,Δo > Δ,1,6,1,3
2604500039,edf_california,dweibull,0.0645212551819324,0.530385761606,Δo > Δ,1,6,1,4
2604500039,edf_blom,fisk,0.0659381796788705,0.530385761606,Δo > Δ,1,6,1,5
2604500039,edf_tukey,fisk,0.0690960744157126,0.530385761606,Δo > Δ,1,6,1,6
2604500039,edf_filliben,fisk,0.07027439334737,0.530385761606,Δo > Δ,1,6,1,7
2604500039,edf_jenkinson,fisk,0.0709194885565473,0.530385761606,Δo > Δ,1,6,1,8
2604500039,edf_beard,fisk,0.0709194885565473,0.530385761606,Δo > Δ,1,6,1,9
2604500039,edf_chegodayev,fisk,0.0721440183371115,0.530385761606,Δo > Δ,1,6,1,10
2604500039,edf_adamowski,fisk,0.0781536337217269,0.530385761606,Δo > Δ,1,6,1,11
2604500039,edf_weibull,halfnorm,0.1002281372431297,0.530385761606,Δo > Δ,1,6,1,12
2604500134,edf_california,logfatiguelife,0.1230685559290772,0.5865427407550001,Δo > Δ,1,5,1,1
2604500134,edf_hazen,lograyleigh,0.1353324717904642,0.5865427407550001,Δo > Δ,1,5,1,2
2604500134,edf_gringorten,lograyleigh,0.1400199717904642,0.5865427407550001,Δo > Δ,1,5,1,3
2604500134,edf_cunnane,lograyleigh,0.1430247794827719,0.5865427407550001,Δo > Δ,1,5,1,4
2604500134,edf_blom,lograyleigh,0.1448562813142737,0.5865427407550001,Δo > Δ,1,5,1,5
2604500134,edf_tukey,lograyleigh,0.1478324717904642,0.5865427407550001,Δo > Δ,1,5,1,6
2604500134,edf_filliben,lograyleigh,0.1489391819488985,0.5865427407550001,Δo > Δ,1,5,1,7
2604500134,edf_jenkinson,lograyleigh,0.1494588658425087,0.5865427407550001,Δo > Δ,1,5,1,8
2604500134,edf_beard,lograyleigh,0.1494588658425087,0.5865427407550001,Δo > Δ,1,5,1,9
2604500134,edf_chegodayev,lograyleigh,0.1501472866052791,0.5865427407550001,Δo > Δ,1,5,1,10
2604500134,edf_adamowski,halfnorm,0.1516949474494315,0.5865427407550001,Δo > Δ,1,5,1,11
2604500134,edf_weibull,halfnorm,0.1516949474494315,0.5865427407550001,Δo > Δ,1,5,1,12
26055100,edf_hazen,logt,0.1529986719976049,0.417612680231,Δo > Δ,1,9,1,1
26055100,edf_gringorten,logt,0.155922648605792,0.417612680231,Δo > Δ,1,9,1,2
26055100,edf_cunnane,logt,0.157829589872001,0.417612680231,Δo > Δ,1,9,1,3
26055100,edf_blom,logt,0.1590046780036109,0.417612680231,Δo > Δ,1,9,1,4
26055100,edf_tukey,logt,0.1609351799341128,0.417612680231,Δo > Δ,1,9,1,5
26055100,edf_filliben,logt,0.1616597623458281,0.417612680231,Δo > Δ,1,9,1,6
26055100,edf_beard,logt,0.1620012780151362,0.417612680231,Δo > Δ,1,9,1,7
26055100,edf_jenkinson,logt,0.1620012780151362,0.417612680231,Δo > Δ,1,9,1,8
26055100,edf_chegodayev,logt,0.1624549367730186,0.417612680231,Δo > Δ,1,9,1,9
26055100,edf_adamowski,logt,0.1646945784303534,0.417612680231,Δo > Δ,1,9,1,10
26055100,edf_weibull,logt,0.1752208942198271,0.417612680231,Δo > Δ,1,9,1,11
26055100,edf_california,mielke,0.1903590989787382,0.417612680231,Δo > Δ,1,9,1,12
26055110,edf_hazen,laplace_asymmetric,0.0703929048634133,0.4472608134160001,Δo > Δ,1,8,1,1
26055110,edf_gringorten,laplace_asymmetric,0.0750111314643985,0.4472608134160001,Δo > Δ,1,8,1,2
26055110,edf_cunnane,laplace_asymmetric,0.0780148560829255,0.4472608134160001,Δo > Δ,1,8,1,3
26055110,edf_blom,laplace_asymmetric,0.0798626018331102,0.4472608134160001,Δo > Δ,1,8,1,4
26055110,edf_tukey,laplace_asymmetric,0.0828929048634133,0.4472608134160001,Δo > Δ,1,8,1,5
26055110,edf_filliben,laplace_asymmetric,0.084028589262696,0.4472608134160001,Δo > Δ,1,8,1,6
26055110,edf_beard,laplace_asymmetric,0.0845635492548214,0.4472608134160001,Δo > Δ,1,8,1,7
26055110,edf_jenkinson,laplace_asymmetric,0.0845635492548214,0.4472608134160001,Δo > Δ,1,8,1,8
26055110,edf_chegodayev,laplace_asymmetric,0.0852738572443656,0.4472608134160001,Δo > Δ,1,8,1,9
26055110,edf_adamowski,laplace_asymmetric,0.0887752578045897,0.4472608134160001,Δo > Δ,1,8,1,10
26055110,edf_weibull,laplace_asymmetric,0.1051151270856355,0.4472608134160001,Δo > Δ,1,8,1,11
26055110,edf_california,loglaplace_asymmetric,0.131155952315456,0.4472608134160001,Δo > Δ,1,8,1,12
26055120,edf_cunnane,dweibull,0.146554281276306,0.417612680231,Δo > Δ,1,9,1,1
26055120,edf_jenkinson,dweibull,0.146554281276306,0.417612680231,Δo > Δ,1,9,1,2
26055120,edf_filliben,dweibull,0.146554281276306,0.417612680231,Δo > Δ,1,9,1,3
26055120,edf_gringorten,dweibull,0.146554281276306,0.417612680231,Δo > Δ,1,9,1,4
26055120,edf_blom,dweibull,0.146554281276306,0.417612680231,Δo > Δ,1,9,1,5
26055120,edf_tukey,dweibull,0.146554281276306,0.417612680231,Δo > Δ,1,9,1,6
26055120,edf_chegodayev,dweibull,0.146554281276306,0.417612680231,Δo > Δ,1,9,1,7
26055120,edf_beard,dweibull,0.146554281276306,0.417612680231,Δo > Δ,1,9,1,8
26055120,edf_hazen,dweibull,0.146554281276306,0.417612680231,Δo > Δ,1,9,1,9
26055120,edf_adamowski,dweibull,0.1470298702969634,0.417612680231,Δo > Δ,1,9,1,10
26055120,edf_weibull,dweibull,0.1628193439811739,0.417612680231,Δo > Δ,1,9,1,11
26055120,edf_california,laplace_asymmetric,0.1667171561607152,0.417612680231,Δo > Δ,1,9,1,12
26057030,edf_gringorten,ncf,0.1084926319967913,0.530385761606,Δo > Δ,1,6,1,1
26057030,edf_cunnane,ncf,0.1095468171116975,0.530385761606,Δo > Δ,1,6,1,2
26057030,edf_blom,ncf,0.11019197840202,0.530385761606,Δo > Δ,1,6,1,3
26057030,edf_tukey,ncf,0.1112446099809674,0.530385761606,Δo > Δ,1,6,1,4
26057030,edf_filliben,ncf,0.1116373829581865,0.530385761606,Δo > Δ,1,6,1,5
26057030,edf_jenkinson,ncf,0.1118220724459072,0.530385761606,Δo > Δ,1,6,1,6
26057030,edf_beard,ncf,0.1118220724459072,0.530385761606,Δo > Δ,1,6,1,7
26057030,edf_chegodayev,ncf,0.11206697840202,0.530385761606,Δo > Δ,1,6,1,8
26057030,edf_hazen,ncf,0.1131639833122782,0.530385761606,Δo > Δ,1,6,1,9
26057030,edf_adamowski,ncf,0.1132689014789431,0.530385761606,Δo > Δ,1,6,1,10
26057030,edf_weibull,ncf,0.1187634069734486,0.530385761606,Δo > Δ,1,6,1,11
26057030,edf_california,invgauss,0.1384658682169453,0.530385761606,Δo > Δ,1,6,1,12
26065501,edf_weibull,halflogistic,0.0958577158179032,0.484420539261,Δo > Δ,1,7,1,1
26065501,edf_adamowski,logt,0.0993946661865444,0.484420539261,Δo > Δ,1,7,1,2
26065501,edf_jenkinson,logt,0.0993946661865444,0.484420539261,Δo > Δ,1,7,1,3
26065501,edf_cunnane,logt,0.0993946661865444,0.484420539261,Δo > Δ,1,7,1,4
26065501,edf_gringorten,logt,0.0993946661865444,0.484420539261,Δo > Δ,1,7,1,5
26065501,edf_tukey,logt,0.0993946661865444,0.484420539261,Δo > Δ,1,7,1,6
26065501,edf_blom,logt,0.0993946661865444,0.484420539261,Δo > Δ,1,7,1,7
26065501,edf_filliben,logt,0.0993946661865444,0.484420539261,Δo > Δ,1,7,1,8
26065501,edf_chegodayev,logt,0.0993946661865444,0.484420539261,Δo > Δ,1,7,1,9
26065501,edf_beard,logt,0.0993946661865444,0.484420539261,Δo > Δ,1,7,1,10
26065501,edf_hazen,logt,0.1026460186367873,0.484420539261,Δo > Δ,1,7,1,11
26065501,edf_california,logbetaprime,0.1428173783539654,0.484420539261,Δo > Δ,1,7,1,12
26065502,edf_california,dweibull,0.0548113003646757,0.484420539261,Δo > Δ,1,7,1,1
26065502,edf_weibull,logncf,0.0609382704506618,0.484420539261,Δo > Δ,1,7,1,2
26065502,edf_blom,dweibull,0.0658421683042148,0.484420539261,Δo > Δ,1,7,1,3
26065502,edf_cunnane,dweibull,0.0668000227103451,0.484420539261,Δo > Δ,1,7,1,4
26065502,edf_tukey,dweibull,0.0671373836832542,0.484420539261,Δo > Δ,1,7,1,5
26065502,edf_gringorten,dweibull,0.0683605720237034,0.484420539261,Δo > Δ,1,7,1,6
26065502,edf_hazen,maxwell,0.0688156932387065,0.484420539261,Δo > Δ,1,7,1,7
26065502,edf_filliben,dweibull,0.0688963172140818,0.484420539261,Δo > Δ,1,7,1,8
26065502,edf_jenkinson,dweibull,0.0697242277335128,0.484420539261,Δo > Δ,1,7,1,9
26065502,edf_beard,dweibull,0.0697242277335128,0.484420539261,Δo > Δ,1,7,1,10
26065502,edf_chegodayev,dweibull,0.0708228873687579,0.484420539261,Δo > Δ,1,7,1,11
26065502,edf_adamowski,dweibull,0.0762282927741633,0.484420539261,Δo > Δ,1,7,1,12
26075120,edf_adamowski,genlogistic,0.0769316404691259,0.4472608134160001,Δo > Δ,1,8,1,1
26075120,edf_chegodayev,genlogistic,0.0776319205811707,0.4472608134160001,Δo > Δ,1,8,1,2
26075120,edf_jenkinson,genlogistic,0.0777739821790796,0.4472608134160001,Δo > Δ,1,8,1,3
26075120,edf_beard,genlogistic,0.0777739821790796,0.4472608134160001,Δo > Δ,1,8,1,4
26075120,edf_filliben,genlogistic,0.0778809741775046,0.4472608134160001,Δo > Δ,1,8,1,5
26075120,edf_tukey,genlogistic,0.0781081110573612,0.4472608134160001,Δo > Δ,1,8,1,6
26075120,edf_blom,genlogistic,0.0787141716634218,0.4472608134160001,Δo > Δ,1,8,1,7
26075120,edf_cunnane,genlogistic,0.0790837208134587,0.4472608134160001,Δo > Δ,1,8,1,8
26075120,edf_gringorten,genlogistic,0.079684465737164,0.4472608134160001,Δo > Δ,1,8,1,9
26075120,edf_hazen,genlogistic,0.0806081110573612,0.4472608134160001,Δo > Δ,1,8,1,10
26075120,edf_weibull,genlogistic,0.0909656310573323,0.4472608134160001,Δo > Δ,1,8,1,11
26075120,edf_california,nct,0.1077367686725624,0.4472608134160001,Δo > Δ,1,8,1,12
26075150,edf_hazen,t,0.076381681193735,0.4472608134160001,Δo > Δ,1,8,1,1
26075150,edf_gringorten,t,0.0791526171543262,0.4472608134160001,Δo > Δ,1,8,1,2
26075150,edf_cunnane,t,0.0809548519254424,0.4472608134160001,Δo > Δ,1,8,1,3
26075150,edf_blom,t,0.0820634993755532,0.4472608134160001,Δo > Δ,1,8,1,4
26075150,edf_tukey,t,0.0838816811937351,0.4472608134160001,Δo > Δ,1,8,1,5
26075150,edf_filliben,t,0.0845630918333047,0.4472608134160001,Δo > Δ,1,8,1,6
26075150,edf_beard,t,0.0848840678285799,0.4472608134160001,Δo > Δ,1,8,1,7
26075150,edf_jenkinson,t,0.0848840678285799,0.4472608134160001,Δo > Δ,1,8,1,8
26075150,edf_chegodayev,t,0.0853102526223065,0.4472608134160001,Δo > Δ,1,8,1,9
26075150,edf_adamowski,t,0.0874110929584409,0.4472608134160001,Δo > Δ,1,8,1,10
26075150,edf_weibull,t,0.1003312007709464,0.4472608134160001,Δo > Δ,1,8,1,11
26075150,edf_california,t,0.1388816811937351,0.4472608134160001,Δo > Δ,1,8,1,12
26075501,edf_hazen,loggenlogistic,0.0714539773945859,0.484420539261,Δo > Δ,1,7,1,1
26075501,edf_gringorten,loggenlogistic,0.0762693867043772,0.484420539261,Δo > Δ,1,7,1,2
26075501,edf_blom,logloggamma,0.0780094507557591,0.484420539261,Δo > Δ,1,7,1,3
26075501,edf_cunnane,loggenlogistic,0.0793904853310938,0.484420539261,Δo > Δ,1,7,1,4
26075501,edf_tukey,logloggamma,0.0809968796179935,0.484420539261,Δo > Δ,1,7,1,5
26075501,edf_filliben,logloggamma,0.0821695019718786,0.484420539261,Δo > Δ,1,7,1,6
26075501,edf_beard,logloggamma,0.082721442318166,0.484420539261,Δo > Δ,1,7,1,7
26075501,edf_jenkinson,logloggamma,0.082721442318166,0.484420539261,Δo > Δ,1,7,1,8
26075501,edf_chegodayev,logloggamma,0.083453882074996,0.484420539261,Δo > Δ,1,7,1,9
26075501,edf_adamowski,logloggamma,0.0870574856785996,0.484420539261,Δo > Δ,1,7,1,10
26075501,edf_weibull,logloggamma,0.1037241523452663,0.484420539261,Δo > Δ,1,7,1,11
26075501,edf_california,logalpha,0.1211413594225054,0.484420539261,Δo > Δ,1,7,1,12
26085160,edf_adamowski,exponnorm,0.081800639699798,0.5865427407550001,Δo > Δ,1,5,1,1
26085160,edf_chegodayev,exponnorm,0.0836568338787333,0.5865427407550001,Δo > Δ,1,5,1,2
26085160,edf_jenkinson,exponnorm,0.0843452546415035,0.5865427407550001,Δo > Δ,1,5,1,3
26085160,edf_beard,exponnorm,0.0843452546415035,0.5865427407550001,Δo > Δ,1,5,1,4
26085160,edf_filliben,exponnorm,0.0848649385351138,0.5865427407550001,Δo > Δ,1,5,1,5
26085160,edf_tukey,exponnorm,0.0859716486935481,0.5865427407550001,Δo > Δ,1,5,1,6
26085160,edf_blom,logweibull_min,0.0882023845580015,0.5865427407550001,Δo > Δ,1,5,1,7
26085160,edf_cunnane,logweibull_min,0.0882023845580015,0.5865427407550001,Δo > Δ,1,5,1,8
26085160,edf_gringorten,logweibull_min,0.0884322203078327,0.5865427407550001,Δo > Δ,1,5,1,9
26085160,edf_hazen,invgamma,0.0912198779442013,0.5865427407550001,Δo > Δ,1,5,1,10
26085160,edf_california,logdweibull,0.099999999999028,0.5865427407550001,Δo > Δ,1,5,1,11
26085160,edf_weibull,loggenlogistic,0.1021823829290791,0.5865427407550001,Δo > Δ,1,5,1,12
26085170,edf_hazen,laplace_asymmetric,0.1060044264684785,0.484420539261,Δo > Δ,1,7,1,1
26085170,edf_gringorten,laplace_asymmetric,0.1108198357782699,0.484420539261,Δo > Δ,1,7,1,2
26085170,edf_cunnane,laplace_asymmetric,0.1139409344049865,0.484420539261,Δo > Δ,1,7,1,3
26085170,edf_blom,laplace_asymmetric,0.115856643217247,0.484420539261,Δo > Δ,1,7,1,4
26085170,edf_tukey,laplace_asymmetric,0.1189914394554915,0.484420539261,Δo > Δ,1,7,1,5
26085170,edf_filliben,laplace_asymmetric,0.1201640618093766,0.484420539261,Δo > Δ,1,7,1,6
26085170,edf_beard,laplace_asymmetric,0.120716002155664,0.484420539261,Δo > Δ,1,7,1,7
26085170,edf_jenkinson,laplace_asymmetric,0.120716002155664,0.484420539261,Δo > Δ,1,7,1,8
26085170,edf_chegodayev,laplace_asymmetric,0.1214484419124939,0.484420539261,Δo > Δ,1,7,1,9
26085170,edf_adamowski,laplace_asymmetric,0.1250520455160976,0.484420539261,Δo > Δ,1,7,1,10
26085170,edf_weibull,laplace_asymmetric,0.1417187121827642,0.484420539261,Δo > Δ,1,7,1,11
26085170,edf_california,kstwobign,0.1709659217743493,0.484420539261,Δo > Δ,1,7,1,12
26085501,edf_gringorten,logfisk,0.0894470133124503,0.484420539261,Δo > Δ,1,7,1,1
26085501,edf_hazen,logdweibull,0.0917467976519408,0.484420539261,Δo > Δ,1,7,1,2
26085501,edf_cunnane,logfisk,0.0925681119391669,0.484420539261,Δo > Δ,1,7,1,3
26085501,edf_blom,logfisk,0.0944838207514273,0.484420539261,Δo > Δ,1,7,1,4
26085501,edf_tukey,logfisk,0.0976186169896718,0.484420539261,Δo > Δ,1,7,1,5
26085501,edf_filliben,logfisk,0.0987912393435569,0.484420539261,Δo > Δ,1,7,1,6
26085501,edf_beard,logfisk,0.0993431796898443,0.484420539261,Δo > Δ,1,7,1,7
26085501,edf_jenkinson,logfisk,0.0993431796898443,0.484420539261,Δo > Δ,1,7,1,8
26085501,edf_chegodayev,logfisk,0.1000756194466743,0.484420539261,Δo > Δ,1,7,1,9
26085501,edf_adamowski,logfisk,0.1036792230502778,0.484420539261,Δo > Δ,1,7,1,10
26085501,edf_weibull,logalpha,0.1108998646771135,0.484420539261,Δo > Δ,1,7,1,11
26085501,edf_california,loglaplace,0.1204415120415745,0.484420539261,Δo > Δ,1,7,1,12
26095320,edf_hazen,dweibull,0.1350806185588905,0.530385761606,Δo > Δ,1,6,1,1
26095320,edf_gringorten,dweibull,0.1399825793432042,0.530385761606,Δo > Δ,1,6,1,2
26095320,edf_cunnane,dweibull,0.1431451346879227,0.530385761606,Δo > Δ,1,6,1,3
26095320,edf_blom,dweibull,0.1450806185588905,0.530385761606,Δo > Δ,1,6,1,4
26095320,edf_tukey,dweibull,0.1482385132957326,0.530385761606,Δo > Δ,1,6,1,5
26095320,edf_adamowski,genlogistic,0.1492679682200439,0.530385761606,Δo > Δ,1,6,1,6
26095320,edf_chegodayev,genlogistic,0.1493044973857055,0.530385761606,Δo > Δ,1,6,1,7
26095320,edf_filliben,dweibull,0.1494168322273901,0.530385761606,Δo > Δ,1,6,1,8
26095320,edf_jenkinson,genlogistic,0.1495494033418183,0.530385761606,Δo > Δ,1,6,1,9
26095320,edf_beard,genlogistic,0.1495494033418183,0.530385761606,Δo > Δ,1,6,1,10
26095320,edf_weibull,logdweibull,0.158652154525129,0.530385761606,Δo > Δ,1,6,1,11
26095320,edf_california,ncf,0.1894551578612527,0.530385761606,Δo > Δ,1,6,1,12
26105250,edf_hazen,laplace_asymmetric,0.0818281767874132,0.417612680231,Δo > Δ,1,9,1,1
26105250,edf_gringorten,laplace_asymmetric,0.084766741470425,0.417612680231,Δo > Δ,1,9,1,2
26105250,edf_cunnane,laplace_asymmetric,0.0876271533697385,0.417612680231,Δo > Δ,1,9,1,3
26105250,edf_blom,laplace_asymmetric,0.0893897855671533,0.417612680231,Δo > Δ,1,9,1,4
26105250,edf_tukey,laplace_asymmetric,0.0922855384629061,0.417612680231,Δo > Δ,1,9,1,5
26105250,edf_filliben,laplace_asymmetric,0.0933724120804792,0.417612680231,Δo > Δ,1,9,1,6
26105250,edf_beard,laplace_asymmetric,0.0938846855844413,0.417612680231,Δo > Δ,1,9,1,7
26105250,edf_jenkinson,laplace_asymmetric,0.0938846855844413,0.417612680231,Δo > Δ,1,9,1,8
26105250,edf_chegodayev,laplace_asymmetric,0.0945651737212648,0.417612680231,Δo > Δ,1,9,1,9
26105250,edf_adamowski,laplace_asymmetric,0.097924636207267,0.417612680231,Δo > Δ,1,9,1,10
26105250,edf_weibull,laplace_asymmetric,0.1137141098914776,0.417612680231,Δo > Δ,1,9,1,11
26105250,edf_california,laplace_asymmetric,0.1373837323429687,0.417612680231,Δo > Δ,1,9,1,12
26115090,edf_hazen,weibull_min,0.0812075210678096,0.4472608134160001,Δo > Δ,1,8,1,1
26115090,edf_gringorten,weibull_min,0.0839784570284006,0.4472608134160001,Δo > Δ,1,8,1,2
26115090,edf_adamowski,gumbel_l,0.0847689548926199,0.4472608134160001,Δo > Δ,1,8,1,3
26115090,edf_cunnane,weibull_min,0.0858494673903007,0.4472608134160001,Δo > Δ,1,8,1,4
26115090,edf_chegodayev,gumbel_l,0.0858940438076938,0.4472608134160001,Δo > Δ,1,8,1,5
26115090,edf_jenkinson,gumbel_l,0.0863202286014205,0.4472608134160001,Δo > Δ,1,8,1,6
26115090,edf_beard,gumbel_l,0.0863202286014205,0.4472608134160001,Δo > Δ,1,8,1,7
26115090,edf_filliben,gumbel_l,0.0866412045966957,0.4472608134160001,Δo > Δ,1,8,1,8
26115090,edf_tukey,gumbel_l,0.0873226152362653,0.4472608134160001,Δo > Δ,1,8,1,9
26115090,edf_blom,weibull_min,0.0876972131404855,0.4472608134160001,Δo > Δ,1,8,1,10
26115090,edf_weibull,pearson3,0.0900949484119786,0.4472608134160001,Δo > Δ,1,8,1,11
26115090,edf_california,mielke,0.1149893884060462,0.4472608134160001,Δo > Δ,1,8,1,12
26115501,edf_cunnane,logexponnorm,0.0637456711535694,0.484420539261,Δo > Δ,1,7,1,1
26115501,edf_jenkinson,logexponnorm,0.0637456711535694,0.484420539261,Δo > Δ,1,7,1,2
26115501,edf_filliben,logexponnorm,0.0637456711535694,0.484420539261,Δo > Δ,1,7,1,3
26115501,edf_gringorten,logexponnorm,0.0637456711535694,0.484420539261,Δo > Δ,1,7,1,4
26115501,edf_blom,logexponnorm,0.0637456711535694,0.484420539261,Δo > Δ,1,7,1,5
26115501,edf_tukey,logexponnorm,0.0637456711535694,0.484420539261,Δo > Δ,1,7,1,6
26115501,edf_chegodayev,logexponnorm,0.0637456711535694,0.484420539261,Δo > Δ,1,7,1,7
26115501,edf_beard,logexponnorm,0.0637456711535694,0.484420539261,Δo > Δ,1,7,1,8
26115501,edf_adamowski,logfisk,0.065615969271101,0.484420539261,Δo > Δ,1,7,1,9
26115501,edf_hazen,logexponnorm,0.0668760720992888,0.484420539261,Δo > Δ,1,7,1,10
26115501,edf_california,logdweibull,0.0714285713810837,0.484420539261,Δo > Δ,1,7,1,11
26115501,edf_weibull,logdweibull,0.0826962615566859,0.484420539261,Δo > Δ,1,7,1,12
2612500124,edf_hazen,norm,0.1146443967046601,0.530385761606,Δo > Δ,1,6,1,1
2612500124,edf_gringorten,norm,0.1195463574889738,0.530385761606,Δo > Δ,1,6,1,2
2612500124,edf_cunnane,norm,0.1227089128336924,0.530385761606,Δo > Δ,1,6,1,3
2612500124,edf_blom,norm,0.1246443967046601,0.530385761606,Δo > Δ,1,6,1,4
2612500124,edf_tukey,norm,0.1278022914415022,0.530385761606,Δo > Δ,1,6,1,5
2612500124,edf_filliben,norm,0.1289806103731597,0.530385761606,Δo > Δ,1,6,1,6
2612500124,edf_beard,norm,0.1295346788363215,0.530385761606,Δo > Δ,1,6,1,7
2612500124,edf_jenkinson,norm,0.1295346788363215,0.530385761606,Δo > Δ,1,6,1,8
2612500124,edf_chegodayev,norm,0.1302693967046601,0.530385761606,Δo > Δ,1,6,1,9
2612500124,edf_adamowski,norm,0.1338751659354293,0.530385761606,Δo > Δ,1,6,1,10
2612500124,edf_weibull,weibull_min,0.1492788367535897,0.530385761606,Δo > Δ,1,6,1,11
2612500124,edf_california,dweibull,0.1625860240782279,0.530385761606,Δo > Δ,1,6,1,12
2612500130,edf_adamowski,dweibull,0.0994835398109278,0.5865427407550001,Δo > Δ,1,5,1,1
2612500130,edf_chegodayev,dweibull,0.1062175465449345,0.5865427407550001,Δo > Δ,1,5,1,2
2612500130,edf_jenkinson,dweibull,0.107594388070475,0.5865427407550001,Δo > Δ,1,5,1,3
2612500130,edf_beard,dweibull,0.107594388070475,0.5865427407550001,Δo > Δ,1,5,1,4
2612500130,edf_filliben,dweibull,0.1086337558576956,0.5865427407550001,Δo > Δ,1,5,1,5
2612500130,edf_tukey,dweibull,0.1108471761745641,0.5865427407550001,Δo > Δ,1,5,1,6
2612500130,edf_blom,dweibull,0.1167995571269451,0.5865427407550001,Δo > Δ,1,5,1,7
2612500130,edf_cunnane,dweibull,0.1204625607899486,0.5865427407550001,Δo > Δ,1,5,1,8
2612500130,edf_gringorten,dweibull,0.126472176174564,0.5865427407550001,Δo > Δ,1,5,1,9
2612500130,edf_weibull,dweibull,0.1290909955319569,0.5865427407550001,Δo > Δ,1,5,1,10
2612500130,edf_hazen,dweibull,0.1358471761745642,0.5865427407550001,Δo > Δ,1,5,1,11
2612500130,edf_california,mielke,0.1642732940989998,0.5865427407550001,Δo > Δ,1,5,1,12
26125061,edf_california,t,0.0501126586279173,0.4472608134160001,Δo > Δ,1,8,1,1
26125061,edf_hazen,logt,0.0549217616812696,0.4472608134160001,Δo > Δ,1,8,1,2
26125061,edf_gringorten,logt,0.0558454070014666,0.4472608134160001,Δo > Δ,1,8,1,3
26125061,edf_cunnane,logt,0.0564461519251719,0.4472608134160001,Δo > Δ,1,8,1,4
26125061,edf_blom,logt,0.056815701075209,0.4472608134160001,Δo > Δ,1,8,1,5
26125061,edf_tukey,logt,0.0598828277470614,0.4472608134160001,Δo > Δ,1,8,1,6
26125061,edf_filliben,logt,0.0614727859060573,0.4472608134160001,Δo > Δ,1,8,1,7
26125061,edf_jenkinson,logt,0.0622217298950328,0.4472608134160001,Δo > Δ,1,8,1,8
26125061,edf_beard,logt,0.0622217298950328,0.4472608134160001,Δo > Δ,1,8,1,9
26125061,edf_chegodayev,logexponnorm,0.0631241488181341,0.4472608134160001,Δo > Δ,1,8,1,10
26125061,edf_adamowski,logexponnorm,0.0648643490964793,0.4472608134160001,Δo > Δ,1,8,1,11
26125061,edf_weibull,alpha,0.0741885058391255,0.4472608134160001,Δo > Δ,1,8,1,12
26125300,edf_hazen,dweibull,0.1233263818087762,0.417612680231,Δo > Δ,1,9,1,1
26125300,edf_gringorten,dweibull,0.1262503584169634,0.417612680231,Δo > Δ,1,9,1,2
26125300,edf_cunnane,dweibull,0.1281572996831723,0.417612680231,Δo > Δ,1,9,1,3
26125300,edf_blom,dweibull,0.1293323878147822,0.417612680231,Δo > Δ,1,9,1,4
26125300,edf_tukey,dweibull,0.1312628897452841,0.417612680231,Δo > Δ,1,9,1,5
26125300,edf_filliben,dweibull,0.1319874721569995,0.417612680231,Δo > Δ,1,9,1,6
26125300,edf_beard,dweibull,0.1323289878263075,0.417612680231,Δo > Δ,1,9,1,7
26125300,edf_jenkinson,dweibull,0.1323289878263075,0.417612680231,Δo > Δ,1,9,1,8
26125300,edf_chegodayev,dweibull,0.1327826465841899,0.417612680231,Δo > Δ,1,9,1,9
26125300,edf_adamowski,dweibull,0.1350222882415247,0.417612680231,Δo > Δ,1,9,1,10
26125300,edf_weibull,dweibull,0.1455486040309984,0.417612680231,Δo > Δ,1,9,1,11
26125300,edf_california,logpearson3,0.1624214240546238,0.417612680231,Δo > Δ,1,9,1,12
26125502,edf_adamowski,pearson3,0.0603616545768545,0.484420539261,Δo > Δ,1,7,1,1
26125502,edf_chegodayev,pearson3,0.0607003163189399,0.484420539261,Δo > Δ,1,7,1,2
26125502,edf_jenkinson,pearson3,0.0610665361973549,0.484420539261,Δo > Δ,1,7,1,3
26125502,edf_beard,pearson3,0.0610665361973549,0.484420539261,Δo > Δ,1,7,1,4
26125502,edf_filliben,pearson3,0.0613425063704986,0.484420539261,Δo > Δ,1,7,1,5
26125502,edf_tukey,pearson3,0.0619288175474411,0.484420539261,Δo > Δ,1,7,1,6
26125502,edf_blom,pearson3,0.0634962156665634,0.484420539261,Δo > Δ,1,7,1,7
26125502,edf_cunnane,loglogistic,0.0635741408623304,0.484420539261,Δo > Δ,1,7,1,8
26125502,edf_gringorten,loglogistic,0.0635741408623304,0.484420539261,Δo > Δ,1,7,1,9
26125502,edf_hazen,loglogistic,0.0635741408623304,0.484420539261,Δo > Δ,1,7,1,10
26125502,edf_weibull,logfisk,0.0706183099754227,0.484420539261,Δo > Δ,1,7,1,11
26125502,edf_california,genlogistic,0.099033945964556,0.484420539261,Δo > Δ,1,7,1,12
26125504,edf_blom,loghalfnorm,0.0451649620325219,0.484420539261,Δo > Δ,1,7,1,1
26125504,edf_cunnane,loghalfnorm,0.0461228164386522,0.484420539261,Δo > Δ,1,7,1,2
26125504,edf_hazen,logalpha,0.0470768836719457,0.484420539261,Δo > Δ,1,7,1,3
26125504,edf_gringorten,loghalfnorm,0.0476833657520105,0.484420539261,Δo > Δ,1,7,1,4
26125504,edf_tukey,loghalfnorm,0.0496247786127636,0.484420539261,Δo > Δ,1,7,1,5
26125504,edf_filliben,loghalfnorm,0.0513837121435911,0.484420539261,Δo > Δ,1,7,1,6
26125504,edf_beard,loghalfnorm,0.0522116226630221,0.484420539261,Δo > Δ,1,7,1,7
26125504,edf_jenkinson,loghalfnorm,0.0522116226630221,0.484420539261,Δo > Δ,1,7,1,8
26125504,edf_chegodayev,loghalfnorm,0.0533102822982672,0.484420539261,Δo > Δ,1,7,1,9
26125504,edf_adamowski,loghalfnorm,0.0587156877036726,0.484420539261,Δo > Δ,1,7,1,10
26125504,edf_california,dweibull,0.0755370186144804,0.484420539261,Δo > Δ,1,7,1,11
26125504,edf_weibull,invgauss,0.0814959548433495,0.484420539261,Δo > Δ,1,7,1,12
26125505,edf_hazen,rice,0.0752562088951601,0.484420539261,Δo > Δ,1,7,1,1
26125505,edf_gringorten,rice,0.0776639135500557,0.484420539261,Δo > Δ,1,7,1,2
26125505,edf_cunnane,invgamma,0.0776910102684811,0.484420539261,Δo > Δ,1,7,1,3
26125505,edf_blom,invgamma,0.0783737756324004,0.484420539261,Δo > Δ,1,7,1,4
26125505,edf_tukey,invgamma,0.0799411737515227,0.484420539261,Δo > Δ,1,7,1,5
26125505,edf_filliben,invgamma,0.0805274849284652,0.484420539261,Δo > Δ,1,7,1,6
26125505,edf_beard,invgamma,0.0808034551016089,0.484420539261,Δo > Δ,1,7,1,7
26125505,edf_jenkinson,invgamma,0.0808034551016089,0.484420539261,Δo > Δ,1,7,1,8
26125505,edf_chegodayev,invgamma,0.081169674980024,0.484420539261,Δo > Δ,1,7,1,9
26125505,edf_adamowski,invgamma,0.0829714767818258,0.484420539261,Δo > Δ,1,7,1,10
26125505,edf_weibull,invgamma,0.0913048101151591,0.484420539261,Δo > Δ,1,7,1,11
26125505,edf_california,dweibull,0.0959357979064758,0.484420539261,Δo > Δ,1,7,1,12
26125506,edf_adamowski,logt,0.0851503828914153,0.484420539261,Δo > Δ,1,7,1,1
26125506,edf_jenkinson,logt,0.0851503828914153,0.484420539261,Δo > Δ,1,7,1,2
26125506,edf_filliben,logt,0.0851503828914153,0.484420539261,Δo > Δ,1,7,1,3
26125506,edf_tukey,logt,0.0851503828914153,0.484420539261,Δo > Δ,1,7,1,4
26125506,edf_chegodayev,logt,0.0851503828914153,0.484420539261,Δo > Δ,1,7,1,5
26125506,edf_blom,logt,0.0851503828914153,0.484420539261,Δo > Δ,1,7,1,6
26125506,edf_beard,logt,0.0851503828914153,0.484420539261,Δo > Δ,1,7,1,7
26125506,edf_cunnane,logt,0.0862075956320671,0.484420539261,Δo > Δ,1,7,1,8
26125506,edf_gringorten,logt,0.0893286942587837,0.484420539261,Δo > Δ,1,7,1,9
26125506,edf_hazen,logt,0.0941441035685751,0.484420539261,Δo > Δ,1,7,1,10
26125506,edf_weibull,logt,0.1029759496528547,0.484420539261,Δo > Δ,1,7,1,11
26125506,edf_california,logt,0.1655726749971465,0.484420539261,Δo > Δ,1,7,1,12
26125507,edf_hazen,logt,0.0619880415990054,0.5865427407550001,Δo > Δ,1,5,1,1
26125507,edf_gringorten,dweibull,0.0701333529706534,0.5865427407550001,Δo > Δ,1,5,1,2
26125507,edf_cunnane,dweibull,0.0761429683552688,0.5865427407550001,Δo > Δ,1,5,1,3
26125507,edf_blom,dweibull,0.0798059720182725,0.5865427407550001,Δo > Δ,1,5,1,4
26125507,edf_adamowski,genlogistic,0.0845762090531708,0.5865427407550001,Δo > Δ,1,5,1,5
26125507,edf_tukey,dweibull,0.0857583529706534,0.5865427407550001,Δo > Δ,1,5,1,6
26125507,edf_chegodayev,genlogistic,0.0879432124201742,0.5865427407550001,Δo > Δ,1,5,1,7
26125507,edf_filliben,dweibull,0.087971773287522,0.5865427407550001,Δo > Δ,1,5,1,8
26125507,edf_jenkinson,genlogistic,0.0886316331829443,0.5865427407550001,Δo > Δ,1,5,1,9
26125507,edf_beard,genlogistic,0.0886316331829443,0.5865427407550001,Δo > Δ,1,5,1,10
26125507,edf_weibull,logdweibull,0.1052440022358539,0.5865427407550001,Δo > Δ,1,5,1,11
26125507,edf_california,logmielke,0.1557203802910411,0.5865427407550001,Δo > Δ,1,5,1,12
26125508,edf_hazen,mielke,0.0061395006178113,0.484420539261,Δo > Δ,1,7,1,1
26125508,edf_gringorten,mielke,0.0133626145824984,0.484420539261,Δo > Δ,1,7,1,2
26125508,edf_cunnane,mielke,0.0180442625225732,0.484420539261,Δo > Δ,1,7,1,3
26125508,edf_blom,mielke,0.0209178257409641,0.484420539261,Δo > Δ,1,7,1,4
26125508,edf_tukey,mielke,0.0256200200983308,0.484420539261,Δo > Δ,1,7,1,5
26125508,edf_filliben,mielke,0.0273789536291585,0.484420539261,Δo > Δ,1,7,1,6
26125508,edf_beard,mielke,0.0282068641485895,0.484420539261,Δo > Δ,1,7,1,7
26125508,edf_jenkinson,mielke,0.0282068641485895,0.484420539261,Δo > Δ,1,7,1,8
26125508,edf_chegodayev,mielke,0.0293055237838345,0.484420539261,Δo > Δ,1,7,1,9
26125508,edf_adamowski,mielke,0.0347109291892399,0.484420539261,Δo > Δ,1,7,1,10
26125508,edf_weibull,mielke,0.0597109291892399,0.484420539261,Δo > Δ,1,7,1,11
26125508,edf_california,mielke,0.0775680720463828,0.484420539261,Δo > Δ,1,7,1,12
26125509,edf_cunnane,logdweibull,0.1000503531984682,0.484420539261,Δo > Δ,1,7,1,1
26125509,edf_jenkinson,logdweibull,0.1000503531984682,0.484420539261,Δo > Δ,1,7,1,2
26125509,edf_filliben,logdweibull,0.1000503531984682,0.484420539261,Δo > Δ,1,7,1,3
26125509,edf_tukey,logdweibull,0.1000503531984682,0.484420539261,Δo > Δ,1,7,1,4
26125509,edf_chegodayev,logdweibull,0.1000503531984682,0.484420539261,Δo > Δ,1,7,1,5
26125509,edf_blom,logdweibull,0.1000503531984682,0.484420539261,Δo > Δ,1,7,1,6
26125509,edf_beard,logdweibull,0.1000503531984682,0.484420539261,Δo > Δ,1,7,1,7
26125509,edf_adamowski,logdweibull,0.1003435514511605,0.484420539261,Δo > Δ,1,7,1,8
26125509,edf_gringorten,logdweibull,0.1015835864258655,0.484420539261,Δo > Δ,1,7,1,9
26125509,edf_hazen,logdweibull,0.1039912910807611,0.484420539261,Δo > Δ,1,7,1,10
26125509,edf_weibull,logdweibull,0.1103202305983947,0.484420539261,Δo > Δ,1,7,1,11
26125509,edf_california,dweibull,0.1177867373286644,0.484420539261,Δo > Δ,1,7,1,12
26125710,edf_blom,loggibrat,0.0881442175770759,0.484420539261,Δo > Δ,1,7,1,1
26125710,edf_cunnane,loggibrat,0.0891020719832061,0.484420539261,Δo > Δ,1,7,1,2
26125710,edf_gringorten,loggibrat,0.0906626212965645,0.484420539261,Δo > Δ,1,7,1,3
26125710,edf_tukey,loggibrat,0.0909090909090909,0.484420539261,Δo > Δ,1,7,1,4
26125710,edf_filliben,loggibrat,0.0926680244399185,0.484420539261,Δo > Δ,1,7,1,5
26125710,edf_hazen,loggibrat,0.0930703259514601,0.484420539261,Δo > Δ,1,7,1,6
26125710,edf_beard,loggibrat,0.0934959349593495,0.484420539261,Δo > Δ,1,7,1,7
26125710,edf_jenkinson,loggibrat,0.0934959349593495,0.484420539261,Δo > Δ,1,7,1,8
26125710,edf_weibull,logfisk,0.0935461236819896,0.484420539261,Δo > Δ,1,7,1,9
26125710,edf_chegodayev,loggibrat,0.0945945945945945,0.484420539261,Δo > Δ,1,7,1,10
26125710,edf_adamowski,loggibrat,0.1,0.484420539261,Δo > Δ,1,7,1,11
26125710,edf_california,logdweibull,0.1375132660821542,0.484420539261,Δo > Δ,1,7,1,12
26127010,edf_california,t,0.1128792397405705,0.530385761606,Δo > Δ,1,6,1,1
26127010,edf_gringorten,t,0.120394994440744,0.530385761606,Δo > Δ,1,6,1,2
26127010,edf_cunnane,t,0.1211273173870209,0.530385761606,Δo > Δ,1,6,1,3
26127010,edf_blom,t,0.1217724786773436,0.530385761606,Δo > Δ,1,6,1,4
26127010,edf_hazen,logfisk,0.122463843636798,0.530385761606,Δo > Δ,1,6,1,5
26127010,edf_tukey,t,0.1228251102562909,0.530385761606,Δo > Δ,1,6,1,6
26127010,edf_filliben,t,0.1232178832335101,0.530385761606,Δo > Δ,1,6,1,7
26127010,edf_jenkinson,t,0.1234025727212307,0.530385761606,Δo > Δ,1,6,1,8
26127010,edf_beard,t,0.1234025727212307,0.530385761606,Δo > Δ,1,6,1,9
26127010,edf_chegodayev,t,0.1236474786773436,0.530385761606,Δo > Δ,1,6,1,10
26127010,edf_weibull,wald,0.1239263240551086,0.530385761606,Δo > Δ,1,6,1,11
26127010,edf_adamowski,t,0.1248494017542667,0.530385761606,Δo > Δ,1,6,1,12
2613500126,edf_hazen,halfnorm,0.0471711549101115,0.530385761606,Δo > Δ,1,6,1,1
2613500126,edf_cunnane,logbetaprime,0.0489994646658552,0.530385761606,Δo > Δ,1,6,1,2
2613500126,edf_blom,logbetaprime,0.050934948536823,0.530385761606,Δo > Δ,1,6,1,3
2613500126,edf_gringorten,logbetaprime,0.0512638975442209,0.530385761606,Δo > Δ,1,6,1,4
2613500126,edf_tukey,logbetaprime,0.0540928432736651,0.530385761606,Δo > Δ,1,6,1,5
2613500126,edf_filliben,logbetaprime,0.0552711622053226,0.530385761606,Δo > Δ,1,6,1,6
2613500126,edf_beard,logbetaprime,0.0558252306684844,0.530385761606,Δo > Δ,1,6,1,7
2613500126,edf_jenkinson,logbetaprime,0.0558252306684844,0.530385761606,Δo > Δ,1,6,1,8
2613500126,edf_chegodayev,logbetaprime,0.056559948536823,0.530385761606,Δo > Δ,1,6,1,9
2613500126,edf_adamowski,logbetaprime,0.0601657177675922,0.530385761606,Δo > Δ,1,6,1,10
2613500126,edf_weibull,logbetaprime,0.0766492342511087,0.530385761606,Δo > Δ,1,6,1,11
2613500126,edf_california,dweibull,0.1102960990144282,0.530385761606,Δo > Δ,1,6,1,12
26135300,edf_hazen,dweibull,0.0791780142615495,0.484420539261,Δo > Δ,1,7,1,1
26135300,edf_gringorten,dweibull,0.0815857189164452,0.484420539261,Δo > Δ,1,7,1,2
26135300,edf_cunnane,dweibull,0.0831462682298035,0.484420539261,Δo > Δ,1,7,1,3
26135300,edf_blom,dweibull,0.0841041226359338,0.484420539261,Δo > Δ,1,7,1,4
26135300,edf_tukey,dweibull,0.085671520755056,0.484420539261,Δo > Δ,1,7,1,5
26135300,edf_filliben,dweibull,0.0862578319319986,0.484420539261,Δo > Δ,1,7,1,6
26135300,edf_beard,dweibull,0.0865338021051422,0.484420539261,Δo > Δ,1,7,1,7
26135300,edf_jenkinson,dweibull,0.0865338021051422,0.484420539261,Δo > Δ,1,7,1,8
26135300,edf_chegodayev,dweibull,0.0869000219835572,0.484420539261,Δo > Δ,1,7,1,9
26135300,edf_adamowski,dweibull,0.088701823785359,0.484420539261,Δo > Δ,1,7,1,10
26135300,edf_weibull,dweibull,0.1055479629518838,0.484420539261,Δo > Δ,1,7,1,11
26135300,edf_california,loggenexpon,0.1411166298409392,0.484420539261,Δo > Δ,1,7,1,12
26135320,edf_hazen,lognct,0.1502606042715991,0.484420539261,Δo > Δ,1,7,1,1
26135320,edf_gringorten,lognct,0.1526683089264947,0.484420539261,Δo > Δ,1,7,1,2
26135320,edf_cunnane,lognct,0.154228858239853,0.484420539261,Δo > Δ,1,7,1,3
26135320,edf_blom,lognct,0.1551867126459833,0.484420539261,Δo > Δ,1,7,1,4
26135320,edf_tukey,lognct,0.1567541107651056,0.484420539261,Δo > Δ,1,7,1,5
26135320,edf_filliben,lognct,0.1573404219420481,0.484420539261,Δo > Δ,1,7,1,6
26135320,edf_beard,lognct,0.1576163921151918,0.484420539261,Δo > Δ,1,7,1,7
26135320,edf_jenkinson,lognct,0.1576163921151918,0.484420539261,Δo > Δ,1,7,1,8
26135320,edf_chegodayev,lognct,0.1579826119936068,0.484420539261,Δo > Δ,1,7,1,9
26135320,edf_adamowski,lognct,0.1597844137954086,0.484420539261,Δo > Δ,1,7,1,10
26135320,edf_weibull,loghalflogistic,0.1640154208517631,0.484420539261,Δo > Δ,1,7,1,11
26135320,edf_california,loggibrat,0.1833827895038898,0.484420539261,Δo > Δ,1,7,1,12
26135330,edf_hazen,gumbel_l,0.0704182246280169,0.5865427407550001,Δo > Δ,1,5,1,1
26135330,edf_gringorten,gumbel_l,0.074504750661935,0.5865427407550001,Δo > Δ,1,5,1,2
26135330,edf_cunnane,gumbel_l,0.0775095583542427,0.5865427407550001,Δo > Δ,1,5,1,3
26135330,edf_blom,gumbel_l,0.0793410601857446,0.5865427407550001,Δo > Δ,1,5,1,4
26135330,edf_filliben,pearson3,0.0822450932991477,0.5865427407550001,Δo > Δ,1,5,1,5
26135330,edf_jenkinson,pearson3,0.0822450932991477,0.5865427407550001,Δo > Δ,1,5,1,6
26135330,edf_tukey,pearson3,0.0822450932991477,0.5865427407550001,Δo > Δ,1,5,1,7
26135330,edf_adamowski,pearson3,0.0822450932991477,0.5865427407550001,Δo > Δ,1,5,1,8
26135330,edf_chegodayev,pearson3,0.0822450932991477,0.5865427407550001,Δo > Δ,1,5,1,9
26135330,edf_beard,pearson3,0.0822450932991477,0.5865427407550001,Δo > Δ,1,5,1,10
26135330,edf_weibull,gumbel_l,0.1084197326864569,0.5865427407550001,Δo > Δ,1,5,1,11
26135330,edf_california,mielke,0.1396927925972383,0.5865427407550001,Δo > Δ,1,5,1,12
26135501,edf_weibull,logdweibull,0.1192524234103938,0.484420539261,Δo > Δ,1,7,1,1
26135501,edf_california,logdweibull,0.1205843584722554,0.484420539261,Δo > Δ,1,7,1,2
26135501,edf_hazen,lognakagami,0.1403803042686603,0.484420539261,Δo > Δ,1,7,1,3
26135501,edf_adamowski,logdweibull,0.1406007758934404,0.484420539261,Δo > Δ,1,7,1,4
26135501,edf_gringorten,lognakagami,0.1427880089235559,0.484420539261,Δo > Δ,1,7,1,5
26135501,edf_cunnane,lognakagami,0.1443485582369142,0.484420539261,Δo > Δ,1,7,1,6
26135501,edf_blom,lognakagami,0.1453064126430445,0.484420539261,Δo > Δ,1,7,1,7
26135501,edf_chegodayev,logdweibull,0.1460061812988458,0.484420539261,Δo > Δ,1,7,1,8
26135501,edf_tukey,lognakagami,0.1468738107621668,0.484420539261,Δo > Δ,1,7,1,9
26135501,edf_filliben,logweibull_min,0.1470673679123788,0.484420539261,Δo > Δ,1,7,1,10
26135501,edf_jenkinson,logweibull_min,0.1470673679123788,0.484420539261,Δo > Δ,1,7,1,11
26135501,edf_beard,logweibull_min,0.1470673679123788,0.484420539261,Δo > Δ,1,7,1,12
26135502,edf_weibull,mielke,0.0845455266217047,0.484420539261,Δo > Δ,1,7,1,1
26135502,edf_adamowski,mielke,0.0863491648708529,0.484420539261,Δo > Δ,1,7,1,2
26135502,edf_chegodayev,mielke,0.0896591958320168,0.484420539261,Δo > Δ,1,7,1,3
26135502,edf_jenkinson,mielke,0.0903916355888468,0.484420539261,Δo > Δ,1,7,1,4
26135502,edf_beard,mielke,0.0903916355888468,0.484420539261,Δo > Δ,1,7,1,5
26135502,edf_filliben,mielke,0.0909435759351341,0.484420539261,Δo > Δ,1,7,1,6
26135502,edf_tukey,mielke,0.0921161982890192,0.484420539261,Δo > Δ,1,7,1,7
26135502,edf_hazen,dweibull,0.0939452366536425,0.484420539261,Δo > Δ,1,7,1,8
26135502,edf_blom,mielke,0.0952509945272637,0.484420539261,Δo > Δ,1,7,1,9
26135502,edf_cunnane,mielke,0.0971667033395242,0.484420539261,Δo > Δ,1,7,1,10
26135502,edf_gringorten,dweibull,0.0987606459634339,0.484420539261,Δo > Δ,1,7,1,11
26135502,edf_california,logdweibull,0.1279728992221908,0.484420539261,Δo > Δ,1,7,1,12
26135503,edf_california,dweibull,0.0844861942915828,0.484420539261,Δo > Δ,1,7,1,1
26135503,edf_hazen,fisk,0.0924275965753157,0.484420539261,Δo > Δ,1,7,1,2
26135503,edf_gringorten,fisk,0.0972430058851071,0.484420539261,Δo > Δ,1,7,1,3
26135503,edf_cunnane,fisk,0.1003641045118237,0.484420539261,Δo > Δ,1,7,1,4
26135503,edf_blom,fisk,0.1022798133240842,0.484420539261,Δo > Δ,1,7,1,5
26135503,edf_tukey,fisk,0.1054146095623287,0.484420539261,Δo > Δ,1,7,1,6
26135503,edf_filliben,fisk,0.1065872319162137,0.484420539261,Δo > Δ,1,7,1,7
26135503,edf_jenkinson,fisk,0.1071391722625011,0.484420539261,Δo > Δ,1,7,1,8
26135503,edf_beard,fisk,0.1071391722625011,0.484420539261,Δo > Δ,1,7,1,9
26135503,edf_chegodayev,fisk,0.1078716120193311,0.484420539261,Δo > Δ,1,7,1,10
26135503,edf_adamowski,lognakagami,0.1089206202030733,0.484420539261,Δo > Δ,1,7,1,11
26135503,edf_weibull,lognakagami,0.1249999999969047,0.484420539261,Δo > Δ,1,7,1,12
26137220,edf_california,dweibull,0.0749435196683094,0.5865427407550001,Δo > Δ,1,5,1,1
26137220,edf_cunnane,dweibull,0.0939495803534762,0.5865427407550001,Δo > Δ,1,5,1,2
26137220,edf_hazen,halfnorm,0.0941799153474526,0.5865427407550001,Δo > Δ,1,5,1,3
26137220,edf_blom,dweibull,0.0945338537291554,0.5865427407550001,Δo > Δ,1,5,1,4
26137220,edf_gringorten,halfnorm,0.0988674153474526,0.5865427407550001,Δo > Δ,1,5,1,5
26137220,edf_tukey,dweibull,0.1004862346815363,0.5865427407550001,Δo > Δ,1,5,1,6
26137220,edf_filliben,dweibull,0.1026996549984049,0.5865427407550001,Δo > Δ,1,5,1,7
26137220,edf_jenkinson,dweibull,0.1037390227856255,0.5865427407550001,Δo > Δ,1,5,1,8
26137220,edf_beard,dweibull,0.1037390227856255,0.5865427407550001,Δo > Δ,1,5,1,9
26137220,edf_chegodayev,dweibull,0.105115864311166,0.5865427407550001,Δo > Δ,1,5,1,10
26137220,edf_adamowski,dweibull,0.1118498710451727,0.5865427407550001,Δo > Δ,1,5,1,11
26137220,edf_weibull,halfnorm,0.1275132486807859,0.5865427407550001,Δo > Δ,1,5,1,12
2614500112,edf_tukey,alpha,0.0894531563761699,0.5865427407550001,Δo > Δ,1,5,1,1
2614500112,edf_blom,alpha,0.0898875643244515,0.5865427407550001,Δo > Δ,1,5,1,2
2614500112,edf_filliben,alpha,0.0905598665346042,0.5865427407550001,Δo > Δ,1,5,1,3
2614500112,edf_jenkinson,alpha,0.0910795504282144,0.5865427407550001,Δo > Δ,1,5,1,4
2614500112,edf_beard,alpha,0.0910795504282144,0.5865427407550001,Δo > Δ,1,5,1,5
2614500112,edf_cunnane,alpha,0.0917190661559533,0.5865427407550001,Δo > Δ,1,5,1,6
2614500112,edf_chegodayev,alpha,0.0917679711909847,0.5865427407550001,Δo > Δ,1,5,1,7
2614500112,edf_gringorten,alpha,0.094723873848261,0.5865427407550001,Δo > Δ,1,5,1,8
2614500112,edf_adamowski,alpha,0.0951349745579881,0.5865427407550001,Δo > Δ,1,5,1,9
2614500112,edf_hazen,invweibull,0.096968413867494,0.5865427407550001,Δo > Δ,1,5,1,10
2614500112,edf_california,logdweibull,0.1000000001643567,0.5865427407550001,Δo > Δ,1,5,1,11
2614500112,edf_weibull,alpha,0.1102864897095032,0.5865427407550001,Δo > Δ,1,5,1,12
26145090,edf_hazen,genlogistic,0.1037710865174762,0.4472608134160001,Δo > Δ,1,8,1,1
26145090,edf_gringorten,genlogistic,0.1065420224780674,0.4472608134160001,Δo > Δ,1,8,1,2
26145090,edf_cunnane,genlogistic,0.1083442572491835,0.4472608134160001,Δo > Δ,1,8,1,3
26145090,edf_blom,genlogistic,0.1094529046992943,0.4472608134160001,Δo > Δ,1,8,1,4
26145090,edf_tukey,genlogistic,0.1112710865174762,0.4472608134160001,Δo > Δ,1,8,1,5
26145090,edf_filliben,genlogistic,0.1119524971570458,0.4472608134160001,Δo > Δ,1,8,1,6
26145090,edf_beard,genlogistic,0.112273473152321,0.4472608134160001,Δo > Δ,1,8,1,7
26145090,edf_jenkinson,genlogistic,0.112273473152321,0.4472608134160001,Δo > Δ,1,8,1,8
26145090,edf_chegodayev,genlogistic,0.1126996579460476,0.4472608134160001,Δo > Δ,1,8,1,9
26145090,edf_adamowski,genlogistic,0.1148004982821821,0.4472608134160001,Δo > Δ,1,8,1,10
26145090,edf_california,dweibull,0.1215951963711438,0.4472608134160001,Δo > Δ,1,8,1,11
26145090,edf_weibull,genlogistic,0.1246044198508095,0.4472608134160001,Δo > Δ,1,8,1,12
26145501,edf_california,erlang,0.118740943995849,0.484420539261,Δo > Δ,1,7,1,1
26145501,edf_hazen,nct,0.1295872658174536,0.484420539261,Δo > Δ,1,7,1,2
26145501,edf_gringorten,nct,0.1319949704723494,0.484420539261,Δo > Δ,1,7,1,3
26145501,edf_tukey,invweibull,0.1328556029232175,0.484420539261,Δo > Δ,1,7,1,4
26145501,edf_filliben,invweibull,0.13344191410016,0.484420539261,Δo > Δ,1,7,1,5
26145501,edf_cunnane,nct,0.1335555197857076,0.484420539261,Δo > Δ,1,7,1,6
26145501,edf_jenkinson,invweibull,0.1337178842733036,0.484420539261,Δo > Δ,1,7,1,7
26145501,edf_beard,invweibull,0.1337178842733036,0.484420539261,Δo > Δ,1,7,1,8
26145501,edf_chegodayev,invweibull,0.1340841041517187,0.484420539261,Δo > Δ,1,7,1,9
26145501,edf_blom,invweibull,0.1344466122834193,0.484420539261,Δo > Δ,1,7,1,10
26145501,edf_adamowski,invweibull,0.1358859059535205,0.484420539261,Δo > Δ,1,7,1,11
26145501,edf_weibull,logt,0.1441154398844896,0.484420539261,Δo > Δ,1,7,1,12
26145503,edf_weibull,lognct,0.0586258903340958,0.484420539261,Δo > Δ,1,7,1,1
26145503,edf_adamowski,lognct,0.0669592236674292,0.484420539261,Δo > Δ,1,7,1,2
26145503,edf_chegodayev,lognct,0.068761025469231,0.484420539261,Δo > Δ,1,7,1,3
26145503,edf_jenkinson,lognct,0.069127245347646,0.484420539261,Δo > Δ,1,7,1,4
26145503,edf_beard,lognct,0.069127245347646,0.484420539261,Δo > Δ,1,7,1,5
26145503,edf_filliben,lognct,0.0694032155207897,0.484420539261,Δo > Δ,1,7,1,6
26145503,edf_tukey,lognct,0.0699895266977322,0.484420539261,Δo > Δ,1,7,1,7
26145503,edf_blom,lognct,0.0715569248168545,0.484420539261,Δo > Δ,1,7,1,8
26145503,edf_cunnane,lognct,0.0736689839780953,0.484420539261,Δo > Δ,1,7,1,9
26145503,edf_hazen,exponnorm,0.0772512490589725,0.484420539261,Δo > Δ,1,7,1,10
26145503,edf_gringorten,lognct,0.0783506319181702,0.484420539261,Δo > Δ,1,7,1,11
26145503,edf_california,loginvweibull,0.1394581355342369,0.484420539261,Δo > Δ,1,7,1,12
26145504,edf_chegodayev,logweibull_min,0.1072672200297584,0.484420539261,Δo > Δ,1,7,1,1
26145504,edf_adamowski,logweibull_min,0.1078801180661997,0.484420539261,Δo > Δ,1,7,1,2
26145504,edf_jenkinson,logweibull_min,0.1083658796650035,0.484420539261,Δo > Δ,1,7,1,3
26145504,edf_beard,logweibull_min,0.1083658796650035,0.484420539261,Δo > Δ,1,7,1,4
26145504,edf_filliben,logweibull_min,0.1091937901844345,0.484420539261,Δo > Δ,1,7,1,5
26145504,edf_tukey,logweibull_min,0.1109527237152621,0.484420539261,Δo > Δ,1,7,1,6
26145504,edf_blom,logweibull_min,0.1156549180726289,0.484420539261,Δo > Δ,1,7,1,7
26145504,edf_cunnane,logweibull_min,0.1185284812910196,0.484420539261,Δo > Δ,1,7,1,8
26145504,edf_gringorten,logweibull_min,0.1232101292310945,0.484420539261,Δo > Δ,1,7,1,9
26145504,edf_weibull,lognakagami,0.1249854316804597,0.484420539261,Δo > Δ,1,7,1,10
26145504,edf_hazen,logweibull_min,0.1304332431957816,0.484420539261,Δo > Δ,1,7,1,11
26145504,edf_california,loginvgauss,0.1556413217913542,0.484420539261,Δo > Δ,1,7,1,12
26145505,edf_weibull,logloggamma,0.0901135320703518,0.484420539261,Δo > Δ,1,7,1,1
26145505,edf_adamowski,genlogistic,0.0908881186498759,0.484420539261,Δo > Δ,1,7,1,2
26145505,edf_chegodayev,genlogistic,0.0926899204516776,0.484420539261,Δo > Δ,1,7,1,3
26145505,edf_jenkinson,genlogistic,0.0930561403300926,0.484420539261,Δo > Δ,1,7,1,4
26145505,edf_beard,genlogistic,0.0930561403300926,0.484420539261,Δo > Δ,1,7,1,5
26145505,edf_filliben,genlogistic,0.0933321105032363,0.484420539261,Δo > Δ,1,7,1,6
26145505,edf_tukey,genlogistic,0.0939184216801788,0.484420539261,Δo > Δ,1,7,1,7
26145505,edf_blom,genlogistic,0.0954858197993011,0.484420539261,Δo > Δ,1,7,1,8
26145505,edf_cunnane,genlogistic,0.0964436742054314,0.484420539261,Δo > Δ,1,7,1,9
26145505,edf_gringorten,genlogistic,0.0980042235187897,0.484420539261,Δo > Δ,1,7,1,10
26145505,edf_hazen,genlogistic,0.1004119281736853,0.484420539261,Δo > Δ,1,7,1,11
26145505,edf_california,invgamma,0.1138825355604509,0.484420539261,Δo > Δ,1,7,1,12
26145506,edf_hazen,fisk,0.0591539423277601,0.530385761606,Δo > Δ,1,6,1,1
26145506,edf_gringorten,fisk,0.0640559031120739,0.530385761606,Δo > Δ,1,6,1,2
26145506,edf_cunnane,fisk,0.0672184584567925,0.530385761606,Δo > Δ,1,6,1,3
26145506,edf_blom,fisk,0.0691539423277601,0.530385761606,Δo > Δ,1,6,1,4
26145506,edf_tukey,fisk,0.0723118370646023,0.530385761606,Δo > Δ,1,6,1,5
26145506,edf_filliben,fisk,0.0734901559962597,0.530385761606,Δo > Δ,1,6,1,6
26145506,edf_beard,fisk,0.0740442244594214,0.530385761606,Δo > Δ,1,6,1,7
26145506,edf_jenkinson,fisk,0.0740442244594214,0.530385761606,Δo > Δ,1,6,1,8
26145506,edf_chegodayev,fisk,0.0747789423277601,0.530385761606,Δo > Δ,1,6,1,9
26145506,edf_adamowski,fisk,0.0805232144297044,0.530385761606,Δo > Δ,1,6,1,10
26145506,edf_weibull,lognct,0.0837581278084036,0.530385761606,Δo > Δ,1,6,1,11
26145506,edf_california,laplace_asymmetric,0.1052895858559761,0.530385761606,Δo > Δ,1,6,1,12
26145507,edf_gringorten,logexponnorm,0.0488902251836669,0.5865427407550001,Δo > Δ,1,5,1,1
26145507,edf_cunnane,dweibull,0.0489742921458712,0.5865427407550001,Δo > Δ,1,5,1,2
26145507,edf_blom,dweibull,0.0526372958088747,0.5865427407550001,Δo > Δ,1,5,1,3
26145507,edf_hazen,logfisk,0.0531670565224267,0.5865427407550001,Δo > Δ,1,5,1,4
26145507,edf_tukey,dweibull,0.0585896767612557,0.5865427407550001,Δo > Δ,1,5,1,5
26145507,edf_adamowski,logbetaprime,0.0588505525464809,0.5865427407550001,Δo > Δ,1,5,1,6
26145507,edf_filliben,dweibull,0.0608030970781242,0.5865427407550001,Δo > Δ,1,5,1,7
26145507,edf_jenkinson,dweibull,0.0618424648653448,0.5865427407550001,Δo > Δ,1,5,1,8
26145507,edf_beard,dweibull,0.0618424648653448,0.5865427407550001,Δo > Δ,1,5,1,9
26145507,edf_chegodayev,logbetaprime,0.0622175559134843,0.5865427407550001,Δo > Δ,1,5,1,10
26145507,edf_weibull,logbetaprime,0.0629014864569055,0.5865427407550001,Δo > Δ,1,5,1,11
26145507,edf_california,dweibull,0.1332435794913949,0.5865427407550001,Δo > Δ,1,5,1,12
26147140,edf_california,dweibull,0.1091833108775928,0.5865427407550001,Δo > Δ,1,5,1,1
26147140,edf_adamowski,logfisk,0.1222853206346586,0.5865427407550001,Δo > Δ,1,5,1,2
26147140,edf_chegodayev,logfisk,0.1256523240016621,0.5865427407550001,Δo > Δ,1,5,1,3
26147140,edf_jenkinson,logfisk,0.1263407447644322,0.5865427407550001,Δo > Δ,1,5,1,4
26147140,edf_beard,logfisk,0.1263407447644322,0.5865427407550001,Δo > Δ,1,5,1,5
26147140,edf_filliben,logfisk,0.1268604286580426,0.5865427407550001,Δo > Δ,1,5,1,6
26147140,edf_tukey,logfisk,0.1279671388164768,0.5865427407550001,Δo > Δ,1,5,1,7
26147140,edf_blom,logfisk,0.1309433292926673,0.5865427407550001,Δo > Δ,1,5,1,8
26147140,edf_cunnane,loggumbel_l,0.132013254601137,0.5865427407550001,Δo > Δ,1,5,1,9
26147140,edf_gringorten,loggumbel_l,0.1332193733005783,0.5865427407550001,Δo > Δ,1,5,1,10
26147140,edf_hazen,loggumbel_l,0.1379068733005783,0.5865427407550001,Δo > Δ,1,5,1,11
26147140,edf_weibull,logfisk,0.1400990398249211,0.5865427407550001,Δo > Δ,1,5,1,12
2615500122,edf_california,logdweibull,0.0782518562453802,0.5865427407550001,Δo > Δ,1,5,1,1
2615500122,edf_hazen,halfnorm,0.1029182218501595,0.5865427407550001,Δo > Δ,1,5,1,2
2615500122,edf_gringorten,halfnorm,0.1076057218501595,0.5865427407550001,Δo > Δ,1,5,1,3
2615500122,edf_weibull,logncf,0.1082999747761662,0.5865427407550001,Δo > Δ,1,5,1,4
2615500122,edf_cunnane,halfnorm,0.1106105295424672,0.5865427407550001,Δo > Δ,1,5,1,5
2615500122,edf_blom,halfnorm,0.112442031373969,0.5865427407550001,Δo > Δ,1,5,1,6
2615500122,edf_tukey,halfnorm,0.1154182218501595,0.5865427407550001,Δo > Δ,1,5,1,7
2615500122,edf_filliben,halfnorm,0.1165249320085937,0.5865427407550001,Δo > Δ,1,5,1,8
2615500122,edf_jenkinson,halfnorm,0.1170446159022041,0.5865427407550001,Δo > Δ,1,5,1,9
2615500122,edf_beard,halfnorm,0.1170446159022041,0.5865427407550001,Δo > Δ,1,5,1,10
2615500122,edf_chegodayev,halfnorm,0.1177330366649742,0.5865427407550001,Δo > Δ,1,5,1,11
2615500122,edf_adamowski,halfnorm,0.1211000400319776,0.5865427407550001,Δo > Δ,1,5,1,12
26155150,edf_california,dweibull,0.1022175587395898,0.5865427407550001,Δo > Δ,1,5,1,1
26155150,edf_blom,logweibull_min,0.1208246505612907,0.5865427407550001,Δo > Δ,1,5,1,2
26155150,edf_cunnane,logweibull_min,0.1244876542242943,0.5865427407550001,Δo > Δ,1,5,1,3
26155150,edf_tukey,logweibull_min,0.1249977838064346,0.5865427407550001,Δo > Δ,1,5,1,4
26155150,edf_hazen,loginvweibull,0.1254810524708208,0.5865427407550001,Δo > Δ,1,5,1,5
26155150,edf_filliben,logweibull_min,0.1272112041233032,0.5865427407550001,Δo > Δ,1,5,1,6
26155150,edf_jenkinson,logweibull_min,0.1282505719105238,0.5865427407550001,Δo > Δ,1,5,1,7
26155150,edf_beard,logweibull_min,0.1282505719105238,0.5865427407550001,Δo > Δ,1,5,1,8
26155150,edf_chegodayev,logweibull_min,0.1296274134360642,0.5865427407550001,Δo > Δ,1,5,1,9
26155150,edf_gringorten,loginvweibull,0.1301685524708208,0.5865427407550001,Δo > Δ,1,5,1,10
26155150,edf_adamowski,logweibull_min,0.136361420170071,0.5865427407550001,Δo > Δ,1,5,1,11
26155150,edf_weibull,loginvweibull,0.1588143858041542,0.5865427407550001,Δo > Δ,1,5,1,12
26155170,edf_hazen,logalpha,0.032615623424192,0.5865427407550001,Δo > Δ,1,5,1,1
26155170,edf_gringorten,logalpha,0.041990623424192,0.5865427407550001,Δo > Δ,1,5,1,2
26155170,edf_cunnane,logalpha,0.0480002388088073,0.5865427407550001,Δo > Δ,1,5,1,3
26155170,edf_blom,logalpha,0.051663242471811,0.5865427407550001,Δo > Δ,1,5,1,4
26155170,edf_tukey,logalpha,0.0576156234241919,0.5865427407550001,Δo > Δ,1,5,1,5
26155170,edf_filliben,logalpha,0.0598290437410605,0.5865427407550001,Δo > Δ,1,5,1,6
26155170,edf_beard,logalpha,0.0608684115282812,0.5865427407550001,Δo > Δ,1,5,1,7
26155170,edf_jenkinson,logalpha,0.0608684115282812,0.5865427407550001,Δo > Δ,1,5,1,8
26155170,edf_chegodayev,logalpha,0.0622452530538216,0.5865427407550001,Δo > Δ,1,5,1,9
26155170,edf_adamowski,logalpha,0.0689792597878283,0.5865427407550001,Δo > Δ,1,5,1,10
26155170,edf_weibull,logalpha,0.0992822900908586,0.5865427407550001,Δo > Δ,1,5,1,11
26155170,edf_california,dweibull,0.1074008120843469,0.5865427407550001,Δo > Δ,1,5,1,12
26155220,edf_hazen,laplace_asymmetric,0.1343921702013937,0.530385761606,Δo > Δ,1,6,1,1
26155220,edf_gringorten,laplace_asymmetric,0.1392941309857074,0.530385761606,Δo > Δ,1,6,1,2
26155220,edf_cunnane,laplace_asymmetric,0.142456686330426,0.530385761606,Δo > Δ,1,6,1,3
26155220,edf_blom,laplace_asymmetric,0.1443921702013937,0.530385761606,Δo > Δ,1,6,1,4
26155220,edf_filliben,loggumbel_l,0.1447534557280677,0.530385761606,Δo > Δ,1,6,1,5
26155220,edf_jenkinson,loggumbel_l,0.145105814033646,0.530385761606,Δo > Δ,1,6,1,6
26155220,edf_beard,loggumbel_l,0.145105814033646,0.530385761606,Δo > Δ,1,6,1,7
26155220,edf_chegodayev,loggumbel_l,0.1458405319019846,0.530385761606,Δo > Δ,1,6,1,8
26155220,edf_tukey,loggumbel_l,0.1459317746597251,0.530385761606,Δo > Δ,1,6,1,9
26155220,edf_adamowski,loggumbel_l,0.1494463011327538,0.530385761606,Δo > Δ,1,6,1,10
26155220,edf_weibull,t,0.1574188664608589,0.530385761606,Δo > Δ,1,6,1,11
26155220,edf_california,nakagami,0.1770366386990184,0.530385761606,Δo > Δ,1,6,1,12
26155240,edf_hazen,logmielke,0.0275624732698027,0.530385761606,Δo > Δ,1,6,1,1
26155240,edf_gringorten,logmielke,0.0357324079103256,0.530385761606,Δo > Δ,1,6,1,2
26155240,edf_cunnane,logmielke,0.0410033334848565,0.530385761606,Δo > Δ,1,6,1,3
26155240,edf_blom,logmielke,0.0442291399364694,0.530385761606,Δo > Δ,1,6,1,4
26155240,edf_tukey,logalpha,0.0491004188570355,0.530385761606,Δo > Δ,1,6,1,5
26155240,edf_filliben,logalpha,0.0494931918342547,0.530385761606,Δo > Δ,1,6,1,6
26155240,edf_beard,logalpha,0.0501170368361771,0.530385761606,Δo > Δ,1,6,1,7
26155240,edf_jenkinson,logalpha,0.0501170368361771,0.530385761606,Δo > Δ,1,6,1,8
26155240,edf_chegodayev,logalpha,0.0513415666167414,0.530385761606,Δo > Δ,1,6,1,9
26155240,edf_adamowski,logalpha,0.0573511820013568,0.530385761606,Δo > Δ,1,6,1,10
26155240,edf_california,logt,0.0843197093743067,0.530385761606,Δo > Δ,1,6,1,11
26155240,edf_weibull,logalpha,0.0848237094738842,0.530385761606,Δo > Δ,1,6,1,12
26155250,edf_weibull,dweibull,0.1174729916942696,0.484420539261,Δo > Δ,1,7,1,1
26155250,edf_adamowski,dweibull,0.1251609171528936,0.484420539261,Δo > Δ,1,7,1,2
26155250,edf_chegodayev,dweibull,0.130566322558299,0.484420539261,Δo > Δ,1,7,1,3
26155250,edf_jenkinson,dweibull,0.131664982193544,0.484420539261,Δo > Δ,1,7,1,4
26155250,edf_beard,dweibull,0.131664982193544,0.484420539261,Δo > Δ,1,7,1,5
26155250,edf_filliben,dweibull,0.1324928927129751,0.484420539261,Δo > Δ,1,7,1,6
26155250,edf_tukey,dweibull,0.1342518262438027,0.484420539261,Δo > Δ,1,7,1,7
26155250,edf_california,logdweibull,0.1363657259320755,0.484420539261,Δo > Δ,1,7,1,8
26155250,edf_blom,dweibull,0.1389540206011695,0.484420539261,Δo > Δ,1,7,1,9
26155250,edf_cunnane,dweibull,0.1418275838195603,0.484420539261,Δo > Δ,1,7,1,10
26155250,edf_gringorten,dweibull,0.1465092317596352,0.484420539261,Δo > Δ,1,7,1,11
26155250,edf_hazen,dweibull,0.1537323457243222,0.484420539261,Δo > Δ,1,7,1,12
26155260,edf_hazen,fisk,0.0583824435994284,0.4472608134160001,Δo > Δ,1,8,1,1
26155260,edf_gringorten,fisk,0.0584073794994286,0.4472608134160001,Δo > Δ,1,8,1,2
26155260,edf_adamowski,gumbel_l,0.0608552218241453,0.4472608134160001,Δo > Δ,1,8,1,3
26155260,edf_chegodayev,gumbel_l,0.0615555019361901,0.4472608134160001,Δo > Δ,1,8,1,4
26155260,edf_beard,gumbel_l,0.061697563534099,0.4472608134160001,Δo > Δ,1,8,1,5
26155260,edf_jenkinson,gumbel_l,0.061697563534099,0.4472608134160001,Δo > Δ,1,8,1,6
26155260,edf_filliben,gumbel_l,0.061804555532524,0.4472608134160001,Δo > Δ,1,8,1,7
26155260,edf_tukey,gumbel_l,0.0620316924123807,0.4472608134160001,Δo > Δ,1,8,1,8
26155260,edf_cunnane,fisk,0.0626125939653663,0.4472608134160001,Δo > Δ,1,8,1,9
26155260,edf_blom,gumbel_l,0.0626377530184412,0.4472608134160001,Δo > Δ,1,8,1,10
26155260,edf_weibull,pearson3,0.0797966669092,0.4472608134160001,Δo > Δ,1,8,1,11
26155260,edf_california,laplace_asymmetric,0.100204604743197,0.4472608134160001,Δo > Δ,1,8,1,12
26155270,edf_hazen,lognakagami,0.1001119999068906,0.5865427407550001,Δo > Δ,1,5,1,1
26155270,edf_gringorten,lognakagami,0.1090803572035208,0.5865427407550001,Δo > Δ,1,5,1,2
26155270,edf_cunnane,lognakagami,0.1150899725881361,0.5865427407550001,Δo > Δ,1,5,1,3
26155270,edf_blom,lognakagami,0.1187529762511398,0.5865427407550001,Δo > Δ,1,5,1,4
26155270,edf_weibull,logdweibull,0.1202245076407968,0.5865427407550001,Δo > Δ,1,5,1,5
26155270,edf_tukey,lognakagami,0.1247053572035207,0.5865427407550001,Δo > Δ,1,5,1,6
26155270,edf_california,t,0.1259300455808957,0.5865427407550001,Δo > Δ,1,5,1,7
26155270,edf_filliben,lognakagami,0.1269187775203893,0.5865427407550001,Δo > Δ,1,5,1,8
26155270,edf_jenkinson,lognakagami,0.12795814530761,0.5865427407550001,Δo > Δ,1,5,1,9
26155270,edf_beard,lognakagami,0.12795814530761,0.5865427407550001,Δo > Δ,1,5,1,10
26155270,edf_chegodayev,lognakagami,0.1293349868331504,0.5865427407550001,Δo > Δ,1,5,1,11
26155270,edf_adamowski,lognakagami,0.1360689935671571,0.5865427407550001,Δo > Δ,1,5,1,12
26155502,edf_chegodayev,loglaplace_asymmetric,0.0698457455048026,0.484420539261,Δo > Δ,1,7,1,1
26155502,edf_jenkinson,loglaplace_asymmetric,0.0704045716512081,0.484420539261,Δo > Δ,1,7,1,2
26155502,edf_beard,loglaplace_asymmetric,0.0704045716512081,0.484420539261,Δo > Δ,1,7,1,3
26155502,edf_filliben,loglaplace_asymmetric,0.0709565119974955,0.484420539261,Δo > Δ,1,7,1,4
26155502,edf_adamowski,loglaplace_asymmetric,0.0716475473066044,0.484420539261,Δo > Δ,1,7,1,5
26155502,edf_tukey,loglaplace_asymmetric,0.0721291343513805,0.484420539261,Δo > Δ,1,7,1,6
26155502,edf_blom,loglaplace_asymmetric,0.0752639305896251,0.484420539261,Δo > Δ,1,7,1,7
26155502,edf_cunnane,loglaplace_asymmetric,0.0771796394018855,0.484420539261,Δo > Δ,1,7,1,8
26155502,edf_gringorten,loglaplace_asymmetric,0.0803007380286021,0.484420539261,Δo > Δ,1,7,1,9
26155502,edf_weibull,fisk,0.0844283788325882,0.484420539261,Δo > Δ,1,7,1,10
26155502,edf_hazen,loglaplace_asymmetric,0.0851161473383935,0.484420539261,Δo > Δ,1,7,1,11
26155502,edf_california,loglaplace,0.1140735667980589,0.484420539261,Δo > Δ,1,7,1,12
26155503,edf_tukey,loginvgamma,0.0556255156520469,0.484420539261,Δo > Δ,1,7,1,1
26155503,edf_filliben,loginvgamma,0.0562118268289895,0.484420539261,Δo > Δ,1,7,1,2
26155503,edf_jenkinson,loginvgamma,0.0564877970021331,0.484420539261,Δo > Δ,1,7,1,3
26155503,edf_beard,loginvgamma,0.0564877970021331,0.484420539261,Δo > Δ,1,7,1,4
26155503,edf_blom,loginvgamma,0.0567119040478849,0.484420539261,Δo > Δ,1,7,1,5
26155503,edf_chegodayev,loginvgamma,0.0568540168805482,0.484420539261,Δo > Δ,1,7,1,6
26155503,edf_gringorten,genlogistic,0.0570129562090061,0.484420539261,Δo > Δ,1,7,1,7
26155503,edf_cunnane,weibull_min,0.0572811955934587,0.484420539261,Δo > Δ,1,7,1,8
26155503,edf_hazen,logalpha,0.0584672617280233,0.484420539261,Δo > Δ,1,7,1,9
26155503,edf_adamowski,loginvgamma,0.0620669995661623,0.484420539261,Δo > Δ,1,7,1,10
26155503,edf_california,dweibull,0.0693468795394788,0.484420539261,Δo > Δ,1,7,1,11
26155503,edf_weibull,invgauss,0.0811503275980555,0.484420539261,Δo > Δ,1,7,1,12
26157190,edf_cunnane,logpearson3,0.0794085535303436,0.484420539261,Δo > Δ,1,7,1,1
26157190,edf_gringorten,logpearson3,0.0794085535303436,0.484420539261,Δo > Δ,1,7,1,2
26157190,edf_blom,logpearson3,0.0798108134272155,0.484420539261,Δo > Δ,1,7,1,3
26157190,edf_tukey,logpearson3,0.08294560966546,0.484420539261,Δo > Δ,1,7,1,4
26157190,edf_adamowski,lograyleigh,0.0830706824205396,0.484420539261,Δo > Δ,1,7,1,5
26157190,edf_jenkinson,halflogistic,0.0832623324944028,0.484420539261,Δo > Δ,1,7,1,6
26157190,edf_filliben,halflogistic,0.0832623324944028,0.484420539261,Δo > Δ,1,7,1,7
26157190,edf_chegodayev,halflogistic,0.0832623324944028,0.484420539261,Δo > Δ,1,7,1,8
26157190,edf_beard,halflogistic,0.0832623324944028,0.484420539261,Δo > Δ,1,7,1,9
26157190,edf_hazen,logpearson3,0.083363949826737,0.484420539261,Δo > Δ,1,7,1,10
26157190,edf_weibull,pearson3,0.0896082036459984,0.484420539261,Δo > Δ,1,7,1,11
26157190,edf_california,logfatiguelife,0.1191406910650312,0.484420539261,Δo > Δ,1,7,1,12
26165501,edf_blom,f,0.0973750825973518,0.484420539261,Δo > Δ,1,7,1,1
26165501,edf_tukey,f,0.0986067929445905,0.484420539261,Δo > Δ,1,7,1,2
26165501,edf_filliben,f,0.099193104121533,0.484420539261,Δo > Δ,1,7,1,3
26165501,edf_jenkinson,f,0.0994690742946766,0.484420539261,Δo > Δ,1,7,1,4
26165501,edf_beard,f,0.0994690742946766,0.484420539261,Δo > Δ,1,7,1,5
26165501,edf_chegodayev,f,0.0998352941730917,0.484420539261,Δo > Δ,1,7,1,6
26165501,edf_cunnane,f,0.1002486458157425,0.484420539261,Δo > Δ,1,7,1,7
26165501,edf_adamowski,logweibull_min,0.1004835149200846,0.484420539261,Δo > Δ,1,7,1,8
26165501,edf_gringorten,f,0.1049302937558174,0.484420539261,Δo > Δ,1,7,1,9
26165501,edf_weibull,f,0.1099704293082268,0.484420539261,Δo > Δ,1,7,1,10
26165501,edf_hazen,f,0.1121534077205045,0.484420539261,Δo > Δ,1,7,1,11
26165501,edf_california,invgauss,0.13624172211909,0.484420539261,Δo > Δ,1,7,1,12
26175501,edf_weibull,logbetaprime,0.0651860616782674,0.484420539261,Δo > Δ,1,7,1,1
26175501,edf_hazen,lognct,0.0696574906282881,0.484420539261,Δo > Δ,1,7,1,2
26175501,edf_gringorten,lognct,0.0720651952831837,0.484420539261,Δo > Δ,1,7,1,3
26175501,edf_cunnane,lognct,0.073625744596542,0.484420539261,Δo > Δ,1,7,1,4
26175501,edf_blom,lognct,0.0745835990026723,0.484420539261,Δo > Δ,1,7,1,5
26175501,edf_tukey,lognct,0.0761509971217946,0.484420539261,Δo > Δ,1,7,1,6
26175501,edf_filliben,lognct,0.0767373082987371,0.484420539261,Δo > Δ,1,7,1,7
26175501,edf_jenkinson,lognct,0.0770132784718808,0.484420539261,Δo > Δ,1,7,1,8
26175501,edf_beard,lognct,0.0770132784718808,0.484420539261,Δo > Δ,1,7,1,9
26175501,edf_chegodayev,lognct,0.0773794983502958,0.484420539261,Δo > Δ,1,7,1,10
26175501,edf_california,logdweibull,0.0790425907287445,0.484420539261,Δo > Δ,1,7,1,11
26175501,edf_adamowski,lognct,0.0791813001520976,0.484420539261,Δo > Δ,1,7,1,12
26177030,edf_weibull,invgauss,0.0727362147017069,0.417612680231,Δo > Δ,1,9,1,1
26177030,edf_adamowski,logfatiguelife,0.0763912476083621,0.417612680231,Δo > Δ,1,9,1,2
26177030,edf_tukey,invweibull,0.077429787161131,0.417612680231,Δo > Δ,1,9,1,3
26177030,edf_filliben,invweibull,0.0777920783669887,0.417612680231,Δo > Δ,1,9,1,4
26177030,edf_blom,f,0.0779299004337096,0.417612680231,Δo > Δ,1,9,1,5
26177030,edf_jenkinson,invweibull,0.0779628362016427,0.417612680231,Δo > Δ,1,9,1,6
26177030,edf_beard,invweibull,0.0779628362016427,0.417612680231,Δo > Δ,1,9,1,7
26177030,edf_chegodayev,invweibull,0.0781896655805839,0.417612680231,Δo > Δ,1,9,1,8
26177030,edf_cunnane,invgamma,0.0787441033907927,0.417612680231,Δo > Δ,1,9,1,9
26177030,edf_gringorten,loginvgauss,0.0795276834043519,0.417612680231,Δo > Δ,1,9,1,10
26177030,edf_hazen,loginvgauss,0.0839136483166326,0.417612680231,Δo > Δ,1,9,1,11
26177030,edf_california,logerlang,0.1111111111110686,0.417612680231,Δo > Δ,1,9,1,12
26180180,edf_adamowski,invgauss,0.0769902922013224,0.484420539261,Δo > Δ,1,7,1,1
26180180,edf_jenkinson,invgamma,0.0781483228798433,0.484420539261,Δo > Δ,1,7,1,2
26180180,edf_filliben,invgamma,0.0781483228798433,0.484420539261,Δo > Δ,1,7,1,3
26180180,edf_tukey,invgamma,0.0781483228798433,0.484420539261,Δo > Δ,1,7,1,4
26180180,edf_chegodayev,invgamma,0.0781483228798433,0.484420539261,Δo > Δ,1,7,1,5
26180180,edf_blom,invgamma,0.0781483228798433,0.484420539261,Δo > Δ,1,7,1,6
26180180,edf_beard,invgamma,0.0781483228798433,0.484420539261,Δo > Δ,1,7,1,7
26180180,edf_cunnane,invgamma,0.0791166159190543,0.484420539261,Δo > Δ,1,7,1,8
26180180,edf_gringorten,invgamma,0.0822377145457709,0.484420539261,Δo > Δ,1,7,1,9
26180180,edf_hazen,chi2,0.0843099137560598,0.484420539261,Δo > Δ,1,7,1,10
26180180,edf_weibull,chi2,0.0849934713472486,0.484420539261,Δo > Δ,1,7,1,11
26180180,edf_california,kstwobign,0.1118779205399691,0.484420539261,Δo > Δ,1,7,1,12
26180250,edf_adamowski,dweibull,0.1406969771023674,0.5865427407550001,Δo > Δ,1,5,1,1
26180250,edf_weibull,dweibull,0.1406969771023674,0.5865427407550001,Δo > Δ,1,5,1,2
26180250,edf_chegodayev,dweibull,0.1414329392529976,0.5865427407550001,Δo > Δ,1,5,1,3
26180250,edf_jenkinson,dweibull,0.1421213600157678,0.5865427407550001,Δo > Δ,1,5,1,4
26180250,edf_beard,dweibull,0.1421213600157678,0.5865427407550001,Δo > Δ,1,5,1,5
26180250,edf_filliben,dweibull,0.1426410439093781,0.5865427407550001,Δo > Δ,1,5,1,6
26180250,edf_tukey,dweibull,0.1437477540678124,0.5865427407550001,Δo > Δ,1,5,1,7
26180250,edf_blom,dweibull,0.1467239445440029,0.5865427407550001,Δo > Δ,1,5,1,8
26180250,edf_california,gamma,0.147755159403222,0.5865427407550001,Δo > Δ,1,5,1,9
26180250,edf_cunnane,dweibull,0.1485554463755047,0.5865427407550001,Δo > Δ,1,5,1,10
26180250,edf_gringorten,dweibull,0.1515602540678124,0.5865427407550001,Δo > Δ,1,5,1,11
26180250,edf_hazen,dweibull,0.1562477540678124,0.5865427407550001,Δo > Δ,1,5,1,12
26185050,edf_gringorten,nakagami,0.1102329250714513,0.484420539261,Δo > Δ,1,7,1,1
26185050,edf_cunnane,nakagami,0.1116647377109519,0.484420539261,Δo > Δ,1,7,1,2
26185050,edf_blom,nakagami,0.1135804465232124,0.484420539261,Δo > Δ,1,7,1,3
26185050,edf_tukey,nakagami,0.1167152427614569,0.484420539261,Δo > Δ,1,7,1,4
26185050,edf_hazen,nakagami,0.1174560390361384,0.484420539261,Δo > Δ,1,7,1,5
26185050,edf_filliben,nakagami,0.117887865115342,0.484420539261,Δo > Δ,1,7,1,6
26185050,edf_beard,nakagami,0.1184398054616294,0.484420539261,Δo > Δ,1,7,1,7
26185050,edf_jenkinson,nakagami,0.1184398054616294,0.484420539261,Δo > Δ,1,7,1,8
26185050,edf_california,dweibull,0.1191129706908321,0.484420539261,Δo > Δ,1,7,1,9
26185050,edf_chegodayev,nakagami,0.1191722452184594,0.484420539261,Δo > Δ,1,7,1,10
26185050,edf_adamowski,ncf,0.1225103094783572,0.484420539261,Δo > Δ,1,7,1,11
26185050,edf_weibull,ncf,0.1249998169171114,0.484420539261,Δo > Δ,1,7,1,12
26185501,edf_hazen,dweibull,0.0621291607828122,0.484420539261,Δo > Δ,1,7,1,1
26185501,edf_gringorten,dweibull,0.0645368654377078,0.484420539261,Δo > Δ,1,7,1,2
26185501,edf_cunnane,dweibull,0.0660974147510661,0.484420539261,Δo > Δ,1,7,1,3
26185501,edf_blom,dweibull,0.0670552691571964,0.484420539261,Δo > Δ,1,7,1,4
26185501,edf_adamowski,laplace_asymmetric,0.0682093988875594,0.484420539261,Δo > Δ,1,7,1,5
26185501,edf_tukey,dweibull,0.0686226672763187,0.484420539261,Δo > Δ,1,7,1,6
26185501,edf_filliben,dweibull,0.0692089784532612,0.484420539261,Δo > Δ,1,7,1,7
26185501,edf_jenkinson,dweibull,0.0694849486264049,0.484420539261,Δo > Δ,1,7,1,8
26185501,edf_beard,dweibull,0.0694849486264049,0.484420539261,Δo > Δ,1,7,1,9
26185501,edf_chegodayev,dweibull,0.07050079503604,0.484420539261,Δo > Δ,1,7,1,10
26185501,edf_weibull,genlogistic,0.0859914903407946,0.484420539261,Δo > Δ,1,7,1,11
26185501,edf_california,laplace_asymmetric,0.106970641060451,0.484420539261,Δo > Δ,1,7,1,12
26187040,edf_hazen,dweibull,0.062090396132919,0.530385761606,Δo > Δ,1,6,1,1
26187040,edf_gringorten,dweibull,0.0669923569172327,0.530385761606,Δo > Δ,1,6,1,2
26187040,edf_cunnane,dweibull,0.0701549122619512,0.530385761606,Δo > Δ,1,6,1,3
26187040,edf_blom,dweibull,0.072090396132919,0.530385761606,Δo > Δ,1,6,1,4
26187040,edf_tukey,dweibull,0.075248290869761,0.530385761606,Δo > Δ,1,6,1,5
26187040,edf_filliben,dweibull,0.0764266098014186,0.530385761606,Δo > Δ,1,6,1,6
26187040,edf_beard,dweibull,0.0769806782645804,0.530385761606,Δo > Δ,1,6,1,7
26187040,edf_jenkinson,dweibull,0.0769806782645804,0.530385761606,Δo > Δ,1,6,1,8
26187040,edf_chegodayev,dweibull,0.077715396132919,0.530385761606,Δo > Δ,1,6,1,9
26187040,edf_adamowski,dweibull,0.0813211653636882,0.530385761606,Δo > Δ,1,6,1,10
26187040,edf_weibull,dweibull,0.0978046818472047,0.530385761606,Δo > Δ,1,6,1,11
26187040,edf_california,fatiguelife,0.1398627149413098,0.530385761606,Δo > Δ,1,6,1,12
26195502,edf_california,loglogistic,0.1952024776102969,0.5865427407550001,Δo > Δ,1,5,1,1
26195502,edf_weibull,logbetaprime,0.2028608883057062,0.5865427407550001,Δo > Δ,1,5,1,2
26195502,edf_adamowski,logbetaprime,0.2331639186087365,0.5865427407550001,Δo > Δ,1,5,1,3
26195502,edf_cunnane,fisk,0.2355377928748253,0.5865427407550001,Δo > Δ,1,5,1,4
26195502,edf_gringorten,fisk,0.2355377928748253,0.5865427407550001,Δo > Δ,1,5,1,5
26195502,edf_tukey,fisk,0.2355377928748253,0.5865427407550001,Δo > Δ,1,5,1,6
26195502,edf_jenkinson,fisk,0.2355377928748253,0.5865427407550001,Δo > Δ,1,5,1,7
26195502,edf_filliben,fisk,0.2355377928748253,0.5865427407550001,Δo > Δ,1,5,1,8
26195502,edf_chegodayev,fisk,0.2355377928748253,0.5865427407550001,Δo > Δ,1,5,1,9
26195502,edf_blom,fisk,0.2355377928748253,0.5865427407550001,Δo > Δ,1,5,1,10
26195502,edf_beard,fisk,0.2355377928748253,0.5865427407550001,Δo > Δ,1,5,1,11
26195502,edf_hazen,fisk,0.2355377928748253,0.5865427407550001,Δo > Δ,1,5,1,12
26205501,edf_hazen,invweibull,0.1117866897251501,0.484420539261,Δo > Δ,1,7,1,1
26205501,edf_weibull,halflogistic,0.1132102137882653,0.484420539261,Δo > Δ,1,7,1,2
26205501,edf_gringorten,invweibull,0.1141943943800459,0.484420539261,Δo > Δ,1,7,1,3
26205501,edf_cunnane,invweibull,0.1157549436934042,0.484420539261,Δo > Δ,1,7,1,4
26205501,edf_blom,invweibull,0.1167127980995343,0.484420539261,Δo > Δ,1,7,1,5
26205501,edf_tukey,invweibull,0.1182801962186567,0.484420539261,Δo > Δ,1,7,1,6
26205501,edf_filliben,invweibull,0.1188665073955992,0.484420539261,Δo > Δ,1,7,1,7
26205501,edf_jenkinson,invweibull,0.1191424775687428,0.484420539261,Δo > Δ,1,7,1,8
26205501,edf_beard,invweibull,0.1191424775687428,0.484420539261,Δo > Δ,1,7,1,9
26205501,edf_chegodayev,invweibull,0.1195086974471579,0.484420539261,Δo > Δ,1,7,1,10
26205501,edf_adamowski,invweibull,0.1213104992489597,0.484420539261,Δo > Δ,1,7,1,11
26205501,edf_california,invweibull,0.1374088989875198,0.484420539261,Δo > Δ,1,7,1,12
26207080,edf_chegodayev,logdweibull,0.0644438082293368,0.4472608134160001,Δo > Δ,1,8,1,1
26207080,edf_jenkinson,logdweibull,0.0644964059800186,0.4472608134160001,Δo > Δ,1,8,1,2
26207080,edf_beard,logdweibull,0.0644964059800186,0.4472608134160001,Δo > Δ,1,8,1,3
26207080,edf_filliben,logdweibull,0.0650313659721439,0.4472608134160001,Δo > Δ,1,8,1,4
26207080,edf_adamowski,logdweibull,0.0656361750775634,0.4472608134160001,Δo > Δ,1,8,1,5
26207080,edf_tukey,logdweibull,0.0661670503714266,0.4472608134160001,Δo > Δ,1,8,1,6
26207080,edf_blom,logdweibull,0.0691973534017297,0.4472608134160001,Δo > Δ,1,8,1,7
26207080,edf_cunnane,logdweibull,0.0710450991519144,0.4472608134160001,Δo > Δ,1,8,1,8
26207080,edf_gringorten,logdweibull,0.0740488237704414,0.4472608134160001,Δo > Δ,1,8,1,9
26207080,edf_hazen,logdweibull,0.0786670503714266,0.4472608134160001,Δo > Δ,1,8,1,10
26207080,edf_weibull,logdweibull,0.0885119920710274,0.4472608134160001,Δo > Δ,1,8,1,11
26207080,edf_california,logdweibull,0.1257676327231842,0.4472608134160001,Δo > Δ,1,8,1,12
26215501,edf_cunnane,logweibull_min,0.0967741935321761,0.530385761606,Δo > Δ,1,6,1,1
26215501,edf_gringorten,logweibull_min,0.0985880878568545,0.530385761606,Δo > Δ,1,6,1,2
26215501,edf_blom,logweibull_min,0.099999999983789,0.530385761606,Δo > Δ,1,6,1,3
26215501,edf_tukey,logweibull_min,0.1052631578785258,0.530385761606,Δo > Δ,1,6,1,4
26215501,edf_hazen,logweibull_min,0.1067580224973775,0.530385761606,Δo > Δ,1,6,1,5
26215501,edf_filliben,logweibull_min,0.1072270227646216,0.530385761606,Δo > Δ,1,6,1,6
26215501,edf_beard,logweibull_min,0.1081504702032247,0.530385761606,Δo > Δ,1,6,1,7
26215501,edf_jenkinson,logweibull_min,0.1081504702032247,0.530385761606,Δo > Δ,1,6,1,8
26215501,edf_chegodayev,logweibull_min,0.109374999983789,0.530385761606,Δo > Δ,1,6,1,9
26215501,edf_adamowski,nakagami,0.1153832963531481,0.530385761606,Δo > Δ,1,6,1,10
26215501,edf_california,loginvgauss,0.1161556705542733,0.530385761606,Δo > Δ,1,6,1,11
26215501,edf_weibull,f,0.1388945514418382,0.530385761606,Δo > Δ,1,6,1,12
26217010,edf_hazen,fisk,0.0876222153444212,0.530385761606,Δo > Δ,1,6,1,1
26217010,edf_gringorten,lognakagami,0.091503267789823,0.530385761606,Δo > Δ,1,6,1,2
26217010,edf_california,dweibull,0.0923091818655821,0.530385761606,Δo > Δ,1,6,1,3
26217010,edf_cunnane,fisk,0.0956867314734536,0.530385761606,Δo > Δ,1,6,1,4
26217010,edf_blom,fisk,0.0976222153444212,0.530385761606,Δo > Δ,1,6,1,5
26217010,edf_tukey,fisk,0.1007801100812634,0.530385761606,Δo > Δ,1,6,1,6
26217010,edf_filliben,fisk,0.1019584290129208,0.530385761606,Δo > Δ,1,6,1,7
26217010,edf_jenkinson,fisk,0.1025124974760826,0.530385761606,Δo > Δ,1,6,1,8
26217010,edf_beard,fisk,0.1025124974760826,0.530385761606,Δo > Δ,1,6,1,9
26217010,edf_chegodayev,fisk,0.1032472153444212,0.530385761606,Δo > Δ,1,6,1,10
26217010,edf_adamowski,fisk,0.1068529845751905,0.530385761606,Δo > Δ,1,6,1,11
26217010,edf_weibull,fisk,0.1233365010587069,0.530385761606,Δo > Δ,1,6,1,12
26225060,edf_gringorten,dweibull,0.0487537892335609,0.4472608134160001,Δo > Δ,1,8,1,1
26225060,edf_cunnane,dweibull,0.0529590036994988,0.4472608134160001,Δo > Δ,1,8,1,2
26225060,edf_hazen,dweibull,0.0533002683485167,0.4472608134160001,Δo > Δ,1,8,1,3
26225060,edf_blom,dweibull,0.0555458477497575,0.4472608134160001,Δo > Δ,1,8,1,4
26225060,edf_tukey,dweibull,0.0597882719921817,0.4472608134160001,Δo > Δ,1,8,1,5
26225060,edf_filliben,dweibull,0.0613782301511776,0.4472608134160001,Δo > Δ,1,8,1,6
26225060,edf_beard,dweibull,0.0621271741401531,0.4472608134160001,Δo > Δ,1,8,1,7
26225060,edf_jenkinson,dweibull,0.0621271741401531,0.4472608134160001,Δo > Δ,1,8,1,8
26225060,edf_chegodayev,dweibull,0.0631216053255151,0.4472608134160001,Δo > Δ,1,8,1,9
26225060,edf_adamowski,dweibull,0.0680235661098288,0.4472608134160001,Δo > Δ,1,8,1,10
26225060,edf_weibull,ncf,0.0864349557109852,0.4472608134160001,Δo > Δ,1,8,1,11
26225060,edf_california,lognct,0.0918229357970135,0.4472608134160001,Δo > Δ,1,8,1,12
26237040,edf_california,t,0.0546871260195673,0.484420539261,Δo > Δ,1,7,1,1
26237040,edf_weibull,invgamma,0.085800502084931,0.484420539261,Δo > Δ,1,7,1,2
26237040,edf_blom,mielke,0.0888993336397257,0.484420539261,Δo > Δ,1,7,1,3
26237040,edf_cunnane,mielke,0.089857188045856,0.484420539261,Δo > Δ,1,7,1,4
26237040,edf_adamowski,logt,0.0900820560940032,0.484420539261,Δo > Δ,1,7,1,5
26237040,edf_tukey,mielke,0.0909090909090903,0.484420539261,Δo > Δ,1,7,1,6
26237040,edf_gringorten,mielke,0.0914177373592143,0.484420539261,Δo > Δ,1,7,1,7
26237040,edf_chegodayev,logt,0.091883857895805,0.484420539261,Δo > Δ,1,7,1,8
26237040,edf_beard,logt,0.0922500777742201,0.484420539261,Δo > Δ,1,7,1,9
26237040,edf_jenkinson,logt,0.0922500777742201,0.484420539261,Δo > Δ,1,7,1,10
26237040,edf_filliben,logt,0.0925260479473637,0.484420539261,Δo > Δ,1,7,1,11
26237040,edf_hazen,mielke,0.0938254420141099,0.484420539261,Δo > Δ,1,7,1,12
26247010,edf_hazen,ncf,0.0359316222965149,0.5865427407550001,Δo > Δ,1,5,1,1
26247010,edf_gringorten,ncf,0.0453066222965149,0.5865427407550001,Δo > Δ,1,5,1,2
26247010,edf_cunnane,ncf,0.0513162376811303,0.5865427407550001,Δo > Δ,1,5,1,3
26247010,edf_blom,ncf,0.054979241344134,0.5865427407550001,Δo > Δ,1,5,1,4
26247010,edf_tukey,ncf,0.0609316222965149,0.5865427407550001,Δo > Δ,1,5,1,5
26247010,edf_filliben,ncf,0.0631450426133835,0.5865427407550001,Δo > Δ,1,5,1,6
26247010,edf_beard,ncf,0.0641844104006041,0.5865427407550001,Δo > Δ,1,5,1,7
26247010,edf_jenkinson,ncf,0.0641844104006041,0.5865427407550001,Δo > Δ,1,5,1,8
26247010,edf_chegodayev,ncf,0.0655612519261445,0.5865427407550001,Δo > Δ,1,5,1,9
26247010,edf_adamowski,ncf,0.0722952586601513,0.5865427407550001,Δo > Δ,1,5,1,10
26247010,edf_weibull,ncf,0.1025982889631816,0.5865427407550001,Δo > Δ,1,5,1,11
26247010,edf_california,halflogistic,0.1334816108705289,0.5865427407550001,Δo > Δ,1,5,1,12
26247020,edf_blom,halflogistic,0.0868846397461144,0.530385761606,Δo > Δ,1,6,1,1
26247020,edf_cunnane,halflogistic,0.0870009483692026,0.530385761606,Δo > Δ,1,6,1,2
26247020,edf_tukey,halflogistic,0.0879372713250618,0.530385761606,Δo > Δ,1,6,1,3
26247020,edf_filliben,halflogistic,0.088330044302281,0.530385761606,Δo > Δ,1,6,1,4
26247020,edf_jenkinson,halflogistic,0.0885147337900016,0.530385761606,Δo > Δ,1,6,1,5
26247020,edf_beard,halflogistic,0.0885147337900016,0.530385761606,Δo > Δ,1,6,1,6
26247020,edf_chegodayev,halflogistic,0.0887596397461145,0.530385761606,Δo > Δ,1,6,1,7
26247020,edf_adamowski,halflogistic,0.0899615628230375,0.530385761606,Δo > Δ,1,6,1,8
26247020,edf_gringorten,halflogistic,0.0922718739437334,0.530385761606,Δo > Δ,1,6,1,9
26247020,edf_weibull,halfnorm,0.0939271677164853,0.530385761606,Δo > Δ,1,6,1,10
26247020,edf_hazen,halflogistic,0.1004418085842563,0.530385761606,Δo > Δ,1,6,1,11
26247020,edf_california,dweibull,0.1184217078708765,0.530385761606,Δo > Δ,1,6,1,12
26255030,edf_hazen,ncf,0.076235870545968,0.4472608134160001,Δo > Δ,1,8,1,1
26255030,edf_gringorten,ncf,0.0808540971469533,0.4472608134160001,Δo > Δ,1,8,1,2
26255030,edf_cunnane,ncf,0.0838578217654803,0.4472608134160001,Δo > Δ,1,8,1,3
26255030,edf_blom,ncf,0.085705567515665,0.4472608134160001,Δo > Δ,1,8,1,4
26255030,edf_tukey,ncf,0.088735870545968,0.4472608134160001,Δo > Δ,1,8,1,5
26255030,edf_filliben,ncf,0.0898715549452508,0.4472608134160001,Δo > Δ,1,8,1,6
26255030,edf_beard,ncf,0.0904065149373761,0.4472608134160001,Δo > Δ,1,8,1,7
26255030,edf_jenkinson,ncf,0.0904065149373761,0.4472608134160001,Δo > Δ,1,8,1,8
26255030,edf_chegodayev,ncf,0.0911168229269204,0.4472608134160001,Δo > Δ,1,8,1,9
26255030,edf_adamowski,ncf,0.0946182234871445,0.4472608134160001,Δo > Δ,1,8,1,10
26255030,edf_weibull,ncf,0.1109580927681902,0.4472608134160001,Δo > Δ,1,8,1,11
26255030,edf_california,lograyleigh,0.1291510517621713,0.4472608134160001,Δo > Δ,1,8,1,12
2633700150,edf_filliben,laplace_asymmetric,0.0846186722191028,0.530385761606,Δo > Δ,1,6,1,1
2633700150,edf_tukey,laplace_asymmetric,0.084672529688124,0.530385761606,Δo > Δ,1,6,1,2
2633700150,edf_jenkinson,laplace_asymmetric,0.0851727406822646,0.530385761606,Δo > Δ,1,6,1,3
2633700150,edf_beard,laplace_asymmetric,0.0851727406822646,0.530385761606,Δo > Δ,1,6,1,4
2633700150,edf_chegodayev,laplace_asymmetric,0.0859074585506032,0.530385761606,Δo > Δ,1,6,1,5
2633700150,edf_blom,laplace_asymmetric,0.0878304244249661,0.530385761606,Δo > Δ,1,6,1,6
2633700150,edf_adamowski,laplace_asymmetric,0.0895132277813724,0.530385761606,Δo > Δ,1,6,1,7
2633700150,edf_cunnane,laplace_asymmetric,0.0897659082959337,0.530385761606,Δo > Δ,1,6,1,8
2633700150,edf_weibull,genlogistic,0.0906543804044613,0.530385761606,Δo > Δ,1,6,1,9
2633700150,edf_gringorten,laplace_asymmetric,0.0929284636406523,0.530385761606,Δo > Δ,1,6,1,10
2633700150,edf_hazen,laplace_asymmetric,0.0978304244249661,0.530385761606,Δo > Δ,1,6,1,11
2633700150,edf_california,loglaplace_asymmetric,0.1349194330913766,0.530385761606,Δo > Δ,1,6,1,12
2636700098,edf_filliben,logdweibull,0.0898777153821357,0.530385761606,Δo > Δ,1,6,1,1
2636700098,edf_jenkinson,logdweibull,0.0908011628207387,0.530385761606,Δo > Δ,1,6,1,2
2636700098,edf_beard,logdweibull,0.0908011628207387,0.530385761606,Δo > Δ,1,6,1,3
2636700098,edf_tukey,logdweibull,0.0914285041151053,0.530385761606,Δo > Δ,1,6,1,4
2636700098,edf_chegodayev,logdweibull,0.092025692601303,0.530385761606,Δo > Δ,1,6,1,5
2636700098,edf_blom,logdweibull,0.0966916620098422,0.530385761606,Δo > Δ,1,6,1,6
2636700098,edf_adamowski,logdweibull,0.0980353079859184,0.530385761606,Δo > Δ,1,6,1,7
2636700098,edf_hazen,fisk,0.0985475724023232,0.530385761606,Δo > Δ,1,6,1,8
2636700098,edf_cunnane,logdweibull,0.099917468461455,0.530385761606,Δo > Δ,1,6,1,9
2636700098,edf_gringorten,ncf,0.1009798813593328,0.530385761606,Δo > Δ,1,6,1,10
2636700098,edf_weibull,logfisk,0.1173974339577942,0.530385761606,Δo > Δ,1,6,1,11
2636700098,edf_california,loglaplace,0.1287875494727602,0.530385761606,Δo > Δ,1,6,1,12
27015290,edf_hazen,alpha,0.0348040411501463,0.5865427407550001,Δo > Δ,1,5,1,1
27015290,edf_gringorten,alpha,0.0441790411501463,0.5865427407550001,Δo > Δ,1,5,1,2
27015290,edf_cunnane,alpha,0.0501886565347616,0.5865427407550001,Δo > Δ,1,5,1,3
27015290,edf_blom,alpha,0.0538516601977653,0.5865427407550001,Δo > Δ,1,5,1,4
27015290,edf_tukey,alpha,0.0598040411501463,0.5865427407550001,Δo > Δ,1,5,1,5
27015290,edf_filliben,dweibull,0.061988125315176,0.5865427407550001,Δo > Δ,1,5,1,6
27015290,edf_beard,dweibull,0.0625078092087863,0.5865427407550001,Δo > Δ,1,5,1,7
27015290,edf_jenkinson,dweibull,0.0625078092087863,0.5865427407550001,Δo > Δ,1,5,1,8
27015290,edf_chegodayev,dweibull,0.0631962299715565,0.5865427407550001,Δo > Δ,1,5,1,9
27015290,edf_adamowski,dweibull,0.0665632333385599,0.5865427407550001,Δo > Δ,1,5,1,10
27015290,edf_weibull,dweibull,0.0877663321413787,0.5865427407550001,Δo > Δ,1,5,1,11
27015290,edf_california,alpha,0.1348040411501463,0.5865427407550001,Δo > Δ,1,5,1,12
27015310,edf_weibull,logchi2,0.1666666636237292,0.5865427407550001,Δo > Δ,1,5,1,1
27015310,edf_adamowski,logncf,0.1705366545666367,0.5865427407550001,Δo > Δ,1,5,1,2
27015310,edf_filliben,logncf,0.1705366545666367,0.5865427407550001,Δo > Δ,1,5,1,3
27015310,edf_jenkinson,logncf,0.1705366545666367,0.5865427407550001,Δo > Δ,1,5,1,4
27015310,edf_chegodayev,logncf,0.1705366545666367,0.5865427407550001,Δo > Δ,1,5,1,5
27015310,edf_tukey,logncf,0.1705366545666367,0.5865427407550001,Δo > Δ,1,5,1,6
27015310,edf_beard,logncf,0.1705366545666367,0.5865427407550001,Δo > Δ,1,5,1,7
27015310,edf_blom,logncf,0.1710853632910473,0.5865427407550001,Δo > Δ,1,5,1,8
27015310,edf_cunnane,logncf,0.1747483669540508,0.5865427407550001,Δo > Δ,1,5,1,9
27015310,edf_california,loghypsecant,0.1801959958040849,0.5865427407550001,Δo > Δ,1,5,1,10
27015310,edf_gringorten,logncf,0.1807579823386662,0.5865427407550001,Δo > Δ,1,5,1,11
27015310,edf_hazen,logncf,0.1901329823386663,0.5865427407550001,Δo > Δ,1,5,1,12
27015320,edf_weibull,logdweibull,0.0688255981357134,0.4472608134160001,Δo > Δ,1,8,1,1
27015320,edf_california,logt,0.0735281850350295,0.4472608134160001,Δo > Δ,1,8,1,2
27015320,edf_hazen,loggibrat,0.0832978734901965,0.4472608134160001,Δo > Δ,1,8,1,3
27015320,edf_adamowski,logdweibull,0.0851654674167592,0.4472608134160001,Δo > Δ,1,8,1,4
27015320,edf_gringorten,loggibrat,0.0879161000911817,0.4472608134160001,Δo > Δ,1,8,1,5
27015320,edf_chegodayev,logdweibull,0.0900193761827437,0.4472608134160001,Δo > Δ,1,8,1,6
27015320,edf_cunnane,loggibrat,0.0909198247097087,0.4472608134160001,Δo > Δ,1,8,1,7
27015320,edf_jenkinson,logdweibull,0.0910138073681056,0.4472608134160001,Δo > Δ,1,8,1,8
27015320,edf_beard,logdweibull,0.0910138073681056,0.4472608134160001,Δo > Δ,1,8,1,9
27015320,edf_filliben,logdweibull,0.0917627513570812,0.4472608134160001,Δo > Δ,1,8,1,10
27015320,edf_blom,loggibrat,0.0927675704598935,0.4472608134160001,Δo > Δ,1,8,1,11
27015320,edf_tukey,logdweibull,0.093352709516077,0.4472608134160001,Δo > Δ,1,8,1,12
27015330,edf_california,logt,0.0623083787426093,0.4472608134160001,Δo > Δ,1,8,1,1
27015330,edf_weibull,logmielke,0.0821482500613111,0.4472608134160001,Δo > Δ,1,8,1,2
27015330,edf_adamowski,logmielke,0.0823054259724988,0.4472608134160001,Δo > Δ,1,8,1,3
27015330,edf_chegodayev,logmielke,0.0844062663086333,0.4472608134160001,Δo > Δ,1,8,1,4
27015330,edf_jenkinson,logmielke,0.0848324511023599,0.4472608134160001,Δo > Δ,1,8,1,5
27015330,edf_beard,logmielke,0.0848324511023599,0.4472608134160001,Δo > Δ,1,8,1,6
27015330,edf_filliben,logmielke,0.0851534270976351,0.4472608134160001,Δo > Δ,1,8,1,7
27015330,edf_tukey,logmielke,0.0858348377372047,0.4472608134160001,Δo > Δ,1,8,1,8
27015330,edf_blom,logmielke,0.0876530195553865,0.4472608134160001,Δo > Δ,1,8,1,9
27015330,edf_cunnane,logmielke,0.0887616670054973,0.4472608134160001,Δo > Δ,1,8,1,10
27015330,edf_gringorten,logmielke,0.0905639017766135,0.4472608134160001,Δo > Δ,1,8,1,11
27015330,edf_hazen,logmielke,0.0933348377372047,0.4472608134160001,Δo > Δ,1,8,1,12
2702500107,edf_weibull,logdweibull,0.0714285717044002,0.530385761606,Δo > Δ,1,6,1,1
2702500107,edf_adamowski,logdweibull,0.0769230771989057,0.530385761606,Δo > Δ,1,6,1,2
2702500107,edf_chegodayev,logdweibull,0.0781250002758288,0.530385761606,Δo > Δ,1,6,1,3
2702500107,edf_jenkinson,logdweibull,0.0783699062319416,0.530385761606,Δo > Δ,1,6,1,4
2702500107,edf_beard,logdweibull,0.0783699062319416,0.530385761606,Δo > Δ,1,6,1,5
2702500107,edf_filliben,logdweibull,0.0785545957196622,0.530385761606,Δo > Δ,1,6,1,6
2702500107,edf_tukey,logdweibull,0.0789473686968814,0.530385761606,Δo > Δ,1,6,1,7
2702500107,edf_blom,logdweibull,0.0800000002758288,0.530385761606,Δo > Δ,1,6,1,8
2702500107,edf_cunnane,logdweibull,0.0806451615661513,0.530385761606,Δo > Δ,1,6,1,9
2702500107,edf_gringorten,logdweibull,0.0832515661212564,0.530385761606,Δo > Δ,1,6,1,10
2702500107,edf_hazen,logdweibull,0.0881535269055701,0.530385761606,Δo > Δ,1,6,1,11
2702500107,edf_california,logdweibull,0.1408580060221477,0.530385761606,Δo > Δ,1,6,1,12
27037010,edf_hazen,logncf,0.0765192109564208,0.4472608134160001,Δo > Δ,1,8,1,1
27037010,edf_gringorten,lograyleigh,0.0800094825066866,0.4472608134160001,Δo > Δ,1,8,1,2
27037010,edf_cunnane,lograyleigh,0.0830132071252135,0.4472608134160001,Δo > Δ,1,8,1,3
27037010,edf_adamowski,loginvweibull,0.0839204152786952,0.4472608134160001,Δo > Δ,1,8,1,4
27037010,edf_blom,lograyleigh,0.0848609528753984,0.4472608134160001,Δo > Δ,1,8,1,5
27037010,edf_chegodayev,fisk,0.0857238867892728,0.4472608134160001,Δo > Δ,1,8,1,6
27037010,edf_beard,fisk,0.0858659483871817,0.4472608134160001,Δo > Δ,1,8,1,7
27037010,edf_jenkinson,fisk,0.0858659483871817,0.4472608134160001,Δo > Δ,1,8,1,8
27037010,edf_filliben,fisk,0.0859729403856067,0.4472608134160001,Δo > Δ,1,8,1,9
27037010,edf_tukey,fisk,0.0862000772654633,0.4472608134160001,Δo > Δ,1,8,1,10
27037010,edf_weibull,loginvweibull,0.0883697881047476,0.4472608134160001,Δo > Δ,1,8,1,11
27037010,edf_california,logdweibull,0.0962412639204621,0.4472608134160001,Δo > Δ,1,8,1,12
2801700088,edf_filliben,moyal,0.099236759313797,0.5865427407550001,Δo > Δ,1,5,1,1
2801700088,edf_jenkinson,moyal,0.1002528797954718,0.5865427407550001,Δo > Δ,1,5,1,2
2801700088,edf_beard,moyal,0.1002528797954718,0.5865427407550001,Δo > Δ,1,5,1,3
2801700088,edf_tukey,moyal,0.1003434694722313,0.5865427407550001,Δo > Δ,1,5,1,4
2801700088,edf_chegodayev,moyal,0.1016297213210122,0.5865427407550001,Δo > Δ,1,5,1,5
2801700088,edf_blom,moyal,0.1033196599484218,0.5865427407550001,Δo > Δ,1,5,1,6
2801700088,edf_adamowski,logweibull_min,0.1041802913620314,0.5865427407550001,Δo > Δ,1,5,1,7
2801700088,edf_cunnane,moyal,0.1051511617799236,0.5865427407550001,Δo > Δ,1,5,1,8
2801700088,edf_weibull,nct,0.107709804955428,0.5865427407550001,Δo > Δ,1,5,1,9
2801700088,edf_gringorten,moyal,0.1081559694722313,0.5865427407550001,Δo > Δ,1,5,1,10
2801700088,edf_hazen,moyal,0.1128434694722313,0.5865427407550001,Δo > Δ,1,5,1,11
2801700088,edf_california,logalpha,0.1627348932829276,0.5865427407550001,Δo > Δ,1,5,1,12
2802500079,edf_hazen,rayleigh,0.0445347523436492,0.530385761606,Δo > Δ,1,6,1,1
2802500079,edf_gringorten,rayleigh,0.0494367131279629,0.530385761606,Δo > Δ,1,6,1,2
2802500079,edf_cunnane,rayleigh,0.0525992684726814,0.530385761606,Δo > Δ,1,6,1,3
2802500079,edf_blom,rayleigh,0.0545347523436492,0.530385761606,Δo > Δ,1,6,1,4
2802500079,edf_chegodayev,invgauss,0.0566472659048905,0.530385761606,Δo > Δ,1,6,1,5
2802500079,edf_jenkinson,invgauss,0.0568266231537655,0.530385761606,Δo > Δ,1,6,1,6
2802500079,edf_beard,invgauss,0.0568266231537655,0.530385761606,Δo > Δ,1,6,1,7
2802500079,edf_filliben,invgauss,0.0570113126414861,0.530385761606,Δo > Δ,1,6,1,8
2802500079,edf_tukey,invgauss,0.0574040856187053,0.530385761606,Δo > Δ,1,6,1,9
2802500079,edf_adamowski,invgauss,0.062656881289506,0.530385761606,Δo > Δ,1,6,1,10
2802500079,edf_weibull,logmielke,0.085707413523572,0.530385761606,Δo > Δ,1,6,1,11
2802500079,edf_california,loginvweibull,0.115140099514831,0.530385761606,Δo > Δ,1,6,1,12
28025120,edf_filliben,dweibull,0.0628627887535451,0.5865427407550001,Δo > Δ,1,5,1,1
28025120,edf_jenkinson,dweibull,0.0633824726471553,0.5865427407550001,Δo > Δ,1,5,1,2
28025120,edf_beard,dweibull,0.0633824726471553,0.5865427407550001,Δo > Δ,1,5,1,3
28025120,edf_chegodayev,dweibull,0.0640708934099256,0.5865427407550001,Δo > Δ,1,5,1,4
28025120,edf_tukey,dweibull,0.0645320284659569,0.5865427407550001,Δo > Δ,1,5,1,5
28025120,edf_adamowski,dweibull,0.067437896776929,0.5865427407550001,Δo > Δ,1,5,1,6
28025120,edf_gringorten,weibull_min,0.0697352715759508,0.5865427407550001,Δo > Δ,1,5,1,7
28025120,edf_blom,dweibull,0.0704844094183378,0.5865427407550001,Δo > Δ,1,5,1,8
28025120,edf_cunnane,dweibull,0.0741474130813414,0.5865427407550001,Δo > Δ,1,5,1,9
28025120,edf_hazen,weibull_min,0.0744227715759508,0.5865427407550001,Δo > Δ,1,5,1,10
28025120,edf_weibull,dweibull,0.0825894119284441,0.5865427407550001,Δo > Δ,1,5,1,11
28025120,edf_california,mielke,0.1473256088082137,0.5865427407550001,Δo > Δ,1,5,1,12
28025130,edf_hazen,fisk,0.1092665941128253,0.5865427407550001,Δo > Δ,1,5,1,1
28025130,edf_adamowski,logncf,0.113029018821395,0.5865427407550001,Δo > Δ,1,5,1,2
28025130,edf_weibull,logncf,0.113029018821395,0.5865427407550001,Δo > Δ,1,5,1,3
28025130,edf_gringorten,fisk,0.1139540941128253,0.5865427407550001,Δo > Δ,1,5,1,4
28025130,edf_filliben,logfisk,0.115717007864652,0.5865427407550001,Δo > Δ,1,5,1,5
28025130,edf_tukey,logfisk,0.115717007864652,0.5865427407550001,Δo > Δ,1,5,1,6
28025130,edf_jenkinson,logfisk,0.115717007864652,0.5865427407550001,Δo > Δ,1,5,1,7
28025130,edf_cunnane,logfisk,0.115717007864652,0.5865427407550001,Δo > Δ,1,5,1,8
28025130,edf_chegodayev,logfisk,0.115717007864652,0.5865427407550001,Δo > Δ,1,5,1,9
28025130,edf_blom,logfisk,0.115717007864652,0.5865427407550001,Δo > Δ,1,5,1,10
28025130,edf_beard,logfisk,0.115717007864652,0.5865427407550001,Δo > Δ,1,5,1,11
28025130,edf_california,dweibull,0.1186872402887935,0.5865427407550001,Δo > Δ,1,5,1,12
28025502,edf_gringorten,nct,0.0348169530550839,0.4472608134160001,Δo > Δ,1,8,1,1
28025502,edf_hazen,logt,0.0350655365339144,0.4472608134160001,Δo > Δ,1,8,1,2
28025502,edf_cunnane,nct,0.0390221675210217,0.4472608134160001,Δo > Δ,1,8,1,3
28025502,edf_blom,nct,0.0416090115712804,0.4472608134160001,Δo > Δ,1,8,1,4
28025502,edf_tukey,nct,0.0458514358137046,0.4472608134160001,Δo > Δ,1,8,1,5
28025502,edf_filliben,nct,0.0474413939727005,0.4472608134160001,Δo > Δ,1,8,1,6
28025502,edf_california,t,0.0478307401027814,0.4472608134160001,Δo > Δ,1,8,1,7
28025502,edf_jenkinson,nct,0.048190337961676,0.4472608134160001,Δo > Δ,1,8,1,8
28025502,edf_beard,nct,0.048190337961676,0.4472608134160001,Δo > Δ,1,8,1,9
28025502,edf_chegodayev,nct,0.049184769147038,0.4472608134160001,Δo > Δ,1,8,1,10
28025502,edf_adamowski,nct,0.0540867299313517,0.4472608134160001,Δo > Δ,1,8,1,11
28025502,edf_weibull,nct,0.0769625469248158,0.4472608134160001,Δo > Δ,1,8,1,12
28035060,edf_tukey,dweibull,0.059999999999998,0.4472608134160001,Δo > Δ,1,8,1,1
28035060,edf_filliben,dweibull,0.0605432093977851,0.4472608134160001,Δo > Δ,1,8,1,2
28035060,edf_jenkinson,dweibull,0.0610781693899105,0.4472608134160001,Δo > Δ,1,8,1,3
28035060,edf_beard,dweibull,0.0610781693899105,0.4472608134160001,Δo > Δ,1,8,1,4
28035060,edf_blom,dweibull,0.0616232475291291,0.4472608134160001,Δo > Δ,1,8,1,5
28035060,edf_chegodayev,dweibull,0.0617884773794547,0.4472608134160001,Δo > Δ,1,8,1,6
28035060,edf_cunnane,dweibull,0.063470993279314,0.4472608134160001,Δo > Δ,1,8,1,7
28035060,edf_adamowski,dweibull,0.0652898779396788,0.4472608134160001,Δo > Δ,1,8,1,8
28035060,edf_gringorten,dweibull,0.0664747178978409,0.4472608134160001,Δo > Δ,1,8,1,9
28035060,edf_hazen,dweibull,0.0710929444988262,0.4472608134160001,Δo > Δ,1,8,1,10
28035060,edf_weibull,dweibull,0.0816297472207246,0.4472608134160001,Δo > Δ,1,8,1,11
28035060,edf_california,loglaplace_asymmetric,0.121537590225159,0.4472608134160001,Δo > Δ,1,8,1,12
28035070,edf_hazen,alpha,0.0996413464265018,0.5865427407550001,Δo > Δ,1,5,1,1
28035070,edf_adamowski,logdweibull,0.1007066877363606,0.5865427407550001,Δo > Δ,1,5,1,2
28035070,edf_chegodayev,logdweibull,0.1040736911033639,0.5865427407550001,Δo > Δ,1,5,1,3
28035070,edf_gringorten,alpha,0.1043288464265017,0.5865427407550001,Δo > Δ,1,5,1,4
28035070,edf_beard,logdweibull,0.1047621118661342,0.5865427407550001,Δo > Δ,1,5,1,5
28035070,edf_jenkinson,logdweibull,0.1047621118661342,0.5865427407550001,Δo > Δ,1,5,1,6
28035070,edf_filliben,logdweibull,0.1052817957597445,0.5865427407550001,Δo > Δ,1,5,1,7
28035070,edf_tukey,logdweibull,0.1063885059181788,0.5865427407550001,Δo > Δ,1,5,1,8
28035070,edf_cunnane,alpha,0.1073336541188094,0.5865427407550001,Δo > Δ,1,5,1,9
28035070,edf_blom,alpha,0.1091651559503112,0.5865427407550001,Δo > Δ,1,5,1,10
28035070,edf_weibull,logdweibull,0.1166913035479691,0.5865427407550001,Δo > Δ,1,5,1,11
28035070,edf_california,alpha,0.1404495730525008,0.5865427407550001,Δo > Δ,1,5,1,12
28045501,edf_gringorten,logf,0.078709040081051,0.484420539261,Δo > Δ,1,7,1,1
28045501,edf_cunnane,logf,0.0824111513900491,0.484420539261,Δo > Δ,1,7,1,2
28045501,edf_hazen,logf,0.0835244493908424,0.484420539261,Δo > Δ,1,7,1,3
28045501,edf_blom,logf,0.0852847146084399,0.484420539261,Δo > Δ,1,7,1,4
28045501,edf_tukey,logf,0.0899869089658066,0.484420539261,Δo > Δ,1,7,1,5
28045501,edf_filliben,logf,0.0917458424966343,0.484420539261,Δo > Δ,1,7,1,6
28045501,edf_beard,logf,0.0925737530160653,0.484420539261,Δo > Δ,1,7,1,7
28045501,edf_jenkinson,logf,0.0925737530160653,0.484420539261,Δo > Δ,1,7,1,8
28045501,edf_chegodayev,logf,0.0936724126513103,0.484420539261,Δo > Δ,1,7,1,9
28045501,edf_adamowski,betaprime,0.0948437295485693,0.484420539261,Δo > Δ,1,7,1,10
28045501,edf_california,invgamma,0.1024829154587508,0.484420539261,Δo > Δ,1,7,1,11
28045501,edf_weibull,logpearson3,0.1098877530065338,0.484420539261,Δo > Δ,1,7,1,12
29004520,edf_gringorten,invgauss,0.0330809159441628,0.4472608134160001,Δo > Δ,1,8,1,1
29004520,edf_hazen,invgamma,0.0346468095088534,0.4472608134160001,Δo > Δ,1,8,1,2
29004520,edf_cunnane,invgamma,0.0361711997527559,0.4472608134160001,Δo > Δ,1,8,1,3
29004520,edf_blom,invgamma,0.0381697982342466,0.4472608134160001,Δo > Δ,1,8,1,4
29004520,edf_tukey,exponnorm,0.0401312174147501,0.4472608134160001,Δo > Δ,1,8,1,5
29004520,edf_filliben,exponnorm,0.0417211755737459,0.4472608134160001,Δo > Δ,1,8,1,6
29004520,edf_beard,exponnorm,0.0424701195627215,0.4472608134160001,Δo > Δ,1,8,1,7
29004520,edf_jenkinson,exponnorm,0.0424701195627215,0.4472608134160001,Δo > Δ,1,8,1,8
29004520,edf_chegodayev,exponnorm,0.0434645507480835,0.4472608134160001,Δo > Δ,1,8,1,9
29004520,edf_adamowski,exponnorm,0.0483665115323972,0.4472608134160001,Δo > Δ,1,8,1,10
29004520,edf_weibull,laplace_asymmetric,0.0682697109381131,0.4472608134160001,Δo > Δ,1,8,1,11
29004520,edf_california,dweibull,0.0806057258904159,0.4472608134160001,Δo > Δ,1,8,1,12
29015000,edf_adamowski,logfatiguelife,0.0893083961184884,0.4472608134160001,Δo > Δ,1,8,1,1
29015000,edf_chegodayev,logbetaprime,0.0907184719182552,0.4472608134160001,Δo > Δ,1,8,1,2
29015000,edf_beard,logbetaprime,0.0909926943460842,0.4472608134160001,Δo > Δ,1,8,1,3
29015000,edf_jenkinson,logbetaprime,0.0909926943460842,0.4472608134160001,Δo > Δ,1,8,1,4
29015000,edf_filliben,logbetaprime,0.0913136703413594,0.4472608134160001,Δo > Δ,1,8,1,5
29015000,edf_tukey,logbetaprime,0.091995080980929,0.4472608134160001,Δo > Δ,1,8,1,6
29015000,edf_blom,logerlang,0.0931326361085679,0.4472608134160001,Δo > Δ,1,8,1,7
29015000,edf_cunnane,loggamma,0.0935514658540213,0.4472608134160001,Δo > Δ,1,8,1,8
29015000,edf_cunnane,loggamma,0.0935514658540213,0.4472608134160001,Δo > Δ,1,8,1,9
29015000,edf_weibull,logloggamma,0.0938759579939749,0.4472608134160001,Δo > Δ,1,8,1,10
29015000,edf_gringorten,lognct,0.0947903919442405,0.4472608134160001,Δo > Δ,1,8,1,11
29015000,edf_hazen,logpearson3,0.0967513602962411,0.4472608134160001,Δo > Δ,1,8,1,12
29015000,edf_california,logdweibull,0.103026774667617,0.4472608134160001,Δo > Δ,1,8,1,13
29015040,edf_tukey,halfnorm,0.0713669669078624,0.4472608134160001,Δo > Δ,1,8,1,1
29015040,edf_blom,halfnorm,0.0714022977183063,0.4472608134160001,Δo > Δ,1,8,1,2
29015040,edf_cunnane,halfnorm,0.0717718468683432,0.4472608134160001,Δo > Δ,1,8,1,3
29015040,edf_filliben,halfnorm,0.072048377547432,0.4472608134160001,Δo > Δ,1,8,1,4
29015040,edf_jenkinson,halfnorm,0.0723693535427072,0.4472608134160001,Δo > Δ,1,8,1,5
29015040,edf_beard,halfnorm,0.0723693535427072,0.4472608134160001,Δo > Δ,1,8,1,6
29015040,edf_gringorten,halfnorm,0.0723725917920486,0.4472608134160001,Δo > Δ,1,8,1,7
29015040,edf_chegodayev,halfnorm,0.0727955383364339,0.4472608134160001,Δo > Δ,1,8,1,8
29015040,edf_hazen,halfnorm,0.0732962371122457,0.4472608134160001,Δo > Δ,1,8,1,9
29015040,edf_adamowski,halfnorm,0.0748963786725683,0.4472608134160001,Δo > Δ,1,8,1,10
29015040,edf_weibull,halfnorm,0.0847003002411957,0.4472608134160001,Δo > Δ,1,8,1,11
29015040,edf_california,nakagami,0.1249999999033018,0.4472608134160001,Δo > Δ,1,8,1,12
29035000,edf_california,t,0.0936059125258436,0.484420539261,Δo > Δ,1,7,1,1
29035000,edf_chegodayev,lognakagami,0.0978576366525867,0.484420539261,Δo > Δ,1,7,1,2
29035000,edf_hazen,logfisk,0.0979557149427913,0.484420539261,Δo > Δ,1,7,1,3
29035000,edf_jenkinson,lognakagami,0.0982238565310018,0.484420539261,Δo > Δ,1,7,1,4
29035000,edf_beard,lognakagami,0.0982238565310018,0.484420539261,Δo > Δ,1,7,1,5
29035000,edf_filliben,lognakagami,0.0984998267041454,0.484420539261,Δo > Δ,1,7,1,6
29035000,edf_tukey,lognakagami,0.099086137881088,0.484420539261,Δo > Δ,1,7,1,7
29035000,edf_adamowski,lognakagami,0.0999999983703346,0.484420539261,Δo > Δ,1,7,1,8
29035000,edf_blom,lognakagami,0.1006535360002103,0.484420539261,Δo > Δ,1,7,1,9
29035000,edf_cunnane,lognakagami,0.1016113904063404,0.484420539261,Δo > Δ,1,7,1,10
29035000,edf_gringorten,logfisk,0.1027711242525827,0.484420539261,Δo > Δ,1,7,1,11
29035000,edf_weibull,lognakagami,0.1249999983703346,0.484420539261,Δo > Δ,1,7,1,12
29035080,edf_weibull,moyal,0.1031364261751379,0.484420539261,Δo > Δ,1,7,1,1
29035080,edf_adamowski,moyal,0.1114697595084713,0.484420539261,Δo > Δ,1,7,1,2
29035080,edf_california,loglaplace_asymmetric,0.1124422026015089,0.484420539261,Δo > Δ,1,7,1,3
29035080,edf_chegodayev,moyal,0.1132715613102731,0.484420539261,Δo > Δ,1,7,1,4
29035080,edf_jenkinson,moyal,0.1136377811886881,0.484420539261,Δo > Δ,1,7,1,5
29035080,edf_beard,moyal,0.1136377811886881,0.484420539261,Δo > Δ,1,7,1,6
29035080,edf_filliben,moyal,0.1139137513618318,0.484420539261,Δo > Δ,1,7,1,7
29035080,edf_tukey,moyal,0.1145000625387743,0.484420539261,Δo > Δ,1,7,1,8
29035080,edf_blom,moyal,0.1160674606578965,0.484420539261,Δo > Δ,1,7,1,9
29035080,edf_cunnane,moyal,0.1170253150640268,0.484420539261,Δo > Δ,1,7,1,10
29035080,edf_gringorten,moyal,0.1185858643773851,0.484420539261,Δo > Δ,1,7,1,11
29035080,edf_hazen,moyal,0.1209935690322808,0.484420539261,Δo > Δ,1,7,1,12
29035200,edf_hazen,logdweibull,0.067377491454246,0.4472608134160001,Δo > Δ,1,8,1,1
29035200,edf_gringorten,logdweibull,0.0719957180552313,0.4472608134160001,Δo > Δ,1,8,1,2
29035200,edf_cunnane,logdweibull,0.0749994426737583,0.4472608134160001,Δo > Δ,1,8,1,3
29035200,edf_blom,logdweibull,0.076847188423943,0.4472608134160001,Δo > Δ,1,8,1,4
29035200,edf_tukey,logdweibull,0.0798774914542461,0.4472608134160001,Δo > Δ,1,8,1,5
29035200,edf_filliben,logdweibull,0.0810131758535288,0.4472608134160001,Δo > Δ,1,8,1,6
29035200,edf_beard,logdweibull,0.0815481358456541,0.4472608134160001,Δo > Δ,1,8,1,7
29035200,edf_jenkinson,logdweibull,0.0815481358456541,0.4472608134160001,Δo > Δ,1,8,1,8
29035200,edf_chegodayev,logdweibull,0.0822584438351984,0.4472608134160001,Δo > Δ,1,8,1,9
29035200,edf_adamowski,logdweibull,0.0857598443954225,0.4472608134160001,Δo > Δ,1,8,1,10
29035200,edf_weibull,logdweibull,0.1020997136764682,0.4472608134160001,Δo > Δ,1,8,1,11
29035200,edf_california,chi2,0.1249078564293602,0.4472608134160001,Δo > Δ,1,8,1,12
29045000,edf_adamowski,logwald,0.0830108091078236,0.484420539261,Δo > Δ,1,7,1,1
29045000,edf_california,logt,0.0863641243360063,0.484420539261,Δo > Δ,1,7,1,2
29045000,edf_chegodayev,logwald,0.0864975808203692,0.484420539261,Δo > Δ,1,7,1,3
29045000,edf_jenkinson,logwald,0.0872300205771993,0.484420539261,Δo > Δ,1,7,1,4
29045000,edf_beard,logwald,0.0872300205771993,0.484420539261,Δo > Δ,1,7,1,5
29045000,edf_filliben,logwald,0.0877819609234866,0.484420539261,Δo > Δ,1,7,1,6
29045000,edf_tukey,logwald,0.0889545832773717,0.484420539261,Δo > Δ,1,7,1,7
29045000,edf_weibull,logwald,0.0901599070732989,0.484420539261,Δo > Δ,1,7,1,8
29045000,edf_blom,logwald,0.0920893795156162,0.484420539261,Δo > Δ,1,7,1,9
29045000,edf_cunnane,logwald,0.0940050883278766,0.484420539261,Δo > Δ,1,7,1,10
29045000,edf_gringorten,logwald,0.0971261869545933,0.484420539261,Δo > Δ,1,7,1,11
29045000,edf_hazen,logwald,0.1019415962643847,0.484420539261,Δo > Δ,1,7,1,12
29045190,edf_hazen,mielke,0.0679843513827619,0.4472608134160001,Δo > Δ,1,8,1,1
29045190,edf_gringorten,mielke,0.0726025779837472,0.4472608134160001,Δo > Δ,1,8,1,2
29045190,edf_cunnane,mielke,0.0756063026022741,0.4472608134160001,Δo > Δ,1,8,1,3
29045190,edf_blom,mielke,0.0774540483524589,0.4472608134160001,Δo > Δ,1,8,1,4
29045190,edf_weibull,loghalflogistic,0.0788325620119089,0.4472608134160001,Δo > Δ,1,8,1,5
29045190,edf_tukey,mielke,0.0804843513827619,0.4472608134160001,Δo > Δ,1,8,1,6
29045190,edf_filliben,mielke,0.0816200357820446,0.4472608134160001,Δo > Δ,1,8,1,7
29045190,edf_jenkinson,mielke,0.08215499577417,0.4472608134160001,Δo > Δ,1,8,1,8
29045190,edf_beard,mielke,0.08215499577417,0.4472608134160001,Δo > Δ,1,8,1,9
29045190,edf_chegodayev,mielke,0.0828653037637143,0.4472608134160001,Δo > Δ,1,8,1,10
29045190,edf_adamowski,mielke,0.0863667043239384,0.4472608134160001,Δo > Δ,1,8,1,11
29045190,edf_california,erlang,0.1249668721774836,0.4472608134160001,Δo > Δ,1,8,1,12
29047000,edf_california,fatiguelife,0.0915543231246201,0.4472608134160001,Δo > Δ,1,8,1,1
29047000,edf_hazen,logncf,0.0929005599829532,0.4472608134160001,Δo > Δ,1,8,1,2
29047000,edf_gringorten,logncf,0.0938242053031503,0.4472608134160001,Δo > Δ,1,8,1,3
29047000,edf_cunnane,logncf,0.0944249502268557,0.4472608134160001,Δo > Δ,1,8,1,4
29047000,edf_blom,logncf,0.0947944993768926,0.4472608134160001,Δo > Δ,1,8,1,5
29047000,edf_tukey,logncf,0.0954005599829532,0.4472608134160001,Δo > Δ,1,8,1,6
29047000,edf_filliben,logncf,0.0956276968628098,0.4472608134160001,Δo > Δ,1,8,1,7
29047000,edf_jenkinson,logncf,0.0957346888612348,0.4472608134160001,Δo > Δ,1,8,1,8
29047000,edf_beard,logncf,0.0957346888612348,0.4472608134160001,Δo > Δ,1,8,1,9
29047000,edf_chegodayev,logncf,0.0958767504591437,0.4472608134160001,Δo > Δ,1,8,1,10
29047000,edf_adamowski,logncf,0.0965770305711885,0.4472608134160001,Δo > Δ,1,8,1,11
29047000,edf_weibull,logncf,0.1110721551134295,0.4472608134160001,Δo > Δ,1,8,1,12
29047070,edf_adamowski,laplace_asymmetric,0.0613083912970849,0.4472608134160001,Δo > Δ,1,8,1,1
29047070,edf_chegodayev,laplace_asymmetric,0.064809791857309,0.4472608134160001,Δo > Δ,1,8,1,2
29047070,edf_jenkinson,laplace_asymmetric,0.0655200998468533,0.4472608134160001,Δo > Δ,1,8,1,3
29047070,edf_beard,laplace_asymmetric,0.0655200998468533,0.4472608134160001,Δo > Δ,1,8,1,4
29047070,edf_filliben,laplace_asymmetric,0.0660550598389787,0.4472608134160001,Δo > Δ,1,8,1,5
29047070,edf_tukey,laplace_asymmetric,0.0671907442382614,0.4472608134160001,Δo > Δ,1,8,1,6
29047070,edf_blom,laplace_asymmetric,0.0702210472685644,0.4472608134160001,Δo > Δ,1,8,1,7
29047070,edf_cunnane,laplace_asymmetric,0.0720687930187492,0.4472608134160001,Δo > Δ,1,8,1,8
29047070,edf_gringorten,laplace_asymmetric,0.0750725176372762,0.4472608134160001,Δo > Δ,1,8,1,9
29047070,edf_weibull,loglogistic,0.0762413203833012,0.4472608134160001,Δo > Δ,1,8,1,10
29047070,edf_hazen,gibrat,0.079105125341492,0.4472608134160001,Δo > Δ,1,8,1,11
29047070,edf_california,logdweibull,0.0804732805087055,0.4472608134160001,Δo > Δ,1,8,1,12
29065000,edf_california,t,0.0643021267233627,0.484420539261,Δo > Δ,1,7,1,1
29065000,edf_hazen,logdweibull,0.0795371501101919,0.484420539261,Δo > Δ,1,7,1,2
29065000,edf_gringorten,logdweibull,0.0819448547650876,0.484420539261,Δo > Δ,1,7,1,3
29065000,edf_cunnane,logdweibull,0.0835054040784459,0.484420539261,Δo > Δ,1,7,1,4
29065000,edf_blom,logdweibull,0.0844632584845762,0.484420539261,Δo > Δ,1,7,1,5
29065000,edf_tukey,logdweibull,0.0860306566036984,0.484420539261,Δo > Δ,1,7,1,6
29065000,edf_filliben,logdweibull,0.0866169677806409,0.484420539261,Δo > Δ,1,7,1,7
29065000,edf_jenkinson,logdweibull,0.0868929379537846,0.484420539261,Δo > Δ,1,7,1,8
29065000,edf_beard,logdweibull,0.0868929379537846,0.484420539261,Δo > Δ,1,7,1,9
29065000,edf_chegodayev,logdweibull,0.0872591578321996,0.484420539261,Δo > Δ,1,7,1,10
29065000,edf_adamowski,logdweibull,0.0890609596340014,0.484420539261,Δo > Δ,1,7,1,11
29065000,edf_weibull,loglaplace_asymmetric,0.0964668866663988,0.484420539261,Δo > Δ,1,7,1,12
29065120,edf_gringorten,weibull_min,0.0942171647060943,0.530385761606,Δo > Δ,1,6,1,1
29065120,edf_hazen,weibull_min,0.0958511516341989,0.530385761606,Δo > Δ,1,6,1,2
29065120,edf_cunnane,weibull_min,0.0967740530961262,0.530385761606,Δo > Δ,1,6,1,3
29065120,edf_california,logdweibull,0.0979292239457665,0.530385761606,Δo > Δ,1,6,1,4
29065120,edf_blom,weibull_min,0.0999998595477391,0.530385761606,Δo > Δ,1,6,1,5
29065120,edf_tukey,weibull_min,0.105263017442476,0.530385761606,Δo > Δ,1,6,1,6
29065120,edf_filliben,weibull_min,0.1072268823285718,0.530385761606,Δo > Δ,1,6,1,7
29065120,edf_jenkinson,weibull_min,0.1081503297671749,0.530385761606,Δo > Δ,1,6,1,8
29065120,edf_beard,weibull_min,0.1081503297671749,0.530385761606,Δo > Δ,1,6,1,9
29065120,edf_chegodayev,weibull_min,0.1093748595477391,0.530385761606,Δo > Δ,1,6,1,10
29065120,edf_adamowski,mielke,0.1104831162731365,0.530385761606,Δo > Δ,1,6,1,11
29065120,edf_weibull,mielke,0.117682497789358,0.530385761606,Δo > Δ,1,6,1,12
29065130,edf_hazen,logt,0.0552493188088718,0.4472608134160001,Δo > Δ,1,8,1,1
29065130,edf_gringorten,logt,0.059867545409857,0.4472608134160001,Δo > Δ,1,8,1,2
29065130,edf_cunnane,logt,0.062871270028384,0.4472608134160001,Δo > Δ,1,8,1,3
29065130,edf_blom,logt,0.0647190157785688,0.4472608134160001,Δo > Δ,1,8,1,4
29065130,edf_tukey,logt,0.0677493188088718,0.4472608134160001,Δo > Δ,1,8,1,5
29065130,edf_filliben,logt,0.0688850032081546,0.4472608134160001,Δo > Δ,1,8,1,6
29065130,edf_beard,logt,0.0694199632002799,0.4472608134160001,Δo > Δ,1,8,1,7
29065130,edf_jenkinson,logt,0.0694199632002799,0.4472608134160001,Δo > Δ,1,8,1,8
29065130,edf_chegodayev,logt,0.0701302711898242,0.4472608134160001,Δo > Δ,1,8,1,9
29065130,edf_adamowski,logt,0.0736316717500483,0.4472608134160001,Δo > Δ,1,8,1,10
29065130,edf_weibull,logt,0.089971541031094,0.4472608134160001,Δo > Δ,1,8,1,11
29065130,edf_california,logt,0.114908896822667,0.4472608134160001,Δo > Δ,1,8,1,12
29065501,edf_blom,dweibull,0.0958709008280225,0.5865427407550001,Δo > Δ,1,5,1,1
29065501,edf_hazen,logfisk,0.0992869739297627,0.5865427407550001,Δo > Δ,1,5,1,2
29065501,edf_cunnane,dweibull,0.099446688497046,0.5865427407550001,Δo > Δ,1,5,1,3
29065501,edf_tukey,dweibull,0.1018232817804035,0.5865427407550001,Δo > Δ,1,5,1,4
29065501,edf_gringorten,logfisk,0.1039744739297626,0.5865427407550001,Δo > Δ,1,5,1,5
29065501,edf_filliben,dweibull,0.1040367020972721,0.5865427407550001,Δo > Δ,1,5,1,6
29065501,edf_beard,dweibull,0.1050760698844927,0.5865427407550001,Δo > Δ,1,5,1,7
29065501,edf_jenkinson,dweibull,0.1050760698844927,0.5865427407550001,Δo > Δ,1,5,1,8
29065501,edf_chegodayev,dweibull,0.1064529114100331,0.5865427407550001,Δo > Δ,1,5,1,9
29065501,edf_adamowski,dweibull,0.1131869181440399,0.5865427407550001,Δo > Δ,1,5,1,10
29065501,edf_weibull,logbetaprime,0.1295024995850286,0.5865427407550001,Δo > Δ,1,5,1,11
29065501,edf_california,genlogistic,0.1411559574502482,0.5865427407550001,Δo > Δ,1,5,1,12
29067060,edf_gringorten,invgamma,0.0858343677083804,0.530385761606,Δo > Δ,1,6,1,1
29067060,edf_cunnane,invgamma,0.0868885528232866,0.530385761606,Δo > Δ,1,6,1,2
29067060,edf_hazen,logweibull_min,0.0871904241457618,0.530385761606,Δo > Δ,1,6,1,3
29067060,edf_blom,invgamma,0.0875337141136093,0.530385761606,Δo > Δ,1,6,1,4
29067060,edf_tukey,invgamma,0.0885863456925566,0.530385761606,Δo > Δ,1,6,1,5
29067060,edf_filliben,invgamma,0.0889791186697758,0.530385761606,Δo > Δ,1,6,1,6
29067060,edf_beard,invgamma,0.0891638081574964,0.530385761606,Δo > Δ,1,6,1,7
29067060,edf_jenkinson,invgamma,0.0891638081574964,0.530385761606,Δo > Δ,1,6,1,8
29067060,edf_chegodayev,invgamma,0.0894087141136092,0.530385761606,Δo > Δ,1,6,1,9
29067060,edf_adamowski,invgamma,0.0906106371905324,0.530385761606,Δo > Δ,1,6,1,10
29067060,edf_weibull,invgamma,0.0994669911971024,0.530385761606,Δo > Δ,1,6,1,11
29067060,edf_california,invgamma,0.1232765150066262,0.530385761606,Δo > Δ,1,6,1,12
29067150,edf_tukey,logt,0.0805066229137777,0.530385761606,Δo > Δ,1,6,1,1
29067150,edf_blom,logt,0.0808415497111287,0.530385761606,Δo > Δ,1,6,1,2
29067150,edf_cunnane,logt,0.0814867110014514,0.530385761606,Δo > Δ,1,6,1,3
29067150,edf_filliben,logt,0.0824704877998735,0.530385761606,Δo > Δ,1,6,1,4
29067150,edf_gringorten,logt,0.0825408961163576,0.530385761606,Δo > Δ,1,6,1,5
29067150,edf_jenkinson,logt,0.0833939352384766,0.530385761606,Δo > Δ,1,6,1,6
29067150,edf_beard,logt,0.0833939352384766,0.530385761606,Δo > Δ,1,6,1,7
29067150,edf_chegodayev,logt,0.0846184650190409,0.530385761606,Δo > Δ,1,6,1,8
29067150,edf_hazen,logt,0.0867525023007987,0.530385761606,Δo > Δ,1,6,1,9
29067150,edf_adamowski,logt,0.0906280804036563,0.530385761606,Δo > Δ,1,6,1,10
29067150,edf_weibull,logdweibull,0.1082833163770602,0.530385761606,Δo > Δ,1,6,1,11
29067150,edf_california,dweibull,0.1202472400124577,0.530385761606,Δo > Δ,1,6,1,12
31095030,edf_hazen,pearson3,0.070090612238399,0.4472608134160001,Δo > Δ,1,8,1,1
31095030,edf_gringorten,pearson3,0.0710142575585961,0.4472608134160001,Δo > Δ,1,8,1,2
31095030,edf_cunnane,pearson3,0.0716150024823014,0.4472608134160001,Δo > Δ,1,8,1,3
31095030,edf_blom,pearson3,0.0719845516323385,0.4472608134160001,Δo > Δ,1,8,1,4
31095030,edf_tukey,pearson3,0.072590612238399,0.4472608134160001,Δo > Δ,1,8,1,5
31095030,edf_filliben,pearson3,0.0728177491182556,0.4472608134160001,Δo > Δ,1,8,1,6
31095030,edf_beard,pearson3,0.0729247411166806,0.4472608134160001,Δo > Δ,1,8,1,7
31095030,edf_jenkinson,pearson3,0.0729247411166806,0.4472608134160001,Δo > Δ,1,8,1,8
31095030,edf_chegodayev,pearson3,0.0730668027145895,0.4472608134160001,Δo > Δ,1,8,1,9
31095030,edf_adamowski,pearson3,0.0737670828266343,0.4472608134160001,Δo > Δ,1,8,1,10
31095030,edf_weibull,pearson3,0.0770350566828435,0.4472608134160001,Δo > Δ,1,8,1,11
31095030,edf_california,logmielke,0.1033849237077183,0.4472608134160001,Δo > Δ,1,8,1,12
3206500058,edf_gringorten,mielke,0.0020788414235543,0.530385761606,Δo > Δ,1,6,1,1
3206500058,edf_cunnane,mielke,0.0031920841509765,0.530385761606,Δo > Δ,1,6,1,2
3206500058,edf_blom,mielke,0.0064178906025894,0.530385761606,Δo > Δ,1,6,1,3
3206500058,edf_hazen,mielke,0.0102487760640772,0.530385761606,Δo > Δ,1,6,1,4
3206500058,edf_tukey,mielke,0.0116810484973262,0.530385761606,Δo > Δ,1,6,1,5
3206500058,edf_filliben,mielke,0.0136449133834221,0.530385761606,Δo > Δ,1,6,1,6
3206500058,edf_beard,mielke,0.0145683608220251,0.530385761606,Δo > Δ,1,6,1,7
3206500058,edf_jenkinson,mielke,0.0145683608220251,0.530385761606,Δo > Δ,1,6,1,8
3206500058,edf_chegodayev,mielke,0.0157928906025894,0.530385761606,Δo > Δ,1,6,1,9
3206500058,edf_adamowski,mielke,0.0218025059872048,0.530385761606,Δo > Δ,1,6,1,10
3206500058,edf_weibull,mielke,0.0492750334597323,0.530385761606,Δo > Δ,1,6,1,11
3206500058,edf_california,logt,0.0529455155848085,0.530385761606,Δo > Δ,1,6,1,12
33035010,edf_hazen,laplace_asymmetric,0.0367957293615734,0.530385761606,Δo > Δ,1,6,1,1
33035010,edf_gringorten,laplace_asymmetric,0.0386954390497333,0.530385761606,Δo > Δ,1,6,1,2
33035010,edf_cunnane,laplace_asymmetric,0.0439663646242642,0.530385761606,Δo > Δ,1,6,1,3
33035010,edf_blom,laplace_asymmetric,0.0471921710758771,0.530385761606,Δo > Δ,1,6,1,4
33035010,edf_tukey,laplace_asymmetric,0.0524553289706139,0.530385761606,Δo > Δ,1,6,1,5
33035010,edf_filliben,laplace_asymmetric,0.0544191938567097,0.530385761606,Δo > Δ,1,6,1,6
33035010,edf_beard,laplace_asymmetric,0.0553426412953128,0.530385761606,Δo > Δ,1,6,1,7
33035010,edf_jenkinson,laplace_asymmetric,0.0553426412953128,0.530385761606,Δo > Δ,1,6,1,8
33035010,edf_chegodayev,laplace_asymmetric,0.0565671710758771,0.530385761606,Δo > Δ,1,6,1,9
33035010,edf_adamowski,laplace_asymmetric,0.0625767864604925,0.530385761606,Δo > Δ,1,6,1,10
33035010,edf_weibull,laplace_asymmetric,0.0900493139330199,0.530385761606,Δo > Δ,1,6,1,11
33035010,edf_california,dweibull,0.1066963733489566,0.530385761606,Δo > Δ,1,6,1,12
35017020,edf_gringorten,rayleigh,0.0963208854539502,0.4472608134160001,Δo > Δ,1,8,1,1
35017020,edf_cunnane,rayleigh,0.097071422080609,0.4472608134160001,Δo > Δ,1,8,1,2
35017020,edf_hazen,rayleigh,0.0972445307741474,0.4472608134160001,Δo > Δ,1,8,1,3
35017020,edf_blom,rayleigh,0.0981800695307198,0.4472608134160001,Δo > Δ,1,8,1,4
35017020,edf_tukey,rayleigh,0.0999982513489016,0.4472608134160001,Δo > Δ,1,8,1,5
35017020,edf_filliben,rayleigh,0.1006796619884712,0.4472608134160001,Δo > Δ,1,8,1,6
35017020,edf_beard,rayleigh,0.1010006379837464,0.4472608134160001,Δo > Δ,1,8,1,7
35017020,edf_jenkinson,rayleigh,0.1010006379837464,0.4472608134160001,Δo > Δ,1,8,1,8
35017020,edf_chegodayev,rayleigh,0.101426822777473,0.4472608134160001,Δo > Δ,1,8,1,9
35017020,edf_adamowski,rayleigh,0.1035276631136075,0.4472608134160001,Δo > Δ,1,8,1,10
35017020,edf_weibull,logkappa4,0.1124805563218503,0.4472608134160001,Δo > Δ,1,8,1,11
35017020,edf_california,expon,0.1250009650199033,0.4472608134160001,Δo > Δ,1,8,1,12
3502500135,edf_hazen,betaprime,0.0790214713781356,0.530385761606,Δo > Δ,1,6,1,1
3502500135,edf_gringorten,betaprime,0.0839234321624494,0.530385761606,Δo > Δ,1,6,1,2
3502500135,edf_cunnane,betaprime,0.087085987507168,0.530385761606,Δo > Δ,1,6,1,3
3502500135,edf_blom,betaprime,0.0890214713781356,0.530385761606,Δo > Δ,1,6,1,4
3502500135,edf_tukey,betaprime,0.0921793661149777,0.530385761606,Δo > Δ,1,6,1,5
3502500135,edf_filliben,betaprime,0.0933576850466352,0.530385761606,Δo > Δ,1,6,1,6
3502500135,edf_beard,betaprime,0.0939117535097969,0.530385761606,Δo > Δ,1,6,1,7
3502500135,edf_jenkinson,betaprime,0.0939117535097969,0.530385761606,Δo > Δ,1,6,1,8
3502500135,edf_chegodayev,betaprime,0.0946464713781356,0.530385761606,Δo > Δ,1,6,1,9
3502500135,edf_adamowski,betaprime,0.0982522406089049,0.530385761606,Δo > Δ,1,6,1,10
3502500135,edf_weibull,ncf,0.0991934672818539,0.530385761606,Δo > Δ,1,6,1,11
3502500135,edf_california,invgauss,0.1195954089746906,0.530385761606,Δo > Δ,1,6,1,12
35025080,edf_hazen,pearson3,0.0700111018984734,0.417612680231,Δo > Δ,1,9,1,1
35025080,edf_gringorten,pearson3,0.071473090202567,0.417612680231,Δo > Δ,1,9,1,2
35025080,edf_cunnane,pearson3,0.0724265608356715,0.417612680231,Δo > Δ,1,9,1,3
35025080,edf_blom,pearson3,0.0730141049014765,0.417612680231,Δo > Δ,1,9,1,4
35025080,edf_tukey,pearson3,0.0739793558667275,0.417612680231,Δo > Δ,1,9,1,5
35025080,edf_filliben,pearson3,0.0743416470725851,0.417612680231,Δo > Δ,1,9,1,6
35025080,edf_beard,pearson3,0.0745124049072392,0.417612680231,Δo > Δ,1,9,1,7
35025080,edf_jenkinson,pearson3,0.0745124049072392,0.417612680231,Δo > Δ,1,9,1,8
35025080,edf_chegodayev,pearson3,0.0747392342861803,0.417612680231,Δo > Δ,1,9,1,9
35025080,edf_adamowski,pearson3,0.0758590551148478,0.417612680231,Δo > Δ,1,9,1,10
35025080,edf_weibull,pearson3,0.0849725993623731,0.417612680231,Δo > Δ,1,9,1,11
35025080,edf_california,dweibull,0.0951887900407737,0.417612680231,Δo > Δ,1,9,1,12
35025090,edf_hazen,logt,0.0724176321773121,0.4472608134160001,Δo > Δ,1,8,1,1
35025090,edf_california,dweibull,0.0750423296437429,0.4472608134160001,Δo > Δ,1,8,1,2
35025090,edf_gringorten,logt,0.0751885681379032,0.4472608134160001,Δo > Δ,1,8,1,3
35025090,edf_cunnane,logt,0.0769908029090193,0.4472608134160001,Δo > Δ,1,8,1,4
35025090,edf_blom,logt,0.0780994503591303,0.4472608134160001,Δo > Δ,1,8,1,5
35025090,edf_adamowski,hypsecant,0.0798230331455248,0.4472608134160001,Δo > Δ,1,8,1,6
35025090,edf_tukey,logt,0.079917632177312,0.4472608134160001,Δo > Δ,1,8,1,7
35025090,edf_filliben,logt,0.0805990428168818,0.4472608134160001,Δo > Δ,1,8,1,8
35025090,edf_beard,logt,0.080920018812157,0.4472608134160001,Δo > Δ,1,8,1,9
35025090,edf_jenkinson,logt,0.080920018812157,0.4472608134160001,Δo > Δ,1,8,1,10
35025090,edf_chegodayev,logt,0.0813462036058835,0.4472608134160001,Δo > Δ,1,8,1,11
35025090,edf_weibull,hypsecant,0.0844131990541244,0.4472608134160001,Δo > Δ,1,8,1,12
35025110,edf_hazen,fisk,0.0419255646117449,0.4472608134160001,Δo > Δ,1,8,1,1
35025110,edf_gringorten,loghalfnorm,0.0447795901335154,0.4472608134160001,Δo > Δ,1,8,1,2
35025110,edf_cunnane,loghalfnorm,0.0453803350572207,0.4472608134160001,Δo > Δ,1,8,1,3
35025110,edf_blom,loghalfnorm,0.0457498842072576,0.4472608134160001,Δo > Δ,1,8,1,4
35025110,edf_tukey,loghalfnorm,0.0463559448133182,0.4472608134160001,Δo > Δ,1,8,1,5
35025110,edf_filliben,loghalfnorm,0.0465830816931748,0.4472608134160001,Δo > Δ,1,8,1,6
35025110,edf_beard,loghalfnorm,0.0466900736915998,0.4472608134160001,Δo > Δ,1,8,1,7
35025110,edf_jenkinson,loghalfnorm,0.0466900736915998,0.4472608134160001,Δo > Δ,1,8,1,8
35025110,edf_chegodayev,loghalfnorm,0.0468321352895087,0.4472608134160001,Δo > Δ,1,8,1,9
35025110,edf_adamowski,loghalfnorm,0.0475324154015535,0.4472608134160001,Δo > Δ,1,8,1,10
35025110,edf_weibull,loghalfnorm,0.0652685520065661,0.4472608134160001,Δo > Δ,1,8,1,11
35025110,edf_california,loglaplace_asymmetric,0.0862103494010138,0.4472608134160001,Δo > Δ,1,8,1,12
35025501,edf_cunnane,laplace_asymmetric,0.056156710792089,0.5865427407550001,Δo > Δ,1,5,1,1
35025501,edf_gringorten,laplace_asymmetric,0.057409068570247,0.5865427407550001,Δo > Δ,1,5,1,2
35025501,edf_blom,laplace_asymmetric,0.0598197144550926,0.5865427407550001,Δo > Δ,1,5,1,3
35025501,edf_hazen,laplace_asymmetric,0.062096568570247,0.5865427407550001,Δo > Δ,1,5,1,4
35025501,edf_tukey,fisk,0.0632116168216312,0.5865427407550001,Δo > Δ,1,5,1,5
35025501,edf_filliben,exponnorm,0.0636987924121741,0.5865427407550001,Δo > Δ,1,5,1,6
35025501,edf_beard,exponnorm,0.0647381601993947,0.5865427407550001,Δo > Δ,1,5,1,7
35025501,edf_jenkinson,exponnorm,0.0647381601993947,0.5865427407550001,Δo > Δ,1,5,1,8
35025501,edf_chegodayev,exponnorm,0.0661150017249351,0.5865427407550001,Δo > Δ,1,5,1,9
35025501,edf_adamowski,nct,0.0713905852098096,0.5865427407550001,Δo > Δ,1,5,1,10
35025501,edf_weibull,nct,0.1016936155128399,0.5865427407550001,Δo > Δ,1,5,1,11
35025501,edf_california,laplace_asymmetric,0.1424970800119547,0.5865427407550001,Δo > Δ,1,5,1,12
35027001,edf_hazen,logfisk,0.0481334888039168,0.4472608134160001,Δo > Δ,1,8,1,1
35027001,edf_gringorten,logweibull_min,0.0487096375637783,0.4472608134160001,Δo > Δ,1,8,1,2
35027001,edf_cunnane,logweibull_min,0.0517133621823052,0.4472608134160001,Δo > Δ,1,8,1,3
35027001,edf_blom,logweibull_min,0.0535611079324901,0.4472608134160001,Δo > Δ,1,8,1,4
35027001,edf_tukey,logf,0.0546660724489142,0.4472608134160001,Δo > Δ,1,8,1,5
35027001,edf_filliben,logf,0.0551981508464247,0.4472608134160001,Δo > Δ,1,8,1,6
35027001,edf_beard,logf,0.0557331108385501,0.4472608134160001,Δo > Δ,1,8,1,7
35027001,edf_jenkinson,logf,0.0557331108385501,0.4472608134160001,Δo > Δ,1,8,1,8
35027001,edf_chegodayev,logf,0.0564434188280944,0.4472608134160001,Δo > Δ,1,8,1,9
35027001,edf_adamowski,logf,0.0599448193883185,0.4472608134160001,Δo > Δ,1,8,1,10
35027001,edf_weibull,rayleigh,0.0729000278153267,0.4472608134160001,Δo > Δ,1,8,1,11
35027001,edf_california,loglaplace_asymmetric,0.0912439002177634,0.4472608134160001,Δo > Δ,1,8,1,12
35027100,edf_gringorten,loggenlogistic,0.0498077367868803,0.530385761606,Δo > Δ,1,6,1,1
35027100,edf_cunnane,nct,0.052265504902234,0.530385761606,Δo > Δ,1,6,1,2
35027100,edf_blom,nct,0.0529106661925566,0.530385761606,Δo > Δ,1,6,1,3
35027100,edf_hazen,loggenlogistic,0.0537546839297201,0.530385761606,Δo > Δ,1,6,1,4
35027100,edf_tukey,nct,0.0569054443211032,0.530385761606,Δo > Δ,1,6,1,5
35027100,edf_jenkinson,loghalfnorm,0.0584986604002365,0.530385761606,Δo > Δ,1,6,1,6
35027100,edf_beard,loghalfnorm,0.0584986604002365,0.530385761606,Δo > Δ,1,6,1,7
35027100,edf_chegodayev,loghalfnorm,0.0586562246260546,0.530385761606,Δo > Δ,1,6,1,8
35027100,edf_filliben,nct,0.0588693092071991,0.530385761606,Δo > Δ,1,6,1,9
35027100,edf_california,t,0.0620703945784745,0.530385761606,Δo > Δ,1,6,1,10
35027100,edf_adamowski,loghalfnorm,0.0646658400106701,0.530385761606,Δo > Δ,1,6,1,11
35027100,edf_weibull,loginvweibull,0.0860404357978963,0.530385761606,Δo > Δ,1,6,1,12
35027510,edf_chegodayev,logdweibull,0.0412581507615272,0.484420539261,Δo > Δ,1,7,1,1
35027510,edf_jenkinson,logdweibull,0.0416243706399424,0.484420539261,Δo > Δ,1,7,1,2
35027510,edf_beard,logdweibull,0.0416243706399424,0.484420539261,Δo > Δ,1,7,1,3
35027510,edf_filliben,logdweibull,0.041900340813086,0.484420539261,Δo > Δ,1,7,1,4
35027510,edf_tukey,logdweibull,0.0424866519900285,0.484420539261,Δo > Δ,1,7,1,5
35027510,edf_blom,logdweibull,0.0440540501091508,0.484420539261,Δo > Δ,1,7,1,6
35027510,edf_adamowski,logdweibull,0.0446673810073209,0.484420539261,Δo > Δ,1,7,1,7
35027510,edf_cunnane,logdweibull,0.045011904515281,0.484420539261,Δo > Δ,1,7,1,8
35027510,edf_gringorten,logdweibull,0.0465724538286392,0.484420539261,Δo > Δ,1,7,1,9
35027510,edf_hazen,logdweibull,0.0489801584835351,0.484420539261,Δo > Δ,1,7,1,10
35027510,edf_california,t,0.0588056161425533,0.484420539261,Δo > Δ,1,7,1,11
35027510,edf_weibull,logdweibull,0.0696673810073209,0.484420539261,Δo > Δ,1,7,1,12
3503500062,edf_hazen,nakagami,0.1130932323695014,0.5865427407550001,Δo > Δ,1,5,1,1
3503500062,edf_gringorten,nakagami,0.1177807323695013,0.5865427407550001,Δo > Δ,1,5,1,2
3503500062,edf_cunnane,nakagami,0.120785540061809,0.5865427407550001,Δo > Δ,1,5,1,3
3503500062,edf_blom,nakagami,0.1226170418933109,0.5865427407550001,Δo > Δ,1,5,1,4
3503500062,edf_tukey,nakagami,0.1255932323695013,0.5865427407550001,Δo > Δ,1,5,1,5
3503500062,edf_filliben,nakagami,0.1266999425279357,0.5865427407550001,Δo > Δ,1,5,1,6
3503500062,edf_beard,nakagami,0.1272196264215459,0.5865427407550001,Δo > Δ,1,5,1,7
3503500062,edf_jenkinson,nakagami,0.1272196264215459,0.5865427407550001,Δo > Δ,1,5,1,8
3503500062,edf_chegodayev,nakagami,0.1279080471843162,0.5865427407550001,Δo > Δ,1,5,1,9
3503500062,edf_adamowski,nakagami,0.1329565106116575,0.5865427407550001,Δo > Δ,1,5,1,10
3503500062,edf_california,loginvgauss,0.1447226724901081,0.5865427407550001,Δo > Δ,1,5,1,11
3503500062,edf_weibull,nakagami,0.1632595409146878,0.5865427407550001,Δo > Δ,1,5,1,12
35035100,edf_california,t,0.0677172488418611,0.4472608134160001,Δo > Δ,1,8,1,1
35035100,edf_weibull,logfisk,0.0923214696399279,0.4472608134160001,Δo > Δ,1,8,1,2
35035100,edf_adamowski,loginvweibull,0.0962414956802941,0.4472608134160001,Δo > Δ,1,8,1,3
35035100,edf_chegodayev,loginvweibull,0.0983423360164286,0.4472608134160001,Δo > Δ,1,8,1,4
35035100,edf_jenkinson,loginvweibull,0.098768520810155,0.4472608134160001,Δo > Δ,1,8,1,5
35035100,edf_beard,loginvweibull,0.098768520810155,0.4472608134160001,Δo > Δ,1,8,1,6
35035100,edf_filliben,loginvweibull,0.0990894968054303,0.4472608134160001,Δo > Δ,1,8,1,7
35035100,edf_tukey,loginvweibull,0.099770907445,0.4472608134160001,Δo > Δ,1,8,1,8
35035100,edf_blom,loginvweibull,0.1015890892631817,0.4472608134160001,Δo > Δ,1,8,1,9
35035100,edf_cunnane,loginvweibull,0.1026977367132927,0.4472608134160001,Δo > Δ,1,8,1,10
35035100,edf_gringorten,loginvweibull,0.1044999714844089,0.4472608134160001,Δo > Δ,1,8,1,11
35035100,edf_hazen,loginvweibull,0.107270907445,0.4472608134160001,Δo > Δ,1,8,1,12
35035110,edf_weibull,t,0.0914588218906684,0.4472608134160001,Δo > Δ,1,8,1,1
35035110,edf_adamowski,t,0.0943877149506527,0.4472608134160001,Δo > Δ,1,8,1,2
35035110,edf_chegodayev,t,0.0950879950626976,0.4472608134160001,Δo > Δ,1,8,1,3
35035110,edf_jenkinson,t,0.0952300566606065,0.4472608134160001,Δo > Δ,1,8,1,4
35035110,edf_beard,t,0.0952300566606065,0.4472608134160001,Δo > Δ,1,8,1,5
35035110,edf_filliben,t,0.0953370486590315,0.4472608134160001,Δo > Δ,1,8,1,6
35035110,edf_tukey,t,0.095564185538888,0.4472608134160001,Δo > Δ,1,8,1,7
35035110,edf_blom,t,0.0961702461449486,0.4472608134160001,Δo > Δ,1,8,1,8
35035110,edf_cunnane,t,0.0965397952949855,0.4472608134160001,Δo > Δ,1,8,1,9
35035110,edf_gringorten,t,0.0971405402186909,0.4472608134160001,Δo > Δ,1,8,1,10
35035110,edf_hazen,t,0.098064185538888,0.4472608134160001,Δo > Δ,1,8,1,11
35035110,edf_california,t,0.103209828001331,0.4472608134160001,Δo > Δ,1,8,1,12
35035130,edf_hazen,genlogistic,0.0755116948202895,0.484420539261,Δo > Δ,1,7,1,1
35035130,edf_gringorten,genlogistic,0.0803271041300808,0.484420539261,Δo > Δ,1,7,1,2
35035130,edf_cunnane,genlogistic,0.0834482027567974,0.484420539261,Δo > Δ,1,7,1,3
35035130,edf_blom,genlogistic,0.085363911569058,0.484420539261,Δo > Δ,1,7,1,4
35035130,edf_tukey,genlogistic,0.0884987078073025,0.484420539261,Δo > Δ,1,7,1,5
35035130,edf_filliben,genlogistic,0.0896713301611876,0.484420539261,Δo > Δ,1,7,1,6
35035130,edf_beard,genlogistic,0.0902232705074749,0.484420539261,Δo > Δ,1,7,1,7
35035130,edf_jenkinson,genlogistic,0.0902232705074749,0.484420539261,Δo > Δ,1,7,1,8
35035130,edf_chegodayev,genlogistic,0.0909557102643049,0.484420539261,Δo > Δ,1,7,1,9
35035130,edf_adamowski,genlogistic,0.0945593138679085,0.484420539261,Δo > Δ,1,7,1,10
35035130,edf_weibull,genlogistic,0.1112259805345752,0.484420539261,Δo > Δ,1,7,1,11
35035130,edf_california,loglaplace_asymmetric,0.1403574986000857,0.484420539261,Δo > Δ,1,7,1,12
35037100,edf_gringorten,alpha,0.0327453078640133,0.484420539261,Δo > Δ,1,7,1,1
35037100,edf_hazen,alpha,0.0351005993379893,0.484420539261,Δo > Δ,1,7,1,2
35037100,edf_cunnane,alpha,0.0358664064907299,0.484420539261,Δo > Δ,1,7,1,3
35037100,edf_blom,alpha,0.0377821153029904,0.484420539261,Δo > Δ,1,7,1,4
35037100,edf_tukey,nct,0.0403150655079622,0.484420539261,Δo > Δ,1,7,1,5
35037100,edf_filliben,nct,0.0420739990387899,0.484420539261,Δo > Δ,1,7,1,6
35037100,edf_beard,alpha,0.0426414742414074,0.484420539261,Δo > Δ,1,7,1,7
35037100,edf_jenkinson,alpha,0.0426414742414074,0.484420539261,Δo > Δ,1,7,1,8
35037100,edf_chegodayev,alpha,0.0433739139982374,0.484420539261,Δo > Δ,1,7,1,9
35037100,edf_adamowski,alpha,0.0484302143210192,0.484420539261,Δo > Δ,1,7,1,10
35037100,edf_weibull,ncf,0.0653536386462681,0.484420539261,Δo > Δ,1,7,1,11
35037100,edf_california,t,0.067140243577789,0.484420539261,Δo > Δ,1,7,1,12
3505500061,edf_adamowski,logfisk,0.0972332289640121,0.530385761606,Δo > Δ,1,6,1,1
3505500061,edf_hazen,invweibull,0.0972573893446538,0.530385761606,Δo > Δ,1,6,1,2
3505500061,edf_gringorten,loggumbel_l,0.1004631754888073,0.530385761606,Δo > Δ,1,6,1,3
3505500061,edf_chegodayev,logfisk,0.1008389981947813,0.530385761606,Δo > Δ,1,6,1,4
3505500061,edf_beard,logfisk,0.1015737160631199,0.530385761606,Δo > Δ,1,6,1,5
3505500061,edf_jenkinson,logfisk,0.1015737160631199,0.530385761606,Δo > Δ,1,6,1,6
3505500061,edf_cunnane,logdweibull,0.1015774385496728,0.530385761606,Δo > Δ,1,6,1,7
3505500061,edf_filliben,logfisk,0.1021277845262817,0.530385761606,Δo > Δ,1,6,1,8
3505500061,edf_blom,logdweibull,0.1026040503455056,0.530385761606,Δo > Δ,1,6,1,9
3505500061,edf_tukey,logfisk,0.1033061034579392,0.530385761606,Δo > Δ,1,6,1,10
3505500061,edf_weibull,logfisk,0.1155121193712516,0.530385761606,Δo > Δ,1,6,1,11
3505500061,edf_california,dweibull,0.1240919976190687,0.530385761606,Δo > Δ,1,6,1,12
3507500046,edf_hazen,pearson3,0.0451256155661445,0.5865427407550001,Δo > Δ,1,5,1,1
3507500046,edf_gringorten,pearson3,0.0540670671664299,0.5865427407550001,Δo > Δ,1,5,1,2
3507500046,edf_blom,dweibull,0.054258174124691,0.5865427407550001,Δo > Δ,1,5,1,3
3507500046,edf_tukey,dweibull,0.0572343646008814,0.5865427407550001,Δo > Δ,1,5,1,4
3507500046,edf_cunnane,dweibull,0.0576180222490417,0.5865427407550001,Δo > Δ,1,5,1,5
3507500046,edf_filliben,dweibull,0.0583410747593158,0.5865427407550001,Δo > Δ,1,5,1,6
3507500046,edf_beard,dweibull,0.058860758652926,0.5865427407550001,Δo > Δ,1,5,1,7
3507500046,edf_jenkinson,dweibull,0.058860758652926,0.5865427407550001,Δo > Δ,1,5,1,8
3507500046,edf_chegodayev,dweibull,0.0595491794156963,0.5865427407550001,Δo > Δ,1,5,1,9
3507500046,edf_adamowski,dweibull,0.0629161827826997,0.5865427407550001,Δo > Δ,1,5,1,10
3507500046,edf_weibull,dweibull,0.0864222017431582,0.5865427407550001,Δo > Δ,1,5,1,11
3507500046,edf_california,logloggamma,0.135723731793434,0.5865427407550001,Δo > Δ,1,5,1,12
35075070,edf_hazen,laplace_asymmetric,0.1018156051151765,0.484420539261,Δo > Δ,1,7,1,1
35075070,edf_gringorten,laplace_asymmetric,0.1066310144249679,0.484420539261,Δo > Δ,1,7,1,2
35075070,edf_cunnane,laplace_asymmetric,0.1097521130516845,0.484420539261,Δo > Δ,1,7,1,3
35075070,edf_blom,laplace_asymmetric,0.1116678218639449,0.484420539261,Δo > Δ,1,7,1,4
35075070,edf_tukey,laplace_asymmetric,0.1148026181021895,0.484420539261,Δo > Δ,1,7,1,5
35075070,edf_filliben,laplace_asymmetric,0.1159752404560745,0.484420539261,Δo > Δ,1,7,1,6
35075070,edf_beard,laplace_asymmetric,0.1165271808023619,0.484420539261,Δo > Δ,1,7,1,7
35075070,edf_jenkinson,laplace_asymmetric,0.1165271808023619,0.484420539261,Δo > Δ,1,7,1,8
35075070,edf_chegodayev,laplace_asymmetric,0.1172596205591919,0.484420539261,Δo > Δ,1,7,1,9
35075070,edf_adamowski,laplace_asymmetric,0.1208632241627954,0.484420539261,Δo > Δ,1,7,1,10
35075070,edf_weibull,laplace_asymmetric,0.1375298908294622,0.484420539261,Δo > Δ,1,7,1,11
35075070,edf_california,dweibull,0.1527623856297923,0.484420539261,Δo > Δ,1,7,1,12
35075080,edf_hazen,maxwell,0.0839522049081866,0.484420539261,Δo > Δ,1,7,1,1
35075080,edf_california,dweibull,0.085964603693668,0.484420539261,Δo > Δ,1,7,1,2
35075080,edf_gringorten,maxwell,0.0887676142179779,0.484420539261,Δo > Δ,1,7,1,3
35075080,edf_cunnane,maxwell,0.0918887128446945,0.484420539261,Δo > Δ,1,7,1,4
35075080,edf_blom,maxwell,0.0938044216569551,0.484420539261,Δo > Δ,1,7,1,5
35075080,edf_tukey,maxwell,0.0969392178951996,0.484420539261,Δo > Δ,1,7,1,6
35075080,edf_filliben,maxwell,0.0981118402490847,0.484420539261,Δo > Δ,1,7,1,7
35075080,edf_jenkinson,maxwell,0.098663780595372,0.484420539261,Δo > Δ,1,7,1,8
35075080,edf_beard,maxwell,0.098663780595372,0.484420539261,Δo > Δ,1,7,1,9
35075080,edf_chegodayev,maxwell,0.099396220352202,0.484420539261,Δo > Δ,1,7,1,10
35075080,edf_adamowski,maxwell,0.1029998239558056,0.484420539261,Δo > Δ,1,7,1,11
35075080,edf_weibull,t,0.1173500789844237,0.484420539261,Δo > Δ,1,7,1,12
35085060,edf_adamowski,logdweibull,0.081350801984116,0.4472608134160001,Δo > Δ,1,8,1,1
35085060,edf_chegodayev,logdweibull,0.0834516423202504,0.4472608134160001,Δo > Δ,1,8,1,2
35085060,edf_jenkinson,logdweibull,0.0838778271139771,0.4472608134160001,Δo > Δ,1,8,1,3
35085060,edf_beard,logdweibull,0.0838778271139771,0.4472608134160001,Δo > Δ,1,8,1,4
35085060,edf_filliben,logdweibull,0.0841988031092523,0.4472608134160001,Δo > Δ,1,8,1,5
35085060,edf_tukey,logdweibull,0.0848802137488219,0.4472608134160001,Δo > Δ,1,8,1,6
35085060,edf_blom,logdweibull,0.0866983955670037,0.4472608134160001,Δo > Δ,1,8,1,7
35085060,edf_cunnane,logdweibull,0.0878070430171145,0.4472608134160001,Δo > Δ,1,8,1,8
35085060,edf_gringorten,logdweibull,0.0896092777882307,0.4472608134160001,Δo > Δ,1,8,1,9
35085060,edf_weibull,logdweibull,0.0900542182703201,0.4472608134160001,Δo > Δ,1,8,1,10
35085060,edf_hazen,logdweibull,0.0923802137488219,0.4472608134160001,Δo > Δ,1,8,1,11
35085060,edf_california,loggenexpon,0.124999999257627,0.4472608134160001,Δo > Δ,1,8,1,12
35085070,edf_hazen,mielke,0.0999601040641466,0.4472608134160001,Δo > Δ,1,8,1,1
35085070,edf_gringorten,mielke,0.1027310400247377,0.4472608134160001,Δo > Δ,1,8,1,2
35085070,edf_cunnane,mielke,0.1045332747958539,0.4472608134160001,Δo > Δ,1,8,1,3
35085070,edf_blom,mielke,0.1056419222459647,0.4472608134160001,Δo > Δ,1,8,1,4
35085070,edf_tukey,mielke,0.1074601040641466,0.4472608134160001,Δo > Δ,1,8,1,5
35085070,edf_filliben,mielke,0.1081415147037162,0.4472608134160001,Δo > Δ,1,8,1,6
35085070,edf_beard,mielke,0.1084624906989914,0.4472608134160001,Δo > Δ,1,8,1,7
35085070,edf_jenkinson,mielke,0.1084624906989914,0.4472608134160001,Δo > Δ,1,8,1,8
35085070,edf_chegodayev,mielke,0.108888675492718,0.4472608134160001,Δo > Δ,1,8,1,9
35085070,edf_adamowski,mielke,0.1109895158288525,0.4472608134160001,Δo > Δ,1,8,1,10
35085070,edf_weibull,mielke,0.1207934373974799,0.4472608134160001,Δo > Δ,1,8,1,11
35085070,edf_california,logalpha,0.1545946968783562,0.4472608134160001,Δo > Δ,1,8,1,12
35085080,edf_hazen,logdweibull,0.1066211745407847,0.4472608134160001,Δo > Δ,1,8,1,1
35085080,edf_gringorten,logdweibull,0.11123940114177,0.4472608134160001,Δo > Δ,1,8,1,2
35085080,edf_cunnane,logdweibull,0.1142431257602969,0.4472608134160001,Δo > Δ,1,8,1,3
35085080,edf_blom,logdweibull,0.1160908715104818,0.4472608134160001,Δo > Δ,1,8,1,4
35085080,edf_tukey,logdweibull,0.1191211745407847,0.4472608134160001,Δo > Δ,1,8,1,5
35085080,edf_filliben,logdweibull,0.1202568589400675,0.4472608134160001,Δo > Δ,1,8,1,6
35085080,edf_beard,logdweibull,0.1207918189321929,0.4472608134160001,Δo > Δ,1,8,1,7
35085080,edf_jenkinson,logdweibull,0.1207918189321929,0.4472608134160001,Δo > Δ,1,8,1,8
35085080,edf_chegodayev,logdweibull,0.1215021269217372,0.4472608134160001,Δo > Δ,1,8,1,9
35085080,edf_adamowski,logdweibull,0.1250035274819613,0.4472608134160001,Δo > Δ,1,8,1,10
35085080,edf_california,logdweibull,0.1354021220103926,0.4472608134160001,Δo > Δ,1,8,1,11
35085080,edf_weibull,logdweibull,0.141343396763007,0.4472608134160001,Δo > Δ,1,8,1,12
35095120,edf_tukey,loglaplace_asymmetric,0.0862410999855558,0.4472608134160001,Δo > Δ,1,8,1,1
35095120,edf_filliben,loglaplace_asymmetric,0.0866619822195805,0.4472608134160001,Δo > Δ,1,8,1,2
35095120,edf_jenkinson,loglaplace_asymmetric,0.0871969422117059,0.4472608134160001,Δo > Δ,1,8,1,3
35095120,edf_beard,loglaplace_asymmetric,0.0871969422117059,0.4472608134160001,Δo > Δ,1,8,1,4
35095120,edf_chegodayev,loglaplace_asymmetric,0.0879072502012501,0.4472608134160001,Δo > Δ,1,8,1,5
35095120,edf_blom,loggenlogistic,0.0887662330298889,0.4472608134160001,Δo > Δ,1,8,1,6
35095120,edf_weibull,pearson3,0.088805261766751,0.4472608134160001,Δo > Δ,1,8,1,7
35095120,edf_cunnane,loggenlogistic,0.0906139787800738,0.4472608134160001,Δo > Δ,1,8,1,8
35095120,edf_adamowski,loglaplace_asymmetric,0.0914086507614742,0.4472608134160001,Δo > Δ,1,8,1,9
35095120,edf_gringorten,loggenlogistic,0.0936177033986007,0.4472608134160001,Δo > Δ,1,8,1,10
35095120,edf_hazen,loggenlogistic,0.0982359299995859,0.4472608134160001,Δo > Δ,1,8,1,11
35095120,edf_california,fatiguelife,0.1300107992971415,0.4472608134160001,Δo > Δ,1,8,1,12
35095130,edf_hazen,logloggamma,0.0411131484778247,0.4472608134160001,Δo > Δ,1,8,1,1
35095130,edf_gringorten,logloggamma,0.0457313750788099,0.4472608134160001,Δo > Δ,1,8,1,2
35095130,edf_cunnane,logloggamma,0.0487350996973369,0.4472608134160001,Δo > Δ,1,8,1,3
35095130,edf_blom,logloggamma,0.0505828454475217,0.4472608134160001,Δo > Δ,1,8,1,4
35095130,edf_tukey,invgauss,0.0517572196921111,0.4472608134160001,Δo > Δ,1,8,1,5
35095130,edf_filliben,invgauss,0.0519843565719677,0.4472608134160001,Δo > Δ,1,8,1,6
35095130,edf_beard,invgauss,0.0520913485703927,0.4472608134160001,Δo > Δ,1,8,1,7
35095130,edf_jenkinson,invgauss,0.0520913485703927,0.4472608134160001,Δo > Δ,1,8,1,8
35095130,edf_chegodayev,invgauss,0.0522334101683016,0.4472608134160001,Δo > Δ,1,8,1,9
35095130,edf_adamowski,invgauss,0.0529336902803464,0.4472608134160001,Δo > Δ,1,8,1,10
35095130,edf_weibull,logkstwobign,0.0725047056092691,0.4472608134160001,Δo > Δ,1,8,1,11
35095130,edf_california,dweibull,0.0873414840019864,0.4472608134160001,Δo > Δ,1,8,1,12
35105050,edf_gringorten,weibull_min,0.0523091034375862,0.5865427407550001,Δo > Δ,1,5,1,1
35105050,edf_hazen,weibull_min,0.0523091034375862,0.5865427407550001,Δo > Δ,1,5,1,2
35105050,edf_cunnane,weibull_min,0.0538491034072639,0.5865427407550001,Δo > Δ,1,5,1,3
35105050,edf_blom,weibull_min,0.0557559655858152,0.5865427407550001,Δo > Δ,1,5,1,4
35105050,edf_tukey,weibull_min,0.0617083465381961,0.5865427407550001,Δo > Δ,1,5,1,5
35105050,edf_jenkinson,pearson3,0.0622271366242382,0.5865427407550001,Δo > Δ,1,5,1,6
35105050,edf_beard,pearson3,0.0622271366242382,0.5865427407550001,Δo > Δ,1,5,1,7
35105050,edf_filliben,pearson3,0.0622271366242382,0.5865427407550001,Δo > Δ,1,5,1,8
35105050,edf_chegodayev,pearson3,0.0629410932824187,0.5865427407550001,Δo > Δ,1,5,1,9
35105050,edf_adamowski,pearson3,0.0696751000164254,0.5865427407550001,Δo > Δ,1,5,1,10
35105050,edf_weibull,pearson3,0.0999781303194557,0.5865427407550001,Δo > Δ,1,5,1,11
35105050,edf_california,dweibull,0.1222830841007611,0.5865427407550001,Δo > Δ,1,5,1,12
35160000,edf_adamowski,loghalfnorm,0.0609677236964781,0.4472608134160001,Δo > Δ,1,8,1,1
35160000,edf_chegodayev,loghalfnorm,0.0644691242567022,0.4472608134160001,Δo > Δ,1,8,1,2
35160000,edf_jenkinson,loghalfnorm,0.0651794322462465,0.4472608134160001,Δo > Δ,1,8,1,3
35160000,edf_beard,loghalfnorm,0.0651794322462465,0.4472608134160001,Δo > Δ,1,8,1,4
35160000,edf_filliben,loghalfnorm,0.0657143922383719,0.4472608134160001,Δo > Δ,1,8,1,5
35160000,edf_tukey,loghalfnorm,0.0668500766376547,0.4472608134160001,Δo > Δ,1,8,1,6
35160000,edf_hazen,loghalflogistic,0.0681608080564561,0.4472608134160001,Δo > Δ,1,8,1,7
35160000,edf_blom,loghalfnorm,0.0698803796679576,0.4472608134160001,Δo > Δ,1,8,1,8
35160000,edf_gringorten,loghalflogistic,0.0709317440170473,0.4472608134160001,Δo > Δ,1,8,1,9
35160000,edf_cunnane,loghalfnorm,0.0717281254181425,0.4472608134160001,Δo > Δ,1,8,1,10
35160000,edf_weibull,loghalfnorm,0.0779733235667149,0.4472608134160001,Δo > Δ,1,8,1,11
35160000,edf_california,logdweibull,0.0877463708656879,0.4472608134160001,Δo > Δ,1,8,1,12
35160020,edf_hazen,logloggamma,0.1557623096361598,0.4472608134160001,Δo > Δ,1,8,1,1
35160020,edf_gringorten,logloggamma,0.158533245596751,0.4472608134160001,Δo > Δ,1,8,1,2
35160020,edf_cunnane,logloggamma,0.1603354803678672,0.4472608134160001,Δo > Δ,1,8,1,3
35160020,edf_blom,logloggamma,0.161444127817978,0.4472608134160001,Δo > Δ,1,8,1,4
35160020,edf_tukey,logloggamma,0.1632623096361598,0.4472608134160001,Δo > Δ,1,8,1,5
35160020,edf_filliben,logloggamma,0.1639437202757294,0.4472608134160001,Δo > Δ,1,8,1,6
35160020,edf_beard,logloggamma,0.1642646962710046,0.4472608134160001,Δo > Δ,1,8,1,7
35160020,edf_jenkinson,logloggamma,0.1642646962710046,0.4472608134160001,Δo > Δ,1,8,1,8
35160020,edf_chegodayev,logloggamma,0.1646908810647313,0.4472608134160001,Δo > Δ,1,8,1,9
35160020,edf_adamowski,logloggamma,0.1667917214008657,0.4472608134160001,Δo > Δ,1,8,1,10
35160020,edf_weibull,logloggamma,0.1765956429694931,0.4472608134160001,Δo > Δ,1,8,1,11
35160020,edf_california,nakagami,0.1912248489588775,0.4472608134160001,Δo > Δ,1,8,1,12
35165000,edf_tukey,loglaplace_asymmetric,0.0428944557881793,0.4472608134160001,Δo > Δ,1,8,1,1
35165000,edf_blom,loglaplace_asymmetric,0.0431218611532006,0.4472608134160001,Δo > Δ,1,8,1,2
35165000,edf_cunnane,loglaplace_asymmetric,0.0434914103032376,0.4472608134160001,Δo > Δ,1,8,1,3
35165000,edf_filliben,loglaplace_asymmetric,0.0440670014445134,0.4472608134160001,Δo > Δ,1,8,1,4
35165000,edf_gringorten,loglaplace_asymmetric,0.0440921552269429,0.4472608134160001,Δo > Δ,1,8,1,5
35165000,edf_jenkinson,loglaplace_asymmetric,0.0448159454334889,0.4472608134160001,Δo > Δ,1,8,1,6
35165000,edf_beard,loglaplace_asymmetric,0.0448159454334889,0.4472608134160001,Δo > Δ,1,8,1,7
35165000,edf_hazen,loglaplace_asymmetric,0.04501580054714,0.4472608134160001,Δo > Δ,1,8,1,8
35165000,edf_chegodayev,loglaplace_asymmetric,0.045810376618851,0.4472608134160001,Δo > Δ,1,8,1,9
35165000,edf_adamowski,loglaplace_asymmetric,0.0507123374031647,0.4472608134160001,Δo > Δ,1,8,1,10
35165000,edf_california,t,0.067245911529342,0.4472608134160001,Δo > Δ,1,8,1,11
35165000,edf_weibull,loglaplace_asymmetric,0.0735881543966288,0.4472608134160001,Δo > Δ,1,8,1,12
35167000,edf_hazen,logwald,0.0798377002800183,0.4472608134160001,Δo > Δ,1,8,1,1
35167000,edf_gringorten,logwald,0.0844559268810035,0.4472608134160001,Δo > Δ,1,8,1,2
35167000,edf_weibull,alpha,0.085319692884742,0.4472608134160001,Δo > Δ,1,8,1,3
35167000,edf_cunnane,logwald,0.0874596514995305,0.4472608134160001,Δo > Δ,1,8,1,4
35167000,edf_adamowski,logexponnorm,0.0881913310387961,0.4472608134160001,Δo > Δ,1,8,1,5
35167000,edf_blom,logwald,0.0893073972497153,0.4472608134160001,Δo > Δ,1,8,1,6
35167000,edf_chegodayev,logexponnorm,0.0916927315990202,0.4472608134160001,Δo > Δ,1,8,1,7
35167000,edf_tukey,logwald,0.0923377002800183,0.4472608134160001,Δo > Δ,1,8,1,8
35167000,edf_beard,logexponnorm,0.0924030395885645,0.4472608134160001,Δo > Δ,1,8,1,9
35167000,edf_jenkinson,logexponnorm,0.0924030395885645,0.4472608134160001,Δo > Δ,1,8,1,10
35167000,edf_filliben,logexponnorm,0.0929379995806898,0.4472608134160001,Δo > Δ,1,8,1,11
35167000,edf_california,logdweibull,0.1181897027323685,0.4472608134160001,Δo > Δ,1,8,1,12
35167010,edf_hazen,mielke,0.1470133869542104,0.4472608134160001,Δo > Δ,1,8,1,1
35167010,edf_gringorten,mielke,0.1497843229148016,0.4472608134160001,Δo > Δ,1,8,1,2
35167010,edf_cunnane,mielke,0.1515865576859177,0.4472608134160001,Δo > Δ,1,8,1,3
35167010,edf_blom,mielke,0.1526952051360285,0.4472608134160001,Δo > Δ,1,8,1,4
35167010,edf_tukey,mielke,0.1545133869542104,0.4472608134160001,Δo > Δ,1,8,1,5
35167010,edf_filliben,mielke,0.15519479759378,0.4472608134160001,Δo > Δ,1,8,1,6
35167010,edf_beard,mielke,0.1555157735890552,0.4472608134160001,Δo > Δ,1,8,1,7
35167010,edf_jenkinson,mielke,0.1555157735890552,0.4472608134160001,Δo > Δ,1,8,1,8
35167010,edf_chegodayev,mielke,0.1559419583827818,0.4472608134160001,Δo > Δ,1,8,1,9
35167010,edf_adamowski,mielke,0.1580427987189163,0.4472608134160001,Δo > Δ,1,8,1,10
35167010,edf_california,nakagami,0.1588254849424424,0.4472608134160001,Δo > Δ,1,8,1,11
35167010,edf_weibull,logloggamma,0.1629887802451506,0.4472608134160001,Δo > Δ,1,8,1,12
35167020,edf_california,t,0.0776040814010331,0.484420539261,Δo > Δ,1,7,1,1
35167020,edf_chegodayev,invweibull,0.0937070368179917,0.484420539261,Δo > Δ,1,7,1,2
35167020,edf_cunnane,nct,0.0939779378205646,0.484420539261,Δo > Δ,1,7,1,3
35167020,edf_jenkinson,invweibull,0.0940732566964067,0.484420539261,Δo > Δ,1,7,1,4
35167020,edf_beard,invweibull,0.0940732566964067,0.484420539261,Δo > Δ,1,7,1,5
35167020,edf_filliben,invweibull,0.0943492268695504,0.484420539261,Δo > Δ,1,7,1,6
35167020,edf_adamowski,invweibull,0.0946783896863012,0.484420539261,Δo > Δ,1,7,1,7
35167020,edf_tukey,logncf,0.0947354946283314,0.484420539261,Δo > Δ,1,7,1,8
35167020,edf_blom,invgamma,0.095056646864613,0.484420539261,Δo > Δ,1,7,1,9
35167020,edf_gringorten,nct,0.0955384871339229,0.484420539261,Δo > Δ,1,7,1,10
35167020,edf_hazen,nct,0.0979461917888186,0.484420539261,Δo > Δ,1,7,1,11
35167020,edf_weibull,loginvweibull,0.1059279122348033,0.484420539261,Δo > Δ,1,7,1,12
35185010,edf_california,logdweibull,0.1170592904474013,0.484420539261,Δo > Δ,1,7,1,1
35185010,edf_hazen,dweibull,0.1337554615286558,0.484420539261,Δo > Δ,1,7,1,2
35185010,edf_gringorten,dweibull,0.1385708708384472,0.484420539261,Δo > Δ,1,7,1,3
35185010,edf_weibull,logdweibull,0.138946864424364,0.484420539261,Δo > Δ,1,7,1,4
35185010,edf_cunnane,dweibull,0.1416919694651638,0.484420539261,Δo > Δ,1,7,1,5
35185010,edf_blom,dweibull,0.1436076782774242,0.484420539261,Δo > Δ,1,7,1,6
35185010,edf_tukey,dweibull,0.1467424745156688,0.484420539261,Δo > Δ,1,7,1,7
35185010,edf_filliben,dweibull,0.1479150968695538,0.484420539261,Δo > Δ,1,7,1,8
35185010,edf_jenkinson,dweibull,0.1484670372158412,0.484420539261,Δo > Δ,1,7,1,9
35185010,edf_beard,dweibull,0.1484670372158412,0.484420539261,Δo > Δ,1,7,1,10
35185010,edf_chegodayev,dweibull,0.1491994769726712,0.484420539261,Δo > Δ,1,7,1,11
35185010,edf_adamowski,dweibull,0.1528030805762747,0.484420539261,Δo > Δ,1,7,1,12
3518700145,edf_chegodayev,laplace,0.0780499959851445,0.5865427407550001,Δo > Δ,1,5,1,1
3518700145,edf_jenkinson,laplace,0.0787384167479147,0.5865427407550001,Δo > Δ,1,5,1,2
3518700145,edf_beard,laplace,0.0787384167479147,0.5865427407550001,Δo > Δ,1,5,1,3
3518700145,edf_filliben,laplace,0.079258100641525,0.5865427407550001,Δo > Δ,1,5,1,4
3518700145,edf_tukey,laplace,0.0803648107999593,0.5865427407550001,Δo > Δ,1,5,1,5
3518700145,edf_adamowski,laplace,0.0832823268423152,0.5865427407550001,Δo > Δ,1,5,1,6
3518700145,edf_blom,laplace,0.0833410012761498,0.5865427407550001,Δo > Δ,1,5,1,7
3518700145,edf_cunnane,laplace,0.0851725031076516,0.5865427407550001,Δo > Δ,1,5,1,8
3518700145,edf_gringorten,laplace,0.0881773107999593,0.5865427407550001,Δo > Δ,1,5,1,9
3518700145,edf_hazen,laplace,0.0928648107999593,0.5865427407550001,Δo > Δ,1,5,1,10
3518700145,edf_california,dweibull,0.1056913089488489,0.5865427407550001,Δo > Δ,1,5,1,11
3518700145,edf_weibull,genlogistic,0.1063467863358061,0.5865427407550001,Δo > Δ,1,5,1,12
35195060,edf_hazen,logt,0.074443445661982,0.4472608134160001,Δo > Δ,1,8,1,1
35195060,edf_gringorten,logt,0.0772143816225732,0.4472608134160001,Δo > Δ,1,8,1,2
35195060,edf_cunnane,logt,0.0790166163936894,0.4472608134160001,Δo > Δ,1,8,1,3
35195060,edf_blom,logt,0.0801252638438002,0.4472608134160001,Δo > Δ,1,8,1,4
35195060,edf_tukey,logt,0.081943445661982,0.4472608134160001,Δo > Δ,1,8,1,5
35195060,edf_filliben,logt,0.0826248563015516,0.4472608134160001,Δo > Δ,1,8,1,6
35195060,edf_beard,logt,0.0829458322968268,0.4472608134160001,Δo > Δ,1,8,1,7
35195060,edf_jenkinson,logt,0.0829458322968268,0.4472608134160001,Δo > Δ,1,8,1,8
35195060,edf_chegodayev,logt,0.0833720170905534,0.4472608134160001,Δo > Δ,1,8,1,9
35195060,edf_adamowski,logt,0.0854728574266879,0.4472608134160001,Δo > Δ,1,8,1,10
35195060,edf_weibull,logt,0.0952767789953153,0.4472608134160001,Δo > Δ,1,8,1,11
35195060,edf_california,laplace_asymmetric,0.095968010078589,0.4472608134160001,Δo > Δ,1,8,1,12
3519700092,edf_gringorten,invgamma,0.0740038184567369,0.530385761606,Δo > Δ,1,6,1,1
3519700092,edf_cunnane,invgamma,0.0748888446415447,0.530385761606,Δo > Δ,1,6,1,2
3519700092,edf_blom,invgamma,0.0755340059318674,0.530385761606,Δo > Δ,1,6,1,3
3519700092,edf_tukey,invgamma,0.0765866375108147,0.530385761606,Δo > Δ,1,6,1,4
3519700092,edf_filliben,invgamma,0.0769794104880339,0.530385761606,Δo > Δ,1,6,1,5
3519700092,edf_jenkinson,invgamma,0.0771640999757545,0.530385761606,Δo > Δ,1,6,1,6
3519700092,edf_beard,invgamma,0.0771640999757545,0.530385761606,Δo > Δ,1,6,1,7
3519700092,edf_chegodayev,invgamma,0.0774090059318673,0.530385761606,Δo > Δ,1,6,1,8
3519700092,edf_hazen,f,0.0784070963440534,0.530385761606,Δo > Δ,1,6,1,9
3519700092,edf_adamowski,invgamma,0.0786109290087905,0.530385761606,Δo > Δ,1,6,1,10
3519700092,edf_weibull,loginvweibull,0.0988454251786479,0.530385761606,Δo > Δ,1,6,1,11
3519700092,edf_california,logalpha,0.1110755190668604,0.530385761606,Δo > Δ,1,6,1,12
35215020,edf_chegodayev,laplace_asymmetric,0.0931905178420079,0.4472608134160001,Δo > Δ,1,8,1,1
35215020,edf_jenkinson,laplace_asymmetric,0.0933325794399168,0.4472608134160001,Δo > Δ,1,8,1,2
35215020,edf_beard,laplace_asymmetric,0.0933325794399168,0.4472608134160001,Δo > Δ,1,8,1,3
35215020,edf_filliben,laplace_asymmetric,0.0934395714383418,0.4472608134160001,Δo > Δ,1,8,1,4
35215020,edf_tukey,laplace_asymmetric,0.0936667083181984,0.4472608134160001,Δo > Δ,1,8,1,5
35215020,edf_blom,laplace_asymmetric,0.094272768924259,0.4472608134160001,Δo > Δ,1,8,1,6
35215020,edf_cunnane,laplace_asymmetric,0.0946423180742959,0.4472608134160001,Δo > Δ,1,8,1,7
35215020,edf_gringorten,laplace_asymmetric,0.0952430629980012,0.4472608134160001,Δo > Δ,1,8,1,8
35215020,edf_adamowski,laplace_asymmetric,0.0955274621323333,0.4472608134160001,Δo > Δ,1,8,1,9
35215020,edf_hazen,laplace_asymmetric,0.0961667083181984,0.4472608134160001,Δo > Δ,1,8,1,10
35215020,edf_weibull,laplace_asymmetric,0.1118673314133791,0.4472608134160001,Δo > Δ,1,8,1,11
35215020,edf_california,pearson3,0.1388595381273361,0.4472608134160001,Δo > Δ,1,8,1,12
35215030,edf_california,t,0.0774446447616793,0.530385761606,Δo > Δ,1,6,1,1
35215030,edf_hazen,logt,0.0868280653950102,0.530385761606,Δo > Δ,1,6,1,2
35215030,edf_gringorten,logt,0.0884620523231147,0.530385761606,Δo > Δ,1,6,1,3
35215030,edf_cunnane,logt,0.0895162374380209,0.530385761606,Δo > Δ,1,6,1,4
35215030,edf_blom,logt,0.0901613987283436,0.530385761606,Δo > Δ,1,6,1,5
35215030,edf_tukey,logt,0.0912140303072909,0.530385761606,Δo > Δ,1,6,1,6
35215030,edf_filliben,logt,0.0916068032845101,0.530385761606,Δo > Δ,1,6,1,7
35215030,edf_jenkinson,logt,0.0917914927722307,0.530385761606,Δo > Δ,1,6,1,8
35215030,edf_beard,logt,0.0917914927722307,0.530385761606,Δo > Δ,1,6,1,9
35215030,edf_chegodayev,logt,0.0920363987283435,0.530385761606,Δo > Δ,1,6,1,10
35215030,edf_adamowski,logt,0.0932383218052667,0.530385761606,Δo > Δ,1,6,1,11
35215030,edf_weibull,logt,0.1064951627035203,0.530385761606,Δo > Δ,1,6,1,12
35217010,edf_hazen,dweibull,0.1140090604532338,0.530385761606,Δo > Δ,1,6,1,1
35217010,edf_chegodayev,nakagami,0.1141619103065246,0.530385761606,Δo > Δ,1,6,1,2
35217010,edf_beard,nakagami,0.1148966281748631,0.530385761606,Δo > Δ,1,6,1,3
35217010,edf_jenkinson,nakagami,0.1148966281748631,0.530385761606,Δo > Δ,1,6,1,4
35217010,edf_adamowski,nakagami,0.1153841489758212,0.530385761606,Δo > Δ,1,6,1,5
35217010,edf_filliben,nakagami,0.1154506966380249,0.530385761606,Δo > Δ,1,6,1,6
35217010,edf_tukey,nakagami,0.1166290155696825,0.530385761606,Δo > Δ,1,6,1,7
35217010,edf_gringorten,dweibull,0.1189110212375477,0.530385761606,Δo > Δ,1,6,1,8
35217010,edf_blom,nakagami,0.1197869103065246,0.530385761606,Δo > Δ,1,6,1,9
35217010,edf_cunnane,nakagami,0.1217223941774923,0.530385761606,Δo > Δ,1,6,1,10
35217010,edf_weibull,logdweibull,0.1249591172017884,0.530385761606,Δo > Δ,1,6,1,11
35217010,edf_california,loglaplace_asymmetric,0.1539568117365756,0.530385761606,Δo > Δ,1,6,1,12
35217030,edf_cunnane,invgamma,0.0803198288771356,0.530385761606,Δo > Δ,1,6,1,1
35217030,edf_blom,invgamma,0.0809649901674582,0.530385761606,Δo > Δ,1,6,1,2
35217030,edf_gringorten,invgamma,0.0815434027953892,0.530385761606,Δo > Δ,1,6,1,3
35217030,edf_tukey,invgamma,0.0820176217464055,0.530385761606,Δo > Δ,1,6,1,4
35217030,edf_filliben,invgamma,0.0824103947236247,0.530385761606,Δo > Δ,1,6,1,5
35217030,edf_jenkinson,invgamma,0.0825950842113454,0.530385761606,Δo > Δ,1,6,1,6
35217030,edf_beard,invgamma,0.0825950842113454,0.530385761606,Δo > Δ,1,6,1,7
35217030,edf_chegodayev,invgamma,0.0828399901674582,0.530385761606,Δo > Δ,1,6,1,8
35217030,edf_adamowski,invgamma,0.0840419132443813,0.530385761606,Δo > Δ,1,6,1,9
35217030,edf_hazen,invgauss,0.0846583347142783,0.530385761606,Δo > Δ,1,6,1,10
35217030,edf_weibull,loginvweibull,0.0983503019899642,0.530385761606,Δo > Δ,1,6,1,11
35217030,edf_california,f,0.1225523984848987,0.530385761606,Δo > Δ,1,6,1,12
35217060,edf_cunnane,logt,0.1248970301563263,0.4472608134160001,Δo > Δ,1,8,1,1
35217060,edf_blom,logt,0.1266009664838278,0.4472608134160001,Δo > Δ,1,8,1,2
35217060,edf_gringorten,logt,0.1266992649274425,0.4472608134160001,Δo > Δ,1,8,1,3
35217060,edf_weibull,laplace_asymmetric,0.1284774545011349,0.4472608134160001,Δo > Δ,1,8,1,4
35217060,edf_hazen,logt,0.1294702008880336,0.4472608134160001,Δo > Δ,1,8,1,5
35217060,edf_tukey,logt,0.1296312695141309,0.4472608134160001,Δo > Δ,1,8,1,6
35217060,edf_filliben,logt,0.1307669539134136,0.4472608134160001,Δo > Δ,1,8,1,7
35217060,edf_jenkinson,logt,0.1313019139055389,0.4472608134160001,Δo > Δ,1,8,1,8
35217060,edf_beard,logt,0.1313019139055389,0.4472608134160001,Δo > Δ,1,8,1,9
35217060,edf_adamowski,laplace_asymmetric,0.1319775350289853,0.4472608134160001,Δo > Δ,1,8,1,10
35217060,edf_chegodayev,logt,0.1320122218950832,0.4472608134160001,Δo > Δ,1,8,1,11
35217060,edf_california,rayleigh,0.1643627142057215,0.4472608134160001,Δo > Δ,1,8,1,12
35217090,edf_hazen,loglaplace_asymmetric,0.0558192345006701,0.4472608134160001,Δo > Δ,1,8,1,1
35217090,edf_cunnane,t,0.0566610064466115,0.4472608134160001,Δo > Δ,1,8,1,2
35217090,edf_gringorten,loglaplace_asymmetric,0.0567428798208672,0.4472608134160001,Δo > Δ,1,8,1,3
35217090,edf_blom,t,0.0570305555966486,0.4472608134160001,Δo > Δ,1,8,1,4
35217090,edf_tukey,t,0.0576366162027091,0.4472608134160001,Δo > Δ,1,8,1,5
35217090,edf_filliben,t,0.0578637530825657,0.4472608134160001,Δo > Δ,1,8,1,6
35217090,edf_beard,t,0.0579707450809907,0.4472608134160001,Δo > Δ,1,8,1,7
35217090,edf_jenkinson,t,0.0579707450809907,0.4472608134160001,Δo > Δ,1,8,1,8
35217090,edf_chegodayev,t,0.0581128066788996,0.4472608134160001,Δo > Δ,1,8,1,9
35217090,edf_adamowski,t,0.0588130867909444,0.4472608134160001,Δo > Δ,1,8,1,10
35217090,edf_weibull,t,0.0785261149889148,0.4472608134160001,Δo > Δ,1,8,1,11
35217090,edf_california,loglaplace,0.1050174635952312,0.4472608134160001,Δo > Δ,1,8,1,12
35225030,edf_california,laplace_asymmetric,0.1174394272588782,0.4472608134160001,Δo > Δ,1,8,1,1
35225030,edf_weibull,mielke,0.1196910728863202,0.4472608134160001,Δo > Δ,1,8,1,2
35225030,edf_adamowski,mielke,0.1229590467425293,0.4472608134160001,Δo > Δ,1,8,1,3
35225030,edf_chegodayev,mielke,0.1236593268545741,0.4472608134160001,Δo > Δ,1,8,1,4
35225030,edf_jenkinson,mielke,0.123801388452483,0.4472608134160001,Δo > Δ,1,8,1,5
35225030,edf_beard,mielke,0.123801388452483,0.4472608134160001,Δo > Δ,1,8,1,6
35225030,edf_filliben,mielke,0.123908380450908,0.4472608134160001,Δo > Δ,1,8,1,7
35225030,edf_tukey,mielke,0.1241355173307646,0.4472608134160001,Δo > Δ,1,8,1,8
35225030,edf_blom,mielke,0.1247415779368252,0.4472608134160001,Δo > Δ,1,8,1,9
35225030,edf_cunnane,mielke,0.1251111270868621,0.4472608134160001,Δo > Δ,1,8,1,10
35225030,edf_gringorten,mielke,0.1257118720105675,0.4472608134160001,Δo > Δ,1,8,1,11
35225030,edf_hazen,mielke,0.1266355173307646,0.4472608134160001,Δo > Δ,1,8,1,12
35235010,edf_california,logt,0.0421705006400834,0.530385761606,Δo > Δ,1,6,1,1
35235010,edf_adamowski,loginvweibull,0.0789667807600987,0.530385761606,Δo > Δ,1,6,1,2
35235010,edf_chegodayev,loginvweibull,0.0825725499908679,0.530385761606,Δo > Δ,1,6,1,3
35235010,edf_jenkinson,loginvweibull,0.0833072678592065,0.530385761606,Δo > Δ,1,6,1,4
35235010,edf_beard,loginvweibull,0.0833072678592065,0.530385761606,Δo > Δ,1,6,1,5
35235010,edf_hazen,logwald,0.0833333333333333,0.530385761606,Δo > Δ,1,6,1,6
35235010,edf_filliben,loginvweibull,0.0838613363223683,0.530385761606,Δo > Δ,1,6,1,7
35235010,edf_tukey,loginvweibull,0.0850396552540258,0.530385761606,Δo > Δ,1,6,1,8
35235010,edf_blom,loginvweibull,0.0881975499908679,0.530385761606,Δo > Δ,1,6,1,9
35235010,edf_cunnane,loginvweibull,0.0901330338618356,0.530385761606,Δo > Δ,1,6,1,10
35235010,edf_gringorten,logwald,0.0915032679738562,0.530385761606,Δo > Δ,1,6,1,11
35235010,edf_weibull,loginvweibull,0.0951662341216938,0.530385761606,Δo > Δ,1,6,1,12
35235040,edf_hazen,logloggamma,0.0870083952097056,0.484420539261,Δo > Δ,1,7,1,1
35235040,edf_tukey,dweibull,0.0896340996068555,0.484420539261,Δo > Δ,1,7,1,2
35235040,edf_filliben,dweibull,0.090220410783798,0.484420539261,Δo > Δ,1,7,1,3
35235040,edf_blom,dweibull,0.0902604224975297,0.484420539261,Δo > Δ,1,7,1,4
35235040,edf_beard,dweibull,0.0904963809569416,0.484420539261,Δo > Δ,1,7,1,5
35235040,edf_jenkinson,dweibull,0.0904963809569416,0.484420539261,Δo > Δ,1,7,1,6
35235040,edf_chegodayev,dweibull,0.0908626008353568,0.484420539261,Δo > Δ,1,7,1,7
35235040,edf_cunnane,dweibull,0.09121827690366,0.484420539261,Δo > Δ,1,7,1,8
35235040,edf_gringorten,logloggamma,0.091823804519497,0.484420539261,Δo > Δ,1,7,1,9
35235040,edf_adamowski,dweibull,0.0926644026371585,0.484420539261,Δo > Δ,1,7,1,10
35235040,edf_weibull,dweibull,0.1009977359704918,0.484420539261,Δo > Δ,1,7,1,11
35235040,edf_california,dweibull,0.1117487997475201,0.484420539261,Δo > Δ,1,7,1,12
35235050,edf_hazen,loghalflogistic,0.054196836009721,0.4472608134160001,Δo > Δ,1,8,1,1
35235050,edf_gringorten,loghalflogistic,0.0569677719703122,0.4472608134160001,Δo > Δ,1,8,1,2
35235050,edf_cunnane,loghalflogistic,0.0587700067414284,0.4472608134160001,Δo > Δ,1,8,1,3
35235050,edf_blom,loghalflogistic,0.0598786541915392,0.4472608134160001,Δo > Δ,1,8,1,4
35235050,edf_tukey,loghalflogistic,0.061696836009721,0.4472608134160001,Δo > Δ,1,8,1,5
35235050,edf_filliben,loghalflogistic,0.0623782466492907,0.4472608134160001,Δo > Δ,1,8,1,6
35235050,edf_beard,loghalflogistic,0.0626992226445659,0.4472608134160001,Δo > Δ,1,8,1,7
35235050,edf_jenkinson,loghalflogistic,0.0626992226445659,0.4472608134160001,Δo > Δ,1,8,1,8
35235050,edf_chegodayev,loghalflogistic,0.0631254074382925,0.4472608134160001,Δo > Δ,1,8,1,9
35235050,edf_adamowski,loghalflogistic,0.0652262477744269,0.4472608134160001,Δo > Δ,1,8,1,10
35235050,edf_weibull,loghalflogistic,0.0772431299197978,0.4472608134160001,Δo > Δ,1,8,1,11
35235050,edf_california,fatiguelife,0.0922389564291629,0.4472608134160001,Δo > Δ,1,8,1,12
36015020,edf_gringorten,dweibull,0.1025047298087014,0.484420539261,Δo > Δ,1,7,1,1
36015020,edf_hazen,dweibull,0.1031305654146891,0.484420539261,Δo > Δ,1,7,1,2
36015020,edf_cunnane,dweibull,0.105625828435418,0.484420539261,Δo > Δ,1,7,1,3
36015020,edf_blom,dweibull,0.1075415372476785,0.484420539261,Δo > Δ,1,7,1,4
36015020,edf_tukey,dweibull,0.110676333485923,0.484420539261,Δo > Δ,1,7,1,5
36015020,edf_filliben,dweibull,0.1118489558398081,0.484420539261,Δo > Δ,1,7,1,6
36015020,edf_beard,dweibull,0.1124008961860955,0.484420539261,Δo > Δ,1,7,1,7
36015020,edf_jenkinson,dweibull,0.1124008961860955,0.484420539261,Δo > Δ,1,7,1,8
36015020,edf_chegodayev,dweibull,0.1131333359429255,0.484420539261,Δo > Δ,1,7,1,9
36015020,edf_adamowski,dweibull,0.1167369395465291,0.484420539261,Δo > Δ,1,7,1,10
36015020,edf_weibull,dweibull,0.1334036062131958,0.484420539261,Δo > Δ,1,7,1,11
36015020,edf_california,dweibull,0.1691178919274815,0.484420539261,Δo > Δ,1,7,1,12
36015501,edf_weibull,laplace_asymmetric,0.1619869708787734,0.484420539261,Δo > Δ,1,7,1,1
36015501,edf_adamowski,laplace_asymmetric,0.1703203042121068,0.484420539261,Δo > Δ,1,7,1,2
36015501,edf_chegodayev,laplace_asymmetric,0.1721221060139086,0.484420539261,Δo > Δ,1,7,1,3
36015501,edf_jenkinson,laplace_asymmetric,0.1724883258923236,0.484420539261,Δo > Δ,1,7,1,4
36015501,edf_beard,laplace_asymmetric,0.1724883258923236,0.484420539261,Δo > Δ,1,7,1,5
36015501,edf_filliben,laplace_asymmetric,0.1727642960654672,0.484420539261,Δo > Δ,1,7,1,6
36015501,edf_california,pearson3,0.1728848608116127,0.484420539261,Δo > Δ,1,7,1,7
36015501,edf_tukey,laplace_asymmetric,0.1733506072424098,0.484420539261,Δo > Δ,1,7,1,8
36015501,edf_blom,laplace_asymmetric,0.174918005361532,0.484420539261,Δo > Δ,1,7,1,9
36015501,edf_cunnane,laplace_asymmetric,0.1758758597676623,0.484420539261,Δo > Δ,1,7,1,10
36015501,edf_gringorten,laplace_asymmetric,0.1774364090810206,0.484420539261,Δo > Δ,1,7,1,11
36015501,edf_hazen,laplace_asymmetric,0.1798441137359163,0.484420539261,Δo > Δ,1,7,1,12
3602700101,edf_hazen,dweibull,0.0554736218702431,0.530385761606,Δo > Δ,1,6,1,1
3602700101,edf_gringorten,dweibull,0.0636435565107661,0.530385761606,Δo > Δ,1,6,1,2
3602700101,edf_cunnane,dweibull,0.068914482085297,0.530385761606,Δo > Δ,1,6,1,3
3602700101,edf_blom,dweibull,0.0721402885369097,0.530385761606,Δo > Δ,1,6,1,4
3602700101,edf_tukey,dweibull,0.0774034464316466,0.530385761606,Δo > Δ,1,6,1,5
3602700101,edf_filliben,dweibull,0.0793673113177425,0.530385761606,Δo > Δ,1,6,1,6
3602700101,edf_beard,dweibull,0.0802907587563455,0.530385761606,Δo > Δ,1,6,1,7
3602700101,edf_jenkinson,dweibull,0.0802907587563455,0.530385761606,Δo > Δ,1,6,1,8
3602700101,edf_chegodayev,dweibull,0.0815152885369098,0.530385761606,Δo > Δ,1,6,1,9
3602700101,edf_adamowski,dweibull,0.0875249039215252,0.530385761606,Δo > Δ,1,6,1,10
3602700101,edf_weibull,dweibull,0.1149974313940527,0.530385761606,Δo > Δ,1,6,1,11
3602700101,edf_california,invgauss,0.117920060878514,0.530385761606,Δo > Δ,1,6,1,12
3701500114,edf_chegodayev,logbetaprime,0.0747795547533897,0.530385761606,Δo > Δ,1,6,1,1
3701500114,edf_jenkinson,logbetaprime,0.0750244607095025,0.530385761606,Δo > Δ,1,6,1,2
3701500114,edf_beard,logbetaprime,0.0750244607095025,0.530385761606,Δo > Δ,1,6,1,3
3701500114,edf_filliben,logbetaprime,0.0752091501972231,0.530385761606,Δo > Δ,1,6,1,4
3701500114,edf_tukey,logbetaprime,0.0756019231744423,0.530385761606,Δo > Δ,1,6,1,5
3701500114,edf_adamowski,logf,0.0764349508818832,0.530385761606,Δo > Δ,1,6,1,6
3701500114,edf_blom,logbetaprime,0.0766545547533896,0.530385761606,Δo > Δ,1,6,1,7
3701500114,edf_cunnane,logbetaprime,0.0772997160437123,0.530385761606,Δo > Δ,1,6,1,8
3701500114,edf_gringorten,logbetaprime,0.0783539011586185,0.530385761606,Δo > Δ,1,6,1,9
3701500114,edf_hazen,logbetaprime,0.079987888086723,0.530385761606,Δo > Δ,1,6,1,10
3701500114,edf_weibull,logdweibull,0.0910453406207115,0.530385761606,Δo > Δ,1,6,1,11
3701500114,edf_california,dweibull,0.1066210146848236,0.530385761606,Δo > Δ,1,6,1,12
37015030,edf_hazen,gompertz,0.0750820202497433,0.4472608134160001,Δo > Δ,1,8,1,1
37015030,edf_gringorten,gompertz,0.0760056655699404,0.4472608134160001,Δo > Δ,1,8,1,2
37015030,edf_cunnane,gompertz,0.0766064104936458,0.4472608134160001,Δo > Δ,1,8,1,3
37015030,edf_blom,gompertz,0.0769759596436827,0.4472608134160001,Δo > Δ,1,8,1,4
37015030,edf_adamowski,logdweibull,0.0780686191216608,0.4472608134160001,Δo > Δ,1,8,1,5
37015030,edf_weibull,logncf,0.0799070647594574,0.4472608134160001,Δo > Δ,1,8,1,6
37015030,edf_tukey,gompertz,0.0799999999987593,0.4472608134160001,Δo > Δ,1,8,1,7
37015030,edf_chegodayev,logdweibull,0.0801694594577952,0.4472608134160001,Δo > Δ,1,8,1,8
37015030,edf_beard,logdweibull,0.0805956442515218,0.4472608134160001,Δo > Δ,1,8,1,9
37015030,edf_jenkinson,logdweibull,0.0805956442515218,0.4472608134160001,Δo > Δ,1,8,1,10
37015030,edf_filliben,logdweibull,0.080916620246797,0.4472608134160001,Δo > Δ,1,8,1,11
37015030,edf_california,logkstwobign,0.1017102224256804,0.4472608134160001,Δo > Δ,1,8,1,12
37017040,edf_hazen,loglaplace_asymmetric,0.0411997434305779,0.5865427407550001,Δo > Δ,1,5,1,1
37017040,edf_gringorten,logfisk,0.0415707943598403,0.5865427407550001,Δo > Δ,1,5,1,2
37017040,edf_cunnane,logfisk,0.0475804097444556,0.5865427407550001,Δo > Δ,1,5,1,3
37017040,edf_blom,logfisk,0.0512434134074593,0.5865427407550001,Δo > Δ,1,5,1,4
37017040,edf_tukey,logfisk,0.0571957943598402,0.5865427407550001,Δo > Δ,1,5,1,5
37017040,edf_filliben,logfisk,0.0594092146767088,0.5865427407550001,Δo > Δ,1,5,1,6
37017040,edf_beard,logfisk,0.0604485824639295,0.5865427407550001,Δo > Δ,1,5,1,7
37017040,edf_jenkinson,logfisk,0.0604485824639295,0.5865427407550001,Δo > Δ,1,5,1,8
37017040,edf_chegodayev,logfisk,0.0618254239894699,0.5865427407550001,Δo > Δ,1,5,1,9
37017040,edf_adamowski,logfisk,0.0685594307234766,0.5865427407550001,Δo > Δ,1,5,1,10
37017040,edf_weibull,logdweibull,0.0946017122390207,0.5865427407550001,Δo > Δ,1,5,1,11
37017040,edf_california,logdweibull,0.1000000000000055,0.5865427407550001,Δo > Δ,1,5,1,12
37045010,edf_gringorten,weibull_min,0.1093749999999998,0.5865427407550001,Δo > Δ,1,5,1,1
37045010,edf_hazen,logfisk,0.1124695210288124,0.5865427407550001,Δo > Δ,1,5,1,2
37045010,edf_cunnane,weibull_min,0.1153846153846152,0.5865427407550001,Δo > Δ,1,5,1,3
37045010,edf_california,dweibull,0.1166966692908164,0.5865427407550001,Δo > Δ,1,5,1,4
37045010,edf_blom,weibull_min,0.1190476190476188,0.5865427407550001,Δo > Δ,1,5,1,5
37045010,edf_tukey,logfisk,0.1249695210288124,0.5865427407550001,Δo > Δ,1,5,1,6
37045010,edf_filliben,logfisk,0.1260762311872467,0.5865427407550001,Δo > Δ,1,5,1,7
37045010,edf_jenkinson,logfisk,0.126595915080857,0.5865427407550001,Δo > Δ,1,5,1,8
37045010,edf_beard,logfisk,0.126595915080857,0.5865427407550001,Δo > Δ,1,5,1,9
37045010,edf_chegodayev,logkstwobign,0.1269234444158853,0.5865427407550001,Δo > Δ,1,5,1,10
37045010,edf_adamowski,logkstwobign,0.1271227348659237,0.5865427407550001,Δo > Δ,1,5,1,11
37045010,edf_weibull,logkstwobign,0.1422742500174388,0.5865427407550001,Δo > Δ,1,5,1,12
42077020,edf_gringorten,dweibull,0.0583759878069981,0.484420539261,Δo > Δ,1,7,1,1
42077020,edf_cunnane,dweibull,0.0616781385611098,0.484420539261,Δo > Δ,1,7,1,2
42077020,edf_hazen,dweibull,0.0624365237856924,0.484420539261,Δo > Δ,1,7,1,3
42077020,edf_blom,dweibull,0.0645517017795005,0.484420539261,Δo > Δ,1,7,1,4
42077020,edf_tukey,dweibull,0.0692538961368673,0.484420539261,Δo > Δ,1,7,1,5
42077020,edf_filliben,dweibull,0.0710128296676949,0.484420539261,Δo > Δ,1,7,1,6
42077020,edf_beard,dweibull,0.0718407401871259,0.484420539261,Δo > Δ,1,7,1,7
42077020,edf_jenkinson,dweibull,0.0718407401871259,0.484420539261,Δo > Δ,1,7,1,8
42077020,edf_chegodayev,dweibull,0.072939399822371,0.484420539261,Δo > Δ,1,7,1,9
42077020,edf_adamowski,dweibull,0.0783448052277764,0.484420539261,Δo > Δ,1,7,1,10
42077020,edf_weibull,logdweibull,0.0912791159377379,0.484420539261,Δo > Δ,1,7,1,11
42077020,edf_california,logdweibull,0.1188412606942109,0.484420539261,Δo > Δ,1,7,1,12
44015060,edf_weibull,laplace_asymmetric,0.0900726530629716,0.417612680231,Δo > Δ,1,9,1,1
44015060,edf_adamowski,logistic,0.0939363658810059,0.417612680231,Δo > Δ,1,9,1,2
44015060,edf_filliben,logistic,0.0939363658810059,0.417612680231,Δo > Δ,1,9,1,3
44015060,edf_jenkinson,logistic,0.0939363658810059,0.417612680231,Δo > Δ,1,9,1,4
44015060,edf_chegodayev,logistic,0.0939363658810059,0.417612680231,Δo > Δ,1,9,1,5
44015060,edf_tukey,logistic,0.0939363658810059,0.417612680231,Δo > Δ,1,9,1,6
44015060,edf_beard,logistic,0.0939363658810059,0.417612680231,Δo > Δ,1,9,1,7
44015060,edf_blom,logistic,0.0942532352067379,0.417612680231,Δo > Δ,1,9,1,8
44015060,edf_cunnane,logistic,0.0954283233383477,0.417612680231,Δo > Δ,1,9,1,9
44015060,edf_gringorten,logistic,0.0973352646045567,0.417612680231,Δo > Δ,1,9,1,10
44015060,edf_hazen,dweibull,0.0984402395429177,0.417612680231,Δo > Δ,1,9,1,11
44015060,edf_california,invgamma,0.1053047713956005,0.417612680231,Δo > Δ,1,9,1,12
44015070,edf_weibull,gumbel_r,0.1373927099372365,0.484420539261,Δo > Δ,1,7,1,1
44015070,edf_adamowski,gumbel_r,0.1540593766039032,0.484420539261,Δo > Δ,1,7,1,2
44015070,edf_california,wald,0.154105397767074,0.484420539261,Δo > Δ,1,7,1,3
44015070,edf_chegodayev,gumbel_r,0.1576629802075068,0.484420539261,Δo > Δ,1,7,1,4
44015070,edf_jenkinson,gumbel_r,0.1583954199643368,0.484420539261,Δo > Δ,1,7,1,5
44015070,edf_beard,gumbel_r,0.1583954199643368,0.484420539261,Δo > Δ,1,7,1,6
44015070,edf_filliben,gumbel_r,0.1589473603106242,0.484420539261,Δo > Δ,1,7,1,7
44015070,edf_tukey,gumbel_r,0.1601199826645093,0.484420539261,Δo > Δ,1,7,1,8
44015070,edf_blom,gumbel_r,0.1632547789027538,0.484420539261,Δo > Δ,1,7,1,9
44015070,edf_cunnane,gumbel_r,0.1651704877150143,0.484420539261,Δo > Δ,1,7,1,10
44015070,edf_gringorten,gumbel_r,0.1682915863417309,0.484420539261,Δo > Δ,1,7,1,11
44015070,edf_hazen,gumbel_r,0.1731069956515223,0.484420539261,Δo > Δ,1,7,1,12
44017070,edf_cunnane,mielke,0.1159323144118732,0.5865427407550001,Δo > Δ,1,5,1,1
44017070,edf_gringorten,mielke,0.1159323144118732,0.5865427407550001,Δo > Δ,1,5,1,2
44017070,edf_blom,mielke,0.1159323144118732,0.5865427407550001,Δo > Δ,1,5,1,3
44017070,edf_hazen,mielke,0.1159323144118732,0.5865427407550001,Δo > Δ,1,5,1,4
44017070,edf_tukey,mielke,0.1195201365424184,0.5865427407550001,Δo > Δ,1,5,1,5
44017070,edf_filliben,mielke,0.121733556859287,0.5865427407550001,Δo > Δ,1,5,1,6
44017070,edf_beard,mielke,0.1227729246465075,0.5865427407550001,Δo > Δ,1,5,1,7
44017070,edf_jenkinson,mielke,0.1227729246465075,0.5865427407550001,Δo > Δ,1,5,1,8
44017070,edf_chegodayev,dweibull,0.1239605161930645,0.5865427407550001,Δo > Δ,1,5,1,9
44017070,edf_adamowski,dweibull,0.1240428981363315,0.5865427407550001,Δo > Δ,1,5,1,10
44017070,edf_weibull,logmielke,0.1389672010843315,0.5865427407550001,Δo > Δ,1,5,1,11
44017070,edf_california,mielke,0.139507491658392,0.5865427407550001,Δo > Δ,1,5,1,12
44017120,edf_hazen,nakagami,0.0833333016482325,0.530385761606,Δo > Δ,1,6,1,1
44017120,edf_gringorten,nakagami,0.0915032362887554,0.530385761606,Δo > Δ,1,6,1,2
44017120,edf_cunnane,nakagami,0.0967741618632862,0.530385761606,Δo > Δ,1,6,1,3
44017120,edf_blom,logdweibull,0.0987290236914877,0.530385761606,Δo > Δ,1,6,1,4
44017120,edf_tukey,logdweibull,0.1018869184283298,0.530385761606,Δo > Δ,1,6,1,5
44017120,edf_filliben,logfisk,0.1030604347572075,0.530385761606,Δo > Δ,1,6,1,6
44017120,edf_beard,logfisk,0.1032451242449281,0.530385761606,Δo > Δ,1,6,1,7
44017120,edf_jenkinson,logfisk,0.1032451242449281,0.530385761606,Δo > Δ,1,6,1,8
44017120,edf_chegodayev,logfisk,0.1034900302010409,0.530385761606,Δo > Δ,1,6,1,9
44017120,edf_adamowski,logfisk,0.1046919532779641,0.530385761606,Δo > Δ,1,6,1,10
44017120,edf_weibull,logfisk,0.1122915112436564,0.530385761606,Δo > Δ,1,6,1,11
44017120,edf_california,invgauss,0.1199956151049566,0.530385761606,Δo > Δ,1,6,1,12
44035040,edf_hazen,loglaplace_asymmetric,0.0405918781723153,0.5865427407550001,Δo > Δ,1,5,1,1
44035040,edf_gringorten,exponnorm,0.046594924336389,0.5865427407550001,Δo > Δ,1,5,1,2
44035040,edf_cunnane,exponnorm,0.0513583284163161,0.5865427407550001,Δo > Δ,1,5,1,3
44035040,edf_blom,exponnorm,0.0550213320793198,0.5865427407550001,Δo > Δ,1,5,1,4
44035040,edf_tukey,loggenlogistic,0.0602109864220801,0.5865427407550001,Δo > Δ,1,5,1,5
44035040,edf_filliben,loggenlogistic,0.0624244067389486,0.5865427407550001,Δo > Δ,1,5,1,6
44035040,edf_beard,loggenlogistic,0.0634637745261693,0.5865427407550001,Δo > Δ,1,5,1,7
44035040,edf_jenkinson,loggenlogistic,0.0634637745261693,0.5865427407550001,Δo > Δ,1,5,1,8
44035040,edf_chegodayev,loggenlogistic,0.0648406160517097,0.5865427407550001,Δo > Δ,1,5,1,9
44035040,edf_adamowski,loggenlogistic,0.0715746227857164,0.5865427407550001,Δo > Δ,1,5,1,10
44035040,edf_weibull,loggenlogistic,0.1018776530887467,0.5865427407550001,Δo > Δ,1,5,1,11
44035040,edf_california,loglaplace_asymmetric,0.1405918781723154,0.5865427407550001,Δo > Δ,1,5,1,12
44035050,edf_gringorten,laplace_asymmetric,0.1192466898581504,0.4472608134160001,Δo > Δ,1,8,1,1
44035050,edf_cunnane,laplace_asymmetric,0.1210489246292665,0.4472608134160001,Δo > Δ,1,8,1,2
44035050,edf_blom,laplace_asymmetric,0.1221575720793773,0.4472608134160001,Δo > Δ,1,8,1,3
44035050,edf_hazen,laplace_asymmetric,0.1225410401039484,0.4472608134160001,Δo > Δ,1,8,1,4
44035050,edf_tukey,laplace_asymmetric,0.1239757538975592,0.4472608134160001,Δo > Δ,1,8,1,5
44035050,edf_filliben,laplace_asymmetric,0.1246571645371288,0.4472608134160001,Δo > Δ,1,8,1,6
44035050,edf_beard,laplace_asymmetric,0.124978140532404,0.4472608134160001,Δo > Δ,1,8,1,7
44035050,edf_jenkinson,laplace_asymmetric,0.124978140532404,0.4472608134160001,Δo > Δ,1,8,1,8
44035050,edf_chegodayev,laplace_asymmetric,0.1254043253261306,0.4472608134160001,Δo > Δ,1,8,1,9
44035050,edf_adamowski,laplace_asymmetric,0.1275051656622651,0.4472608134160001,Δo > Δ,1,8,1,10
44035050,edf_weibull,gumbel_l,0.1296772418462958,0.4472608134160001,Δo > Δ,1,8,1,11
44035050,edf_california,chi2,0.1675039367813964,0.4472608134160001,Δo > Δ,1,8,1,12
44035501,edf_gringorten,nakagami,0.0915032679724639,0.530385761606,Δo > Δ,1,6,1,1
44035501,edf_hazen,nakagami,0.0927517332343724,0.530385761606,Δo > Δ,1,6,1,2
44035501,edf_weibull,loginvweibull,0.0936579158527017,0.530385761606,Δo > Δ,1,6,1,3
44035501,edf_cunnane,nakagami,0.0967741935469947,0.530385761606,Δo > Δ,1,6,1,4
44035501,edf_adamowski,loginvweibull,0.0991524213472072,0.530385761606,Δo > Δ,1,6,1,5
44035501,edf_blom,nakagami,0.0999999999986076,0.530385761606,Δo > Δ,1,6,1,6
44035501,edf_chegodayev,loginvweibull,0.1003543444241303,0.530385761606,Δo > Δ,1,6,1,7
44035501,edf_jenkinson,loginvweibull,0.1005992503802432,0.530385761606,Δo > Δ,1,6,1,8
44035501,edf_beard,loginvweibull,0.1005992503802432,0.530385761606,Δo > Δ,1,6,1,9
44035501,edf_filliben,loginvweibull,0.1007839398679638,0.530385761606,Δo > Δ,1,6,1,10
44035501,edf_tukey,loginvweibull,0.101176712845183,0.530385761606,Δo > Δ,1,6,1,11
44035501,edf_california,invgauss,0.1323103177046275,0.530385761606,Δo > Δ,1,6,1,12
44037040,edf_blom,invgauss,0.0467335340780936,0.484420539261,Δo > Δ,1,7,1,1
44037040,edf_gringorten,invgamma,0.0472253957613793,0.484420539261,Δo > Δ,1,7,1,2
44037040,edf_cunnane,invgamma,0.0478943804225522,0.484420539261,Δo > Δ,1,7,1,3
44037040,edf_tukey,invgauss,0.0489766172747885,0.484420539261,Δo > Δ,1,7,1,4
44037040,edf_hazen,exponnorm,0.0497180729215713,0.484420539261,Δo > Δ,1,7,1,5
44037040,edf_filliben,invgauss,0.0507355508056161,0.484420539261,Δo > Δ,1,7,1,6
44037040,edf_beard,invgamma,0.051281914297891,0.484420539261,Δo > Δ,1,7,1,7
44037040,edf_jenkinson,invgamma,0.051281914297891,0.484420539261,Δo > Δ,1,7,1,8
44037040,edf_chegodayev,invgamma,0.051648134176306,0.484420539261,Δo > Δ,1,7,1,9
44037040,edf_adamowski,invgamma,0.056122591237313,0.484420539261,Δo > Δ,1,7,1,10
44037040,edf_weibull,exponnorm,0.0789946836324634,0.484420539261,Δo > Δ,1,7,1,11
44037040,edf_california,betaprime,0.1037679901589134,0.484420539261,Δo > Δ,1,7,1,12
44037080,edf_hazen,logmielke,0.0064654644932371,0.5865427407550001,Δo > Δ,1,5,1,1
44037080,edf_gringorten,logmielke,0.0158404644932371,0.5865427407550001,Δo > Δ,1,5,1,2
44037080,edf_cunnane,logmielke,0.0218500798778525,0.5865427407550001,Δo > Δ,1,5,1,3
44037080,edf_blom,logmielke,0.0255130835408562,0.5865427407550001,Δo > Δ,1,5,1,4
44037080,edf_tukey,logmielke,0.0314654644932371,0.5865427407550001,Δo > Δ,1,5,1,5
44037080,edf_filliben,logmielke,0.0336788848101057,0.5865427407550001,Δo > Δ,1,5,1,6
44037080,edf_beard,logmielke,0.0347182525973263,0.5865427407550001,Δo > Δ,1,5,1,7
44037080,edf_jenkinson,logmielke,0.0347182525973263,0.5865427407550001,Δo > Δ,1,5,1,8
44037080,edf_chegodayev,logmielke,0.0360950941228667,0.5865427407550001,Δo > Δ,1,5,1,9
44037080,edf_adamowski,logmielke,0.0428291008568735,0.5865427407550001,Δo > Δ,1,5,1,10
44037080,edf_california,logdweibull,0.0728893057745346,0.5865427407550001,Δo > Δ,1,5,1,11
44037080,edf_weibull,logmielke,0.0731321311599038,0.5865427407550001,Δo > Δ,1,5,1,12
46015030,edf_cunnane,logdweibull,0.0831009872276868,0.5865427407550001,Δo > Δ,1,5,1,1
46015030,edf_gringorten,logdweibull,0.0831009872276868,0.5865427407550001,Δo > Δ,1,5,1,2
46015030,edf_hazen,logdweibull,0.0831009872276868,0.5865427407550001,Δo > Δ,1,5,1,3
46015030,edf_blom,logdweibull,0.0867231059752934,0.5865427407550001,Δo > Δ,1,5,1,4
46015030,edf_tukey,logdweibull,0.0926754869276743,0.5865427407550001,Δo > Δ,1,5,1,5
46015030,edf_filliben,logdweibull,0.0948889072445429,0.5865427407550001,Δo > Δ,1,5,1,6
46015030,edf_beard,logdweibull,0.0959282750317634,0.5865427407550001,Δo > Δ,1,5,1,7
46015030,edf_jenkinson,logdweibull,0.0959282750317634,0.5865427407550001,Δo > Δ,1,5,1,8
46015030,edf_chegodayev,logdweibull,0.097305116557304,0.5865427407550001,Δo > Δ,1,5,1,9
46015030,edf_adamowski,logdweibull,0.1040391232913107,0.5865427407550001,Δo > Δ,1,5,1,10
46015030,edf_weibull,logdweibull,0.1343421535943409,0.5865427407550001,Δo > Δ,1,5,1,11
46015030,edf_california,fatiguelife,0.1488677632634622,0.5865427407550001,Δo > Δ,1,5,1,12
47015100,edf_hazen,logf,0.0455015613205533,0.530385761606,Δo > Δ,1,6,1,1
47015100,edf_gringorten,loginvgamma,0.0464483685789322,0.530385761606,Δo > Δ,1,6,1,2
47015100,edf_cunnane,loginvgamma,0.0517192941534631,0.530385761606,Δo > Δ,1,6,1,3
47015100,edf_blom,loginvgamma,0.054945100605076,0.530385761606,Δo > Δ,1,6,1,4
47015100,edf_tukey,loginvgamma,0.0602082584998128,0.530385761606,Δo > Δ,1,6,1,5
47015100,edf_filliben,loginvgamma,0.0621721233859087,0.530385761606,Δo > Δ,1,6,1,6
47015100,edf_beard,loginvgamma,0.0630955708245117,0.530385761606,Δo > Δ,1,6,1,7
47015100,edf_jenkinson,loginvgamma,0.0630955708245117,0.530385761606,Δo > Δ,1,6,1,8
47015100,edf_chegodayev,loginvgamma,0.064320100605076,0.530385761606,Δo > Δ,1,6,1,9
47015100,edf_adamowski,loginvgamma,0.0703297159896914,0.530385761606,Δo > Δ,1,6,1,10
47015100,edf_weibull,loginvgamma,0.0978022434622189,0.530385761606,Δo > Δ,1,6,1,11
47015100,edf_california,logt,0.11190327911026,0.530385761606,Δo > Δ,1,6,1,12
47017070,edf_hazen,halflogistic,0.0754980926322335,0.530385761606,Δo > Δ,1,6,1,1
47017070,edf_adamowski,halfnorm,0.0755060094841861,0.530385761606,Δo > Δ,1,6,1,2
47017070,edf_blom,pearson3,0.0778526397071961,0.530385761606,Δo > Δ,1,6,1,3
47017070,edf_tukey,pearson3,0.0785666743480776,0.530385761606,Δo > Δ,1,6,1,4
47017070,edf_chegodayev,halfnorm,0.0791117787149554,0.530385761606,Δo > Δ,1,6,1,5
47017070,edf_filliben,pearson3,0.0797449932797352,0.530385761606,Δo > Δ,1,6,1,6
47017070,edf_cunnane,pearson3,0.0797881235781637,0.530385761606,Δo > Δ,1,6,1,7
47017070,edf_jenkinson,halfnorm,0.0798464965832941,0.530385761606,Δo > Δ,1,6,1,8
47017070,edf_beard,halfnorm,0.0798464965832941,0.530385761606,Δo > Δ,1,6,1,9
47017070,edf_gringorten,halflogistic,0.0804000534165473,0.530385761606,Δo > Δ,1,6,1,10
47017070,edf_weibull,halfnorm,0.0991043681570535,0.530385761606,Δo > Δ,1,6,1,11
47017070,edf_california,t,0.1143666091179873,0.530385761606,Δo > Δ,1,6,1,12
47017110,edf_adamowski,loginvgauss,0.0823901911977009,0.5865427407550001,Δo > Δ,1,5,1,1
47017110,edf_chegodayev,loginvgauss,0.0834710469601417,0.5865427407550001,Δo > Δ,1,5,1,2
47017110,edf_jenkinson,loginvgauss,0.0841594677229118,0.5865427407550001,Δo > Δ,1,5,1,3
47017110,edf_beard,loginvgauss,0.0841594677229118,0.5865427407550001,Δo > Δ,1,5,1,4
47017110,edf_filliben,loginvgauss,0.0846791516165222,0.5865427407550001,Δo > Δ,1,5,1,5
47017110,edf_tukey,loginvgauss,0.0857858617749565,0.5865427407550001,Δo > Δ,1,5,1,6
47017110,edf_blom,invgamma,0.0875099837803603,0.5865427407550001,Δo > Δ,1,5,1,7
47017110,edf_cunnane,invgamma,0.0875099837803603,0.5865427407550001,Δo > Δ,1,5,1,8
47017110,edf_gringorten,f,0.0884972891349488,0.5865427407550001,Δo > Δ,1,5,1,9
47017110,edf_hazen,f,0.0931847891349488,0.5865427407550001,Δo > Δ,1,5,1,10
47017110,edf_weibull,alpha,0.1036934222113221,0.5865427407550001,Δo > Δ,1,5,1,11
47017110,edf_california,logdweibull,0.1266018631340467,0.5865427407550001,Δo > Δ,1,5,1,12
48015040,edf_hazen,logdweibull,0.0581507440455672,0.484420539261,Δo > Δ,1,7,1,1
48015040,edf_gringorten,logdweibull,0.0610783514404893,0.484420539261,Δo > Δ,1,7,1,2
48015040,edf_cunnane,logdweibull,0.0641994500672059,0.484420539261,Δo > Δ,1,7,1,3
48015040,edf_blom,logdweibull,0.0661151588794664,0.484420539261,Δo > Δ,1,7,1,4
48015040,edf_tukey,logdweibull,0.0692499551177109,0.484420539261,Δo > Δ,1,7,1,5
48015040,edf_filliben,logdweibull,0.0704225774715959,0.484420539261,Δo > Δ,1,7,1,6
48015040,edf_beard,logdweibull,0.0709745178178833,0.484420539261,Δo > Δ,1,7,1,7
48015040,edf_jenkinson,logdweibull,0.0709745178178833,0.484420539261,Δo > Δ,1,7,1,8
48015040,edf_chegodayev,logdweibull,0.0717069575747133,0.484420539261,Δo > Δ,1,7,1,9
48015040,edf_california,t,0.0740589553523497,0.484420539261,Δo > Δ,1,7,1,10
48015040,edf_adamowski,logdweibull,0.0753105611783169,0.484420539261,Δo > Δ,1,7,1,11
48015040,edf_weibull,logpearson3,0.0879873924423874,0.484420539261,Δo > Δ,1,7,1,12
48015050,edf_california,t,0.0860434622423964,0.484420539261,Δo > Δ,1,7,1,1
48015050,edf_adamowski,lognakagami,0.1072367143898554,0.484420539261,Δo > Δ,1,7,1,2
48015050,edf_chegodayev,lognakagami,0.1090385161916572,0.484420539261,Δo > Δ,1,7,1,3
48015050,edf_jenkinson,lognakagami,0.1094047360700724,0.484420539261,Δo > Δ,1,7,1,4
48015050,edf_beard,lognakagami,0.1094047360700724,0.484420539261,Δo > Δ,1,7,1,5
48015050,edf_filliben,lognakagami,0.109680706243216,0.484420539261,Δo > Δ,1,7,1,6
48015050,edf_tukey,lognakagami,0.1102670174201585,0.484420539261,Δo > Δ,1,7,1,7
48015050,edf_hazen,logmielke,0.1104142643482888,0.484420539261,Δo > Δ,1,7,1,8
48015050,edf_blom,lognakagami,0.1118344155392808,0.484420539261,Δo > Δ,1,7,1,9
48015050,edf_cunnane,lognakagami,0.112792269945411,0.484420539261,Δo > Δ,1,7,1,10
48015050,edf_gringorten,lognakagami,0.1143528192587692,0.484420539261,Δo > Δ,1,7,1,11
48015050,edf_weibull,nakagami,0.1249607150716067,0.484420539261,Δo > Δ,1,7,1,12
51020011,edf_weibull,logdweibull,0.0660934931437212,0.4472608134160001,Δo > Δ,1,8,1,1
51020011,edf_adamowski,logdweibull,0.0721194975640771,0.4472608134160001,Δo > Δ,1,8,1,2
51020011,edf_chegodayev,logdweibull,0.0742203379002115,0.4472608134160001,Δo > Δ,1,8,1,3
51020011,edf_jenkinson,logdweibull,0.0746465226939381,0.4472608134160001,Δo > Δ,1,8,1,4
51020011,edf_beard,logdweibull,0.0746465226939381,0.4472608134160001,Δo > Δ,1,8,1,5
51020011,edf_filliben,logdweibull,0.0749674986892133,0.4472608134160001,Δo > Δ,1,8,1,6
51020011,edf_tukey,logdweibull,0.0756489093287829,0.4472608134160001,Δo > Δ,1,8,1,7
51020011,edf_blom,logdweibull,0.0774670911469648,0.4472608134160001,Δo > Δ,1,8,1,8
51020011,edf_cunnane,logdweibull,0.0785757385970756,0.4472608134160001,Δo > Δ,1,8,1,9
51020011,edf_gringorten,logdweibull,0.0803779733681918,0.4472608134160001,Δo > Δ,1,8,1,10
51020011,edf_california,t,0.0805126218636352,0.4472608134160001,Δo > Δ,1,8,1,11
51020011,edf_hazen,logdweibull,0.083148909328783,0.4472608134160001,Δo > Δ,1,8,1,12
51025080,edf_hazen,laplace_asymmetric,0.1071018124605656,0.484420539261,Δo > Δ,1,7,1,1
51025080,edf_gringorten,laplace_asymmetric,0.111917221770357,0.484420539261,Δo > Δ,1,7,1,2
51025080,edf_cunnane,laplace_asymmetric,0.1150383203970736,0.484420539261,Δo > Δ,1,7,1,3
51025080,edf_blom,laplace_asymmetric,0.1169540292093341,0.484420539261,Δo > Δ,1,7,1,4
51025080,edf_tukey,laplace_asymmetric,0.1200888254475786,0.484420539261,Δo > Δ,1,7,1,5
51025080,edf_filliben,laplace_asymmetric,0.1212614478014637,0.484420539261,Δo > Δ,1,7,1,6
51025080,edf_beard,laplace_asymmetric,0.1218133881477511,0.484420539261,Δo > Δ,1,7,1,7
51025080,edf_jenkinson,laplace_asymmetric,0.1218133881477511,0.484420539261,Δo > Δ,1,7,1,8
51025080,edf_chegodayev,laplace_asymmetric,0.122545827904581,0.484420539261,Δo > Δ,1,7,1,9
51025080,edf_adamowski,laplace_asymmetric,0.1261494315081847,0.484420539261,Δo > Δ,1,7,1,10
51025080,edf_weibull,laplace_asymmetric,0.1428160981748513,0.484420539261,Δo > Δ,1,7,1,11
51025080,edf_california,laplace_asymmetric,0.178530383889137,0.484420539261,Δo > Δ,1,7,1,12
51025090,edf_gringorten,nakagami,0.0786516808527367,0.484420539261,Δo > Δ,1,7,1,1
51025090,edf_hazen,nakagami,0.0800088766671094,0.484420539261,Δo > Δ,1,7,1,2
51025090,edf_cunnane,nakagami,0.0833333287928115,0.484420539261,Δo > Δ,1,7,1,3
51025090,edf_blom,nakagami,0.0862068920112024,0.484420539261,Δo > Δ,1,7,1,4
51025090,edf_tukey,nakagami,0.0909090863685691,0.484420539261,Δo > Δ,1,7,1,5
51025090,edf_filliben,nakagami,0.0926680198993968,0.484420539261,Δo > Δ,1,7,1,6
51025090,edf_beard,nakagami,0.0934959304188278,0.484420539261,Δo > Δ,1,7,1,7
51025090,edf_jenkinson,nakagami,0.0934959304188278,0.484420539261,Δo > Δ,1,7,1,8
51025090,edf_california,dweibull,0.0935291451767554,0.484420539261,Δo > Δ,1,7,1,9
51025090,edf_chegodayev,nakagami,0.0945945900540728,0.484420539261,Δo > Δ,1,7,1,10
51025090,edf_adamowski,nakagami,0.0999999954594782,0.484420539261,Δo > Δ,1,7,1,11
51025090,edf_weibull,weibull_min,0.124999984530529,0.484420539261,Δo > Δ,1,7,1,12
51035020,edf_adamowski,pearson3,0.1033011802650845,0.5865427407550001,Δo > Δ,1,5,1,1
51035020,edf_cunnane,pearson3,0.1033011802650845,0.5865427407550001,Δo > Δ,1,5,1,2
51035020,edf_jenkinson,pearson3,0.1033011802650845,0.5865427407550001,Δo > Δ,1,5,1,3
51035020,edf_filliben,pearson3,0.1033011802650845,0.5865427407550001,Δo > Δ,1,5,1,4
51035020,edf_gringorten,pearson3,0.1033011802650845,0.5865427407550001,Δo > Δ,1,5,1,5
51035020,edf_tukey,pearson3,0.1033011802650845,0.5865427407550001,Δo > Δ,1,5,1,6
51035020,edf_blom,pearson3,0.1033011802650845,0.5865427407550001,Δo > Δ,1,5,1,7
51035020,edf_chegodayev,pearson3,0.1033011802650845,0.5865427407550001,Δo > Δ,1,5,1,8
51035020,edf_beard,pearson3,0.1033011802650845,0.5865427407550001,Δo > Δ,1,5,1,9
51035020,edf_hazen,pearson3,0.1033011802650845,0.5865427407550001,Δo > Δ,1,5,1,10
51035020,edf_weibull,dweibull,0.1040644964804046,0.5865427407550001,Δo > Δ,1,5,1,11
51035020,edf_california,laplace_asymmetric,0.1618694071119976,0.5865427407550001,Δo > Δ,1,5,1,12
51039010,edf_tukey,fisk,0.0727825865597886,0.4472608134160001,Δo > Δ,1,8,1,1
51039010,edf_filliben,fisk,0.0739182709590714,0.4472608134160001,Δo > Δ,1,8,1,2
51039010,edf_jenkinson,fisk,0.0744532309511968,0.4472608134160001,Δo > Δ,1,8,1,3
51039010,edf_beard,fisk,0.0744532309511968,0.4472608134160001,Δo > Δ,1,8,1,4
51039010,edf_adamowski,genlogistic,0.0747271321339639,0.4472608134160001,Δo > Δ,1,8,1,5
51039010,edf_blom,fisk,0.074727277430889,0.4472608134160001,Δo > Δ,1,8,1,6
51039010,edf_chegodayev,genlogistic,0.075096635240956,0.4472608134160001,Δo > Δ,1,8,1,7
51039010,edf_cunnane,fisk,0.0765750231810738,0.4472608134160001,Δo > Δ,1,8,1,8
51039010,edf_weibull,logpearson3,0.0795444634391231,0.4472608134160001,Δo > Δ,1,8,1,9
51039010,edf_gringorten,fisk,0.0795787477996008,0.4472608134160001,Δo > Δ,1,8,1,10
51039010,edf_hazen,fisk,0.084196974400586,0.4472608134160001,Δo > Δ,1,8,1,11
51039010,edf_california,dweibull,0.0935427677341493,0.4472608134160001,Δo > Δ,1,8,1,12
52015050,edf_hazen,logbetaprime,0.0869517527076232,0.530385761606,Δo > Δ,1,6,1,1
52015050,edf_gringorten,logbetaprime,0.0874299952132052,0.530385761606,Δo > Δ,1,6,1,2
52015050,edf_cunnane,logbetaprime,0.0905925505579237,0.530385761606,Δo > Δ,1,6,1,3
52015050,edf_blom,logbetaprime,0.0925280344288915,0.530385761606,Δo > Δ,1,6,1,4
52015050,edf_tukey,logbetaprime,0.0956859291657336,0.530385761606,Δo > Δ,1,6,1,5
52015050,edf_filliben,logbetaprime,0.0968642480973911,0.530385761606,Δo > Δ,1,6,1,6
52015050,edf_beard,logbetaprime,0.0974183165605529,0.530385761606,Δo > Δ,1,6,1,7
52015050,edf_jenkinson,logbetaprime,0.0974183165605529,0.530385761606,Δo > Δ,1,6,1,8
52015050,edf_chegodayev,logbetaprime,0.0981530344288915,0.530385761606,Δo > Δ,1,6,1,9
52015050,edf_adamowski,logbetaprime,0.1017588036596607,0.530385761606,Δo > Δ,1,6,1,10
52015050,edf_weibull,logbetaprime,0.1182423201431772,0.530385761606,Δo > Δ,1,6,1,11
52015050,edf_california,nakagami,0.16666666604987,0.530385761606,Δo > Δ,1,6,1,12
52015501,edf_adamowski,dweibull,0.1166648025530343,0.530385761606,Δo > Δ,1,6,1,1
52015501,edf_tukey,logpearson3,0.1186118787693693,0.530385761606,Δo > Δ,1,6,1,2
52015501,edf_filliben,logpearson3,0.1190046517465884,0.530385761606,Δo > Δ,1,6,1,3
52015501,edf_jenkinson,logpearson3,0.1191893412343091,0.530385761606,Δo > Δ,1,6,1,4
52015501,edf_beard,logpearson3,0.1191893412343091,0.530385761606,Δo > Δ,1,6,1,5
52015501,edf_chegodayev,logpearson3,0.1194342471904219,0.530385761606,Δo > Δ,1,6,1,6
52015501,edf_blom,logpearson3,0.1215187939635181,0.530385761606,Δo > Δ,1,6,1,7
52015501,edf_cunnane,logpearson3,0.1234542778344858,0.530385761606,Δo > Δ,1,6,1,8
52015501,edf_weibull,logpearson3,0.1261306757618505,0.530385761606,Δo > Δ,1,6,1,9
52015501,edf_gringorten,logpearson3,0.1266168331792044,0.530385761606,Δo > Δ,1,6,1,10
52015501,edf_hazen,logpearson3,0.1315187939635181,0.530385761606,Δo > Δ,1,6,1,11
52015501,edf_california,hypsecant,0.1446474174954427,0.530385761606,Δo > Δ,1,6,1,12
52025080,edf_weibull,fisk,0.0819152733275662,0.417612680231,Δo > Δ,1,9,1,1
52025080,edf_adamowski,logfisk,0.0860315764783052,0.417612680231,Δo > Δ,1,9,1,2
52025080,edf_filliben,logfisk,0.0860315764783052,0.417612680231,Δo > Δ,1,9,1,3
52025080,edf_jenkinson,logfisk,0.0860315764783052,0.417612680231,Δo > Δ,1,9,1,4
52025080,edf_chegodayev,logfisk,0.0860315764783052,0.417612680231,Δo > Δ,1,9,1,5
52025080,edf_tukey,logfisk,0.0860315764783052,0.417612680231,Δo > Δ,1,9,1,6
52025080,edf_beard,logfisk,0.0860315764783052,0.417612680231,Δo > Δ,1,9,1,7
52025080,edf_blom,logfisk,0.0866724692150713,0.417612680231,Δo > Δ,1,9,1,8
52025080,edf_cunnane,invweibull,0.0874587531921063,0.417612680231,Δo > Δ,1,9,1,9
52025080,edf_gringorten,invgamma,0.0886480622296567,0.417612680231,Δo > Δ,1,9,1,10
52025080,edf_hazen,alpha,0.0893055755397413,0.417612680231,Δo > Δ,1,9,1,11
52025080,edf_california,erlang,0.1259213226052179,0.417612680231,Δo > Δ,1,9,1,12
52025090,edf_hazen,logt,0.0585761649792758,0.530385761606,Δo > Δ,1,6,1,1
52025090,edf_gringorten,logt,0.0633296918374065,0.530385761606,Δo > Δ,1,6,1,2
52025090,edf_cunnane,logt,0.0686006174119374,0.530385761606,Δo > Δ,1,6,1,3
52025090,edf_blom,logt,0.0718264238635503,0.530385761606,Δo > Δ,1,6,1,4
52025090,edf_tukey,logt,0.0770895817582871,0.530385761606,Δo > Δ,1,6,1,5
52025090,edf_filliben,logt,0.079053446644383,0.530385761606,Δo > Δ,1,6,1,6
52025090,edf_beard,logt,0.079976894082986,0.530385761606,Δo > Δ,1,6,1,7
52025090,edf_jenkinson,logt,0.079976894082986,0.530385761606,Δo > Δ,1,6,1,8
52025090,edf_chegodayev,logt,0.0812014238635503,0.530385761606,Δo > Δ,1,6,1,9
52025090,edf_adamowski,dweibull,0.0848853867026311,0.530385761606,Δo > Δ,1,6,1,10
52025090,edf_weibull,dweibull,0.0942481314887954,0.530385761606,Δo > Δ,1,6,1,11
52025090,edf_california,logt,0.1419094983126091,0.530385761606,Δo > Δ,1,6,1,12
52035040,edf_filliben,logcrystalball,0.0405173569547022,0.417612680231,Δo > Δ,1,9,1,1
52035040,edf_jenkinson,logcrystalball,0.0405251857736413,0.417612680231,Δo > Δ,1,9,1,2
52035040,edf_beard,logcrystalball,0.0405251857736413,0.417612680231,Δo > Δ,1,9,1,3
52035040,edf_chegodayev,logcrystalball,0.041432503289406,0.417612680231,Δo > Δ,1,9,1,4
52035040,edf_tukey,logcrystalball,0.0416042305722752,0.417612680231,Δo > Δ,1,9,1,5
52035040,edf_blom,logcrystalball,0.0444999834680281,0.417612680231,Δo > Δ,1,9,1,6
52035040,edf_adamowski,logcrystalball,0.0459117866040755,0.417612680231,Δo > Δ,1,9,1,7
52035040,edf_cunnane,logcrystalball,0.0462626156654429,0.417612680231,Δo > Δ,1,9,1,8
52035040,edf_gringorten,logcrystalball,0.0491230275647565,0.417612680231,Δo > Δ,1,9,1,9
52035040,edf_hazen,logcrystalball,0.0535089924770372,0.417612680231,Δo > Δ,1,9,1,10
52035040,edf_weibull,logcrystalball,0.0669644181830229,0.417612680231,Δo > Δ,1,9,1,11
52035040,edf_california,laplace_asymmetric,0.1063021261379489,0.417612680231,Δo > Δ,1,9,1,12
52040050,edf_hazen,dweibull,0.072115731901782,0.5865427407550001,Δo > Δ,1,5,1,1
52040050,edf_gringorten,dweibull,0.0814907319017821,0.5865427407550001,Δo > Δ,1,5,1,2
52040050,edf_cunnane,dweibull,0.0875003472863975,0.5865427407550001,Δo > Δ,1,5,1,3
52040050,edf_blom,dweibull,0.091163350949401,0.5865427407550001,Δo > Δ,1,5,1,4
52040050,edf_tukey,dweibull,0.097115731901782,0.5865427407550001,Δo > Δ,1,5,1,5
52040050,edf_filliben,dweibull,0.0993291522186505,0.5865427407550001,Δo > Δ,1,5,1,6
52040050,edf_beard,dweibull,0.1003685200058711,0.5865427407550001,Δo > Δ,1,5,1,7
52040050,edf_jenkinson,dweibull,0.1003685200058711,0.5865427407550001,Δo > Δ,1,5,1,8
52040050,edf_chegodayev,dweibull,0.1017453615314116,0.5865427407550001,Δo > Δ,1,5,1,9
52040050,edf_adamowski,dweibull,0.1084793682654183,0.5865427407550001,Δo > Δ,1,5,1,10
52040050,edf_weibull,dweibull,0.1387823985684486,0.5865427407550001,Δo > Δ,1,5,1,11
52040050,edf_california,dweibull,0.1689414835240188,0.5865427407550001,Δo > Δ,1,5,1,12
52045080,edf_cunnane,laplace_asymmetric,0.0737700133395371,0.4472608134160001,Δo > Δ,1,8,1,1
52045080,edf_gringorten,laplace_asymmetric,0.0748383962584899,0.4472608134160001,Δo > Δ,1,8,1,2
52045080,edf_blom,laplace_asymmetric,0.0756177590897219,0.4472608134160001,Δo > Δ,1,8,1,3
52045080,edf_tukey,invgamma,0.0777052009821904,0.4472608134160001,Δo > Δ,1,8,1,4
52045080,edf_chegodayev,loglaplace_asymmetric,0.0787155696104096,0.4472608134160001,Δo > Δ,1,8,1,5
52045080,edf_filliben,invgamma,0.0788408853814731,0.4472608134160001,Δo > Δ,1,8,1,6
52045080,edf_jenkinson,invgamma,0.0793758453735984,0.4472608134160001,Δo > Δ,1,8,1,7
52045080,edf_beard,invgamma,0.0793758453735984,0.4472608134160001,Δo > Δ,1,8,1,8
52045080,edf_hazen,laplace_asymmetric,0.0794566228594751,0.4472608134160001,Δo > Δ,1,8,1,9
52045080,edf_adamowski,nct,0.0809202154277709,0.4472608134160001,Δo > Δ,1,8,1,10
52045080,edf_weibull,invweibull,0.0953886446136046,0.4472608134160001,Δo > Δ,1,8,1,11
52045080,edf_california,logbetaprime,0.1135420722180268,0.4472608134160001,Δo > Δ,1,8,1,12
52050080,edf_adamowski,dweibull,0.1192002327334809,0.5865427407550001,Δo > Δ,1,5,1,1
52050080,edf_weibull,dweibull,0.1242649784992678,0.5865427407550001,Δo > Δ,1,5,1,2
52050080,edf_chegodayev,dweibull,0.1259342394674876,0.5865427407550001,Δo > Δ,1,5,1,3
52050080,edf_jenkinson,dweibull,0.1273110809930281,0.5865427407550001,Δo > Δ,1,5,1,4
52050080,edf_beard,dweibull,0.1273110809930281,0.5865427407550001,Δo > Δ,1,5,1,5
52050080,edf_filliben,dweibull,0.1283504487802487,0.5865427407550001,Δo > Δ,1,5,1,6
52050080,edf_tukey,dweibull,0.1305638690971172,0.5865427407550001,Δo > Δ,1,5,1,7
52050080,edf_blom,dweibull,0.1365162500494982,0.5865427407550001,Δo > Δ,1,5,1,8
52050080,edf_cunnane,dweibull,0.1401792537125017,0.5865427407550001,Δo > Δ,1,5,1,9
52050080,edf_gringorten,dweibull,0.1461888690971171,0.5865427407550001,Δo > Δ,1,5,1,10
52050080,edf_hazen,laplace_asymmetric,0.1531605891309114,0.5865427407550001,Δo > Δ,1,5,1,11
52050080,edf_california,mielke,0.1660905080012341,0.5865427407550001,Δo > Δ,1,5,1,12
52055090,edf_gringorten,laplace_asymmetric,0.0599852129083791,0.5865427407550001,Δo > Δ,1,5,1,1
52055090,edf_hazen,laplace_asymmetric,0.0599852129083791,0.5865427407550001,Δo > Δ,1,5,1,2
52055090,edf_cunnane,laplace_asymmetric,0.0612332851645471,0.5865427407550001,Δo > Δ,1,5,1,3
52055090,edf_blom,laplace_asymmetric,0.0630647869960489,0.5865427407550001,Δo > Δ,1,5,1,4
52055090,edf_tukey,laplace_asymmetric,0.0660409774722394,0.5865427407550001,Δo > Δ,1,5,1,5
52055090,edf_filliben,laplace_asymmetric,0.0671476876306737,0.5865427407550001,Δo > Δ,1,5,1,6
52055090,edf_beard,laplace_asymmetric,0.067667371524284,0.5865427407550001,Δo > Δ,1,5,1,7
52055090,edf_jenkinson,laplace_asymmetric,0.067667371524284,0.5865427407550001,Δo > Δ,1,5,1,8
52055090,edf_chegodayev,laplace_asymmetric,0.0683557922870542,0.5865427407550001,Δo > Δ,1,5,1,9
52055090,edf_adamowski,laplace_asymmetric,0.0717227956540576,0.5865427407550001,Δo > Δ,1,5,1,10
52055090,edf_weibull,laplace_asymmetric,0.0963338347683954,0.5865427407550001,Δo > Δ,1,5,1,11
52055090,edf_california,gumbel_l,0.1390089918963483,0.5865427407550001,Δo > Δ,1,5,1,12
52055150,edf_adamowski,logpearson3,0.091399872126719,0.4472608134160001,Δo > Δ,1,8,1,1
52055150,edf_chegodayev,logpearson3,0.0950832804862937,0.4472608134160001,Δo > Δ,1,8,1,2
52055150,edf_jenkinson,logpearson3,0.0960777116716558,0.4472608134160001,Δo > Δ,1,8,1,3
52055150,edf_beard,logpearson3,0.0960777116716558,0.4472608134160001,Δo > Δ,1,8,1,4
52055150,edf_filliben,logpearson3,0.0968266556606313,0.4472608134160001,Δo > Δ,1,8,1,5
52055150,edf_tukey,logpearson3,0.0984166138196271,0.4472608134160001,Δo > Δ,1,8,1,6
52055150,edf_weibull,logpearson3,0.0991634622189503,0.4472608134160001,Δo > Δ,1,8,1,7
52055150,edf_blom,ncf,0.1004937955897087,0.4472608134160001,Δo > Δ,1,8,1,8
52055150,edf_cunnane,ncf,0.1030806396399675,0.4472608134160001,Δo > Δ,1,8,1,9
52055150,edf_gringorten,ncf,0.1072858541059053,0.4472608134160001,Δo > Δ,1,8,1,10
52055150,edf_hazen,fisk,0.1082050672612262,0.4472608134160001,Δo > Δ,1,8,1,11
52055150,edf_california,dweibull,0.1117343889673907,0.4472608134160001,Δo > Δ,1,8,1,12
52055170,edf_adamowski,mielke,0.0806825737488469,0.417612680231,Δo > Δ,1,9,1,1
52055170,edf_cunnane,mielke,0.0806825737488469,0.417612680231,Δo > Δ,1,9,1,2
52055170,edf_jenkinson,mielke,0.0806825737488469,0.417612680231,Δo > Δ,1,9,1,3
52055170,edf_filliben,mielke,0.0806825737488469,0.417612680231,Δo > Δ,1,9,1,4
52055170,edf_gringorten,mielke,0.0806825737488469,0.417612680231,Δo > Δ,1,9,1,5
52055170,edf_tukey,mielke,0.0806825737488469,0.417612680231,Δo > Δ,1,9,1,6
52055170,edf_blom,mielke,0.0806825737488469,0.417612680231,Δo > Δ,1,9,1,7
52055170,edf_chegodayev,mielke,0.0806825737488469,0.417612680231,Δo > Δ,1,9,1,8
52055170,edf_beard,mielke,0.0806825737488469,0.417612680231,Δo > Δ,1,9,1,9
52055170,edf_hazen,mielke,0.0806825737488469,0.417612680231,Δo > Δ,1,9,1,10
52055170,edf_weibull,mielke,0.0921542223008523,0.417612680231,Δo > Δ,1,9,1,11
52055170,edf_california,mielke,0.1051796464895132,0.417612680231,Δo > Δ,1,9,1,12
52055210,edf_hazen,laplace_asymmetric,0.0533950086210843,0.417612680231,Δo > Δ,1,9,1,1
52055210,edf_gringorten,laplace_asymmetric,0.0577809735333651,0.417612680231,Δo > Δ,1,9,1,2
52055210,edf_adamowski,genlogistic,0.0602124698855399,0.417612680231,Δo > Δ,1,9,1,3
52055210,edf_cunnane,laplace_asymmetric,0.0606413854326785,0.417612680231,Δo > Δ,1,9,1,4
52055210,edf_blom,laplace_asymmetric,0.0624040176300933,0.417612680231,Δo > Δ,1,9,1,5
52055210,edf_chegodayev,genlogistic,0.0624521115428747,0.417612680231,Δo > Δ,1,9,1,6
52055210,edf_beard,genlogistic,0.0629057703007571,0.417612680231,Δo > Δ,1,9,1,7
52055210,edf_jenkinson,genlogistic,0.0629057703007571,0.417612680231,Δo > Δ,1,9,1,8
52055210,edf_filliben,genlogistic,0.0632472859700651,0.417612680231,Δo > Δ,1,9,1,9
52055210,edf_tukey,genlogistic,0.0639718683817805,0.417612680231,Δo > Δ,1,9,1,10
52055210,edf_weibull,gumbel_l,0.0713717950382705,0.417612680231,Δo > Δ,1,9,1,11
52055210,edf_california,logistic,0.1008894142905763,0.417612680231,Δo > Δ,1,9,1,12
52055220,edf_hazen,dweibull,0.0840883045257498,0.4472608134160001,Δo > Δ,1,8,1,1
52055220,edf_gringorten,dweibull,0.086859240486341,0.4472608134160001,Δo > Δ,1,8,1,2
52055220,edf_cunnane,dweibull,0.0886614752574572,0.4472608134160001,Δo > Δ,1,8,1,3
52055220,edf_blom,dweibull,0.089770122707568,0.4472608134160001,Δo > Δ,1,8,1,4
52055220,edf_tukey,dweibull,0.0915883045257498,0.4472608134160001,Δo > Δ,1,8,1,5
52055220,edf_filliben,dweibull,0.0922697151653194,0.4472608134160001,Δo > Δ,1,8,1,6
52055220,edf_beard,dweibull,0.0925906911605946,0.4472608134160001,Δo > Δ,1,8,1,7
52055220,edf_jenkinson,dweibull,0.0925906911605946,0.4472608134160001,Δo > Δ,1,8,1,8
52055220,edf_chegodayev,dweibull,0.0930168759543213,0.4472608134160001,Δo > Δ,1,8,1,9
52055220,edf_adamowski,dweibull,0.0951177162904557,0.4472608134160001,Δo > Δ,1,8,1,10
52055220,edf_weibull,dweibull,0.1049216378590831,0.4472608134160001,Δo > Δ,1,8,1,11
52055220,edf_california,genexpon,0.1219998338446158,0.4472608134160001,Δo > Δ,1,8,1,12
52055230,edf_weibull,logalpha,0.0930440233757317,0.484420539261,Δo > Δ,1,7,1,1
52055230,edf_california,logt,0.0949750716169227,0.484420539261,Δo > Δ,1,7,1,2
52055230,edf_adamowski,logwald,0.1067374426100685,0.484420539261,Δo > Δ,1,7,1,3
52055230,edf_chegodayev,logwald,0.1085392444118703,0.484420539261,Δo > Δ,1,7,1,4
52055230,edf_jenkinson,logwald,0.1089054642902854,0.484420539261,Δo > Δ,1,7,1,5
52055230,edf_beard,logwald,0.1089054642902854,0.484420539261,Δo > Δ,1,7,1,6
52055230,edf_filliben,logwald,0.1091814344634291,0.484420539261,Δo > Δ,1,7,1,7
52055230,edf_tukey,logwald,0.1097677456403716,0.484420539261,Δo > Δ,1,7,1,8
52055230,edf_blom,logwald,0.1113351437594939,0.484420539261,Δo > Δ,1,7,1,9
52055230,edf_cunnane,logwald,0.1122929981656241,0.484420539261,Δo > Δ,1,7,1,10
52055230,edf_gringorten,logwald,0.1138535474789823,0.484420539261,Δo > Δ,1,7,1,11
52055230,edf_hazen,logwald,0.1162612521338781,0.484420539261,Δo > Δ,1,7,1,12
52055501,edf_hazen,logfisk,0.0589447661166822,0.484420539261,Δo > Δ,1,7,1,1
52055501,edf_gringorten,logdweibull,0.0589660697271268,0.484420539261,Δo > Δ,1,7,1,2
52055501,edf_cunnane,logdweibull,0.0611048818624964,0.484420539261,Δo > Δ,1,7,1,3
52055501,edf_blom,logdweibull,0.063020590674757,0.484420539261,Δo > Δ,1,7,1,4
52055501,edf_tukey,logdweibull,0.0661553869130015,0.484420539261,Δo > Δ,1,7,1,5
52055501,edf_filliben,logdweibull,0.0673280092668866,0.484420539261,Δo > Δ,1,7,1,6
52055501,edf_beard,logdweibull,0.0678799496131739,0.484420539261,Δo > Δ,1,7,1,7
52055501,edf_jenkinson,logdweibull,0.0678799496131739,0.484420539261,Δo > Δ,1,7,1,8
52055501,edf_chegodayev,logdweibull,0.0686123893700039,0.484420539261,Δo > Δ,1,7,1,9
52055501,edf_adamowski,ncf,0.0704318902899571,0.484420539261,Δo > Δ,1,7,1,10
52055501,edf_weibull,ncf,0.0719772687938523,0.484420539261,Δo > Δ,1,7,1,11
52055501,edf_california,invgauss,0.1044460550494061,0.484420539261,Δo > Δ,1,7,1,12
52055502,edf_cunnane,rayleigh,0.0863122284281732,0.484420539261,Δo > Δ,1,7,1,1
52055502,edf_gringorten,rayleigh,0.0863122284281732,0.484420539261,Δo > Δ,1,7,1,2
52055502,edf_blom,rayleigh,0.0863122284281732,0.484420539261,Δo > Δ,1,7,1,3
52055502,edf_hazen,rayleigh,0.0863122284281732,0.484420539261,Δo > Δ,1,7,1,4
52055502,edf_tukey,rayleigh,0.0886775729810488,0.484420539261,Δo > Δ,1,7,1,5
52055502,edf_filliben,rayleigh,0.0898501953349339,0.484420539261,Δo > Δ,1,7,1,6
52055502,edf_beard,rayleigh,0.0904021356812213,0.484420539261,Δo > Δ,1,7,1,7
52055502,edf_jenkinson,rayleigh,0.0904021356812213,0.484420539261,Δo > Δ,1,7,1,8
52055502,edf_chegodayev,rayleigh,0.0911345754380513,0.484420539261,Δo > Δ,1,7,1,9
52055502,edf_adamowski,rayleigh,0.0947381790416549,0.484420539261,Δo > Δ,1,7,1,10
52055502,edf_weibull,maxwell,0.1101822909938439,0.484420539261,Δo > Δ,1,7,1,11
52055502,edf_california,logdweibull,0.135857489517066,0.484420539261,Δo > Δ,1,7,1,12
52057050,edf_california,dweibull,0.0817730086014413,0.5865427407550001,Δo > Δ,1,5,1,1
52057050,edf_hazen,genlogistic,0.1294760742989802,0.5865427407550001,Δo > Δ,1,5,1,2
52057050,edf_gringorten,logbetaprime,0.1333045515103213,0.5865427407550001,Δo > Δ,1,5,1,3
52057050,edf_cunnane,logalpha,0.1362468714786774,0.5865427407550001,Δo > Δ,1,5,1,4
52057050,edf_blom,logalpha,0.1375030722560354,0.5865427407550001,Δo > Δ,1,5,1,5
52057050,edf_tukey,logalpha,0.1404792627322258,0.5865427407550001,Δo > Δ,1,5,1,6
52057050,edf_filliben,logalpha,0.1415859728906601,0.5865427407550001,Δo > Δ,1,5,1,7
52057050,edf_jenkinson,logalpha,0.1421056567842705,0.5865427407550001,Δo > Δ,1,5,1,8
52057050,edf_beard,logalpha,0.1421056567842705,0.5865427407550001,Δo > Δ,1,5,1,9
52057050,edf_chegodayev,logalpha,0.1427940775470406,0.5865427407550001,Δo > Δ,1,5,1,10
52057050,edf_adamowski,logalpha,0.146161080914044,0.5865427407550001,Δo > Δ,1,5,1,11
52057050,edf_weibull,loginvgauss,0.1539032254541956,0.5865427407550001,Δo > Δ,1,5,1,12
52057100,edf_hazen,logt,0.0511811663325227,0.5865427407550001,Δo > Δ,1,5,1,1
52057100,edf_gringorten,logt,0.0605561663325229,0.5865427407550001,Δo > Δ,1,5,1,2
52057100,edf_cunnane,logt,0.0665657817171383,0.5865427407550001,Δo > Δ,1,5,1,3
52057100,edf_california,t,0.0684265162820302,0.5865427407550001,Δo > Δ,1,5,1,4
52057100,edf_blom,logt,0.0702287853801418,0.5865427407550001,Δo > Δ,1,5,1,5
52057100,edf_tukey,logt,0.0761811663325228,0.5865427407550001,Δo > Δ,1,5,1,6
52057100,edf_filliben,logt,0.0783945866493913,0.5865427407550001,Δo > Δ,1,5,1,7
52057100,edf_jenkinson,logt,0.0794339544366119,0.5865427407550001,Δo > Δ,1,5,1,8
52057100,edf_beard,logt,0.0794339544366119,0.5865427407550001,Δo > Δ,1,5,1,9
52057100,edf_chegodayev,logt,0.0808107959621524,0.5865427407550001,Δo > Δ,1,5,1,10
52057100,edf_adamowski,logt,0.0875448026961591,0.5865427407550001,Δo > Δ,1,5,1,11
52057100,edf_weibull,logalpha,0.1133611211449323,0.5865427407550001,Δo > Δ,1,5,1,12
52077010,edf_adamowski,dweibull,0.0908481597799036,0.530385761606,Δo > Δ,1,6,1,1
52077010,edf_hazen,logncf,0.093806067968044,0.530385761606,Δo > Δ,1,6,1,2
52077010,edf_chegodayev,dweibull,0.0944539290106728,0.530385761606,Δo > Δ,1,6,1,3
52077010,edf_jenkinson,dweibull,0.0951886468790114,0.530385761606,Δo > Δ,1,6,1,4
52077010,edf_beard,dweibull,0.0951886468790114,0.530385761606,Δo > Δ,1,6,1,5
52077010,edf_gringorten,logncf,0.0954400548961486,0.530385761606,Δo > Δ,1,6,1,6
52077010,edf_filliben,dweibull,0.0957427153421732,0.530385761606,Δo > Δ,1,6,1,7
52077010,edf_cunnane,logncf,0.0964942400110547,0.530385761606,Δo > Δ,1,6,1,8
52077010,edf_tukey,dweibull,0.0969210342738307,0.530385761606,Δo > Δ,1,6,1,9
52077010,edf_blom,logncf,0.0971394013013774,0.530385761606,Δo > Δ,1,6,1,10
52077010,edf_weibull,dweibull,0.1026652933026249,0.530385761606,Δo > Δ,1,6,1,11
52077010,edf_california,dweibull,0.1345590560881929,0.530385761606,Δo > Δ,1,6,1,12
53045040,edf_hazen,genlogistic,0.1104900056841524,0.484420539261,Δo > Δ,1,7,1,1
53045040,edf_gringorten,genlogistic,0.1153054149939438,0.484420539261,Δo > Δ,1,7,1,2
53045040,edf_cunnane,genlogistic,0.1184265136206604,0.484420539261,Δo > Δ,1,7,1,3
53045040,edf_blom,genlogistic,0.1203422224329209,0.484420539261,Δo > Δ,1,7,1,4
53045040,edf_tukey,genlogistic,0.1234770186711654,0.484420539261,Δo > Δ,1,7,1,5
53045040,edf_filliben,genlogistic,0.1246496410250505,0.484420539261,Δo > Δ,1,7,1,6
53045040,edf_beard,genlogistic,0.1252015813713379,0.484420539261,Δo > Δ,1,7,1,7
53045040,edf_jenkinson,genlogistic,0.1252015813713379,0.484420539261,Δo > Δ,1,7,1,8
53045040,edf_chegodayev,genlogistic,0.1259340211281679,0.484420539261,Δo > Δ,1,7,1,9
53045040,edf_adamowski,genlogistic,0.1295376247317715,0.484420539261,Δo > Δ,1,7,1,10
53045040,edf_weibull,genlogistic,0.1462042913984382,0.484420539261,Δo > Δ,1,7,1,11
53045040,edf_california,logpearson3,0.1749468790604945,0.484420539261,Δo > Δ,1,7,1,12
53075020,edf_blom,logpearson3,0.0724185886838946,0.5865427407550001,Δo > Δ,1,5,1,1
53075020,edf_tukey,logpearson3,0.0727856901834782,0.5865427407550001,Δo > Δ,1,5,1,2
53075020,edf_hazen,loggumbel_l,0.0730601777035469,0.5865427407550001,Δo > Δ,1,5,1,3
53075020,edf_cunnane,logpearson3,0.0742500905153965,0.5865427407550001,Δo > Δ,1,5,1,4
53075020,edf_gringorten,loggumbel_l,0.0749174829950705,0.5865427407550001,Δo > Δ,1,5,1,5
53075020,edf_filliben,logpearson3,0.0749991105003468,0.5865427407550001,Δo > Δ,1,5,1,6
53075020,edf_beard,logpearson3,0.0760384782875674,0.5865427407550001,Δo > Δ,1,5,1,7
53075020,edf_jenkinson,logpearson3,0.0760384782875674,0.5865427407550001,Δo > Δ,1,5,1,8
53075020,edf_chegodayev,logpearson3,0.0774153198131078,0.5865427407550001,Δo > Δ,1,5,1,9
53075020,edf_adamowski,logpearson3,0.0841493265471145,0.5865427407550001,Δo > Δ,1,5,1,10
53075020,edf_weibull,gompertz,0.099868124905631,0.5865427407550001,Δo > Δ,1,5,1,11
53075020,edf_california,dweibull,0.1066440333124367,0.5865427407550001,Δo > Δ,1,5,1,12
5311500121,edf_jenkinson,laplace_asymmetric,0.0557978589877002,0.530385761606,Δo > Δ,1,6,1,1
5311500121,edf_beard,laplace_asymmetric,0.0557978589877002,0.530385761606,Δo > Δ,1,6,1,2
5311500121,edf_filliben,laplace_asymmetric,0.0559825484754208,0.530385761606,Δo > Δ,1,6,1,3
5311500121,edf_tukey,laplace_asymmetric,0.05637532145264,0.530385761606,Δo > Δ,1,6,1,4
5311500121,edf_chegodayev,laplace_asymmetric,0.0566579676111671,0.530385761606,Δo > Δ,1,6,1,5
5311500121,edf_blom,laplace_asymmetric,0.0574279530315873,0.530385761606,Δo > Δ,1,6,1,6
5311500121,edf_cunnane,laplace_asymmetric,0.0580731143219099,0.530385761606,Δo > Δ,1,6,1,7
5311500121,edf_gringorten,laplace_asymmetric,0.0591272994368161,0.530385761606,Δo > Δ,1,6,1,8
5311500121,edf_hazen,laplace_asymmetric,0.0607612863649206,0.530385761606,Δo > Δ,1,6,1,9
5311500121,edf_adamowski,genlogistic,0.0625359446996354,0.530385761606,Δo > Δ,1,6,1,10
5311500121,edf_weibull,dweibull,0.0780037194898905,0.530385761606,Δo > Δ,1,6,1,11
5311500121,edf_california,laplace_asymmetric,0.119214525023115,0.530385761606,Δo > Δ,1,6,1,12
53115501,edf_chegodayev,dweibull,0.1160316523110794,0.484420539261,Δo > Δ,1,7,1,1
53115501,edf_jenkinson,dweibull,0.1163978721894946,0.484420539261,Δo > Δ,1,7,1,2
53115501,edf_beard,dweibull,0.1163978721894946,0.484420539261,Δo > Δ,1,7,1,3
53115501,edf_filliben,dweibull,0.1166738423626382,0.484420539261,Δo > Δ,1,7,1,4
53115501,edf_tukey,dweibull,0.1172601535395807,0.484420539261,Δo > Δ,1,7,1,5
53115501,edf_adamowski,dweibull,0.1175607629800836,0.484420539261,Δo > Δ,1,7,1,6
53115501,edf_blom,dweibull,0.118827551658703,0.484420539261,Δo > Δ,1,7,1,7
53115501,edf_cunnane,dweibull,0.1197854060648332,0.484420539261,Δo > Δ,1,7,1,8
53115501,edf_weibull,logncf,0.1203062203939425,0.484420539261,Δo > Δ,1,7,1,9
53115501,edf_gringorten,dweibull,0.1213459553781914,0.484420539261,Δo > Δ,1,7,1,10
53115501,edf_hazen,dweibull,0.1237536600330873,0.484420539261,Δo > Δ,1,7,1,11
53115501,edf_california,mielke,0.1691294251568504,0.484420539261,Δo > Δ,1,7,1,12
53115502,edf_tukey,erlang,0.060394687950133,0.484420539261,Δo > Δ,1,7,1,1
53115502,edf_blom,betaprime,0.0604252187704811,0.484420539261,Δo > Δ,1,7,1,2
53115502,edf_cunnane,betaprime,0.0609883256553734,0.484420539261,Δo > Δ,1,7,1,3
53115502,edf_filliben,erlang,0.061567310304018,0.484420539261,Δo > Δ,1,7,1,4
53115502,edf_jenkinson,erlang,0.0621192506503054,0.484420539261,Δo > Δ,1,7,1,5
53115502,edf_beard,erlang,0.0621192506503054,0.484420539261,Δo > Δ,1,7,1,6
53115502,edf_gringorten,logfisk,0.0622226396936378,0.484420539261,Δo > Δ,1,7,1,7
53115502,edf_chegodayev,erlang,0.0628516904071354,0.484420539261,Δo > Δ,1,7,1,8
53115502,edf_hazen,logfisk,0.0646303443485334,0.484420539261,Δo > Δ,1,7,1,9
53115502,edf_adamowski,erlang,0.066455294010739,0.484420539261,Δo > Δ,1,7,1,10
53115502,edf_weibull,pearson3,0.0851603833244272,0.484420539261,Δo > Δ,1,7,1,11
53115502,edf_california,laplace,0.1038201826575245,0.484420539261,Δo > Δ,1,7,1,12
53119010,edf_cunnane,loglaplace_asymmetric,0.075718402325143,0.5865427407550001,Δo > Δ,1,5,1,1
53119010,edf_tukey,loglaplace_asymmetric,0.075718402325143,0.5865427407550001,Δo > Δ,1,5,1,2
53119010,edf_blom,loglaplace_asymmetric,0.075718402325143,0.5865427407550001,Δo > Δ,1,5,1,3
53119010,edf_gringorten,loglaplace_asymmetric,0.0766342950284327,0.5865427407550001,Δo > Δ,1,5,1,4
53119010,edf_filliben,loglaplace_asymmetric,0.0774521458269068,0.5865427407550001,Δo > Δ,1,5,1,5
53119010,edf_jenkinson,loglaplace_asymmetric,0.0784915136141275,0.5865427407550001,Δo > Δ,1,5,1,6
53119010,edf_beard,loglaplace_asymmetric,0.0784915136141275,0.5865427407550001,Δo > Δ,1,5,1,7
53119010,edf_chegodayev,loglaplace_asymmetric,0.0798683551396679,0.5865427407550001,Δo > Δ,1,5,1,8
53119010,edf_hazen,loglaplace_asymmetric,0.0813217950284327,0.5865427407550001,Δo > Δ,1,5,1,9
53119010,edf_adamowski,loglaplace_asymmetric,0.0866023618736746,0.5865427407550001,Δo > Δ,1,5,1,10
53119010,edf_weibull,ncf,0.1058002978000357,0.5865427407550001,Δo > Δ,1,5,1,11
53119010,edf_california,logkstwobign,0.156139170011768,0.5865427407550001,Δo > Δ,1,5,1,12
54010010,edf_gringorten,invgamma,0.043795839399877,0.530385761606,Δo > Δ,1,6,1,1
54010010,edf_cunnane,invgamma,0.0481966296995379,0.530385761606,Δo > Δ,1,6,1,2
54010010,edf_hazen,invgamma,0.0483492660483452,0.530385761606,Δo > Δ,1,6,1,3
54010010,edf_blom,invgamma,0.0514224361511508,0.530385761606,Δo > Δ,1,6,1,4
54010010,edf_tukey,invgamma,0.0566855940458876,0.530385761606,Δo > Δ,1,6,1,5
54010010,edf_filliben,invgamma,0.0586494589319834,0.530385761606,Δo > Δ,1,6,1,6
54010010,edf_beard,invgamma,0.0595729063705865,0.530385761606,Δo > Δ,1,6,1,7
54010010,edf_jenkinson,invgamma,0.0595729063705865,0.530385761606,Δo > Δ,1,6,1,8
54010010,edf_chegodayev,invgamma,0.0607974361511508,0.530385761606,Δo > Δ,1,6,1,9
54010010,edf_california,t,0.0628054093002984,0.530385761606,Δo > Δ,1,6,1,10
54010010,edf_adamowski,invgamma,0.0668070515357662,0.530385761606,Δo > Δ,1,6,1,11
54010010,edf_weibull,invgamma,0.0942795790082936,0.530385761606,Δo > Δ,1,6,1,12
54025010,edf_weibull,logt,0.3132594297961445,0.484420539261,Δo > Δ,1,7,1,1
54025010,edf_adamowski,logt,0.3382594297961445,0.484420539261,Δo > Δ,1,7,1,2
54025010,edf_chegodayev,logt,0.3436648352015499,0.484420539261,Δo > Δ,1,7,1,3
54025010,edf_jenkinson,logt,0.344763494836795,0.484420539261,Δo > Δ,1,7,1,4
54025010,edf_beard,logt,0.344763494836795,0.484420539261,Δo > Δ,1,7,1,5
54025010,edf_filliben,logt,0.345591405356226,0.484420539261,Δo > Δ,1,7,1,6
54025010,edf_tukey,logt,0.3473503388870536,0.484420539261,Δo > Δ,1,7,1,7
54025010,edf_blom,logt,0.3520525332444204,0.484420539261,Δo > Δ,1,7,1,8
54025010,edf_cunnane,logt,0.3549260964628111,0.484420539261,Δo > Δ,1,7,1,9
54025010,edf_gringorten,logt,0.359607744402886,0.484420539261,Δo > Δ,1,7,1,10
54025010,edf_california,invgamma,0.3596413242899355,0.484420539261,Δo > Δ,1,7,1,11
54025010,edf_hazen,logt,0.3668308583675731,0.484420539261,Δo > Δ,1,7,1,12
54027050,edf_hazen,fisk,0.1059940328229158,0.5865427407550001,Δo > Δ,1,5,1,1
54027050,edf_gringorten,fisk,0.1093749999957267,0.5865427407550001,Δo > Δ,1,5,1,2
54027050,edf_cunnane,fisk,0.1153846153803421,0.5865427407550001,Δo > Δ,1,5,1,3
54027050,edf_blom,fisk,0.1190476190433458,0.5865427407550001,Δo > Δ,1,5,1,4
54027050,edf_tukey,fisk,0.1249999999957267,0.5865427407550001,Δo > Δ,1,5,1,5
54027050,edf_california,logdweibull,0.1271748042927402,0.5865427407550001,Δo > Δ,1,5,1,6
54027050,edf_filliben,fisk,0.1272134203125953,0.5865427407550001,Δo > Δ,1,5,1,7
54027050,edf_jenkinson,fisk,0.1282527880998159,0.5865427407550001,Δo > Δ,1,5,1,8
54027050,edf_beard,fisk,0.1282527880998159,0.5865427407550001,Δo > Δ,1,5,1,9
54027050,edf_chegodayev,f,0.1291028247378965,0.5865427407550001,Δo > Δ,1,5,1,10
54027050,edf_adamowski,f,0.1324698281048999,0.5865427407550001,Δo > Δ,1,5,1,11
54027050,edf_weibull,f,0.147621343256415,0.5865427407550001,Δo > Δ,1,5,1,12
54035501,edf_cunnane,laplace_asymmetric,0.0445979890526098,0.484420539261,Δo > Δ,1,7,1,1
54035501,edf_gringorten,laplace_asymmetric,0.046158538365968,0.484420539261,Δo > Δ,1,7,1,2
54035501,edf_blom,laplace_asymmetric,0.0470136136745613,0.484420539261,Δo > Δ,1,7,1,3
54035501,edf_hazen,laplace_asymmetric,0.0485662430208638,0.484420539261,Δo > Δ,1,7,1,4
54035501,edf_tukey,laplace_asymmetric,0.051715808031928,0.484420539261,Δo > Δ,1,7,1,5
54035501,edf_filliben,laplace_asymmetric,0.0534747415627557,0.484420539261,Δo > Δ,1,7,1,6
54035501,edf_beard,laplace_asymmetric,0.0543026520821867,0.484420539261,Δo > Δ,1,7,1,7
54035501,edf_jenkinson,laplace_asymmetric,0.0543026520821867,0.484420539261,Δo > Δ,1,7,1,8
54035501,edf_chegodayev,laplace_asymmetric,0.0554013117174317,0.484420539261,Δo > Δ,1,7,1,9
54035501,edf_adamowski,laplace_asymmetric,0.0608067171228371,0.484420539261,Δo > Δ,1,7,1,10
54035501,edf_weibull,genlogistic,0.084917845630539,0.484420539261,Δo > Δ,1,7,1,11
54035501,edf_california,laplace,0.10929013905487,0.484420539261,Δo > Δ,1,7,1,12
55015010,edf_california,dweibull,0.1038834133625441,0.5865427407550001,Δo > Δ,1,5,1,1
55015010,edf_gringorten,fisk,0.1077568796452184,0.5865427407550001,Δo > Δ,1,5,1,2
55015010,edf_hazen,fisk,0.1077568796452184,0.5865427407550001,Δo > Δ,1,5,1,3
55015010,edf_cunnane,fisk,0.1101579645302713,0.5865427407550001,Δo > Δ,1,5,1,4
55015010,edf_blom,fisk,0.1119894663617732,0.5865427407550001,Δo > Δ,1,5,1,5
55015010,edf_tukey,fisk,0.1149656568379636,0.5865427407550001,Δo > Δ,1,5,1,6
55015010,edf_filliben,fisk,0.116072366996398,0.5865427407550001,Δo > Δ,1,5,1,7
55015010,edf_jenkinson,fisk,0.1165920508900082,0.5865427407550001,Δo > Δ,1,5,1,8
55015010,edf_beard,fisk,0.1165920508900082,0.5865427407550001,Δo > Δ,1,5,1,9
55015010,edf_chegodayev,fisk,0.1172804716527785,0.5865427407550001,Δo > Δ,1,5,1,10
55015010,edf_adamowski,fisk,0.1206474750197819,0.5865427407550001,Δo > Δ,1,5,1,11
55015010,edf_weibull,fisk,0.135798990171297,0.5865427407550001,Δo > Δ,1,5,1,12
57025020,edf_weibull,dweibull,0.1245641317267215,0.4472608134160001,Δo > Δ,1,8,1,1
57025020,edf_adamowski,dweibull,0.1474399487201856,0.4472608134160001,Δo > Δ,1,8,1,2
57025020,edf_chegodayev,dweibull,0.1523419095044993,0.4472608134160001,Δo > Δ,1,8,1,3
57025020,edf_jenkinson,dweibull,0.1533363406898613,0.4472608134160001,Δo > Δ,1,8,1,4
57025020,edf_beard,dweibull,0.1533363406898613,0.4472608134160001,Δo > Δ,1,8,1,5
57025020,edf_filliben,dweibull,0.1540852846788368,0.4472608134160001,Δo > Δ,1,8,1,6
57025020,edf_tukey,pearson3,0.1556495052585533,0.4472608134160001,Δo > Δ,1,8,1,7
57025020,edf_blom,pearson3,0.1574676870767351,0.4472608134160001,Δo > Δ,1,8,1,8
57025020,edf_cunnane,pearson3,0.1585763345268459,0.4472608134160001,Δo > Δ,1,8,1,9
57025020,edf_gringorten,pearson3,0.1603785692979621,0.4472608134160001,Δo > Δ,1,8,1,10
57025020,edf_hazen,pearson3,0.1631495052585533,0.4472608134160001,Δo > Δ,1,8,1,11
57025020,edf_california,laplace_asymmetric,0.1776207041366511,0.4472608134160001,Δo > Δ,1,8,1,12
