station,empirical_dist,p_dist,delta,deltao,eval,fit,n,best_fit,best_fit_sort
11025501,edf_hazen,logbetaprime,0.0694627637634054,0.530385761606,Δo > Δ,1,6,1,1
11025501,edf_gringorten,logbetaprime,0.0743647245477192,0.530385761606,Δo > Δ,1,6,1,2
11025501,edf_cunnane,logbetaprime,0.0775272798924378,0.530385761606,Δo > Δ,1,6,1,3
11025501,edf_blom,logbetaprime,0.0794627637634054,0.530385761606,Δo > Δ,1,6,1,4
11025501,edf_tukey,logbetaprime,0.0826206585002475,0.530385761606,Δo > Δ,1,6,1,5
11025501,edf_filliben,logbetaprime,0.083798977431905,0.530385761606,Δo > Δ,1,6,1,6
11025501,edf_beard,logbetaprime,0.0843530458950667,0.530385761606,Δo > Δ,1,6,1,7
11025501,edf_jenkinson,logbetaprime,0.0843530458950667,0.530385761606,Δo > Δ,1,6,1,8
11025501,edf_chegodayev,logbetaprime,0.0850877637634054,0.530385761606,Δo > Δ,1,6,1,9
11025501,edf_adamowski,logbetaprime,0.0886935329941747,0.530385761606,Δo > Δ,1,6,1,10
11025501,edf_weibull,logkstwobign,0.1043956877185027,0.530385761606,Δo > Δ,1,6,1,11
11025501,edf_california,loglaplace_asymmetric,0.1164527439484533,0.530385761606,Δo > Δ,1,6,1,12
11027030,edf_hazen,pearson3,0.1163935089398869,0.530385761606,Δo > Δ,1,6,1,1
11027030,edf_gringorten,pearson3,0.1212954697242006,0.530385761606,Δo > Δ,1,6,1,2
11027030,edf_cunnane,pearson3,0.1244580250689192,0.530385761606,Δo > Δ,1,6,1,3
11027030,edf_blom,pearson3,0.126393508939887,0.530385761606,Δo > Δ,1,6,1,4
11027030,edf_tukey,betaprime,0.1286097992323752,0.530385761606,Δo > Δ,1,6,1,5
11027030,edf_filliben,betaprime,0.1290025722095944,0.530385761606,Δo > Δ,1,6,1,6
11027030,edf_beard,betaprime,0.1291872616973151,0.530385761606,Δo > Δ,1,6,1,7
11027030,edf_jenkinson,betaprime,0.1291872616973151,0.530385761606,Δo > Δ,1,6,1,8
11027030,edf_chegodayev,betaprime,0.1294321676534279,0.530385761606,Δo > Δ,1,6,1,9
11027030,edf_adamowski,betaprime,0.130634090730351,0.530385761606,Δo > Δ,1,6,1,10
11027030,edf_weibull,logpearson3,0.14017195606923,0.530385761606,Δo > Δ,1,6,1,11
11027030,edf_california,kstwobign,0.1700047109989729,0.530385761606,Δo > Δ,1,6,1,12
11027070,edf_hazen,fisk,0.0713174745160357,0.3942745923300002,Δo > Δ,1,10,1,1
11027070,edf_gringorten,fisk,0.0742819013935061,0.3942745923300002,Δo > Δ,1,10,1,2
11027070,edf_california,logncf,0.0753715627167998,0.3942745923300002,Δo > Δ,1,10,1,3
11027070,edf_cunnane,fisk,0.0762194353003494,0.3942745923300002,Δo > Δ,1,10,1,4
11027070,edf_blom,fisk,0.0774150354916455,0.3942745923300002,Δo > Δ,1,10,1,5
11027070,edf_tukey,fisk,0.079381990645068,0.3942745923300002,Δo > Δ,1,10,1,6
11027070,edf_filliben,fisk,0.0801211407003097,0.3942745923300002,Δo > Δ,1,10,1,7
11027070,edf_jenkinson,fisk,0.0804696903156504,0.3942745923300002,Δo > Δ,1,10,1,8
11027070,edf_beard,fisk,0.0804696903156504,0.3942745923300002,Δo > Δ,1,10,1,9
11027070,edf_chegodayev,fisk,0.0809328591314203,0.3942745923300002,Δo > Δ,1,10,1,10
11027070,edf_adamowski,loginvgamma,0.08318160359089,0.3942745923300002,Δo > Δ,1,10,1,11
11027070,edf_weibull,loginvgamma,0.0940041144134008,0.3942745923300002,Δo > Δ,1,10,1,12
11030010,edf_gringorten,logchi2,0.1110039797732973,0.5865427407550001,Δo > Δ,1,5,1,1
11030010,edf_cunnane,logchi2,0.1153846061092159,0.5865427407550001,Δo > Δ,1,5,1,2
11030010,edf_hazen,logchi2,0.1156914797732973,0.5865427407550001,Δo > Δ,1,5,1,3
11030010,edf_blom,logchi2,0.1190476097722196,0.5865427407550001,Δo > Δ,1,5,1,4
11030010,edf_tukey,logchi2,0.1249999907246006,0.5865427407550001,Δo > Δ,1,5,1,5
11030010,edf_filliben,logchi2,0.1272134110414692,0.5865427407550001,Δo > Δ,1,5,1,6
11030010,edf_beard,logchi2,0.1282527788286898,0.5865427407550001,Δo > Δ,1,5,1,7
11030010,edf_jenkinson,logchi2,0.1282527788286898,0.5865427407550001,Δo > Δ,1,5,1,8
11030010,edf_chegodayev,logchi2,0.1296296203542302,0.5865427407550001,Δo > Δ,1,5,1,9
11030010,edf_weibull,logwald,0.1359863496801979,0.5865427407550001,Δo > Δ,1,5,1,10
11030010,edf_adamowski,logweibull_min,0.1363636230436743,0.5865427407550001,Δo > Δ,1,5,1,11
11030010,edf_california,loginvgauss,0.1458243591923573,0.5865427407550001,Δo > Δ,1,5,1,12
11037030,edf_adamowski,maxwell,0.103955562483459,0.484420539261,Δo > Δ,1,7,1,1
11037030,edf_chegodayev,maxwell,0.1057573642852608,0.484420539261,Δo > Δ,1,7,1,2
11037030,edf_jenkinson,maxwell,0.1061235841636759,0.484420539261,Δo > Δ,1,7,1,3
11037030,edf_beard,maxwell,0.1061235841636759,0.484420539261,Δo > Δ,1,7,1,4
11037030,edf_filliben,maxwell,0.1063995543368195,0.484420539261,Δo > Δ,1,7,1,5
11037030,edf_tukey,maxwell,0.1071551246948647,0.484420539261,Δo > Δ,1,7,1,6
11037030,edf_blom,maxwell,0.1102899209331092,0.484420539261,Δo > Δ,1,7,1,7
11037030,edf_cunnane,maxwell,0.1122056297453697,0.484420539261,Δo > Δ,1,7,1,8
11037030,edf_gringorten,laplace_asymmetric,0.1145575915932242,0.484420539261,Δo > Δ,1,7,1,9
11037030,edf_weibull,invgauss,0.1154548908294307,0.484420539261,Δo > Δ,1,7,1,10
11037030,edf_hazen,laplace_asymmetric,0.11696529624812,0.484420539261,Δo > Δ,1,7,1,11
11037030,edf_california,moyal,0.1424197269693551,0.484420539261,Δo > Δ,1,7,1,12
11045010,edf_hazen,fisk,0.0931267520581613,0.530385761606,Δo > Δ,1,6,1,1
11045010,edf_tukey,logfisk,0.0978511613389905,0.530385761606,Δo > Δ,1,6,1,2
11045010,edf_gringorten,fisk,0.0980287128424751,0.530385761606,Δo > Δ,1,6,1,3
11045010,edf_filliben,logfisk,0.0982355137945476,0.530385761606,Δo > Δ,1,6,1,4
11045010,edf_beard,logfisk,0.0987895822577094,0.530385761606,Δo > Δ,1,6,1,5
11045010,edf_jenkinson,logfisk,0.0987895822577094,0.530385761606,Δo > Δ,1,6,1,6
11045010,edf_blom,logfisk,0.0989037929179378,0.530385761606,Δo > Δ,1,6,1,7
11045010,edf_chegodayev,logfisk,0.099524300126048,0.530385761606,Δo > Δ,1,6,1,8
11045010,edf_cunnane,logfisk,0.0995489542082604,0.530385761606,Δo > Δ,1,6,1,9
11045010,edf_adamowski,logfisk,0.1031300693568173,0.530385761606,Δo > Δ,1,6,1,10
11045010,edf_weibull,logfisk,0.1196135858403337,0.530385761606,Δo > Δ,1,6,1,11
11045010,edf_california,invgauss,0.1275823522525745,0.530385761606,Δo > Δ,1,6,1,12
11047040,edf_california,loggompertz,0.09051351932987,0.351490473531,Δo > Δ,1,13,1,1
11047040,edf_hazen,nakagami,0.0970790546672167,0.351490473531,Δo > Δ,1,13,1,2
11047040,edf_gringorten,nakagami,0.0991897488510815,0.351490473531,Δo > Δ,1,13,1,3
11047040,edf_cunnane,nakagami,0.1005755581637202,0.351490473531,Δo > Δ,1,13,1,4
11047040,edf_blom,nakagami,0.1014331910968249,0.351490473531,Δo > Δ,1,13,1,5
11047040,edf_tukey,nakagami,0.1028482854364475,0.351490473531,Δo > Δ,1,13,1,6
11047040,edf_filliben,nakagami,0.1033813943028897,0.351490473531,Δo > Δ,1,13,1,7
11047040,edf_jenkinson,nakagami,0.1036330387996763,0.351490473531,Δo > Δ,1,13,1,8
11047040,edf_beard,nakagami,0.1036330387996763,0.351490473531,Δo > Δ,1,13,1,9
11047040,edf_chegodayev,nakagami,0.1039676884215221,0.351490473531,Δo > Δ,1,13,1,10
11047040,edf_adamowski,nakagami,0.1056260632142253,0.351490473531,Δo > Δ,1,13,1,11
11047040,edf_weibull,nakagami,0.1135625711507332,0.351490473531,Δo > Δ,1,13,1,12
11080010,edf_weibull,logbetaprime,0.0938345509270758,0.5865427407550001,Δo > Δ,1,5,1,1
11080010,edf_adamowski,logbetaprime,0.097238152953895,0.5865427407550001,Δo > Δ,1,5,1,2
11080010,edf_chegodayev,logbetaprime,0.1039721596879017,0.5865427407550001,Δo > Δ,1,5,1,3
11080010,edf_jenkinson,logbetaprime,0.1053490012134422,0.5865427407550001,Δo > Δ,1,5,1,4
11080010,edf_beard,logbetaprime,0.1053490012134422,0.5865427407550001,Δo > Δ,1,5,1,5
11080010,edf_filliben,logbetaprime,0.1063883690006628,0.5865427407550001,Δo > Δ,1,5,1,6
11080010,edf_tukey,logbetaprime,0.1086017893175314,0.5865427407550001,Δo > Δ,1,5,1,7
11080010,edf_hazen,nakagami,0.11418382166399,0.5865427407550001,Δo > Δ,1,5,1,8
11080010,edf_blom,logbetaprime,0.1145541702699123,0.5865427407550001,Δo > Δ,1,5,1,9
11080010,edf_cunnane,logbetaprime,0.1182171739329158,0.5865427407550001,Δo > Δ,1,5,1,10
11080010,edf_gringorten,nakagami,0.11887132166399,0.5865427407550001,Δo > Δ,1,5,1,11
11080010,edf_california,invgauss,0.1581551710492487,0.5865427407550001,Δo > Δ,1,5,1,12
11105020,edf_hazen,laplace_asymmetric,0.0596838137673669,0.5865427407550001,Δo > Δ,1,5,1,1
11105020,edf_gringorten,laplace_asymmetric,0.0609018504265899,0.5865427407550001,Δo > Δ,1,5,1,2
11105020,edf_tukey,mielke,0.0613853922778975,0.5865427407550001,Δo > Δ,1,5,1,3
11105020,edf_filliben,mielke,0.0613853922778975,0.5865427407550001,Δo > Δ,1,5,1,4
11105020,edf_chegodayev,mielke,0.0613853922778975,0.5865427407550001,Δo > Δ,1,5,1,5
11105020,edf_jenkinson,mielke,0.0613853922778975,0.5865427407550001,Δo > Δ,1,5,1,6
11105020,edf_beard,mielke,0.0613853922778975,0.5865427407550001,Δo > Δ,1,5,1,7
11105020,edf_blom,loggenlogistic,0.0621420936299823,0.5865427407550001,Δo > Δ,1,5,1,8
11105020,edf_cunnane,laplace_asymmetric,0.0639066581188976,0.5865427407550001,Δo > Δ,1,5,1,9
11105020,edf_adamowski,mielke,0.0678006069818986,0.5865427407550001,Δo > Δ,1,5,1,10
11105020,edf_weibull,genlogistic,0.095979449380198,0.5865427407550001,Δo > Δ,1,5,1,11
11105020,edf_california,logpearson3,0.1423429590606951,0.5865427407550001,Δo > Δ,1,5,1,12
1111500036,edf_adamowski,gumbel_l,0.1294589077707653,0.5865427407550001,Δo > Δ,1,5,1,1
1111500036,edf_cunnane,gumbel_l,0.1294589077707653,0.5865427407550001,Δo > Δ,1,5,1,2
1111500036,edf_jenkinson,gumbel_l,0.1294589077707653,0.5865427407550001,Δo > Δ,1,5,1,3
1111500036,edf_filliben,gumbel_l,0.1294589077707653,0.5865427407550001,Δo > Δ,1,5,1,4
1111500036,edf_gringorten,gumbel_l,0.1294589077707653,0.5865427407550001,Δo > Δ,1,5,1,5
1111500036,edf_tukey,gumbel_l,0.1294589077707653,0.5865427407550001,Δo > Δ,1,5,1,6
1111500036,edf_blom,gumbel_l,0.1294589077707653,0.5865427407550001,Δo > Δ,1,5,1,7
1111500036,edf_chegodayev,gumbel_l,0.1294589077707653,0.5865427407550001,Δo > Δ,1,5,1,8
1111500036,edf_beard,gumbel_l,0.1294589077707653,0.5865427407550001,Δo > Δ,1,5,1,9
1111500036,edf_weibull,gumbel_l,0.1294589077707653,0.5865427407550001,Δo > Δ,1,5,1,10
1111500036,edf_hazen,gumbel_l,0.1294589077707653,0.5865427407550001,Δo > Δ,1,5,1,11
1111500036,edf_california,gumbel_r,0.1983084067562487,0.5865427407550001,Δo > Δ,1,5,1,12
11117050,edf_weibull,logbetaprime,0.1256254374800867,0.5865427407550001,Δo > Δ,1,5,1,1
11117050,edf_hazen,logloggamma,0.1427173269237444,0.5865427407550001,Δo > Δ,1,5,1,2
11117050,edf_gringorten,logloggamma,0.1474048269237445,0.5865427407550001,Δo > Δ,1,5,1,3
11117050,edf_cunnane,logloggamma,0.1504096346160522,0.5865427407550001,Δo > Δ,1,5,1,4
11117050,edf_blom,logloggamma,0.152241136447554,0.5865427407550001,Δo > Δ,1,5,1,5
11117050,edf_adamowski,logbetaprime,0.1535453055890551,0.5865427407550001,Δo > Δ,1,5,1,6
11117050,edf_tukey,logloggamma,0.1552173269237445,0.5865427407550001,Δo > Δ,1,5,1,7
11117050,edf_filliben,logloggamma,0.1563240370821787,0.5865427407550001,Δo > Δ,1,5,1,8
11117050,edf_beard,logloggamma,0.1568437209757891,0.5865427407550001,Δo > Δ,1,5,1,9
11117050,edf_jenkinson,logloggamma,0.1568437209757891,0.5865427407550001,Δo > Δ,1,5,1,10
11117050,edf_chegodayev,logloggamma,0.1575321417385592,0.5865427407550001,Δo > Δ,1,5,1,11
11117050,edf_california,logkstwobign,0.1665371591324501,0.5865427407550001,Δo > Δ,1,5,1,12
11135030,edf_hazen,mielke,0.0214878412643629,0.530385761606,Δo > Δ,1,6,1,1
11135030,edf_gringorten,mielke,0.0263898020486766,0.530385761606,Δo > Δ,1,6,1,2
11135030,edf_cunnane,mielke,0.0295523573933951,0.530385761606,Δo > Δ,1,6,1,3
11135030,edf_blom,mielke,0.0314878412643629,0.530385761606,Δo > Δ,1,6,1,4
11135030,edf_tukey,mielke,0.0346457360012049,0.530385761606,Δo > Δ,1,6,1,5
11135030,edf_filliben,mielke,0.0358240549328625,0.530385761606,Δo > Δ,1,6,1,6
11135030,edf_beard,mielke,0.0363781233960243,0.530385761606,Δo > Δ,1,6,1,7
11135030,edf_jenkinson,mielke,0.0363781233960243,0.530385761606,Δo > Δ,1,6,1,8
11135030,edf_chegodayev,mielke,0.0371128412643629,0.530385761606,Δo > Δ,1,6,1,9
11135030,edf_adamowski,mielke,0.0426648340312702,0.530385761606,Δo > Δ,1,6,1,10
11135030,edf_weibull,mielke,0.0701373615037976,0.530385761606,Δo > Δ,1,6,1,11
11135030,edf_california,mielke,0.1048211745976962,0.530385761606,Δo > Δ,1,6,1,12
11159010,edf_weibull,mielke,0.0691968445609198,0.417612680231,Δo > Δ,1,9,1,1
11159010,edf_adamowski,mielke,0.0818909195770762,0.417612680231,Δo > Δ,1,9,1,2
11159010,edf_chegodayev,mielke,0.0852503820630784,0.417612680231,Δo > Δ,1,9,1,3
11159010,edf_jenkinson,mielke,0.0859308701999019,0.417612680231,Δo > Δ,1,9,1,4
11159010,edf_beard,mielke,0.0859308701999019,0.417612680231,Δo > Δ,1,9,1,5
11159010,edf_filliben,mielke,0.086443143703864,0.417612680231,Δo > Δ,1,9,1,6
11159010,edf_tukey,mielke,0.087530017321437,0.417612680231,Δo > Δ,1,9,1,7
11159010,edf_blom,mielke,0.0904257702171899,0.417612680231,Δo > Δ,1,9,1,8
11159010,edf_cunnane,mielke,0.0921884024146047,0.417612680231,Δo > Δ,1,9,1,9
11159010,edf_gringorten,mielke,0.0950488143139182,0.417612680231,Δo > Δ,1,9,1,10
11159010,edf_california,mielke,0.0956380395019046,0.417612680231,Δo > Δ,1,9,1,11
11159010,edf_hazen,mielke,0.099434779226199,0.417612680231,Δo > Δ,1,9,1,12
12015060,edf_hazen,ncf,0.0897621470314823,0.5865427407550001,Δo > Δ,1,5,1,1
12015060,edf_gringorten,ncf,0.0944496470314822,0.5865427407550001,Δo > Δ,1,5,1,2
12015060,edf_cunnane,ncf,0.09745445472379,0.5865427407550001,Δo > Δ,1,5,1,3
12015060,edf_blom,ncf,0.0992859565552918,0.5865427407550001,Δo > Δ,1,5,1,4
12015060,edf_tukey,ncf,0.1022621470314822,0.5865427407550001,Δo > Δ,1,5,1,5
12015060,edf_filliben,ncf,0.1033688571899166,0.5865427407550001,Δo > Δ,1,5,1,6
12015060,edf_beard,ncf,0.1038885410835268,0.5865427407550001,Δo > Δ,1,5,1,7
12015060,edf_jenkinson,ncf,0.1038885410835268,0.5865427407550001,Δo > Δ,1,5,1,8
12015060,edf_chegodayev,ncf,0.1045769618462971,0.5865427407550001,Δo > Δ,1,5,1,9
12015060,edf_adamowski,ncf,0.1079439652133005,0.5865427407550001,Δo > Δ,1,5,1,10
12015060,edf_weibull,ncf,0.1230954803648156,0.5865427407550001,Δo > Δ,1,5,1,11
12015060,edf_california,loglaplace_asymmetric,0.1359581722457336,0.5865427407550001,Δo > Δ,1,5,1,12
12015100,edf_hazen,fisk,0.0933255190686643,0.3942745923300002,Δo > Δ,1,10,1,1
12015100,edf_gringorten,fisk,0.0962899459461347,0.3942745923300002,Δo > Δ,1,10,1,2
12015100,edf_cunnane,fisk,0.098227479852978,0.3942745923300002,Δo > Δ,1,10,1,3
12015100,edf_blom,fisk,0.0994230800442741,0.3942745923300002,Δo > Δ,1,10,1,4
12015100,edf_california,logweibull_min,0.1012367469322398,0.3942745923300002,Δo > Δ,1,10,1,5
12015100,edf_tukey,fisk,0.1013900351976966,0.3942745923300002,Δo > Δ,1,10,1,6
12015100,edf_filliben,fisk,0.1021291852529383,0.3942745923300002,Δo > Δ,1,10,1,7
12015100,edf_jenkinson,fisk,0.102477734868279,0.3942745923300002,Δo > Δ,1,10,1,8
12015100,edf_beard,fisk,0.102477734868279,0.3942745923300002,Δo > Δ,1,10,1,9
12015100,edf_chegodayev,fisk,0.1029409036840489,0.3942745923300002,Δo > Δ,1,10,1,10
12015100,edf_adamowski,fisk,0.1052302809734262,0.3942745923300002,Δo > Δ,1,10,1,11
12015100,edf_weibull,weibull_min,0.112063453376571,0.3942745923300002,Δo > Δ,1,10,1,12
12015110,edf_cunnane,loglaplace,0.0731276184705674,0.3942745923300002,Δo > Δ,1,10,1,1
12015110,edf_blom,loglaplace,0.0735654707295541,0.3942745923300002,Δo > Δ,1,10,1,2
12015110,edf_gringorten,loglaplace,0.0749269943270783,0.3942745923300002,Δo > Δ,1,10,1,3
12015110,edf_tukey,loglaplace,0.0763192079443456,0.3942745923300002,Δo > Δ,1,10,1,4
12015110,edf_filliben,loglaplace,0.077354018021684,0.3942745923300002,Δo > Δ,1,10,1,5
12015110,edf_jenkinson,loglaplace,0.0778419874831609,0.3942745923300002,Δo > Δ,1,10,1,6
12015110,edf_beard,loglaplace,0.0778419874831609,0.3942745923300002,Δo > Δ,1,10,1,7
12015110,edf_hazen,loglaplace,0.0778914212045487,0.3942745923300002,Δo > Δ,1,10,1,8
12015110,edf_chegodayev,loglaplace,0.0784904238252389,0.3942745923300002,Δo > Δ,1,10,1,9
12015110,edf_adamowski,loglaplace,0.0816955520303671,0.3942745923300002,Δo > Δ,1,10,1,10
12015110,edf_weibull,loggenlogistic,0.0841149676716846,0.3942745923300002,Δo > Δ,1,10,1,11
12015110,edf_california,logmielke,0.1115221269050695,0.3942745923300002,Δo > Δ,1,10,1,12
1206500136,edf_hazen,mielke,0.038867661202478,0.5865427407550001,Δo > Δ,1,5,1,1
1206500136,edf_gringorten,mielke,0.048242661202478,0.5865427407550001,Δo > Δ,1,5,1,2
1206500136,edf_jenkinson,logbetaprime,0.0496049128562355,0.5865427407550001,Δo > Δ,1,5,1,3
1206500136,edf_adamowski,logbetaprime,0.0496049128562355,0.5865427407550001,Δo > Δ,1,5,1,4
1206500136,edf_filliben,logbetaprime,0.0496049128562355,0.5865427407550001,Δo > Δ,1,5,1,5
1206500136,edf_tukey,logbetaprime,0.0496049128562355,0.5865427407550001,Δo > Δ,1,5,1,6
1206500136,edf_blom,logbetaprime,0.0496049128562355,0.5865427407550001,Δo > Δ,1,5,1,7
1206500136,edf_cunnane,logbetaprime,0.0496049128562355,0.5865427407550001,Δo > Δ,1,5,1,8
1206500136,edf_chegodayev,logbetaprime,0.0496049128562355,0.5865427407550001,Δo > Δ,1,5,1,9
1206500136,edf_beard,logbetaprime,0.0496049128562355,0.5865427407550001,Δo > Δ,1,5,1,10
1206500136,edf_weibull,logbetaprime,0.0496049128562355,0.5865427407550001,Δo > Δ,1,5,1,11
1206500136,edf_california,johnsonsu,0.1369273590986228,0.5865427407550001,Δo > Δ,1,5,1,12
13027040,edf_hazen,logbetaprime,0.1033916600691072,0.5865427407550001,Δo > Δ,1,5,1,1
13027040,edf_gringorten,logbetaprime,0.1080791600691072,0.5865427407550001,Δo > Δ,1,5,1,2
13027040,edf_cunnane,logbetaprime,0.1110839677614149,0.5865427407550001,Δo > Δ,1,5,1,3
13027040,edf_blom,logbetaprime,0.1129154695929167,0.5865427407550001,Δo > Δ,1,5,1,4
13027040,edf_tukey,logbetaprime,0.1158916600691072,0.5865427407550001,Δo > Δ,1,5,1,5
13027040,edf_filliben,logbetaprime,0.1169983702275415,0.5865427407550001,Δo > Δ,1,5,1,6
13027040,edf_beard,logbetaprime,0.1175180541211518,0.5865427407550001,Δo > Δ,1,5,1,7
13027040,edf_jenkinson,logbetaprime,0.1175180541211518,0.5865427407550001,Δo > Δ,1,5,1,8
13027040,edf_chegodayev,logbetaprime,0.1182064748839221,0.5865427407550001,Δo > Δ,1,5,1,9
13027040,edf_adamowski,logbetaprime,0.1215734782509254,0.5865427407550001,Δo > Δ,1,5,1,10
13027040,edf_weibull,loginvweibull,0.1249741605333081,0.5865427407550001,Δo > Δ,1,5,1,11
13027040,edf_california,laplace_asymmetric,0.1388896859526154,0.5865427407550001,Δo > Δ,1,5,1,12
1303500129,edf_hazen,logfisk,0.0972334737344263,0.5865427407550001,Δo > Δ,1,5,1,1
1303500129,edf_gringorten,logfisk,0.1011550315093431,0.5865427407550001,Δo > Δ,1,5,1,2
1303500129,edf_cunnane,logfisk,0.1041598392016508,0.5865427407550001,Δo > Δ,1,5,1,3
1303500129,edf_blom,logfisk,0.1059913410331526,0.5865427407550001,Δo > Δ,1,5,1,4
1303500129,edf_tukey,logfisk,0.1089675315093431,0.5865427407550001,Δo > Δ,1,5,1,5
1303500129,edf_filliben,logfisk,0.1100742416677774,0.5865427407550001,Δo > Δ,1,5,1,6
1303500129,edf_beard,logfisk,0.1105939255613877,0.5865427407550001,Δo > Δ,1,5,1,7
1303500129,edf_jenkinson,logfisk,0.1105939255613877,0.5865427407550001,Δo > Δ,1,5,1,8
1303500129,edf_chegodayev,logfisk,0.111282346324158,0.5865427407550001,Δo > Δ,1,5,1,9
1303500129,edf_adamowski,logfisk,0.1146493496911613,0.5865427407550001,Δo > Δ,1,5,1,10
1303500129,edf_weibull,ncf,0.119313548508839,0.5865427407550001,Δo > Δ,1,5,1,11
1303500129,edf_california,chi2,0.1422134920169763,0.5865427407550001,Δo > Δ,1,5,1,12
13035501,edf_california,t,0.0737777446019172,0.4472608134160001,Δo > Δ,1,8,1,1
13035501,edf_hazen,logt,0.0972021927339703,0.4472608134160001,Δo > Δ,1,8,1,2
13035501,edf_gringorten,logt,0.1018204193349555,0.4472608134160001,Δo > Δ,1,8,1,3
13035501,edf_blom,invgamma,0.1021089717750111,0.4472608134160001,Δo > Δ,1,8,1,4
13035501,edf_cunnane,invgamma,0.1023630863101059,0.4472608134160001,Δo > Δ,1,8,1,5
13035501,edf_tukey,invgamma,0.105139274805314,0.4472608134160001,Δo > Δ,1,8,1,6
13035501,edf_filliben,invgamma,0.1062749592045968,0.4472608134160001,Δo > Δ,1,8,1,7
13035501,edf_jenkinson,invgamma,0.1068099191967222,0.4472608134160001,Δo > Δ,1,8,1,8
13035501,edf_beard,invgamma,0.1068099191967222,0.4472608134160001,Δo > Δ,1,8,1,9
13035501,edf_chegodayev,invgamma,0.1075202271862665,0.4472608134160001,Δo > Δ,1,8,1,10
13035501,edf_adamowski,fatiguelife,0.1075283227411584,0.4472608134160001,Δo > Δ,1,8,1,11
13035501,edf_weibull,logpearson3,0.1090577091462033,0.4472608134160001,Δo > Δ,1,8,1,12
13055040,edf_hazen,fisk,0.0884983849541953,0.3761373588009999,Δo > Δ,1,11,1,1
13055040,edf_gringorten,fisk,0.0924225183747316,0.3761373588009999,Δo > Δ,1,11,1,2
13055040,edf_cunnane,fisk,0.0949918914477018,0.3761373588009999,Δo > Δ,1,11,1,3
13055040,edf_blom,logpearson3,0.0964406658726902,0.3761373588009999,Δo > Δ,1,11,1,4
13055040,edf_tukey,logpearson3,0.0984014501864158,0.3761373588009999,Δo > Δ,1,11,1,5
13055040,edf_filliben,logpearson3,0.0991390087382132,0.3761373588009999,Δo > Δ,1,11,1,6
13055040,edf_beard,logpearson3,0.0994869458961233,0.3761373588009999,Δo > Δ,1,11,1,7
13055040,edf_jenkinson,logpearson3,0.0994869458961233,0.3761373588009999,Δo > Δ,1,11,1,8
13055040,edf_chegodayev,logpearson3,0.0999494378025149,0.3761373588009999,Δo > Δ,1,11,1,9
13055040,edf_adamowski,logpearson3,0.1022377673219656,0.3761373588009999,Δo > Δ,1,11,1,10
13055040,edf_weibull,logpearson3,0.1163093852106414,0.3761373588009999,Δo > Δ,1,11,1,11
13055040,edf_california,laplace_asymmetric,0.1232030727339674,0.3761373588009999,Δo > Δ,1,11,1,12
13057010,edf_hazen,logjohnsonsu,0.0728798741607094,0.3366456264050002,Δo > Δ,1,15,1,1
13057010,edf_gringorten,logjohnsonsu,0.0749962762771115,0.3366456264050002,Δo > Δ,1,15,1,2
13057010,edf_cunnane,logjohnsonsu,0.0763886460905339,0.3366456264050002,Δo > Δ,1,15,1,3
13057010,edf_blom,logjohnsonsu,0.0772514588601629,0.3366456264050002,Δo > Δ,1,15,1,4
13057010,edf_tukey,logjohnsonsu,0.0786769756099847,0.3366456264050002,Δo > Δ,1,15,1,5
13057010,edf_filliben,logjohnsonsu,0.0792146176252934,0.3366456264050002,Δo > Δ,1,15,1,6
13057010,edf_beard,logjohnsonsu,0.0794685174203539,0.3366456264050002,Δo > Δ,1,15,1,7
13057010,edf_jenkinson,logjohnsonsu,0.0794685174203539,0.3366456264050002,Δo > Δ,1,15,1,8
13057010,edf_chegodayev,logjohnsonsu,0.0798062810871163,0.3366456264050002,Δo > Δ,1,15,1,9
13057010,edf_adamowski,logjohnsonsu,0.0814820246983438,0.3366456264050002,Δo > Δ,1,15,1,10
13057010,edf_weibull,loglaplace_asymmetric,0.0869788799924382,0.3366456264050002,Δo > Δ,1,15,1,11
13057010,edf_california,logjohnsonsu,0.1062132074940427,0.3366456264050002,Δo > Δ,1,15,1,12
13067020,edf_adamowski,fatiguelife,0.076467958837093,0.4472608134160001,Δo > Δ,1,8,1,1
13067020,edf_hazen,loggompertz,0.0776379310212389,0.4472608134160001,Δo > Δ,1,8,1,2
13067020,edf_chegodayev,fatiguelife,0.0799693593973171,0.4472608134160001,Δo > Δ,1,8,1,3
13067020,edf_weibull,fatiguelife,0.0802636026638074,0.4472608134160001,Δo > Δ,1,8,1,4
13067020,edf_gringorten,loggompertz,0.0804088669818301,0.4472608134160001,Δo > Δ,1,8,1,5
13067020,edf_beard,fatiguelife,0.0806796673868614,0.4472608134160001,Δo > Δ,1,8,1,6
13067020,edf_jenkinson,fatiguelife,0.0806796673868614,0.4472608134160001,Δo > Δ,1,8,1,7
13067020,edf_filliben,fatiguelife,0.0812146273789868,0.4472608134160001,Δo > Δ,1,8,1,8
13067020,edf_cunnane,loggompertz,0.0822111017529463,0.4472608134160001,Δo > Δ,1,8,1,9
13067020,edf_tukey,fatiguelife,0.0823503117782695,0.4472608134160001,Δo > Δ,1,8,1,10
13067020,edf_blom,loggompertz,0.0833197492030571,0.4472608134160001,Δo > Δ,1,8,1,11
13067020,edf_california,nct,0.088524490460209,0.4472608134160001,Δo > Δ,1,8,1,12
13077060,edf_hazen,exponnorm,0.0271517048302689,0.530385761606,Δo > Δ,1,6,1,1
13077060,edf_gringorten,exponnorm,0.0345581216949164,0.530385761606,Δo > Δ,1,6,1,2
13077060,edf_cunnane,exponnorm,0.0398290472694473,0.530385761606,Δo > Δ,1,6,1,3
13077060,edf_blom,exponnorm,0.0430548537210602,0.530385761606,Δo > Δ,1,6,1,4
13077060,edf_tukey,exponnorm,0.048318011615797,0.530385761606,Δo > Δ,1,6,1,5
13077060,edf_filliben,exponnorm,0.0502818765018928,0.530385761606,Δo > Δ,1,6,1,6
13077060,edf_beard,exponnorm,0.0512053239404959,0.530385761606,Δo > Δ,1,6,1,7
13077060,edf_jenkinson,exponnorm,0.0512053239404959,0.530385761606,Δo > Δ,1,6,1,8
13077060,edf_chegodayev,exponnorm,0.0524298537210601,0.530385761606,Δo > Δ,1,6,1,9
13077060,edf_adamowski,exponnorm,0.0584394691056756,0.530385761606,Δo > Δ,1,6,1,10
13077060,edf_weibull,laplace_asymmetric,0.0817734179621598,0.530385761606,Δo > Δ,1,6,1,11
13077060,edf_california,exponnorm,0.1097215203877268,0.530385761606,Δo > Δ,1,6,1,12
13085050,edf_hazen,logf,0.1397208001972721,0.5865427407550001,Δo > Δ,1,5,1,1
13085050,edf_california,loginvgamma,0.1421286265666086,0.5865427407550001,Δo > Δ,1,5,1,2
13085050,edf_gringorten,logf,0.1444083001972721,0.5865427407550001,Δo > Δ,1,5,1,3
13085050,edf_cunnane,logf,0.1474131078895798,0.5865427407550001,Δo > Δ,1,5,1,4
13085050,edf_blom,logf,0.1492446097210816,0.5865427407550001,Δo > Δ,1,5,1,5
13085050,edf_tukey,logf,0.1522208001972721,0.5865427407550001,Δo > Δ,1,5,1,6
13085050,edf_adamowski,pareto,0.1531532191713515,0.5865427407550001,Δo > Δ,1,5,1,7
13085050,edf_filliben,logf,0.1533275103557064,0.5865427407550001,Δo > Δ,1,5,1,8
13085050,edf_beard,logf,0.1538471942493167,0.5865427407550001,Δo > Δ,1,5,1,9
13085050,edf_jenkinson,logf,0.1538471942493167,0.5865427407550001,Δo > Δ,1,5,1,10
13085050,edf_chegodayev,logf,0.154535615012087,0.5865427407550001,Δo > Δ,1,5,1,11
13085050,edf_weibull,pareto,0.1683047343228666,0.5865427407550001,Δo > Δ,1,5,1,12
13095010,edf_adamowski,laplace_asymmetric,0.0735427645984767,0.3942745923300002,Δo > Δ,1,10,1,1
13095010,edf_chegodayev,laplace_asymmetric,0.0749163909721031,0.3942745923300002,Δo > Δ,1,10,1,2
13095010,edf_jenkinson,laplace_asymmetric,0.075194292261565,0.3942745923300002,Δo > Δ,1,10,1,3
13095010,edf_beard,laplace_asymmetric,0.075194292261565,0.3942745923300002,Δo > Δ,1,10,1,4
13095010,edf_weibull,fisk,0.0753091338880539,0.3942745923300002,Δo > Δ,1,10,1,5
13095010,edf_filliben,laplace_asymmetric,0.0754034220307694,0.3942745923300002,Δo > Δ,1,10,1,6
13095010,edf_tukey,laplace_asymmetric,0.0758469120639144,0.3942745923300002,Δo > Δ,1,10,1,7
13095010,edf_blom,laplace_asymmetric,0.077027085155968,0.3942745923300002,Δo > Δ,1,10,1,8
13095010,edf_cunnane,laplace_asymmetric,0.0777444452707456,0.3942745923300002,Δo > Δ,1,10,1,9
13095010,edf_gringorten,laplace_asymmetric,0.0789069656148516,0.3942745923300002,Δo > Δ,1,10,1,10
13095010,edf_hazen,laplace_asymmetric,0.0806856217413338,0.3942745923300002,Δo > Δ,1,10,1,11
13095010,edf_california,loglaplace_asymmetric,0.086838194779357,0.3942745923300002,Δo > Δ,1,10,1,12
14015010,edf_adamowski,johnsonsu,0.0856974638785558,0.5865427407550001,Δo > Δ,1,5,1,1
14015010,edf_cunnane,johnsonsu,0.0856974638785558,0.5865427407550001,Δo > Δ,1,5,1,2
14015010,edf_jenkinson,johnsonsu,0.0856974638785558,0.5865427407550001,Δo > Δ,1,5,1,3
14015010,edf_filliben,johnsonsu,0.0856974638785558,0.5865427407550001,Δo > Δ,1,5,1,4
14015010,edf_gringorten,johnsonsu,0.0856974638785558,0.5865427407550001,Δo > Δ,1,5,1,5
14015010,edf_tukey,johnsonsu,0.0856974638785558,0.5865427407550001,Δo > Δ,1,5,1,6
14015010,edf_blom,johnsonsu,0.0856974638785558,0.5865427407550001,Δo > Δ,1,5,1,7
14015010,edf_chegodayev,johnsonsu,0.0856974638785558,0.5865427407550001,Δo > Δ,1,5,1,8
14015010,edf_beard,johnsonsu,0.0856974638785558,0.5865427407550001,Δo > Δ,1,5,1,9
14015010,edf_hazen,johnsonsu,0.0856974638785558,0.5865427407550001,Δo > Δ,1,5,1,10
14015010,edf_weibull,johnsonsu,0.111747130393162,0.5865427407550001,Δo > Δ,1,5,1,11
14015010,edf_california,gumbel_l,0.1471794233446357,0.5865427407550001,Δo > Δ,1,5,1,12
14015020,edf_hazen,lognct,0.0886174874767867,0.5865427407550001,Δo > Δ,1,5,1,1
14015020,edf_gringorten,lognct,0.0933049874767867,0.5865427407550001,Δo > Δ,1,5,1,2
14015020,edf_cunnane,lognct,0.0963097951690944,0.5865427407550001,Δo > Δ,1,5,1,3
14015020,edf_blom,lognct,0.0981412970005962,0.5865427407550001,Δo > Δ,1,5,1,4
14015020,edf_tukey,lognct,0.1011174874767867,0.5865427407550001,Δo > Δ,1,5,1,5
14015020,edf_filliben,lognct,0.102224197635221,0.5865427407550001,Δo > Δ,1,5,1,6
14015020,edf_beard,lognct,0.1027438815288313,0.5865427407550001,Δo > Δ,1,5,1,7
14015020,edf_jenkinson,lognct,0.1027438815288313,0.5865427407550001,Δo > Δ,1,5,1,8
14015020,edf_chegodayev,lognct,0.1034323022916016,0.5865427407550001,Δo > Δ,1,5,1,9
14015020,edf_adamowski,lognct,0.1067993056586049,0.5865427407550001,Δo > Δ,1,5,1,10
14015020,edf_weibull,lognct,0.1219508208101201,0.5865427407550001,Δo > Δ,1,5,1,11
14015020,edf_california,loginvgauss,0.1416397729336791,0.5865427407550001,Δo > Δ,1,5,1,12
14015080,edf_hazen,loghalflogistic,0.05555144580411,0.5865427407550001,Δo > Δ,1,5,1,1
14015080,edf_gringorten,loghalflogistic,0.0588137652619016,0.5865427407550001,Δo > Δ,1,5,1,2
14015080,edf_cunnane,loghalflogistic,0.0618185729542093,0.5865427407550001,Δo > Δ,1,5,1,3
14015080,edf_blom,loghalflogistic,0.0636500747857111,0.5865427407550001,Δo > Δ,1,5,1,4
14015080,edf_tukey,loghalflogistic,0.0693577470559816,0.5865427407550001,Δo > Δ,1,5,1,5
14015080,edf_filliben,loghalflogistic,0.0715711673728501,0.5865427407550001,Δo > Δ,1,5,1,6
14015080,edf_beard,loghalflogistic,0.0726105351600707,0.5865427407550001,Δo > Δ,1,5,1,7
14015080,edf_jenkinson,loghalflogistic,0.0726105351600707,0.5865427407550001,Δo > Δ,1,5,1,8
14015080,edf_chegodayev,loghalflogistic,0.0739873766856112,0.5865427407550001,Δo > Δ,1,5,1,9
14015080,edf_adamowski,loghalflogistic,0.0807213834196179,0.5865427407550001,Δo > Δ,1,5,1,10
14015080,edf_weibull,loginvgamma,0.1047037488894197,0.5865427407550001,Δo > Δ,1,5,1,11
14015080,edf_california,t,0.1146752995666041,0.5865427407550001,Δo > Δ,1,5,1,12
14017001,edf_hazen,rayleigh,0.1113394363203652,0.484420539261,Δo > Δ,1,7,1,1
14017001,edf_gringorten,rayleigh,0.1137471409752609,0.484420539261,Δo > Δ,1,7,1,2
14017001,edf_cunnane,rayleigh,0.1153076902886192,0.484420539261,Δo > Δ,1,7,1,3
14017001,edf_blom,rayleigh,0.1162655446947495,0.484420539261,Δo > Δ,1,7,1,4
14017001,edf_tukey,rayleigh,0.1178329428138717,0.484420539261,Δo > Δ,1,7,1,5
14017001,edf_filliben,rayleigh,0.1184192539908143,0.484420539261,Δo > Δ,1,7,1,6
14017001,edf_beard,rayleigh,0.1186952241639579,0.484420539261,Δo > Δ,1,7,1,7
14017001,edf_jenkinson,rayleigh,0.1186952241639579,0.484420539261,Δo > Δ,1,7,1,8
14017001,edf_chegodayev,rayleigh,0.1190614440423729,0.484420539261,Δo > Δ,1,7,1,9
14017001,edf_adamowski,rayleigh,0.1208632458441747,0.484420539261,Δo > Δ,1,7,1,10
14017001,edf_weibull,genlogistic,0.1298495660757356,0.484420539261,Δo > Δ,1,7,1,11
14017001,edf_california,mielke,0.1428492733759801,0.484420539261,Δo > Δ,1,7,1,12
14019030,edf_hazen,logpearson3,0.0655437820062559,0.3761373588009999,Δo > Δ,1,11,1,1
14019030,edf_adamowski,fisk,0.0658394806815184,0.3761373588009999,Δo > Δ,1,11,1,2
14019030,edf_chegodayev,fisk,0.066602257188002,0.3761373588009999,Δo > Δ,1,11,1,3
14019030,edf_jenkinson,fisk,0.0667564211567992,0.3761373588009999,Δo > Δ,1,11,1,4
14019030,edf_beard,fisk,0.0667564211567992,0.3761373588009999,Δo > Δ,1,11,1,5
14019030,edf_filliben,fisk,0.0668724002094359,0.3761373588009999,Δo > Δ,1,11,1,6
14019030,edf_tukey,fisk,0.067118253060035,0.3761373588009999,Δo > Δ,1,11,1,7
14019030,edf_blom,fisk,0.0677718478312768,0.3761373588009999,Δo > Δ,1,11,1,8
14019030,edf_cunnane,fisk,0.0681686732281022,0.3761373588009999,Δo > Δ,1,11,1,9
14019030,edf_gringorten,fisk,0.0688110164963448,0.3761373588009999,Δo > Δ,1,11,1,10
14019030,edf_weibull,logfisk,0.0724793508591467,0.3761373588009999,Δo > Δ,1,11,1,11
14019030,edf_california,loghypsecant,0.0837616674092549,0.3761373588009999,Δo > Δ,1,11,1,12
1501500054,edf_hazen,gumbel_l,0.0603187502770695,0.5865427407550001,Δo > Δ,1,5,1,1
1501500054,edf_cunnane,pearson3,0.0615257797794526,0.5865427407550001,Δo > Δ,1,5,1,2
1501500054,edf_gringorten,pearson3,0.0615257797794526,0.5865427407550001,Δo > Δ,1,5,1,3
1501500054,edf_blom,pearson3,0.0649043648007059,0.5865427407550001,Δo > Δ,1,5,1,4
1501500054,edf_tukey,pearson3,0.0708567457530869,0.5865427407550001,Δo > Δ,1,5,1,5
1501500054,edf_filliben,pearson3,0.0730701660699555,0.5865427407550001,Δo > Δ,1,5,1,6
1501500054,edf_beard,pearson3,0.0741095338571761,0.5865427407550001,Δo > Δ,1,5,1,7
1501500054,edf_jenkinson,pearson3,0.0741095338571761,0.5865427407550001,Δo > Δ,1,5,1,8
1501500054,edf_chegodayev,gumbel_l,0.0751335650918844,0.5865427407550001,Δo > Δ,1,5,1,9
1501500054,edf_adamowski,gumbel_l,0.0813680424104823,0.5865427407550001,Δo > Δ,1,5,1,10
1501500054,edf_weibull,gumbel_l,0.1116710727135126,0.5865427407550001,Δo > Δ,1,5,1,11
1501500054,edf_california,laplace_asymmetric,0.1327956453298924,0.5865427407550001,Δo > Δ,1,5,1,12
15015100,edf_gringorten,genlogistic,0.056644159090301,0.5865427407550001,Δo > Δ,1,5,1,1
15015100,edf_blom,exponnorm,0.0579294440503963,0.5865427407550001,Δo > Δ,1,5,1,2
15015100,edf_cunnane,exponnorm,0.0595995839504848,0.5865427407550001,Δo > Δ,1,5,1,3
15015100,edf_hazen,genlogistic,0.0608860556075656,0.5865427407550001,Δo > Δ,1,5,1,4
15015100,edf_tukey,exponnorm,0.0638818250027773,0.5865427407550001,Δo > Δ,1,5,1,5
15015100,edf_filliben,exponnorm,0.0660952453196459,0.5865427407550001,Δo > Δ,1,5,1,6
15015100,edf_beard,exponnorm,0.0671346131068665,0.5865427407550001,Δo > Δ,1,5,1,7
15015100,edf_jenkinson,exponnorm,0.0671346131068665,0.5865427407550001,Δo > Δ,1,5,1,8
15015100,edf_chegodayev,exponnorm,0.0685114546324069,0.5865427407550001,Δo > Δ,1,5,1,9
15015100,edf_adamowski,exponnorm,0.0752454613664136,0.5865427407550001,Δo > Δ,1,5,1,10
15015100,edf_weibull,exponnorm,0.105548491669444,0.5865427407550001,Δo > Δ,1,5,1,11
15015100,edf_california,fisk,0.1450714119888079,0.5865427407550001,Δo > Δ,1,5,1,12
15015120,edf_cunnane,logjohnsonsu,0.0480508074809119,0.3366456264050002,Δo > Δ,1,15,1,1
15015120,edf_blom,logjohnsonsu,0.0491328100929325,0.3366456264050002,Δo > Δ,1,15,1,2
15015120,edf_gringorten,logjohnsonsu,0.0493717649028976,0.3366456264050002,Δo > Δ,1,15,1,3
15015120,edf_tukey,logjohnsonsu,0.0512710852176652,0.3366456264050002,Δo > Δ,1,15,1,4
15015120,edf_hazen,logjohnsonsu,0.0520172675484001,0.3366456264050002,Δo > Δ,1,15,1,5
15015120,edf_filliben,logjohnsonsu,0.0520775482406282,0.3366456264050002,Δo > Δ,1,15,1,6
15015120,edf_beard,logjohnsonsu,0.052458397933219,0.3366456264050002,Δo > Δ,1,15,1,7
15015120,edf_jenkinson,logjohnsonsu,0.052458397933219,0.3366456264050002,Δo > Δ,1,15,1,8
15015120,edf_chegodayev,logjohnsonsu,0.0529650434333626,0.3366456264050002,Δo > Δ,1,15,1,9
15015120,edf_adamowski,johnsonsu,0.0549896934105493,0.3366456264050002,Δo > Δ,1,15,1,10
15015120,edf_weibull,johnsonsu,0.0670864676040977,0.3366456264050002,Δo > Δ,1,15,1,11
15015120,edf_california,loglaplace,0.0816420192038606,0.3366456264050002,Δo > Δ,1,15,1,12
15017030,edf_hazen,mielke,0.1029351704441121,0.5865427407550001,Δo > Δ,1,5,1,1
15017030,edf_gringorten,mielke,0.1076226704441121,0.5865427407550001,Δo > Δ,1,5,1,2
15017030,edf_cunnane,mielke,0.1106274781364198,0.5865427407550001,Δo > Δ,1,5,1,3
15017030,edf_blom,mielke,0.1124589799679217,0.5865427407550001,Δo > Δ,1,5,1,4
15017030,edf_tukey,mielke,0.1154351704441121,0.5865427407550001,Δo > Δ,1,5,1,5
15017030,edf_filliben,mielke,0.1165418806025464,0.5865427407550001,Δo > Δ,1,5,1,6
15017030,edf_beard,mielke,0.1170615644961567,0.5865427407550001,Δo > Δ,1,5,1,7
15017030,edf_jenkinson,mielke,0.1170615644961567,0.5865427407550001,Δo > Δ,1,5,1,8
15017030,edf_chegodayev,mielke,0.1177499852589269,0.5865427407550001,Δo > Δ,1,5,1,9
15017030,edf_adamowski,mielke,0.1211169886259303,0.5865427407550001,Δo > Δ,1,5,1,10
15017030,edf_weibull,logpearson3,0.1325127189746401,0.5865427407550001,Δo > Δ,1,5,1,11
15017030,edf_california,nct,0.1402824742085544,0.5865427407550001,Δo > Δ,1,5,1,12
15017060,edf_blom,loglaplace,0.0823648803605633,0.530385761606,Δo > Δ,1,6,1,1
15017060,edf_tukey,loglaplace,0.0826931485263355,0.530385761606,Δo > Δ,1,6,1,2
15017060,edf_cunnane,loglaplace,0.0830100416508859,0.530385761606,Δo > Δ,1,6,1,3
15017060,edf_filliben,loglaplace,0.0830859215035547,0.530385761606,Δo > Δ,1,6,1,4
15017060,edf_jenkinson,loglaplace,0.0832706109912754,0.530385761606,Δo > Δ,1,6,1,5
15017060,edf_beard,loglaplace,0.0832706109912754,0.530385761606,Δo > Δ,1,6,1,6
15017060,edf_chegodayev,loglaplace,0.0835155169473882,0.530385761606,Δo > Δ,1,6,1,7
15017060,edf_gringorten,loglaplace,0.0840642267657921,0.530385761606,Δo > Δ,1,6,1,8
15017060,edf_adamowski,loglaplace,0.0847174400243113,0.530385761606,Δo > Δ,1,6,1,9
15017060,edf_hazen,loglaplace,0.0856982136938966,0.530385761606,Δo > Δ,1,6,1,10
15017060,edf_weibull,exponnorm,0.0959915688935993,0.530385761606,Δo > Δ,1,6,1,11
15017060,edf_california,loggumbel_r,0.1594180570071639,0.530385761606,Δo > Δ,1,6,1,12
15035020,edf_hazen,nakagami,0.1071256899516757,0.5865427407550001,Δo > Δ,1,5,1,1
15035020,edf_gringorten,nakagami,0.1104068103499757,0.5865427407550001,Δo > Δ,1,5,1,2
15035020,edf_cunnane,nakagami,0.1153833870954911,0.5865427407550001,Δo > Δ,1,5,1,3
15035020,edf_blom,nakagami,0.1190463907584947,0.5865427407550001,Δo > Δ,1,5,1,4
15035020,edf_tukey,nakagami,0.1249987717108757,0.5865427407550001,Δo > Δ,1,5,1,5
15035020,edf_filliben,nakagami,0.1272121920277443,0.5865427407550001,Δo > Δ,1,5,1,6
15035020,edf_beard,nakagami,0.1282515598149649,0.5865427407550001,Δo > Δ,1,5,1,7
15035020,edf_jenkinson,nakagami,0.1282515598149649,0.5865427407550001,Δo > Δ,1,5,1,8
15035020,edf_chegodayev,nakagami,0.1296284013405053,0.5865427407550001,Δo > Δ,1,5,1,9
15035020,edf_adamowski,nakagami,0.136362408074512,0.5865427407550001,Δo > Δ,1,5,1,10
15035020,edf_weibull,rayleigh,0.1572652537677423,0.5865427407550001,Δo > Δ,1,5,1,11
15035020,edf_california,loginvgauss,0.1807462465862535,0.5865427407550001,Δo > Δ,1,5,1,12
15065040,edf_hazen,logjohnsonsu,0.0990670047203098,0.417612680231,Δo > Δ,1,9,1,1
15065040,edf_gringorten,logjohnsonsu,0.1019909813284969,0.417612680231,Δo > Δ,1,9,1,2
15065040,edf_cunnane,logjohnsonsu,0.1038979225947059,0.417612680231,Δo > Δ,1,9,1,3
15065040,edf_blom,logjohnsonsu,0.1050730107263158,0.417612680231,Δo > Δ,1,9,1,4
15065040,edf_tukey,logjohnsonsu,0.1070035126568177,0.417612680231,Δo > Δ,1,9,1,5
15065040,edf_filliben,logjohnsonsu,0.107728095068533,0.417612680231,Δo > Δ,1,9,1,6
15065040,edf_beard,logjohnsonsu,0.1080696107378411,0.417612680231,Δo > Δ,1,9,1,7
15065040,edf_jenkinson,logjohnsonsu,0.1080696107378411,0.417612680231,Δo > Δ,1,9,1,8
15065040,edf_chegodayev,logjohnsonsu,0.1085232694957235,0.417612680231,Δo > Δ,1,9,1,9
15065040,edf_adamowski,logjohnsonsu,0.1107629111530583,0.417612680231,Δo > Δ,1,9,1,10
15065040,edf_weibull,logjohnsonsu,0.121289226942532,0.417612680231,Δo > Δ,1,9,1,11
15065040,edf_california,loggumbel_l,0.139490906174737,0.417612680231,Δo > Δ,1,9,1,12
15065180,edf_gringorten,logfisk,0.0619108971785586,0.417612680231,Δo > Δ,1,9,1,1
15065180,edf_cunnane,logfisk,0.0624520546613507,0.417612680231,Δo > Δ,1,9,1,2
15065180,edf_blom,logfisk,0.0642146868587655,0.417612680231,Δo > Δ,1,9,1,3
15065180,edf_tukey,logfisk,0.0671104397545184,0.417612680231,Δo > Δ,1,9,1,4
15065180,edf_hazen,logfisk,0.0677588503949327,0.417612680231,Δo > Δ,1,9,1,5
15065180,edf_filliben,logfisk,0.0681973133720914,0.417612680231,Δo > Δ,1,9,1,6
15065180,edf_beard,logfisk,0.0687095868760536,0.417612680231,Δo > Δ,1,9,1,7
15065180,edf_jenkinson,logfisk,0.0687095868760536,0.417612680231,Δo > Δ,1,9,1,8
15065180,edf_chegodayev,logfisk,0.0693900750128771,0.417612680231,Δo > Δ,1,9,1,9
15065180,edf_adamowski,logfisk,0.0727495374988793,0.417612680231,Δo > Δ,1,9,1,10
15065180,edf_weibull,johnsonsu,0.0794445088451075,0.417612680231,Δo > Δ,1,9,1,11
15065180,edf_california,fatiguelife,0.0804326727859672,0.417612680231,Δo > Δ,1,9,1,12
15065190,edf_hazen,halfnorm,0.0672788774872984,0.417612680231,Δo > Δ,1,9,1,1
15065190,edf_gringorten,chi2,0.0687180067924468,0.417612680231,Δo > Δ,1,9,1,2
15065190,edf_cunnane,chi2,0.0715784186917604,0.417612680231,Δo > Δ,1,9,1,3
15065190,edf_blom,exponnorm,0.0726520292984953,0.417612680231,Δo > Δ,1,9,1,4
15065190,edf_tukey,exponnorm,0.0748054335892262,0.417612680231,Δo > Δ,1,9,1,5
15065190,edf_filliben,exponnorm,0.0758923072067991,0.417612680231,Δo > Δ,1,9,1,6
15065190,edf_beard,exponnorm,0.0764045807107614,0.417612680231,Δo > Δ,1,9,1,7
15065190,edf_jenkinson,exponnorm,0.0764045807107614,0.417612680231,Δo > Δ,1,9,1,8
15065190,edf_chegodayev,exponnorm,0.0770850688475848,0.417612680231,Δo > Δ,1,9,1,9
15065190,edf_adamowski,fisk,0.0804383485795012,0.417612680231,Δo > Δ,1,9,1,10
15065190,edf_weibull,fisk,0.09326874431977,0.417612680231,Δo > Δ,1,9,1,11
15065190,edf_california,mielke,0.111111014889123,0.417612680231,Δo > Δ,1,9,1,12
15065501,edf_weibull,logexponnorm,0.1248140078257804,0.5865427407550001,Δo > Δ,1,5,1,1
15065501,edf_adamowski,logexponnorm,0.1399655229772956,0.5865427407550001,Δo > Δ,1,5,1,2
15065501,edf_chegodayev,logexponnorm,0.143332526344299,0.5865427407550001,Δo > Δ,1,5,1,3
15065501,edf_jenkinson,logexponnorm,0.1440209471070691,0.5865427407550001,Δo > Δ,1,5,1,4
15065501,edf_beard,logexponnorm,0.1440209471070691,0.5865427407550001,Δo > Δ,1,5,1,5
15065501,edf_filliben,logexponnorm,0.1445406310006795,0.5865427407550001,Δo > Δ,1,5,1,6
15065501,edf_tukey,logexponnorm,0.1456473411591137,0.5865427407550001,Δo > Δ,1,5,1,7
15065501,edf_blom,logexponnorm,0.1486235316353042,0.5865427407550001,Δo > Δ,1,5,1,8
15065501,edf_cunnane,logexponnorm,0.150455033466806,0.5865427407550001,Δo > Δ,1,5,1,9
15065501,edf_gringorten,logexponnorm,0.1534598411591137,0.5865427407550001,Δo > Δ,1,5,1,10
15065501,edf_hazen,logexponnorm,0.1581473411591137,0.5865427407550001,Δo > Δ,1,5,1,11
15065501,edf_california,erlang,0.199999983770399,0.5865427407550001,Δo > Δ,1,5,1,12
15067020,edf_hazen,fisk,0.0662195089255144,0.417612680231,Δo > Δ,1,9,1,1
15067020,edf_gringorten,fisk,0.0706054738377951,0.417612680231,Δo > Δ,1,9,1,2
15067020,edf_cunnane,fisk,0.0734658857371086,0.417612680231,Δo > Δ,1,9,1,3
15067020,edf_blom,fisk,0.0752285179345234,0.417612680231,Δo > Δ,1,9,1,4
15067020,edf_tukey,fisk,0.0781242708302764,0.417612680231,Δo > Δ,1,9,1,5
15067020,edf_filliben,fisk,0.0792111444478493,0.417612680231,Δo > Δ,1,9,1,6
15067020,edf_beard,fisk,0.0797234179518115,0.417612680231,Δo > Δ,1,9,1,7
15067020,edf_jenkinson,fisk,0.0797234179518115,0.417612680231,Δo > Δ,1,9,1,8
15067020,edf_chegodayev,fisk,0.080403906088635,0.417612680231,Δo > Δ,1,9,1,9
15067020,edf_adamowski,fisk,0.0837633685746372,0.417612680231,Δo > Δ,1,9,1,10
15067020,edf_california,loggumbel_r,0.0985501711351799,0.417612680231,Δo > Δ,1,9,1,11
15067020,edf_weibull,fisk,0.0995528422588477,0.417612680231,Δo > Δ,1,9,1,12
15067220,edf_adamowski,loginvweibull,0.0604322632352688,0.484420539261,Δo > Δ,1,7,1,1
15067220,edf_jenkinson,loginvweibull,0.0604322632352688,0.484420539261,Δo > Δ,1,7,1,2
15067220,edf_filliben,loginvweibull,0.0604322632352688,0.484420539261,Δo > Δ,1,7,1,3
15067220,edf_tukey,loginvweibull,0.0604322632352688,0.484420539261,Δo > Δ,1,7,1,4
15067220,edf_chegodayev,loginvweibull,0.0604322632352688,0.484420539261,Δo > Δ,1,7,1,5
15067220,edf_beard,loginvweibull,0.0604322632352688,0.484420539261,Δo > Δ,1,7,1,6
15067220,edf_blom,loginvweibull,0.0611109342088142,0.484420539261,Δo > Δ,1,7,1,7
15067220,edf_cunnane,logalpha,0.0620476342234113,0.484420539261,Δo > Δ,1,7,1,8
15067220,edf_gringorten,logalpha,0.0620476342234113,0.484420539261,Δo > Δ,1,7,1,9
15067220,edf_hazen,logalpha,0.0639570509825865,0.484420539261,Δo > Δ,1,7,1,10
15067220,edf_weibull,logalpha,0.0841884707014407,0.484420539261,Δo > Δ,1,7,1,11
15067220,edf_california,logt,0.0987551046010049,0.484420539261,Δo > Δ,1,7,1,12
15075150,edf_hazen,ncf,0.1063766261536433,0.5865427407550001,Δo > Δ,1,5,1,1
15075150,edf_gringorten,ncf,0.1110641261536432,0.5865427407550001,Δo > Δ,1,5,1,2
15075150,edf_cunnane,ncf,0.1151292361436617,0.5865427407550001,Δo > Δ,1,5,1,3
15075150,edf_blom,ncf,0.1187922398066654,0.5865427407550001,Δo > Δ,1,5,1,4
15075150,edf_filliben,logpearson3,0.1243351526896114,0.5865427407550001,Δo > Δ,1,5,1,5
15075150,edf_jenkinson,logpearson3,0.1243351526896114,0.5865427407550001,Δo > Δ,1,5,1,6
15075150,edf_tukey,logpearson3,0.1243351526896114,0.5865427407550001,Δo > Δ,1,5,1,7
15075150,edf_adamowski,logpearson3,0.1243351526896114,0.5865427407550001,Δo > Δ,1,5,1,8
15075150,edf_chegodayev,logpearson3,0.1243351526896114,0.5865427407550001,Δo > Δ,1,5,1,9
15075150,edf_beard,logpearson3,0.1243351526896114,0.5865427407550001,Δo > Δ,1,5,1,10
15075150,edf_weibull,logpearson3,0.1243351526896114,0.5865427407550001,Δo > Δ,1,5,1,11
15075150,edf_california,loglaplace,0.1637561680680744,0.5865427407550001,Δo > Δ,1,5,1,12
15075501,edf_hazen,logmielke,0.0263718119681091,0.530385761606,Δo > Δ,1,6,1,1
15075501,edf_gringorten,logmielke,0.0312737727524228,0.530385761606,Δo > Δ,1,6,1,2
15075501,edf_cunnane,logmielke,0.0355011714283726,0.530385761606,Δo > Δ,1,6,1,3
15075501,edf_blom,logmielke,0.0387269778799855,0.530385761606,Δo > Δ,1,6,1,4
15075501,edf_tukey,logmielke,0.0439901357747224,0.530385761606,Δo > Δ,1,6,1,5
15075501,edf_filliben,logmielke,0.0459540006608182,0.530385761606,Δo > Δ,1,6,1,6
15075501,edf_beard,logmielke,0.0468774480994213,0.530385761606,Δo > Δ,1,6,1,7
15075501,edf_jenkinson,logmielke,0.0468774480994213,0.530385761606,Δo > Δ,1,6,1,8
15075501,edf_chegodayev,logmielke,0.0481019778799855,0.530385761606,Δo > Δ,1,6,1,9
15075501,edf_adamowski,logmielke,0.0541115932646009,0.530385761606,Δo > Δ,1,6,1,10
15075501,edf_weibull,logmielke,0.0815841207371284,0.530385761606,Δo > Δ,1,6,1,11
15075501,edf_california,loglaplace_asymmetric,0.1061429550176751,0.530385761606,Δo > Δ,1,6,1,12
1508500053,edf_hazen,loglaplace_asymmetric,0.0450413906718523,0.530385761606,Δo > Δ,1,6,1,1
1508500053,edf_gringorten,loglaplace_asymmetric,0.0466753775999568,0.530385761606,Δo > Δ,1,6,1,2
1508500053,edf_cunnane,loglaplace_asymmetric,0.047729562714863,0.530385761606,Δo > Δ,1,6,1,3
1508500053,edf_blom,loglaplace_asymmetric,0.0496821762161421,0.530385761606,Δo > Δ,1,6,1,4
1508500053,edf_tukey,loggenlogistic,0.0512748085339935,0.530385761606,Δo > Δ,1,6,1,5
1508500053,edf_filliben,loggenlogistic,0.0530383114390368,0.530385761606,Δo > Δ,1,6,1,6
1508500053,edf_beard,loggenlogistic,0.0539617588776399,0.530385761606,Δo > Δ,1,6,1,7
1508500053,edf_jenkinson,loggenlogistic,0.0539617588776399,0.530385761606,Δo > Δ,1,6,1,8
1508500053,edf_chegodayev,loggenlogistic,0.0551862886582041,0.530385761606,Δo > Δ,1,6,1,9
1508500053,edf_adamowski,loggenlogistic,0.0611959040428196,0.530385761606,Δo > Δ,1,6,1,10
1508500053,edf_weibull,nct,0.0867858049177375,0.530385761606,Δo > Δ,1,6,1,11
1508500053,edf_california,t,0.1115928800883485,0.530385761606,Δo > Δ,1,6,1,12
15085050,edf_california,logexpon,0.1329619998653423,0.417612680231,Δo > Δ,1,9,1,1
15085050,edf_cunnane,logweibull_min,0.1331425676726643,0.417612680231,Δo > Δ,1,9,1,2
15085050,edf_gringorten,logweibull_min,0.1333725833101123,0.417612680231,Δo > Δ,1,9,1,3
15085050,edf_blom,logweibull_min,0.1337301117384692,0.417612680231,Δo > Δ,1,9,1,4
15085050,edf_tukey,logweibull_min,0.1346953627037203,0.417612680231,Δo > Δ,1,9,1,5
15085050,edf_filliben,logweibull_min,0.1350576539095779,0.417612680231,Δo > Δ,1,9,1,6
15085050,edf_beard,logweibull_min,0.1352284117442319,0.417612680231,Δo > Δ,1,9,1,7
15085050,edf_jenkinson,logweibull_min,0.1352284117442319,0.417612680231,Δo > Δ,1,9,1,8
15085050,edf_chegodayev,logweibull_min,0.1354552411231731,0.417612680231,Δo > Δ,1,9,1,9
15085050,edf_hazen,logweibull_min,0.1362965599182994,0.417612680231,Δo > Δ,1,9,1,10
15085050,edf_adamowski,logweibull_min,0.1365750619518405,0.417612680231,Δo > Δ,1,9,1,11
15085050,edf_weibull,lognakagami,0.1384657702259811,0.417612680231,Δo > Δ,1,9,1,12
1509500118,edf_hazen,logmielke,0.0265520251099093,0.5865427407550001,Δo > Δ,1,5,1,1
1509500118,edf_gringorten,logmielke,0.0359270251099093,0.5865427407550001,Δo > Δ,1,5,1,2
1509500118,edf_cunnane,logmielke,0.0419366404945247,0.5865427407550001,Δo > Δ,1,5,1,3
1509500118,edf_blom,logmielke,0.0455996441575283,0.5865427407550001,Δo > Δ,1,5,1,4
1509500118,edf_tukey,logmielke,0.0515520251099093,0.5865427407550001,Δo > Δ,1,5,1,5
1509500118,edf_filliben,logmielke,0.0537654454267779,0.5865427407550001,Δo > Δ,1,5,1,6
1509500118,edf_beard,logmielke,0.0548048132139985,0.5865427407550001,Δo > Δ,1,5,1,7
1509500118,edf_jenkinson,logmielke,0.0548048132139985,0.5865427407550001,Δo > Δ,1,5,1,8
1509500118,edf_chegodayev,logmielke,0.0561816547395389,0.5865427407550001,Δo > Δ,1,5,1,9
1509500118,edf_adamowski,logmielke,0.0629156614735457,0.5865427407550001,Δo > Δ,1,5,1,10
1509500118,edf_weibull,loglaplace_asymmetric,0.0878823579115352,0.5865427407550001,Δo > Δ,1,5,1,11
1509500118,edf_california,rayleigh,0.1253569235984255,0.5865427407550001,Δo > Δ,1,5,1,12
16015110,edf_hazen,johnsonsu,0.0555929661827031,0.3366456264050002,Δo > Δ,1,15,1,1
16015110,edf_cunnane,logjohnsonsu,0.0561854160252265,0.3366456264050002,Δo > Δ,1,15,1,2
16015110,edf_gringorten,logjohnsonsu,0.0563615702586196,0.3366456264050002,Δo > Δ,1,15,1,3
16015110,edf_blom,logjohnsonsu,0.0572639319872627,0.3366456264050002,Δo > Δ,1,15,1,4
16015110,edf_tukey,logjohnsonsu,0.05904582792454,0.3366456264050002,Δo > Δ,1,15,1,5
16015110,edf_filliben,logjohnsonsu,0.0597178804436758,0.3366456264050002,Δo > Δ,1,15,1,6
16015110,edf_beard,logjohnsonsu,0.0600352551875016,0.3366456264050002,Δo > Δ,1,15,1,7
16015110,edf_jenkinson,logjohnsonsu,0.0600352551875016,0.3366456264050002,Δo > Δ,1,15,1,8
16015110,edf_chegodayev,logjohnsonsu,0.0604574597709546,0.3366456264050002,Δo > Δ,1,15,1,9
16015110,edf_adamowski,logjohnsonsu,0.0625521392849888,0.3366456264050002,Δo > Δ,1,15,1,10
16015110,edf_california,logt,0.0692243790448506,0.3366456264050002,Δo > Δ,1,15,1,11
16015110,edf_weibull,logjohnsonsu,0.0726327844462791,0.3366456264050002,Δo > Δ,1,15,1,12
16015120,edf_weibull,logalpha,0.065302971850093,0.417612680231,Δo > Δ,1,9,1,1
16015120,edf_adamowski,logalpha,0.0664335178483388,0.417612680231,Δo > Δ,1,9,1,2
16015120,edf_chegodayev,logalpha,0.0686731595056736,0.417612680231,Δo > Δ,1,9,1,3
16015120,edf_jenkinson,logalpha,0.069126818263556,0.417612680231,Δo > Δ,1,9,1,4
16015120,edf_beard,logalpha,0.069126818263556,0.417612680231,Δo > Δ,1,9,1,5
16015120,edf_filliben,logalpha,0.0694683339328641,0.417612680231,Δo > Δ,1,9,1,6
16015120,edf_tukey,logalpha,0.0701929163445794,0.417612680231,Δo > Δ,1,9,1,7
16015120,edf_california,logt,0.0715546300676025,0.417612680231,Δo > Δ,1,9,1,8
16015120,edf_blom,logalpha,0.0721234182750814,0.417612680231,Δo > Δ,1,9,1,9
16015120,edf_cunnane,logalpha,0.0732985064066912,0.417612680231,Δo > Δ,1,9,1,10
16015120,edf_hazen,logt,0.0744854075087263,0.417612680231,Δo > Δ,1,9,1,11
16015120,edf_gringorten,logalpha,0.0752054476729002,0.417612680231,Δo > Δ,1,9,1,12
16015130,edf_adamowski,laplace,0.0658588847470891,0.3621841451959999,Δo > Δ,1,12,1,1
16015130,edf_chegodayev,laplace_asymmetric,0.0673615613729254,0.3621841451959999,Δo > Δ,1,12,1,2
16015130,edf_jenkinson,laplace_asymmetric,0.0675569858348567,0.3621841451959999,Δo > Δ,1,12,1,3
16015130,edf_beard,laplace_asymmetric,0.0675569858348567,0.3621841451959999,Δo > Δ,1,12,1,4
16015130,edf_filliben,laplace_asymmetric,0.0677039690532927,0.3621841451959999,Δo > Δ,1,12,1,5
16015130,edf_tukey,laplace_asymmetric,0.0680154410590631,0.3621841451959999,Δo > Δ,1,12,1,6
16015130,edf_blom,laplace_asymmetric,0.0688427990292783,0.3621841451959999,Δo > Δ,1,12,1,7
16015130,edf_cunnane,laplace_asymmetric,0.0693446391095727,0.3621841451959999,Δo > Δ,1,12,1,8
16015130,edf_gringorten,laplace_asymmetric,0.0701561956750653,0.3621841451959999,Δo > Δ,1,12,1,9
16015130,edf_hazen,laplace_asymmetric,0.0713938194374415,0.3621841451959999,Δo > Δ,1,12,1,10
16015130,edf_weibull,laplace,0.0776598656127912,0.3621841451959999,Δo > Δ,1,12,1,11
16015130,edf_california,logjohnsonsu,0.0903796260043805,0.3621841451959999,Δo > Δ,1,12,1,12
16015501,edf_weibull,logncf,0.1200828626340269,0.484420539261,Δo > Δ,1,7,1,1
16015501,edf_adamowski,logncf,0.1284161959673603,0.484420539261,Δo > Δ,1,7,1,2
16015501,edf_chegodayev,logncf,0.1302179977691621,0.484420539261,Δo > Δ,1,7,1,3
16015501,edf_jenkinson,logncf,0.1305842176475771,0.484420539261,Δo > Δ,1,7,1,4
16015501,edf_beard,logncf,0.1305842176475771,0.484420539261,Δo > Δ,1,7,1,5
16015501,edf_filliben,logncf,0.1308601878207207,0.484420539261,Δo > Δ,1,7,1,6
16015501,edf_tukey,logncf,0.1314464989976633,0.484420539261,Δo > Δ,1,7,1,7
16015501,edf_blom,logncf,0.1330138971167855,0.484420539261,Δo > Δ,1,7,1,8
16015501,edf_cunnane,logncf,0.1339717515229158,0.484420539261,Δo > Δ,1,7,1,9
16015501,edf_gringorten,logncf,0.1355323008362741,0.484420539261,Δo > Δ,1,7,1,10
16015501,edf_hazen,logncf,0.1379400054911698,0.484420539261,Δo > Δ,1,7,1,11
16015501,edf_california,lognakagami,0.1456946492431145,0.484420539261,Δo > Δ,1,7,1,12
16015502,edf_adamowski,logbetaprime,0.1308433086835487,0.484420539261,Δo > Δ,1,7,1,1
16015502,edf_cunnane,logbetaprime,0.1308433086835487,0.484420539261,Δo > Δ,1,7,1,2
16015502,edf_jenkinson,logbetaprime,0.1308433086835487,0.484420539261,Δo > Δ,1,7,1,3
16015502,edf_filliben,logbetaprime,0.1308433086835487,0.484420539261,Δo > Δ,1,7,1,4
16015502,edf_gringorten,logbetaprime,0.1308433086835487,0.484420539261,Δo > Δ,1,7,1,5
16015502,edf_tukey,logbetaprime,0.1308433086835487,0.484420539261,Δo > Δ,1,7,1,6
16015502,edf_blom,logbetaprime,0.1308433086835487,0.484420539261,Δo > Δ,1,7,1,7
16015502,edf_chegodayev,logbetaprime,0.1308433086835487,0.484420539261,Δo > Δ,1,7,1,8
16015502,edf_beard,logbetaprime,0.1308433086835487,0.484420539261,Δo > Δ,1,7,1,9
16015502,edf_weibull,logbetaprime,0.1308433086835487,0.484420539261,Δo > Δ,1,7,1,10
16015502,edf_hazen,logbetaprime,0.1308433086835487,0.484420539261,Δo > Δ,1,7,1,11
16015502,edf_california,loggenexpon,0.1398565540383328,0.484420539261,Δo > Δ,1,7,1,12
16017030,edf_hazen,johnsonsu,0.0863867244918521,0.5865427407550001,Δo > Δ,1,5,1,1
16017030,edf_gringorten,johnsonsu,0.0886906289353213,0.5865427407550001,Δo > Δ,1,5,1,2
16017030,edf_cunnane,johnsonsu,0.091695436627629,0.5865427407550001,Δo > Δ,1,5,1,3
16017030,edf_blom,johnsonsu,0.0935269384591308,0.5865427407550001,Δo > Δ,1,5,1,4
16017030,edf_tukey,johnsonsu,0.0965031289353213,0.5865427407550001,Δo > Δ,1,5,1,5
16017030,edf_filliben,johnsonsu,0.0976098390937555,0.5865427407550001,Δo > Δ,1,5,1,6
16017030,edf_beard,johnsonsu,0.0981295229873659,0.5865427407550001,Δo > Δ,1,5,1,7
16017030,edf_jenkinson,johnsonsu,0.0981295229873659,0.5865427407550001,Δo > Δ,1,5,1,8
16017030,edf_chegodayev,johnsonsu,0.098817943750136,0.5865427407550001,Δo > Δ,1,5,1,9
16017030,edf_adamowski,johnsonsu,0.1021849471171394,0.5865427407550001,Δo > Δ,1,5,1,10
16017030,edf_weibull,johnsonsu,0.1173364622686546,0.5865427407550001,Δo > Δ,1,5,1,11
16017030,edf_california,invgauss,0.1411938998966228,0.5865427407550001,Δo > Δ,1,5,1,12
1602500044,edf_hazen,logjohnsonsu,0.0894512413608112,0.5865427407550001,Δo > Δ,1,5,1,1
1602500044,edf_gringorten,rayleigh,0.0915984524739035,0.5865427407550001,Δo > Δ,1,5,1,2
1602500044,edf_cunnane,rayleigh,0.0944032000717696,0.5865427407550001,Δo > Δ,1,5,1,3
1602500044,edf_blom,rayleigh,0.0962347019032714,0.5865427407550001,Δo > Δ,1,5,1,4
1602500044,edf_tukey,rayleigh,0.0992108923794619,0.5865427407550001,Δo > Δ,1,5,1,5
1602500044,edf_filliben,rayleigh,0.1003176025378961,0.5865427407550001,Δo > Δ,1,5,1,6
1602500044,edf_beard,rayleigh,0.1008372864315065,0.5865427407550001,Δo > Δ,1,5,1,7
1602500044,edf_jenkinson,rayleigh,0.1008372864315065,0.5865427407550001,Δo > Δ,1,5,1,8
1602500044,edf_chegodayev,rayleigh,0.1015257071942766,0.5865427407550001,Δo > Δ,1,5,1,9
1602500044,edf_adamowski,rayleigh,0.10489271056128,0.5865427407550001,Δo > Δ,1,5,1,10
1602500044,edf_weibull,genlogistic,0.1169272550014498,0.5865427407550001,Δo > Δ,1,5,1,11
1602500044,edf_california,logalpha,0.1411858700305325,0.5865427407550001,Δo > Δ,1,5,1,12
1602500110,edf_hazen,nakagami,0.1038563591582852,0.5865427407550001,Δo > Δ,1,5,1,1
1602500110,edf_gringorten,nakagami,0.1093662676124364,0.5865427407550001,Δo > Δ,1,5,1,2
1602500110,edf_cunnane,nakagami,0.1153758829970518,0.5865427407550001,Δo > Δ,1,5,1,3
1602500110,edf_blom,nakagami,0.1190388866600554,0.5865427407550001,Δo > Δ,1,5,1,4
1602500110,edf_tukey,nakagami,0.1249912676124364,0.5865427407550001,Δo > Δ,1,5,1,5
1602500110,edf_filliben,nakagami,0.127204687929305,0.5865427407550001,Δo > Δ,1,5,1,6
1602500110,edf_beard,nakagami,0.1282440557165256,0.5865427407550001,Δo > Δ,1,5,1,7
1602500110,edf_jenkinson,nakagami,0.1282440557165256,0.5865427407550001,Δo > Δ,1,5,1,8
1602500110,edf_chegodayev,nakagami,0.129620897242066,0.5865427407550001,Δo > Δ,1,5,1,9
1602500110,edf_adamowski,nakagami,0.1363549039760727,0.5865427407550001,Δo > Δ,1,5,1,10
1602500110,edf_california,fatiguelife,0.1530007379331479,0.5865427407550001,Δo > Δ,1,5,1,11
1602500110,edf_weibull,logalpha,0.1564497879919906,0.5865427407550001,Δo > Δ,1,5,1,12
16025040,edf_hazen,logfisk,0.0242705187311341,0.530385761606,Δo > Δ,1,6,1,1
16025040,edf_gringorten,logfisk,0.032440453371657,0.530385761606,Δo > Δ,1,6,1,2
16025040,edf_cunnane,logfisk,0.0377113789461879,0.530385761606,Δo > Δ,1,6,1,3
16025040,edf_blom,logfisk,0.0409371853978008,0.530385761606,Δo > Δ,1,6,1,4
16025040,edf_tukey,logfisk,0.0462003432925376,0.530385761606,Δo > Δ,1,6,1,5
16025040,edf_filliben,logfisk,0.0481642081786335,0.530385761606,Δo > Δ,1,6,1,6
16025040,edf_beard,logfisk,0.0490876556172365,0.530385761606,Δo > Δ,1,6,1,7
16025040,edf_jenkinson,logfisk,0.0490876556172365,0.530385761606,Δo > Δ,1,6,1,8
16025040,edf_chegodayev,logfisk,0.0503121853978008,0.530385761606,Δo > Δ,1,6,1,9
16025040,edf_adamowski,logfisk,0.0563218007824162,0.530385761606,Δo > Δ,1,6,1,10
16025040,edf_california,t,0.056365110669902,0.530385761606,Δo > Δ,1,6,1,11
16025040,edf_weibull,loglaplace_asymmetric,0.076566624318046,0.530385761606,Δo > Δ,1,6,1,12
16025501,edf_tukey,loginvweibull,0.1106862174576916,0.530385761606,Δo > Δ,1,6,1,1
16025501,edf_filliben,loginvweibull,0.1111510390517107,0.530385761606,Δo > Δ,1,6,1,2
16025501,edf_jenkinson,loginvweibull,0.1117051075148725,0.530385761606,Δo > Δ,1,6,1,3
16025501,edf_beard,loginvweibull,0.1117051075148725,0.530385761606,Δo > Δ,1,6,1,4
16025501,edf_gringorten,logf,0.1119887697443372,0.530385761606,Δo > Δ,1,6,1,5
16025501,edf_chegodayev,loginvweibull,0.1124398253832111,0.530385761606,Δo > Δ,1,6,1,6
16025501,edf_cunnane,pareto,0.1135452464778885,0.530385761606,Δo > Δ,1,6,1,7
16025501,edf_blom,loginvweibull,0.1138441121945337,0.530385761606,Δo > Δ,1,6,1,8
16025501,edf_hazen,johnsonsu,0.1139746089254432,0.530385761606,Δo > Δ,1,6,1,9
16025501,edf_adamowski,invweibull,0.1157678710911936,0.530385761606,Δo > Δ,1,6,1,10
16025501,edf_california,logjohnsonsu,0.116160408371597,0.530385761606,Δo > Δ,1,6,1,11
16025501,edf_weibull,invweibull,0.1235269081933422,0.530385761606,Δo > Δ,1,6,1,12
16025503,edf_hazen,logt,0.1430679665884794,0.5865427407550001,Δo > Δ,1,5,1,1
16025503,edf_gringorten,logt,0.1477554665884794,0.5865427407550001,Δo > Δ,1,5,1,2
16025503,edf_cunnane,logt,0.1507602742807871,0.5865427407550001,Δo > Δ,1,5,1,3
16025503,edf_blom,logt,0.1525917761122889,0.5865427407550001,Δo > Δ,1,5,1,4
16025503,edf_tukey,logt,0.1555679665884794,0.5865427407550001,Δo > Δ,1,5,1,5
16025503,edf_filliben,logt,0.1566746767469137,0.5865427407550001,Δo > Δ,1,5,1,6
16025503,edf_beard,logt,0.157194360640524,0.5865427407550001,Δo > Δ,1,5,1,7
16025503,edf_jenkinson,logt,0.157194360640524,0.5865427407550001,Δo > Δ,1,5,1,8
16025503,edf_chegodayev,logt,0.1578827814032942,0.5865427407550001,Δo > Δ,1,5,1,9
16025503,edf_adamowski,logt,0.1612497847702976,0.5865427407550001,Δo > Δ,1,5,1,10
16025503,edf_weibull,fisk,0.1645010289116265,0.5865427407550001,Δo > Δ,1,5,1,11
16025503,edf_california,laplace_asymmetric,0.1768537564859764,0.5865427407550001,Δo > Δ,1,5,1,12
16027120,edf_blom,invgamma,0.0603287190323077,0.5865427407550001,Δo > Δ,1,5,1,1
16027120,edf_cunnane,johnsonsu,0.0608967294445463,0.5865427407550001,Δo > Δ,1,5,1,2
16027120,edf_gringorten,fisk,0.0613209660988299,0.5865427407550001,Δo > Δ,1,5,1,3
16027120,edf_tukey,exponnorm,0.0642422920985084,0.5865427407550001,Δo > Δ,1,5,1,4
16027120,edf_hazen,t,0.0659369990962863,0.5865427407550001,Δo > Δ,1,5,1,5
16027120,edf_filliben,exponnorm,0.0664001841212836,0.5865427407550001,Δo > Δ,1,5,1,6
16027120,edf_beard,exponnorm,0.0674395519085042,0.5865427407550001,Δo > Δ,1,5,1,7
16027120,edf_jenkinson,exponnorm,0.0674395519085042,0.5865427407550001,Δo > Δ,1,5,1,8
16027120,edf_chegodayev,exponnorm,0.0688163934340447,0.5865427407550001,Δo > Δ,1,5,1,9
16027120,edf_adamowski,exponnorm,0.0755504001680514,0.5865427407550001,Δo > Δ,1,5,1,10
16027120,edf_weibull,exponnorm,0.1058534304710817,0.5865427407550001,Δo > Δ,1,5,1,11
16027120,edf_california,t,0.1100754659887592,0.5865427407550001,Δo > Δ,1,5,1,12
16027300,edf_weibull,pearson3,0.0915268386091355,0.3761373588009999,Δo > Δ,1,11,1,1
16027300,edf_jenkinson,gumbel_l,0.0931379789314344,0.3761373588009999,Δo > Δ,1,11,1,2
16027300,edf_beard,gumbel_l,0.0931379789314344,0.3761373588009999,Δo > Δ,1,11,1,3
16027300,edf_chegodayev,gumbel_l,0.0931801840516149,0.3761373588009999,Δo > Δ,1,11,1,4
16027300,edf_filliben,gumbel_l,0.0932539579840711,0.3761373588009999,Δo > Δ,1,11,1,5
16027300,edf_tukey,gumbel_l,0.0934998108346703,0.3761373588009999,Δo > Δ,1,11,1,6
16027300,edf_blom,gumbel_l,0.0941534056059121,0.3761373588009999,Δo > Δ,1,11,1,7
16027300,edf_cunnane,gumbel_l,0.0945502310027375,0.3761373588009999,Δo > Δ,1,11,1,8
16027300,edf_adamowski,gumbel_l,0.0947057370645821,0.3761373588009999,Δo > Δ,1,11,1,9
16027300,edf_gringorten,gumbel_l,0.09519257427098,0.3761373588009999,Δo > Δ,1,11,1,10
16027300,edf_hazen,gumbel_l,0.0961736076261141,0.3761373588009999,Δo > Δ,1,11,1,11
16027300,edf_california,gumbel_l,0.1322551441792066,0.3761373588009999,Δo > Δ,1,11,1,12
16035030,edf_hazen,logjohnsonsu,0.1310037413238778,0.4472608134160001,Δo > Δ,1,8,1,1
16035030,edf_gringorten,logjohnsonsu,0.133774677284469,0.4472608134160001,Δo > Δ,1,8,1,2
16035030,edf_cunnane,logjohnsonsu,0.1355769120555852,0.4472608134160001,Δo > Δ,1,8,1,3
16035030,edf_blom,logjohnsonsu,0.136685559505696,0.4472608134160001,Δo > Δ,1,8,1,4
16035030,edf_tukey,logjohnsonsu,0.1385037413238778,0.4472608134160001,Δo > Δ,1,8,1,5
16035030,edf_filliben,logjohnsonsu,0.1391851519634474,0.4472608134160001,Δo > Δ,1,8,1,6
16035030,edf_beard,logjohnsonsu,0.1395061279587226,0.4472608134160001,Δo > Δ,1,8,1,7
16035030,edf_jenkinson,logjohnsonsu,0.1395061279587226,0.4472608134160001,Δo > Δ,1,8,1,8
16035030,edf_weibull,logmielke,0.139686339355927,0.4472608134160001,Δo > Δ,1,8,1,9
16035030,edf_chegodayev,logjohnsonsu,0.1399323127524492,0.4472608134160001,Δo > Δ,1,8,1,10
16035030,edf_adamowski,logjohnsonsu,0.1420331530885837,0.4472608134160001,Δo > Δ,1,8,1,11
16035030,edf_california,invgauss,0.1575545064155471,0.4472608134160001,Δo > Δ,1,8,1,12
16040050,edf_california,truncnorm,0.0755545350271564,0.5865427407550001,Δo > Δ,1,5,1,1
16040050,edf_hazen,loginvweibull,0.09174479449004,0.5865427407550001,Δo > Δ,1,5,1,2
16040050,edf_gringorten,loginvweibull,0.0964322944900399,0.5865427407550001,Δo > Δ,1,5,1,3
16040050,edf_cunnane,loginvweibull,0.0994371021823476,0.5865427407550001,Δo > Δ,1,5,1,4
16040050,edf_blom,loginvweibull,0.1012686040138495,0.5865427407550001,Δo > Δ,1,5,1,5
16040050,edf_tukey,loginvweibull,0.1042447944900399,0.5865427407550001,Δo > Δ,1,5,1,6
16040050,edf_filliben,loginvweibull,0.1053515046484743,0.5865427407550001,Δo > Δ,1,5,1,7
16040050,edf_jenkinson,loginvweibull,0.1058711885420845,0.5865427407550001,Δo > Δ,1,5,1,8
16040050,edf_beard,loginvweibull,0.1058711885420845,0.5865427407550001,Δo > Δ,1,5,1,9
16040050,edf_chegodayev,loginvweibull,0.1065596093048548,0.5865427407550001,Δo > Δ,1,5,1,10
16040050,edf_adamowski,loginvweibull,0.1099266126718582,0.5865427407550001,Δo > Δ,1,5,1,11
16040050,edf_weibull,loginvweibull,0.1250781278233733,0.5865427407550001,Δo > Δ,1,5,1,12
16055120,edf_hazen,logjohnsonsu,0.1579580514222464,0.417612680231,Δo > Δ,1,9,1,1
16055120,edf_gringorten,logjohnsonsu,0.15942003972634,0.417612680231,Δo > Δ,1,9,1,2
16055120,edf_cunnane,logjohnsonsu,0.1603735103594444,0.417612680231,Δo > Δ,1,9,1,3
16055120,edf_blom,logjohnsonsu,0.1609610544252493,0.417612680231,Δo > Δ,1,9,1,4
16055120,edf_tukey,logjohnsonsu,0.1619263053905003,0.417612680231,Δo > Δ,1,9,1,5
16055120,edf_filliben,logjohnsonsu,0.162288596596358,0.417612680231,Δo > Δ,1,9,1,6
16055120,edf_beard,logjohnsonsu,0.162459354431012,0.417612680231,Δo > Δ,1,9,1,7
16055120,edf_jenkinson,logjohnsonsu,0.162459354431012,0.417612680231,Δo > Δ,1,9,1,8
16055120,edf_chegodayev,logjohnsonsu,0.1626861838099532,0.417612680231,Δo > Δ,1,9,1,9
16055120,edf_adamowski,logjohnsonsu,0.1638060046386206,0.417612680231,Δo > Δ,1,9,1,10
16055120,edf_weibull,logjohnsonsu,0.1690691625333575,0.417612680231,Δo > Δ,1,9,1,11
16055120,edf_california,fisk,0.2027387103122834,0.417612680231,Δo > Δ,1,9,1,12
16055501,edf_weibull,logncf,0.0677129488103097,0.484420539261,Δo > Δ,1,7,1,1
16055501,edf_hazen,loggenlogistic,0.087576768258064,0.484420539261,Δo > Δ,1,7,1,2
16055501,edf_adamowski,logncf,0.0904277141387551,0.484420539261,Δo > Δ,1,7,1,3
16055501,edf_gringorten,loggenlogistic,0.0923921775678554,0.484420539261,Δo > Δ,1,7,1,4
16055501,edf_cunnane,loggenlogistic,0.095513276194572,0.484420539261,Δo > Δ,1,7,1,5
16055501,edf_chegodayev,logncf,0.0958331195441605,0.484420539261,Δo > Δ,1,7,1,6
16055501,edf_jenkinson,logncf,0.0969317791794056,0.484420539261,Δo > Δ,1,7,1,7
16055501,edf_beard,logncf,0.0969317791794056,0.484420539261,Δo > Δ,1,7,1,8
16055501,edf_blom,loggenlogistic,0.0974289850068325,0.484420539261,Δo > Δ,1,7,1,9
16055501,edf_filliben,logncf,0.0977596896988366,0.484420539261,Δo > Δ,1,7,1,10
16055501,edf_tukey,logncf,0.0995186232296642,0.484420539261,Δo > Δ,1,7,1,11
16055501,edf_california,genexpon,0.1428568907413686,0.484420539261,Δo > Δ,1,7,1,12
1605700152,edf_hazen,fisk,0.0646933699657473,0.5865427407550001,Δo > Δ,1,5,1,1
1605700152,edf_gringorten,fisk,0.0693808699657473,0.5865427407550001,Δo > Δ,1,5,1,2
1605700152,edf_cunnane,weibull_min,0.0720575460154819,0.5865427407550001,Δo > Δ,1,5,1,3
1605700152,edf_blom,weibull_min,0.0738890478469838,0.5865427407550001,Δo > Δ,1,5,1,4
1605700152,edf_tukey,weibull_min,0.0768652383231742,0.5865427407550001,Δo > Δ,1,5,1,5
1605700152,edf_filliben,weibull_min,0.0779719484816086,0.5865427407550001,Δo > Δ,1,5,1,6
1605700152,edf_chegodayev,logpearson3,0.0783036872722094,0.5865427407550001,Δo > Δ,1,5,1,7
1605700152,edf_jenkinson,weibull_min,0.0784916323752188,0.5865427407550001,Δo > Δ,1,5,1,8
1605700152,edf_beard,weibull_min,0.0784916323752188,0.5865427407550001,Δo > Δ,1,5,1,9
1605700152,edf_adamowski,weibull_min,0.0825470565049925,0.5865427407550001,Δo > Δ,1,5,1,10
1605700152,edf_weibull,weibull_min,0.0994905803980742,0.5865427407550001,Δo > Δ,1,5,1,11
1605700152,edf_california,laplace_asymmetric,0.137326611747755,0.5865427407550001,Δo > Δ,1,5,1,12
16057030,edf_hazen,logjohnsonsu,0.0796645695167225,0.343224222286,Δo > Δ,1,14,1,1
16057030,edf_gringorten,logjohnsonsu,0.0817892154090738,0.343224222286,Δo > Δ,1,14,1,2
16057030,edf_cunnane,logjohnsonsu,0.0831856962772859,0.343224222286,Δo > Δ,1,14,1,3
16057030,edf_blom,logjohnsonsu,0.0840505344290032,0.343224222286,Δo > Δ,1,14,1,4
16057030,edf_adamowski,laplace,0.0847983310898614,0.343224222286,Δo > Δ,1,14,1,5
16057030,edf_chegodayev,loglaplace_asymmetric,0.0852518036672834,0.343224222286,Δo > Δ,1,14,1,6
16057030,edf_beard,loglaplace_asymmetric,0.0853966808114651,0.343224222286,Δo > Δ,1,14,1,7
16057030,edf_jenkinson,loglaplace_asymmetric,0.0853966808114651,0.343224222286,Δo > Δ,1,14,1,8
16057030,edf_tukey,logjohnsonsu,0.0854785230050946,0.343224222286,Δo > Δ,1,14,1,9
16057030,edf_filliben,loglaplace_asymmetric,0.0855056034120333,0.343224222286,Δo > Δ,1,14,1,10
16057030,edf_weibull,laplace,0.0878755878980634,0.343224222286,Δo > Δ,1,14,1,11
16057030,edf_california,logt,0.106575674370819,0.343224222286,Δo > Δ,1,14,1,12
17015010,edf_weibull,alpha,0.1322227055237504,0.3942745923300002,Δo > Δ,1,10,1,1
17015010,edf_adamowski,alpha,0.1473742206752656,0.3942745923300002,Δo > Δ,1,10,1,2
17015010,edf_chegodayev,alpha,0.1505793488803938,0.3942745923300002,Δo > Δ,1,10,1,3
17015010,edf_california,logjohnsonsu,0.1508905796116173,0.3942745923300002,Δo > Δ,1,10,1,4
17015010,edf_jenkinson,alpha,0.1512277852224717,0.3942745923300002,Δo > Δ,1,10,1,5
17015010,edf_beard,alpha,0.1512277852224717,0.3942745923300002,Δo > Δ,1,10,1,6
17015010,edf_filliben,alpha,0.1517157546839486,0.3942745923300002,Δo > Δ,1,10,1,7
17015010,edf_tukey,alpha,0.1527505647612871,0.3942745923300002,Δo > Δ,1,10,1,8
17015010,edf_blom,alpha,0.1555043019760786,0.3942745923300002,Δo > Δ,1,10,1,9
17015010,edf_cunnane,alpha,0.157178142243893,0.3942745923300002,Δo > Δ,1,10,1,10
17015010,edf_gringorten,alpha,0.1598906897134737,0.3942745923300002,Δo > Δ,1,10,1,11
17015010,edf_hazen,alpha,0.1640408873419322,0.3942745923300002,Δo > Δ,1,10,1,12
17017001,edf_california,nakagami,0.1155651637717267,0.417612680231,Δo > Δ,1,9,1,1
17017001,edf_weibull,weibull_min,0.1203856269964729,0.417612680231,Δo > Δ,1,9,1,2
17017001,edf_adamowski,weibull_min,0.1256487848912097,0.417612680231,Δo > Δ,1,9,1,3
17017001,edf_chegodayev,weibull_min,0.1267686057198772,0.417612680231,Δo > Δ,1,9,1,4
17017001,edf_jenkinson,weibull_min,0.1269954350988184,0.417612680231,Δo > Δ,1,9,1,5
17017001,edf_beard,weibull_min,0.1269954350988184,0.417612680231,Δo > Δ,1,9,1,6
17017001,edf_filliben,weibull_min,0.1271661929334724,0.417612680231,Δo > Δ,1,9,1,7
17017001,edf_tukey,weibull_min,0.12752848413933,0.417612680231,Δo > Δ,1,9,1,8
17017001,edf_blom,weibull_min,0.128493735104581,0.417612680231,Δo > Δ,1,9,1,9
17017001,edf_cunnane,weibull_min,0.129081279170386,0.417612680231,Δo > Δ,1,9,1,10
17017001,edf_gringorten,weibull_min,0.1300347498034905,0.417612680231,Δo > Δ,1,9,1,11
17017001,edf_hazen,logmaxwell,0.1301667348602085,0.417612680231,Δo > Δ,1,9,1,12
17019010,edf_hazen,rayleigh,0.0913110531123528,0.5865427407550001,Δo > Δ,1,5,1,1
17019010,edf_gringorten,rayleigh,0.0959985531123528,0.5865427407550001,Δo > Δ,1,5,1,2
17019010,edf_cunnane,rayleigh,0.0990033608046605,0.5865427407550001,Δo > Δ,1,5,1,3
17019010,edf_blom,rayleigh,0.1008348626361623,0.5865427407550001,Δo > Δ,1,5,1,4
17019010,edf_tukey,loglaplace_asymmetric,0.1034260595658166,0.5865427407550001,Δo > Δ,1,5,1,5
17019010,edf_filliben,loglaplace_asymmetric,0.1045327697242508,0.5865427407550001,Δo > Δ,1,5,1,6
17019010,edf_beard,loglaplace_asymmetric,0.1050524536178612,0.5865427407550001,Δo > Δ,1,5,1,7
17019010,edf_jenkinson,loglaplace_asymmetric,0.1050524536178612,0.5865427407550001,Δo > Δ,1,5,1,8
17019010,edf_chegodayev,loglaplace_asymmetric,0.1057408743806313,0.5865427407550001,Δo > Δ,1,5,1,9
17019010,edf_adamowski,loglaplace_asymmetric,0.1091078777476347,0.5865427407550001,Δo > Δ,1,5,1,10
17019010,edf_weibull,halfnorm,0.117245066526174,0.5865427407550001,Δo > Δ,1,5,1,11
17019010,edf_california,loginvgauss,0.1441545875204887,0.5865427407550001,Δo > Δ,1,5,1,12
17025020,edf_hazen,logalpha,0.0722463919183071,0.5865427407550001,Δo > Δ,1,5,1,1
17025020,edf_gringorten,logalpha,0.0769338919183071,0.5865427407550001,Δo > Δ,1,5,1,2
17025020,edf_cunnane,logalpha,0.0799386996106148,0.5865427407550001,Δo > Δ,1,5,1,3
17025020,edf_jenkinson,loghalfnorm,0.0806684001034483,0.5865427407550001,Δo > Δ,1,5,1,4
17025020,edf_filliben,loghalfnorm,0.0806684001034483,0.5865427407550001,Δo > Δ,1,5,1,5
17025020,edf_tukey,loghalfnorm,0.0806684001034483,0.5865427407550001,Δo > Δ,1,5,1,6
17025020,edf_blom,loghalfnorm,0.0806684001034483,0.5865427407550001,Δo > Δ,1,5,1,7
17025020,edf_adamowski,loghalfnorm,0.0806684001034483,0.5865427407550001,Δo > Δ,1,5,1,8
17025020,edf_chegodayev,loghalfnorm,0.0806684001034483,0.5865427407550001,Δo > Δ,1,5,1,9
17025020,edf_beard,loghalfnorm,0.0806684001034483,0.5865427407550001,Δo > Δ,1,5,1,10
17025020,edf_weibull,loghalfnorm,0.0953640615643212,0.5865427407550001,Δo > Δ,1,5,1,11
17025020,edf_california,alpha,0.1335043706798918,0.5865427407550001,Δo > Δ,1,5,1,12
17035010,edf_adamowski,loglaplace_asymmetric,0.1052805760503787,0.5865427407550001,Δo > Δ,1,5,1,1
17035010,edf_chegodayev,loglaplace_asymmetric,0.1086475794173821,0.5865427407550001,Δo > Δ,1,5,1,2
17035010,edf_beard,loglaplace_asymmetric,0.1093360001801522,0.5865427407550001,Δo > Δ,1,5,1,3
17035010,edf_jenkinson,loglaplace_asymmetric,0.1093360001801522,0.5865427407550001,Δo > Δ,1,5,1,4
17035010,edf_filliben,loglaplace_asymmetric,0.1098556840737626,0.5865427407550001,Δo > Δ,1,5,1,5
17035010,edf_weibull,invgamma,0.1103198961061573,0.5865427407550001,Δo > Δ,1,5,1,6
17035010,edf_hazen,gibrat,0.1109312529235349,0.5865427407550001,Δo > Δ,1,5,1,7
17035010,edf_gringorten,gibrat,0.1109312529235349,0.5865427407550001,Δo > Δ,1,5,1,8
17035010,edf_tukey,loglaplace_asymmetric,0.1109623942321968,0.5865427407550001,Δo > Δ,1,5,1,9
17035010,edf_blom,loglaplace_asymmetric,0.1139385847083873,0.5865427407550001,Δo > Δ,1,5,1,10
17035010,edf_cunnane,gibrat,0.1153846153846153,0.5865427407550001,Δo > Δ,1,5,1,11
17035010,edf_cunnane,wald,0.1153846153846153,0.5865427407550001,Δo > Δ,1,5,1,12
17035010,edf_california,loglaplace,0.1618030454160969,0.5865427407550001,Δo > Δ,1,5,1,13
21015030,edf_hazen,mielke,0.1036231044566333,0.5865427407550001,Δo > Δ,1,5,1,1
21015030,edf_gringorten,mielke,0.1083106044566333,0.5865427407550001,Δo > Δ,1,5,1,2
21015030,edf_cunnane,mielke,0.111315412148941,0.5865427407550001,Δo > Δ,1,5,1,3
21015030,edf_blom,mielke,0.1131469139804428,0.5865427407550001,Δo > Δ,1,5,1,4
21015030,edf_tukey,mielke,0.1161231044566333,0.5865427407550001,Δo > Δ,1,5,1,5
21015030,edf_filliben,mielke,0.1172298146150676,0.5865427407550001,Δo > Δ,1,5,1,6
21015030,edf_beard,mielke,0.1177494985086779,0.5865427407550001,Δo > Δ,1,5,1,7
21015030,edf_jenkinson,mielke,0.1177494985086779,0.5865427407550001,Δo > Δ,1,5,1,8
21015030,edf_chegodayev,mielke,0.1184379192714481,0.5865427407550001,Δo > Δ,1,5,1,9
21015030,edf_adamowski,mielke,0.1218049226384515,0.5865427407550001,Δo > Δ,1,5,1,10
21015030,edf_weibull,mielke,0.1369564377899666,0.5865427407550001,Δo > Δ,1,5,1,11
21015030,edf_california,logkstwobign,0.1980919014492228,0.5865427407550001,Δo > Δ,1,5,1,12
21015040,edf_blom,johnsonsu,0.0776844609189093,0.343224222286,Δo > Δ,1,14,1,1
21015040,edf_cunnane,johnsonsu,0.0777483525811221,0.343224222286,Δo > Δ,1,14,1,2
21015040,edf_tukey,johnsonsu,0.0782964560229485,0.343224222286,Δo > Δ,1,14,1,3
21015040,edf_filliben,johnsonsu,0.0785271524022296,0.343224222286,Δo > Δ,1,14,1,4
21015040,edf_jenkinson,johnsonsu,0.0786360750027979,0.343224222286,Δo > Δ,1,14,1,5
21015040,edf_beard,johnsonsu,0.0786360750027979,0.343224222286,Δo > Δ,1,14,1,6
21015040,edf_chegodayev,johnsonsu,0.0787809521469795,0.343224222286,Δo > Δ,1,14,1,7
21015040,edf_adamowski,johnsonsu,0.0794993429515772,0.343224222286,Δo > Δ,1,14,1,8
21015040,edf_gringorten,johnsonsu,0.0795438279831092,0.343224222286,Δo > Δ,1,14,1,9
21015040,edf_hazen,johnsonsu,0.0822755155589892,0.343224222286,Δo > Δ,1,14,1,10
21015040,edf_weibull,johnsonsu,0.0829476188136462,0.343224222286,Δo > Δ,1,14,1,11
21015040,edf_california,nct,0.1003382463259887,0.343224222286,Δo > Δ,1,14,1,12
21015050,edf_weibull,betaprime,0.0591391188329045,0.3761373588009999,Δo > Δ,1,11,1,1
21015050,edf_adamowski,exponnorm,0.060142066366748,0.3761373588009999,Δo > Δ,1,11,1,2
21015050,edf_blom,logmielke,0.0613814795475244,0.3761373588009999,Δo > Δ,1,11,1,3
21015050,edf_chegodayev,fisk,0.0615105434518711,0.3761373588009999,Δo > Δ,1,11,1,4
21015050,edf_cunnane,logmielke,0.0618343973732082,0.3761373588009999,Δo > Δ,1,11,1,5
21015050,edf_tukey,loggenlogistic,0.0618440530157896,0.3761373588009999,Δo > Δ,1,11,1,6
21015050,edf_beard,fisk,0.06212719932706,0.3761373588009999,Δo > Δ,1,11,1,7
21015050,edf_jenkinson,fisk,0.06212719932706,0.3761373588009999,Δo > Δ,1,11,1,8
21015050,edf_filliben,loggenlogistic,0.0623357587169879,0.3761373588009999,Δo > Δ,1,11,1,9
21015050,edf_hazen,t,0.0623498079265975,0.3761373588009999,Δo > Δ,1,11,1,10
21015050,edf_gringorten,t,0.0643118746368656,0.3761373588009999,Δo > Δ,1,11,1,11
21015050,edf_california,loglaplace,0.0917342057697881,0.3761373588009999,Δo > Δ,1,11,1,12
21015060,edf_hazen,t,0.0659600298062431,0.343224222286,Δo > Δ,1,14,1,1
21015060,edf_gringorten,t,0.0679611078301502,0.343224222286,Δo > Δ,1,14,1,2
21015060,edf_cunnane,t,0.0693575886983623,0.343224222286,Δo > Δ,1,14,1,3
21015060,edf_blom,t,0.0702224268500797,0.343224222286,Δo > Δ,1,14,1,4
21015060,edf_tukey,t,0.0716504154261711,0.343224222286,Δo > Δ,1,14,1,5
21015060,edf_filliben,t,0.0721887069778268,0.343224222286,Δo > Δ,1,14,1,6
21015060,edf_beard,t,0.072442859712486,0.343224222286,Δo > Δ,1,14,1,7
21015060,edf_jenkinson,t,0.072442859712486,0.343224222286,Δo > Δ,1,14,1,8
21015060,edf_chegodayev,t,0.0727809063822434,0.343224222286,Δo > Δ,1,14,1,9
21015060,edf_adamowski,t,0.0744571515929714,0.343224222286,Δo > Δ,1,14,1,10
21015060,edf_weibull,t,0.0825031286044656,0.343224222286,Δo > Δ,1,14,1,11
21015060,edf_california,t,0.1016743155205288,0.343224222286,Δo > Δ,1,14,1,12
21015070,edf_jenkinson,logjohnsonsu,0.0774904272188505,0.351490473531,Δo > Δ,1,13,1,1
21015070,edf_beard,logjohnsonsu,0.0774904272188505,0.351490473531,Δo > Δ,1,13,1,2
21015070,edf_filliben,logjohnsonsu,0.0775903446361123,0.351490473531,Δo > Δ,1,13,1,3
21015070,edf_chegodayev,logjohnsonsu,0.0777135269667479,0.351490473531,Δo > Δ,1,13,1,4
21015070,edf_tukey,logjohnsonsu,0.078478859413516,0.351490473531,Δo > Δ,1,13,1,5
21015070,edf_adamowski,logjohnsonsu,0.0788191101618832,0.351490473531,Δo > Δ,1,13,1,6
21015070,edf_weibull,loghypsecant,0.0789428666667286,0.351490473531,Δo > Δ,1,13,1,7
21015070,edf_blom,logjohnsonsu,0.0808373499795538,0.351490473531,Δo > Δ,1,13,1,8
21015070,edf_cunnane,logjohnsonsu,0.0822667382013948,0.351490473531,Δo > Δ,1,13,1,9
21015070,edf_gringorten,logjohnsonsu,0.0845764203891259,0.351490473531,Δo > Δ,1,13,1,10
21015070,edf_hazen,logjohnsonsu,0.0880942440289006,0.351490473531,Δo > Δ,1,13,1,11
21015070,edf_california,loglaplace,0.1238818098043246,0.351490473531,Δo > Δ,1,13,1,12
21015502,edf_hazen,fisk,0.0331385180029487,0.484420539261,Δo > Δ,1,7,1,1
21015502,edf_gringorten,johnsonsu,0.0370355404520656,0.484420539261,Δo > Δ,1,7,1,2
21015502,edf_cunnane,kstwobign,0.0399244992991748,0.484420539261,Δo > Δ,1,7,1,3
21015502,edf_blom,logpearson3,0.0407216429211368,0.484420539261,Δo > Δ,1,7,1,4
21015502,edf_tukey,logpearson3,0.0438564391593814,0.484420539261,Δo > Δ,1,7,1,5
21015502,edf_filliben,logpearson3,0.0450290615132664,0.484420539261,Δo > Δ,1,7,1,6
21015502,edf_beard,logpearson3,0.0455810018595538,0.484420539261,Δo > Δ,1,7,1,7
21015502,edf_jenkinson,logpearson3,0.0455810018595538,0.484420539261,Δo > Δ,1,7,1,8
21015502,edf_chegodayev,logpearson3,0.0463554937878233,0.484420539261,Δo > Δ,1,7,1,9
21015502,edf_adamowski,logpearson3,0.0517608991932286,0.484420539261,Δo > Δ,1,7,1,10
21015502,edf_weibull,f,0.0749408445462265,0.484420539261,Δo > Δ,1,7,1,11
21015502,edf_california,f,0.0973257160032315,0.484420539261,Δo > Δ,1,7,1,12
21017030,edf_adamowski,t,0.0922189350275408,0.530385761606,Δo > Δ,1,6,1,1
21017030,edf_chegodayev,t,0.0942187798750922,0.530385761606,Δo > Δ,1,6,1,2
21017030,edf_jenkinson,t,0.0954433096556564,0.530385761606,Δo > Δ,1,6,1,3
21017030,edf_beard,t,0.0954433096556564,0.530385761606,Δo > Δ,1,6,1,4
21017030,edf_filliben,t,0.0963667570942595,0.530385761606,Δo > Δ,1,6,1,5
21017030,edf_tukey,t,0.0983306219803553,0.530385761606,Δo > Δ,1,6,1,6
21017030,edf_hazen,loghalfnorm,0.09964804554663,0.530385761606,Δo > Δ,1,6,1,7
21017030,edf_blom,lograyleigh,0.102332843623075,0.530385761606,Δo > Δ,1,6,1,8
21017030,edf_cunnane,lograyleigh,0.1042683274940426,0.530385761606,Δo > Δ,1,6,1,9
21017030,edf_gringorten,loghalfnorm,0.1045500063309437,0.530385761606,Δo > Δ,1,6,1,10
21017030,edf_weibull,wald,0.1074627110587894,0.530385761606,Δo > Δ,1,6,1,11
21017030,edf_california,t,0.1262246232558646,0.530385761606,Δo > Δ,1,6,1,12
21017040,edf_tukey,logjohnsonsu,0.0404492118088899,0.4472608134160001,Δo > Δ,1,8,1,1
21017040,edf_blom,logjohnsonsu,0.0406419599403145,0.4472608134160001,Δo > Δ,1,8,1,2
21017040,edf_cunnane,logjohnsonsu,0.0417506073904254,0.4472608134160001,Δo > Δ,1,8,1,3
21017040,edf_filliben,logjohnsonsu,0.0420391699678857,0.4472608134160001,Δo > Δ,1,8,1,4
21017040,edf_jenkinson,logjohnsonsu,0.0427881139568612,0.4472608134160001,Δo > Δ,1,8,1,5
21017040,edf_beard,logjohnsonsu,0.0427881139568612,0.4472608134160001,Δo > Δ,1,8,1,6
21017040,edf_gringorten,logjohnsonsu,0.0435528421615416,0.4472608134160001,Δo > Δ,1,8,1,7
21017040,edf_chegodayev,logjohnsonsu,0.0437825451422232,0.4472608134160001,Δo > Δ,1,8,1,8
21017040,edf_hazen,logjohnsonsu,0.0463237781221327,0.4472608134160001,Δo > Δ,1,8,1,9
21017040,edf_california,t,0.0485708193821057,0.4472608134160001,Δo > Δ,1,8,1,10
21017040,edf_adamowski,logjohnsonsu,0.048684505926537,0.4472608134160001,Δo > Δ,1,8,1,11
21017040,edf_weibull,logjohnsonsu,0.071560322920001,0.4472608134160001,Δo > Δ,1,8,1,12
21017080,edf_hazen,fisk,0.0705428074971518,0.5865427407550001,Δo > Δ,1,5,1,1
21017080,edf_gringorten,fisk,0.0752303074971517,0.5865427407550001,Δo > Δ,1,5,1,2
21017080,edf_filliben,loggumbel_l,0.0774752584405501,0.5865427407550001,Δo > Δ,1,5,1,3
21017080,edf_cunnane,fisk,0.0782351151894594,0.5865427407550001,Δo > Δ,1,5,1,4
21017080,edf_chegodayev,logpearson3,0.0784297220284552,0.5865427407550001,Δo > Δ,1,5,1,5
21017080,edf_jenkinson,loggumbel_l,0.0784403551659565,0.5865427407550001,Δo > Δ,1,5,1,6
21017080,edf_beard,loggumbel_l,0.0784403551659565,0.5865427407550001,Δo > Δ,1,5,1,7
21017080,edf_tukey,loggumbel_l,0.0785819685989844,0.5865427407550001,Δo > Δ,1,5,1,8
21017080,edf_blom,fisk,0.0800666170209613,0.5865427407550001,Δo > Δ,1,5,1,9
21017080,edf_adamowski,logpearson3,0.0851637287624619,0.5865427407550001,Δo > Δ,1,5,1,10
21017080,edf_weibull,weibull_min,0.1088556149632737,0.5865427407550001,Δo > Δ,1,5,1,11
21017080,edf_california,laplace_asymmetric,0.1329226476958583,0.5865427407550001,Δo > Δ,1,5,1,12
21035501,edf_weibull,logncf,0.0726704565510975,0.484420539261,Δo > Δ,1,7,1,1
21035501,edf_hazen,maxwell,0.0790495746602272,0.484420539261,Δo > Δ,1,7,1,2
21035501,edf_adamowski,logncf,0.0810037898844309,0.484420539261,Δo > Δ,1,7,1,3
21035501,edf_chegodayev,logncf,0.0828055916862327,0.484420539261,Δo > Δ,1,7,1,4
21035501,edf_jenkinson,logncf,0.0831718115646477,0.484420539261,Δo > Δ,1,7,1,5
21035501,edf_beard,logncf,0.0831718115646477,0.484420539261,Δo > Δ,1,7,1,6
21035501,edf_filliben,logncf,0.0834477817377913,0.484420539261,Δo > Δ,1,7,1,7
21035501,edf_gringorten,maxwell,0.0838649839700186,0.484420539261,Δo > Δ,1,7,1,8
21035501,edf_tukey,logncf,0.0840340929147339,0.484420539261,Δo > Δ,1,7,1,9
21035501,edf_cunnane,maxwell,0.0869860825967352,0.484420539261,Δo > Δ,1,7,1,10
21035501,edf_blom,logncf,0.087250298321848,0.484420539261,Δo > Δ,1,7,1,11
21035501,edf_california,f,0.1382990753005498,0.484420539261,Δo > Δ,1,7,1,12
21037020,edf_adamowski,f,0.1457098914506094,0.5865427407550001,Δo > Δ,1,5,1,1
21037020,edf_chegodayev,f,0.1457098914506094,0.5865427407550001,Δo > Δ,1,5,1,2
21037020,edf_jenkinson,f,0.1461236538480937,0.5865427407550001,Δo > Δ,1,5,1,3
21037020,edf_beard,f,0.1461236538480937,0.5865427407550001,Δo > Δ,1,5,1,4
21037020,edf_filliben,f,0.1471630216353143,0.5865427407550001,Δo > Δ,1,5,1,5
21037020,edf_tukey,f,0.1493764419521829,0.5865427407550001,Δo > Δ,1,5,1,6
21037020,edf_hazen,laplace_asymmetric,0.1551248334226011,0.5865427407550001,Δo > Δ,1,5,1,7
21037020,edf_blom,f,0.1553288229045638,0.5865427407550001,Δo > Δ,1,5,1,8
21037020,edf_cunnane,f,0.1589918265675673,0.5865427407550001,Δo > Δ,1,5,1,9
21037020,edf_gringorten,laplace_asymmetric,0.1598123334226011,0.5865427407550001,Δo > Δ,1,5,1,10
21037020,edf_weibull,f,0.1666666627773264,0.5865427407550001,Δo > Δ,1,5,1,11
21037020,edf_california,logfatiguelife,0.1784609293958726,0.5865427407550001,Δo > Δ,1,5,1,12
21045501,edf_tukey,johnsonsu,0.0757914305613752,0.5865427407550001,Δo > Δ,1,5,1,1
21045501,edf_filliben,johnsonsu,0.0772639310883445,0.5865427407550001,Δo > Δ,1,5,1,2
21045501,edf_jenkinson,johnsonsu,0.078303298875565,0.5865427407550001,Δo > Δ,1,5,1,3
21045501,edf_beard,johnsonsu,0.078303298875565,0.5865427407550001,Δo > Δ,1,5,1,4
21045501,edf_blom,johnsonsu,0.0787676210375657,0.5865427407550001,Δo > Δ,1,5,1,5
21045501,edf_chegodayev,johnsonsu,0.0796801404011056,0.5865427407550001,Δo > Δ,1,5,1,6
21045501,edf_cunnane,johnsonsu,0.0805991228690675,0.5865427407550001,Δo > Δ,1,5,1,7
21045501,edf_gringorten,johnsonsu,0.0836039305613752,0.5865427407550001,Δo > Δ,1,5,1,8
21045501,edf_adamowski,johnsonsu,0.0864141471351123,0.5865427407550001,Δo > Δ,1,5,1,9
21045501,edf_hazen,johnsonsu,0.0882914305613752,0.5865427407550001,Δo > Δ,1,5,1,10
21045501,edf_weibull,johnsonsu,0.1167171774381425,0.5865427407550001,Δo > Δ,1,5,1,11
21045501,edf_california,mielke,0.1373315440222623,0.5865427407550001,Δo > Δ,1,5,1,12
21050090,edf_weibull,pearson3,0.1762907407391188,0.5865427407550001,Δo > Δ,1,5,1,1
21050090,edf_california,laplace_asymmetric,0.184590086826701,0.5865427407550001,Δo > Δ,1,5,1,2
21050090,edf_adamowski,pearson3,0.1914422558906339,0.5865427407550001,Δo > Δ,1,5,1,3
21050090,edf_chegodayev,pearson3,0.1948092592576373,0.5865427407550001,Δo > Δ,1,5,1,4
21050090,edf_jenkinson,pearson3,0.1954976800204075,0.5865427407550001,Δo > Δ,1,5,1,5
21050090,edf_beard,pearson3,0.1954976800204075,0.5865427407550001,Δo > Δ,1,5,1,6
21050090,edf_filliben,pearson3,0.1960173639140178,0.5865427407550001,Δo > Δ,1,5,1,7
21050090,edf_tukey,pearson3,0.1971240740724521,0.5865427407550001,Δo > Δ,1,5,1,8
21050090,edf_blom,pearson3,0.2001002645486426,0.5865427407550001,Δo > Δ,1,5,1,9
21050090,edf_cunnane,pearson3,0.2019317663801444,0.5865427407550001,Δo > Δ,1,5,1,10
21050090,edf_gringorten,pearson3,0.2049365740724521,0.5865427407550001,Δo > Δ,1,5,1,11
21050090,edf_hazen,pearson3,0.2096240740724521,0.5865427407550001,Δo > Δ,1,5,1,12
21055070,edf_hazen,johnsonsu,0.0576531436061034,0.343224222286,Δo > Δ,1,14,1,1
21055070,edf_gringorten,johnsonsu,0.0608347315975907,0.343224222286,Δo > Δ,1,14,1,2
21055070,edf_cunnane,johnsonsu,0.0630292015333526,0.343224222286,Δo > Δ,1,14,1,3
21055070,edf_blom,johnsonsu,0.0643882329146227,0.343224222286,Δo > Δ,1,14,1,4
21055070,edf_tukey,johnsonsu,0.0666322149627663,0.343224222286,Δo > Δ,1,14,1,5
21055070,edf_filliben,johnsonsu,0.0674781016867968,0.343224222286,Δo > Δ,1,14,1,6
21055070,edf_beard,johnsonsu,0.067877484555547,0.343224222286,Δo > Δ,1,14,1,7
21055070,edf_jenkinson,johnsonsu,0.067877484555547,0.343224222286,Δo > Δ,1,14,1,8
21055070,edf_chegodayev,johnsonsu,0.06840870075088,0.343224222286,Δo > Δ,1,14,1,9
21055070,edf_adamowski,johnsonsu,0.0710428003677382,0.343224222286,Δo > Δ,1,14,1,10
21055070,edf_weibull,johnsonsu,0.0836864785286578,0.343224222286,Δo > Δ,1,14,1,11
21055070,edf_california,johnsonsu,0.0933674293203891,0.343224222286,Δo > Δ,1,14,1,12
21055501,edf_adamowski,nakagami,0.12114807806684,0.484420539261,Δo > Δ,1,7,1,1
21055501,edf_weibull,nakagami,0.1249997863872679,0.484420539261,Δo > Δ,1,7,1,2
21055501,edf_chegodayev,nakagami,0.1265534834722453,0.484420539261,Δo > Δ,1,7,1,3
21055501,edf_jenkinson,nakagami,0.1276521431074905,0.484420539261,Δo > Δ,1,7,1,4
21055501,edf_beard,nakagami,0.1276521431074905,0.484420539261,Δo > Δ,1,7,1,5
21055501,edf_filliben,nakagami,0.1284800536269215,0.484420539261,Δo > Δ,1,7,1,6
21055501,edf_hazen,lognakagami,0.1289462015007709,0.484420539261,Δo > Δ,1,7,1,7
21055501,edf_tukey,nakagami,0.130238987157749,0.484420539261,Δo > Δ,1,7,1,8
21055501,edf_gringorten,lognakagami,0.1337616108105623,0.484420539261,Δo > Δ,1,7,1,9
21055501,edf_blom,nakagami,0.1349411815151159,0.484420539261,Δo > Δ,1,7,1,10
21055501,edf_cunnane,lognakagami,0.1368827094372789,0.484420539261,Δo > Δ,1,7,1,11
21055501,edf_california,logexpon,0.1495456794969494,0.484420539261,Δo > Δ,1,7,1,12
21057050,edf_chegodayev,invweibull,0.1052984224745763,0.4472608134160001,Δo > Δ,1,8,1,1
21057050,edf_jenkinson,invweibull,0.1054404840724852,0.4472608134160001,Δo > Δ,1,8,1,2
21057050,edf_beard,invweibull,0.1054404840724852,0.4472608134160001,Δo > Δ,1,8,1,3
21057050,edf_filliben,invweibull,0.1055474760709102,0.4472608134160001,Δo > Δ,1,8,1,4
21057050,edf_tukey,invweibull,0.1057746129507667,0.4472608134160001,Δo > Δ,1,8,1,5
21057050,edf_blom,invweibull,0.1063806735568274,0.4472608134160001,Δo > Δ,1,8,1,6
21057050,edf_adamowski,invweibull,0.1064826209370265,0.4472608134160001,Δo > Δ,1,8,1,7
21057050,edf_cunnane,invweibull,0.1067502227068643,0.4472608134160001,Δo > Δ,1,8,1,8
21057050,edf_gringorten,invweibull,0.1073509676305696,0.4472608134160001,Δo > Δ,1,8,1,9
21057050,edf_hazen,invweibull,0.1082746129507667,0.4472608134160001,Δo > Δ,1,8,1,10
21057050,edf_weibull,invweibull,0.116286542505654,0.4472608134160001,Δo > Δ,1,8,1,11
21057050,edf_california,logfatiguelife,0.1209786641531418,0.4472608134160001,Δo > Δ,1,8,1,12
21057060,edf_hazen,logmielke,0.0563098395464695,0.484420539261,Δo > Δ,1,7,1,1
21057060,edf_gringorten,logmielke,0.0611252488562608,0.484420539261,Δo > Δ,1,7,1,2
21057060,edf_cunnane,logmielke,0.0642463474829775,0.484420539261,Δo > Δ,1,7,1,3
21057060,edf_blom,logmielke,0.066162056295238,0.484420539261,Δo > Δ,1,7,1,4
21057060,edf_filliben,alpha,0.0669503613514507,0.484420539261,Δo > Δ,1,7,1,5
21057060,edf_jenkinson,alpha,0.0674668586088882,0.484420539261,Δo > Δ,1,7,1,6
21057060,edf_beard,alpha,0.0674668586088882,0.484420539261,Δo > Δ,1,7,1,7
21057060,edf_tukey,alpha,0.0675366725283932,0.484420539261,Δo > Δ,1,7,1,8
21057060,edf_chegodayev,alpha,0.0681992983657182,0.484420539261,Δo > Δ,1,7,1,9
21057060,edf_adamowski,alpha,0.0718029019693218,0.484420539261,Δo > Δ,1,7,1,10
21057060,edf_weibull,alpha,0.0884695686359885,0.484420539261,Δo > Δ,1,7,1,11
21057060,edf_california,invgauss,0.1027552600325954,0.484420539261,Δo > Δ,1,7,1,12
21065501,edf_cunnane,lognakagami,0.0967741759754029,0.530385761606,Δo > Δ,1,6,1,1
21065501,edf_gringorten,lognakagami,0.0971524982070737,0.530385761606,Δo > Δ,1,6,1,2
21065501,edf_blom,lognakagami,0.0999999824270158,0.530385761606,Δo > Δ,1,6,1,3
21065501,edf_tukey,lognakagami,0.1052631403217527,0.530385761606,Δo > Δ,1,6,1,4
21065501,edf_hazen,lognakagami,0.1053224328475966,0.530385761606,Δo > Δ,1,6,1,5
21065501,edf_filliben,lognakagami,0.1072270052078485,0.530385761606,Δo > Δ,1,6,1,6
21065501,edf_beard,lognakagami,0.1081504526464516,0.530385761606,Δo > Δ,1,6,1,7
21065501,edf_jenkinson,lognakagami,0.1081504526464516,0.530385761606,Δo > Δ,1,6,1,8
21065501,edf_chegodayev,lognakagami,0.1093749824270158,0.530385761606,Δo > Δ,1,6,1,9
21065501,edf_adamowski,lognakagami,0.1153845978116312,0.530385761606,Δo > Δ,1,6,1,10
21065501,edf_weibull,halfnorm,0.12359528716028,0.530385761606,Δo > Δ,1,6,1,11
21065501,edf_california,invgamma,0.1394695783656538,0.530385761606,Δo > Δ,1,6,1,12
21087080,edf_hazen,maxwell,0.1133276316356812,0.3942745923300002,Δo > Δ,1,10,1,1
21087080,edf_gringorten,johnsonsu,0.1151786367174418,0.3942745923300002,Δo > Δ,1,10,1,2
21087080,edf_cunnane,johnsonsu,0.1155661434988105,0.3942745923300002,Δo > Δ,1,10,1,3
21087080,edf_blom,johnsonsu,0.1158305113736717,0.3942745923300002,Δo > Δ,1,10,1,4
21087080,edf_tukey,johnsonsu,0.1177974665270942,0.3942745923300002,Δo > Δ,1,10,1,5
21087080,edf_filliben,johnsonsu,0.1185366165823359,0.3942745923300002,Δo > Δ,1,10,1,6
21087080,edf_beard,johnsonsu,0.1188851661976766,0.3942745923300002,Δo > Δ,1,10,1,7
21087080,edf_jenkinson,johnsonsu,0.1188851661976766,0.3942745923300002,Δo > Δ,1,10,1,8
21087080,edf_chegodayev,johnsonsu,0.1193483350134465,0.3942745923300002,Δo > Δ,1,10,1,9
21087080,edf_adamowski,johnsonsu,0.1216377123028238,0.3942745923300002,Δo > Δ,1,10,1,10
21087080,edf_weibull,johnsonsu,0.1324602231253346,0.3942745923300002,Δo > Δ,1,10,1,11
21087080,edf_california,logexpon,0.1612404928362757,0.3942745923300002,Δo > Δ,1,10,1,12
21097070,edf_weibull,loghalfnorm,0.0641976375098678,0.331107277296,Δo > Δ,1,16,1,1
21097070,edf_adamowski,loghalfnorm,0.0697227670221083,0.331107277296,Δo > Δ,1,16,1,2
21097070,edf_chegodayev,loghalfnorm,0.0717552873473115,0.331107277296,Δo > Δ,1,16,1,3
21097070,edf_jenkinson,loghalfnorm,0.0721647694641107,0.331107277296,Δo > Δ,1,16,1,4
21097070,edf_beard,loghalfnorm,0.0721647694641107,0.331107277296,Δo > Δ,1,16,1,5
21097070,edf_filliben,loghalfnorm,0.0724725378745372,0.331107277296,Δo > Δ,1,16,1,6
21097070,edf_blom,logexponnorm,0.0729508824660341,0.331107277296,Δo > Δ,1,16,1,7
21097070,edf_tukey,loghalfnorm,0.073124127566326,0.331107277296,Δo > Δ,1,16,1,8
21097070,edf_cunnane,logexponnorm,0.0732357827509343,0.331107277296,Δo > Δ,1,16,1,9
21097070,edf_gringorten,logexponnorm,0.0736952993394832,0.331107277296,Δo > Δ,1,16,1,10
21097070,edf_hazen,logexponnorm,0.0743931901583417,0.331107277296,Δo > Δ,1,16,1,11
21097070,edf_california,loghalflogistic,0.0765175105956749,0.331107277296,Δo > Δ,1,16,1,12
21097120,edf_filliben,loginvgauss,0.0779052444437985,0.530385761606,Δo > Δ,1,6,1,1
21097120,edf_jenkinson,loginvgauss,0.0784593129069602,0.530385761606,Δo > Δ,1,6,1,2
21097120,edf_beard,loginvgauss,0.0784593129069602,0.530385761606,Δo > Δ,1,6,1,3
21097120,edf_tukey,loginvgauss,0.0787726620619572,0.530385761606,Δo > Δ,1,6,1,4
21097120,edf_chegodayev,loginvgauss,0.0791940307752989,0.530385761606,Δo > Δ,1,6,1,5
21097120,edf_adamowski,alpha,0.079873698347504,0.530385761606,Δo > Δ,1,6,1,6
21097120,edf_gringorten,invgamma,0.0804590118844266,0.530385761606,Δo > Δ,1,6,1,7
21097120,edf_hazen,f,0.0808413674033736,0.530385761606,Δo > Δ,1,6,1,8
21097120,edf_cunnane,invgamma,0.0815131969993328,0.530385761606,Δo > Δ,1,6,1,9
21097120,edf_blom,loginvgauss,0.0819305567987992,0.530385761606,Δo > Δ,1,6,1,10
21097120,edf_weibull,alpha,0.0944978384385056,0.530385761606,Δo > Δ,1,6,1,11
21097120,edf_california,fatiguelife,0.1224127893670163,0.530385761606,Δo > Δ,1,6,1,12
21105030,edf_hazen,fisk,0.1068101920724912,0.530385761606,Δo > Δ,1,6,1,1
21105030,edf_gringorten,fisk,0.111712152856805,0.530385761606,Δo > Δ,1,6,1,2
21105030,edf_blom,logt,0.1131901948594325,0.530385761606,Δo > Δ,1,6,1,3
21105030,edf_adamowski,genlogistic,0.1140979041915628,0.530385761606,Δo > Δ,1,6,1,4
21105030,edf_cunnane,invgamma,0.1147224777786977,0.530385761606,Δo > Δ,1,6,1,5
21105030,edf_chegodayev,genlogistic,0.1152998272684858,0.530385761606,Δo > Δ,1,6,1,6
21105030,edf_beard,genlogistic,0.1155447332245987,0.530385761606,Δo > Δ,1,6,1,7
21105030,edf_jenkinson,genlogistic,0.1155447332245987,0.530385761606,Δo > Δ,1,6,1,8
21105030,edf_filliben,genlogistic,0.1157294227123193,0.530385761606,Δo > Δ,1,6,1,9
21105030,edf_tukey,genlogistic,0.1161221956895385,0.530385761606,Δo > Δ,1,6,1,10
21105030,edf_california,kstwobign,0.119275875241622,0.530385761606,Δo > Δ,1,6,1,11
21105030,edf_weibull,invweibull,0.1274458666729179,0.530385761606,Δo > Δ,1,6,1,12
21107020,edf_cunnane,laplace,0.0624555475002716,0.5865427407550001,Δo > Δ,1,5,1,1
21107020,edf_gringorten,laplace,0.0624555475002716,0.5865427407550001,Δo > Δ,1,5,1,2
21107020,edf_hazen,laplace,0.0624555475002716,0.5865427407550001,Δo > Δ,1,5,1,3
21107020,edf_blom,laplace,0.0640790248405503,0.5865427407550001,Δo > Δ,1,5,1,4
21107020,edf_tukey,laplace_asymmetric,0.0697020603541631,0.5865427407550001,Δo > Δ,1,5,1,5
21107020,edf_filliben,laplace_asymmetric,0.0719154806710317,0.5865427407550001,Δo > Δ,1,5,1,6
21107020,edf_beard,laplace_asymmetric,0.0729548484582522,0.5865427407550001,Δo > Δ,1,5,1,7
21107020,edf_jenkinson,laplace_asymmetric,0.0729548484582522,0.5865427407550001,Δo > Δ,1,5,1,8
21107020,edf_chegodayev,laplace_asymmetric,0.0743316899837928,0.5865427407550001,Δo > Δ,1,5,1,9
21107020,edf_adamowski,genlogistic,0.0784709086886115,0.5865427407550001,Δo > Δ,1,5,1,10
21107020,edf_weibull,fisk,0.1040078657068369,0.5865427407550001,Δo > Δ,1,5,1,11
21107020,edf_california,kstwobign,0.1547680475019941,0.5865427407550001,Δo > Δ,1,5,1,12
21115010,edf_adamowski,lognakagami,0.1724694768842344,0.5865427407550001,Δo > Δ,1,5,1,1
21115010,edf_cunnane,lognakagami,0.1724694768842344,0.5865427407550001,Δo > Δ,1,5,1,2
21115010,edf_jenkinson,lognakagami,0.1724694768842344,0.5865427407550001,Δo > Δ,1,5,1,3
21115010,edf_filliben,lognakagami,0.1724694768842344,0.5865427407550001,Δo > Δ,1,5,1,4
21115010,edf_tukey,lognakagami,0.1724694768842344,0.5865427407550001,Δo > Δ,1,5,1,5
21115010,edf_blom,lognakagami,0.1724694768842344,0.5865427407550001,Δo > Δ,1,5,1,6
21115010,edf_chegodayev,lognakagami,0.1724694768842344,0.5865427407550001,Δo > Δ,1,5,1,7
21115010,edf_beard,lognakagami,0.1724694768842344,0.5865427407550001,Δo > Δ,1,5,1,8
21115010,edf_weibull,lognakagami,0.1724694768842344,0.5865427407550001,Δo > Δ,1,5,1,9
21115010,edf_gringorten,lognakagami,0.1783963305354579,0.5865427407550001,Δo > Δ,1,5,1,10
21115010,edf_hazen,lognakagami,0.187771330535458,0.5865427407550001,Δo > Δ,1,5,1,11
21115010,edf_california,loginvgauss,0.2073290395096111,0.5865427407550001,Δo > Δ,1,5,1,12
21115170,edf_california,gumbel_l,0.0930360819368431,0.3366456264050002,Δo > Δ,1,15,1,1
21115170,edf_hazen,logjohnsonsu,0.0969637159521219,0.3366456264050002,Δo > Δ,1,15,1,2
21115170,edf_gringorten,logjohnsonsu,0.0980219170103229,0.3366456264050002,Δo > Δ,1,15,1,3
21115170,edf_cunnane,logjohnsonsu,0.0987181019170342,0.3366456264050002,Δo > Δ,1,15,1,4
21115170,edf_blom,logjohnsonsu,0.0991495083018486,0.3366456264050002,Δo > Δ,1,15,1,5
21115170,edf_tukey,logjohnsonsu,0.0998622666767595,0.3366456264050002,Δo > Δ,1,15,1,6
21115170,edf_filliben,logjohnsonsu,0.100131087684414,0.3366456264050002,Δo > Δ,1,15,1,7
21115170,edf_jenkinson,logjohnsonsu,0.1002580375819442,0.3366456264050002,Δo > Δ,1,15,1,8
21115170,edf_beard,logjohnsonsu,0.1002580375819442,0.3366456264050002,Δo > Δ,1,15,1,9
21115170,edf_chegodayev,logjohnsonsu,0.1004269194153254,0.3366456264050002,Δo > Δ,1,15,1,10
21115170,edf_adamowski,logjohnsonsu,0.1012647912209391,0.3366456264050002,Δo > Δ,1,15,1,11
21115170,edf_weibull,logjohnsonsu,0.1052970492854552,0.3366456264050002,Δo > Δ,1,15,1,12
21115180,edf_weibull,loghalfnorm,0.0851048698366246,0.3942745923300002,Δo > Δ,1,10,1,1
21115180,edf_blom,logpearson3,0.0888987298290844,0.3942745923300002,Δo > Δ,1,10,1,2
21115180,edf_cunnane,logpearson3,0.0891378498673436,0.3942745923300002,Δo > Δ,1,10,1,3
21115180,edf_gringorten,logpearson3,0.0895253566487123,0.3942745923300002,Δo > Δ,1,10,1,4
21115180,edf_tukey,logpearson3,0.0905645987554588,0.3942745923300002,Δo > Δ,1,10,1,5
21115180,edf_hazen,logpearson3,0.090765794945439,0.3942745923300002,Δo > Δ,1,10,1,6
21115180,edf_filliben,logpearson3,0.0913037488107006,0.3942745923300002,Δo > Δ,1,10,1,7
21115180,edf_jenkinson,logpearson3,0.0916522984260412,0.3942745923300002,Δo > Δ,1,10,1,8
21115180,edf_beard,logpearson3,0.0916522984260412,0.3942745923300002,Δo > Δ,1,10,1,9
21115180,edf_chegodayev,logpearson3,0.0921154672418112,0.3942745923300002,Δo > Δ,1,10,1,10
21115180,edf_adamowski,logpearson3,0.0944048445311885,0.3942745923300002,Δo > Δ,1,10,1,11
21115180,edf_california,logpearson3,0.1325000826264266,0.3942745923300002,Δo > Δ,1,10,1,12
21115501,edf_hazen,fisk,0.0621699712544013,0.530385761606,Δo > Δ,1,6,1,1
21115501,edf_gringorten,fisk,0.0670719320387152,0.530385761606,Δo > Δ,1,6,1,2
21115501,edf_cunnane,fisk,0.0702344873834337,0.530385761606,Δo > Δ,1,6,1,3
21115501,edf_blom,fisk,0.0721699712544013,0.530385761606,Δo > Δ,1,6,1,4
21115501,edf_tukey,fisk,0.0753278659912435,0.530385761606,Δo > Δ,1,6,1,5
21115501,edf_filliben,fisk,0.0765061849229009,0.530385761606,Δo > Δ,1,6,1,6
21115501,edf_beard,fisk,0.0770602533860627,0.530385761606,Δo > Δ,1,6,1,7
21115501,edf_jenkinson,fisk,0.0770602533860627,0.530385761606,Δo > Δ,1,6,1,8
21115501,edf_chegodayev,fisk,0.0777949712544013,0.530385761606,Δo > Δ,1,6,1,9
21115501,edf_adamowski,fisk,0.0814007404851706,0.530385761606,Δo > Δ,1,6,1,10
21115501,edf_weibull,logjohnsonsu,0.0899194541318903,0.530385761606,Δo > Δ,1,6,1,11
21115501,edf_california,loglaplace_asymmetric,0.1105484844979139,0.530385761606,Δo > Δ,1,6,1,12
21117110,edf_weibull,logbetaprime,0.0580409050704011,0.484420539261,Δo > Δ,1,7,1,1
21117110,edf_adamowski,logbetaprime,0.0775663064272652,0.484420539261,Δo > Δ,1,7,1,2
21117110,edf_chegodayev,logbetaprime,0.0829717118326706,0.484420539261,Δo > Δ,1,7,1,3
21117110,edf_jenkinson,logbetaprime,0.0840703714679157,0.484420539261,Δo > Δ,1,7,1,4
21117110,edf_beard,logbetaprime,0.0840703714679157,0.484420539261,Δo > Δ,1,7,1,5
21117110,edf_filliben,logbetaprime,0.0848982819873467,0.484420539261,Δo > Δ,1,7,1,6
21117110,edf_tukey,logbetaprime,0.0866572155181742,0.484420539261,Δo > Δ,1,7,1,7
21117110,edf_blom,logbetaprime,0.0913594098755411,0.484420539261,Δo > Δ,1,7,1,8
21117110,edf_hazen,gompertz,0.0930338079549757,0.484420539261,Δo > Δ,1,7,1,9
21117110,edf_gringorten,gompertz,0.0937287566829425,0.484420539261,Δo > Δ,1,7,1,10
21117110,edf_cunnane,logbetaprime,0.0942329730939318,0.484420539261,Δo > Δ,1,7,1,11
21117110,edf_california,weibull_min,0.1239161474984663,0.484420539261,Δo > Δ,1,7,1,12
21127030,edf_hazen,crystalball,0.1142758531641073,0.530385761606,Δo > Δ,1,6,1,1
21127030,edf_gringorten,crystalball,0.119177813948421,0.530385761606,Δo > Δ,1,6,1,2
21127030,edf_weibull,logncf,0.1192233297225284,0.530385761606,Δo > Δ,1,6,1,3
21127030,edf_cunnane,crystalball,0.1223403692931395,0.530385761606,Δo > Δ,1,6,1,4
21127030,edf_blom,crystalball,0.1242758531641073,0.530385761606,Δo > Δ,1,6,1,5
21127030,edf_adamowski,logncf,0.1247178352170338,0.530385761606,Δo > Δ,1,6,1,6
21127030,edf_chegodayev,logncf,0.1259197582939569,0.530385761606,Δo > Δ,1,6,1,7
21127030,edf_jenkinson,logncf,0.1261646642500698,0.530385761606,Δo > Δ,1,6,1,8
21127030,edf_beard,logncf,0.1261646642500698,0.530385761606,Δo > Δ,1,6,1,9
21127030,edf_filliben,logncf,0.1263493537377904,0.530385761606,Δo > Δ,1,6,1,10
21127030,edf_tukey,logncf,0.1267421267150096,0.530385761606,Δo > Δ,1,6,1,11
21127030,edf_california,lognakagami,0.1706891419416301,0.530385761606,Δo > Δ,1,6,1,12
21137010,edf_cunnane,alpha,0.052146010673462,0.417612680231,Δo > Δ,1,9,1,1
21137010,edf_gringorten,johnsonsu,0.0523703197086147,0.417612680231,Δo > Δ,1,9,1,2
21137010,edf_blom,alpha,0.0523755762666449,0.417612680231,Δo > Δ,1,9,1,3
21137010,edf_adamowski,fatiguelife,0.054170095645415,0.417612680231,Δo > Δ,1,9,1,4
21137010,edf_tukey,alpha,0.0543060781971468,0.417612680231,Δo > Δ,1,9,1,5
21137010,edf_hazen,invgauss,0.0547649460159529,0.417612680231,Δo > Δ,1,9,1,6
21137010,edf_filliben,alpha,0.0550306606088621,0.417612680231,Δo > Δ,1,9,1,7
21137010,edf_jenkinson,alpha,0.0553721762781703,0.417612680231,Δo > Δ,1,9,1,8
21137010,edf_beard,alpha,0.0553721762781703,0.417612680231,Δo > Δ,1,9,1,9
21137010,edf_chegodayev,alpha,0.0558258350360526,0.417612680231,Δo > Δ,1,9,1,10
21137010,edf_weibull,alpha,0.0685917924828611,0.417612680231,Δo > Δ,1,9,1,11
21137010,edf_california,logfatiguelife,0.0943036656089975,0.417612680231,Δo > Δ,1,9,1,12
21137050,edf_hazen,logbetaprime,0.0786819566391029,0.3761373588009999,Δo > Δ,1,11,1,1
21137050,edf_gringorten,logbetaprime,0.079662989994237,0.3761373588009999,Δo > Δ,1,11,1,2
21137050,edf_cunnane,logbetaprime,0.0803053332624795,0.3761373588009999,Δo > Δ,1,11,1,3
21137050,edf_blom,logbetaprime,0.0807021586593049,0.3761373588009999,Δo > Δ,1,11,1,4
21137050,edf_tukey,logbetaprime,0.0813557534305468,0.3761373588009999,Δo > Δ,1,11,1,5
21137050,edf_filliben,logbetaprime,0.0816016062811458,0.3761373588009999,Δo > Δ,1,11,1,6
21137050,edf_beard,logbetaprime,0.0817175853337826,0.3761373588009999,Δo > Δ,1,11,1,7
21137050,edf_jenkinson,logbetaprime,0.0817175853337826,0.3761373588009999,Δo > Δ,1,11,1,8
21137050,edf_chegodayev,logbetaprime,0.0818717493025797,0.3761373588009999,Δo > Δ,1,11,1,9
21137050,edf_adamowski,logbetaprime,0.0826345258090633,0.3761373588009999,Δo > Δ,1,11,1,10
21137050,edf_weibull,logbetaprime,0.0862577142148605,0.3761373588009999,Δo > Δ,1,11,1,11
21137050,edf_california,genexpon,0.0909082289722685,0.3761373588009999,Δo > Δ,1,11,1,12
21147030,edf_hazen,loglaplace_asymmetric,0.0289879592125494,0.5865427407550001,Δo > Δ,1,5,1,1
21147030,edf_gringorten,loglaplace_asymmetric,0.0355913905264177,0.5865427407550001,Δo > Δ,1,5,1,2
21147030,edf_adamowski,logncf,0.0392235369123266,0.5865427407550001,Δo > Δ,1,5,1,3
21147030,edf_cunnane,loglaplace_asymmetric,0.0416010059110331,0.5865427407550001,Δo > Δ,1,5,1,4
21147030,edf_chegodayev,logncf,0.04259054027933,0.5865427407550001,Δo > Δ,1,5,1,5
21147030,edf_jenkinson,logncf,0.0432789610421002,0.5865427407550001,Δo > Δ,1,5,1,6
21147030,edf_beard,logncf,0.0432789610421002,0.5865427407550001,Δo > Δ,1,5,1,7
21147030,edf_filliben,logncf,0.0437986449357105,0.5865427407550001,Δo > Δ,1,5,1,8
21147030,edf_tukey,logncf,0.0449053550941448,0.5865427407550001,Δo > Δ,1,5,1,9
21147030,edf_blom,loglaplace_asymmetric,0.0452640095740367,0.5865427407550001,Δo > Δ,1,5,1,10
21147030,edf_weibull,logncf,0.0616407340941599,0.5865427407550001,Δo > Δ,1,5,1,11
21147030,edf_california,loglaplace_asymmetric,0.1289879592125494,0.5865427407550001,Δo > Δ,1,5,1,12
21160260,edf_hazen,laplace_asymmetric,0.1336262696234484,0.3761373588009999,Δo > Δ,1,11,1,1
21160260,edf_gringorten,laplace_asymmetric,0.1365693696888507,0.3761373588009999,Δo > Δ,1,11,1,2
21160260,edf_cunnane,laplace_asymmetric,0.1384963994935783,0.3761373588009999,Δo > Δ,1,11,1,3
21160260,edf_blom,laplace_asymmetric,0.1396868756840545,0.3761373588009999,Δo > Δ,1,11,1,4
21160260,edf_tukey,laplace_asymmetric,0.14164765999778,0.3761373588009999,Δo > Δ,1,11,1,5
21160260,edf_filliben,laplace_asymmetric,0.1423852185495773,0.3761373588009999,Δo > Δ,1,11,1,6
21160260,edf_beard,laplace_asymmetric,0.1427331557074874,0.3761373588009999,Δo > Δ,1,11,1,7
21160260,edf_jenkinson,laplace_asymmetric,0.1427331557074874,0.3761373588009999,Δo > Δ,1,11,1,8
21160260,edf_chegodayev,laplace_asymmetric,0.1431956476138791,0.3761373588009999,Δo > Δ,1,11,1,9
21160260,edf_adamowski,laplace_asymmetric,0.1454839771333299,0.3761373588009999,Δo > Δ,1,11,1,10
21160260,edf_weibull,laplace_asymmetric,0.1563535423507212,0.3761373588009999,Δo > Δ,1,11,1,11
21160260,edf_california,laplace_asymmetric,0.1790808150779939,0.3761373588009999,Δo > Δ,1,11,1,12
21165501,edf_hazen,mielke,0.0175742770177981,0.484420539261,Δo > Δ,1,7,1,1
21165501,edf_gringorten,mielke,0.0247973909824851,0.484420539261,Δo > Δ,1,7,1,2
21165501,edf_cunnane,mielke,0.02947903892256,0.484420539261,Δo > Δ,1,7,1,3
21165501,edf_blom,mielke,0.0323526021409509,0.484420539261,Δo > Δ,1,7,1,4
21165501,edf_tukey,mielke,0.0370547964983176,0.484420539261,Δo > Δ,1,7,1,5
21165501,edf_filliben,mielke,0.0388137300291452,0.484420539261,Δo > Δ,1,7,1,6
21165501,edf_beard,mielke,0.0396416405485763,0.484420539261,Δo > Δ,1,7,1,7
21165501,edf_jenkinson,mielke,0.0396416405485763,0.484420539261,Δo > Δ,1,7,1,8
21165501,edf_chegodayev,mielke,0.0407403001838213,0.484420539261,Δo > Δ,1,7,1,9
21165501,edf_adamowski,mielke,0.0461457055892267,0.484420539261,Δo > Δ,1,7,1,10
21165501,edf_weibull,mielke,0.0711457055892267,0.484420539261,Δo > Δ,1,7,1,11
21165501,edf_california,mielke,0.0890028484463696,0.484420539261,Δo > Δ,1,7,1,12
21165502,edf_hazen,logfisk,0.1025372010600396,0.5865427407550001,Δo > Δ,1,5,1,1
21165502,edf_gringorten,logfisk,0.1072247010600395,0.5865427407550001,Δo > Δ,1,5,1,2
21165502,edf_cunnane,logfisk,0.1102295087523472,0.5865427407550001,Δo > Δ,1,5,1,3
21165502,edf_blom,logfisk,0.1120610105838491,0.5865427407550001,Δo > Δ,1,5,1,4
21165502,edf_tukey,logfisk,0.1150372010600395,0.5865427407550001,Δo > Δ,1,5,1,5
21165502,edf_filliben,logfisk,0.1161439112184739,0.5865427407550001,Δo > Δ,1,5,1,6
21165502,edf_beard,logfisk,0.1166635951120841,0.5865427407550001,Δo > Δ,1,5,1,7
21165502,edf_jenkinson,logfisk,0.1166635951120841,0.5865427407550001,Δo > Δ,1,5,1,8
21165502,edf_chegodayev,logfisk,0.1173520158748544,0.5865427407550001,Δo > Δ,1,5,1,9
21165502,edf_adamowski,logfisk,0.1207190192418578,0.5865427407550001,Δo > Δ,1,5,1,10
21165502,edf_weibull,logfisk,0.1358705343933729,0.5865427407550001,Δo > Δ,1,5,1,11
21165502,edf_california,logkstwobign,0.1526520880277623,0.5865427407550001,Δo > Δ,1,5,1,12
21167060,edf_chegodayev,betaprime,0.0788591186332086,0.5865427407550001,Δo > Δ,1,5,1,1
21167060,edf_jenkinson,betaprime,0.0795475393959788,0.5865427407550001,Δo > Δ,1,5,1,2
21167060,edf_beard,betaprime,0.0795475393959788,0.5865427407550001,Δo > Δ,1,5,1,3
21167060,edf_filliben,betaprime,0.0800672232895891,0.5865427407550001,Δo > Δ,1,5,1,4
21167060,edf_tukey,ncf,0.0803170251141008,0.5865427407550001,Δo > Δ,1,5,1,5
21167060,edf_blom,ncf,0.0805691927895816,0.5865427407550001,Δo > Δ,1,5,1,6
21167060,edf_adamowski,logpearson3,0.0807759362857757,0.5865427407550001,Δo > Δ,1,5,1,7
21167060,edf_cunnane,ncf,0.0824006946210835,0.5865427407550001,Δo > Δ,1,5,1,8
21167060,edf_gringorten,logbetaprime,0.0849210059753788,0.5865427407550001,Δo > Δ,1,5,1,9
21167060,edf_hazen,logbetaprime,0.0861365278601194,0.5865427407550001,Δo > Δ,1,5,1,10
21167060,edf_weibull,lograyleigh,0.1060294898341395,0.5865427407550001,Δo > Δ,1,5,1,11
21167060,edf_california,loginvweibull,0.14476161612004,0.5865427407550001,Δo > Δ,1,5,1,12
21167080,edf_hazen,t,0.067613984135549,0.351490473531,Δo > Δ,1,13,1,1
21167080,edf_gringorten,t,0.0711318077753239,0.351490473531,Δo > Δ,1,13,1,2
21167080,edf_cunnane,t,0.0734414899630549,0.351490473531,Δo > Δ,1,13,1,3
21167080,edf_blom,t,0.0748708781848959,0.351490473531,Δo > Δ,1,13,1,4
21167080,edf_california,logjohnsonsu,0.0769965643912011,0.351490473531,Δo > Δ,1,13,1,5
21167080,edf_tukey,t,0.0772293687509336,0.351490473531,Δo > Δ,1,13,1,6
21167080,edf_filliben,t,0.0781178835283373,0.351490473531,Δo > Δ,1,13,1,7
21167080,edf_jenkinson,t,0.0785372910229814,0.351490473531,Δo > Δ,1,13,1,8
21167080,edf_beard,t,0.0785372910229814,0.351490473531,Δo > Δ,1,13,1,9
21167080,edf_chegodayev,t,0.0790950403927247,0.351490473531,Δo > Δ,1,13,1,10
21167080,edf_weibull,johnsonsu,0.0809741399021465,0.351490473531,Δo > Δ,1,13,1,11
21167080,edf_adamowski,t,0.0818589983805632,0.351490473531,Δo > Δ,1,13,1,12
21185090,edf_hazen,logjohnsonsu,0.1384312373085327,0.343224222286,Δo > Δ,1,14,1,1
21185090,edf_gringorten,logjohnsonsu,0.140555883200884,0.343224222286,Δo > Δ,1,14,1,2
21185090,edf_cunnane,logjohnsonsu,0.1419523640690961,0.343224222286,Δo > Δ,1,14,1,3
21185090,edf_blom,logjohnsonsu,0.1428172022208134,0.343224222286,Δo > Δ,1,14,1,4
21185090,edf_tukey,logjohnsonsu,0.1442451907969048,0.343224222286,Δo > Δ,1,14,1,5
21185090,edf_filliben,logjohnsonsu,0.1447834823485606,0.343224222286,Δo > Δ,1,14,1,6
21185090,edf_beard,logjohnsonsu,0.1450376350832197,0.343224222286,Δo > Δ,1,14,1,7
21185090,edf_jenkinson,logjohnsonsu,0.1450376350832197,0.343224222286,Δo > Δ,1,14,1,8
21185090,edf_chegodayev,logjohnsonsu,0.1453756817529772,0.343224222286,Δo > Δ,1,14,1,9
21185090,edf_adamowski,logjohnsonsu,0.1470519269637051,0.343224222286,Δo > Δ,1,14,1,10
21185090,edf_weibull,laplace_asymmetric,0.1528828557953151,0.343224222286,Δo > Δ,1,14,1,11
21185090,edf_california,logjohnsonsu,0.1741455230228184,0.343224222286,Δo > Δ,1,14,1,12
21185501,edf_weibull,lognct,0.0828721860826475,0.530385761606,Δo > Δ,1,6,1,1
21185501,edf_adamowski,lognct,0.1084865776219222,0.530385761606,Δo > Δ,1,6,1,2
21185501,edf_chegodayev,lognct,0.1144961930065376,0.530385761606,Δo > Δ,1,6,1,3
21185501,edf_jenkinson,lognct,0.1157207227871019,0.530385761606,Δo > Δ,1,6,1,4
21185501,edf_beard,lognct,0.1157207227871019,0.530385761606,Δo > Δ,1,6,1,5
21185501,edf_filliben,lognct,0.1166441702257049,0.530385761606,Δo > Δ,1,6,1,6
21185501,edf_tukey,lognct,0.1186080351118008,0.530385761606,Δo > Δ,1,6,1,7
21185501,edf_blom,lognct,0.1238711930065377,0.530385761606,Δo > Δ,1,6,1,8
21185501,edf_cunnane,lognct,0.1270969994581504,0.530385761606,Δo > Δ,1,6,1,9
21185501,edf_california,invgauss,0.1287644758159971,0.530385761606,Δo > Δ,1,6,1,10
21185501,edf_gringorten,lognct,0.1323679250326813,0.530385761606,Δo > Δ,1,6,1,11
21185501,edf_hazen,rayleigh,0.1394670270723753,0.530385761606,Δo > Δ,1,6,1,12
2119500111,edf_hazen,nakagami,0.1200964341866149,0.530385761606,Δo > Δ,1,6,1,1
2119500111,edf_gringorten,nakagami,0.1217304211147195,0.530385761606,Δo > Δ,1,6,1,2
2119500111,edf_cunnane,nakagami,0.1227846062296257,0.530385761606,Δo > Δ,1,6,1,3
2119500111,edf_blom,nakagami,0.1234297675199483,0.530385761606,Δo > Δ,1,6,1,4
2119500111,edf_tukey,nakagami,0.1244823990988956,0.530385761606,Δo > Δ,1,6,1,5
2119500111,edf_filliben,nakagami,0.1248751720761148,0.530385761606,Δo > Δ,1,6,1,6
2119500111,edf_beard,nakagami,0.1250598615638355,0.530385761606,Δo > Δ,1,6,1,7
2119500111,edf_jenkinson,nakagami,0.1250598615638355,0.530385761606,Δo > Δ,1,6,1,8
2119500111,edf_chegodayev,nakagami,0.1253047675199483,0.530385761606,Δo > Δ,1,6,1,9
2119500111,edf_adamowski,nakagami,0.1265066905968714,0.530385761606,Δo > Δ,1,6,1,10
2119500111,edf_california,loginvgauss,0.1336656935473607,0.530385761606,Δo > Δ,1,6,1,11
2119500111,edf_weibull,nakagami,0.1428557869295257,0.530385761606,Δo > Δ,1,6,1,12
21195120,edf_hazen,logfisk,0.0732938107851797,0.530385761606,Δo > Δ,1,6,1,1
21195120,edf_gringorten,logfisk,0.0781957715694935,0.530385761606,Δo > Δ,1,6,1,2
21195120,edf_cunnane,logfisk,0.081358326914212,0.530385761606,Δo > Δ,1,6,1,3
21195120,edf_blom,logfisk,0.0832938107851797,0.530385761606,Δo > Δ,1,6,1,4
21195120,edf_tukey,logfisk,0.0864517055220218,0.530385761606,Δo > Δ,1,6,1,5
21195120,edf_filliben,logfisk,0.0876300244536792,0.530385761606,Δo > Δ,1,6,1,6
21195120,edf_beard,logfisk,0.088184092916841,0.530385761606,Δo > Δ,1,6,1,7
21195120,edf_jenkinson,logfisk,0.088184092916841,0.530385761606,Δo > Δ,1,6,1,8
21195120,edf_chegodayev,logfisk,0.0889188107851797,0.530385761606,Δo > Δ,1,6,1,9
21195120,edf_adamowski,logfisk,0.0925245800159489,0.530385761606,Δo > Δ,1,6,1,10
21195120,edf_weibull,logfisk,0.1090080964994654,0.530385761606,Δo > Δ,1,6,1,11
21195120,edf_california,logfatiguelife,0.1184179504914428,0.530385761606,Δo > Δ,1,6,1,12
21195160,edf_cunnane,loglaplace_asymmetric,0.0683807657223328,0.5865427407550001,Δo > Δ,1,5,1,1
21195160,edf_blom,loglaplace_asymmetric,0.0683807657223328,0.5865427407550001,Δo > Δ,1,5,1,2
21195160,edf_tukey,loglaplace_asymmetric,0.0683807657223328,0.5865427407550001,Δo > Δ,1,5,1,3
21195160,edf_gringorten,loglaplace_asymmetric,0.0683807657223328,0.5865427407550001,Δo > Δ,1,5,1,4
21195160,edf_filliben,loglaplace_asymmetric,0.0690057787380846,0.5865427407550001,Δo > Δ,1,5,1,5
21195160,edf_hazen,loglaplace_asymmetric,0.0699542008603945,0.5865427407550001,Δo > Δ,1,5,1,6
21195160,edf_beard,loglaplace_asymmetric,0.0700451465253052,0.5865427407550001,Δo > Δ,1,5,1,7
21195160,edf_jenkinson,loglaplace_asymmetric,0.0700451465253052,0.5865427407550001,Δo > Δ,1,5,1,8
21195160,edf_chegodayev,loglaplace_asymmetric,0.0714219880508456,0.5865427407550001,Δo > Δ,1,5,1,9
21195160,edf_adamowski,f,0.0739038942944601,0.5865427407550001,Δo > Δ,1,5,1,10
21195160,edf_weibull,lognct,0.0815464722570104,0.5865427407550001,Δo > Δ,1,5,1,11
21195160,edf_california,logkstwobign,0.1455335592352949,0.5865427407550001,Δo > Δ,1,5,1,12
21195170,edf_hazen,weibull_min,0.0656659892903823,0.331107277296,Δo > Δ,1,16,1,1
21195170,edf_gringorten,weibull_min,0.0668291406551466,0.331107277296,Δo > Δ,1,16,1,2
21195170,edf_cunnane,weibull_min,0.0678275320692252,0.331107277296,Δo > Δ,1,16,1,3
21195170,edf_blom,weibull_min,0.0690620999704598,0.331107277296,Δo > Δ,1,16,1,4
21195170,edf_tukey,rayleigh,0.0700152920922297,0.331107277296,Δo > Δ,1,16,1,5
21195170,edf_filliben,rayleigh,0.0706668817840184,0.331107277296,Δo > Δ,1,16,1,6
21195170,edf_beard,rayleigh,0.070974650194445,0.331107277296,Δo > Δ,1,16,1,7
21195170,edf_jenkinson,rayleigh,0.070974650194445,0.331107277296,Δo > Δ,1,16,1,8
21195170,edf_california,logmielke,0.0710283920350622,0.331107277296,Δo > Δ,1,16,1,9
21195170,edf_chegodayev,rayleigh,0.0713841323112441,0.331107277296,Δo > Δ,1,16,1,10
21195170,edf_adamowski,rayleigh,0.0734166526364474,0.331107277296,Δo > Δ,1,16,1,11
21195170,edf_weibull,fisk,0.0798009461946873,0.331107277296,Δo > Δ,1,16,1,12
21195190,edf_hazen,halfnorm,0.074850172438585,0.343224222286,Δo > Δ,1,14,1,1
21195190,edf_gringorten,halfnorm,0.0775818600144652,0.343224222286,Δo > Δ,1,14,1,2
21195190,edf_cunnane,halfnorm,0.0793773354164522,0.343224222286,Δo > Δ,1,14,1,3
21195190,edf_blom,halfnorm,0.0804892701829459,0.343224222286,Δo > Δ,1,14,1,4
21195190,edf_tukey,halfnorm,0.0823252554950634,0.343224222286,Δo > Δ,1,14,1,5
21195190,edf_filliben,halfnorm,0.0830173446329065,0.343224222286,Δo > Δ,1,14,1,6
21195190,edf_beard,halfnorm,0.0833441124346112,0.343224222286,Δo > Δ,1,14,1,7
21195190,edf_jenkinson,halfnorm,0.0833441124346112,0.343224222286,Δo > Δ,1,14,1,8
21195190,edf_chegodayev,halfnorm,0.0837787438671564,0.343224222286,Δo > Δ,1,14,1,9
21195190,edf_adamowski,halfnorm,0.0859339162809495,0.343224222286,Δo > Δ,1,14,1,10
21195190,edf_california,nakagami,0.0874886282555875,0.343224222286,Δo > Δ,1,14,1,11
21195190,edf_weibull,halfnorm,0.0962787438671564,0.343224222286,Δo > Δ,1,14,1,12
21195501,edf_hazen,logalpha,0.0327412843441989,0.5865427407550001,Δo > Δ,1,5,1,1
21195501,edf_gringorten,logalpha,0.0421162843441989,0.5865427407550001,Δo > Δ,1,5,1,2
21195501,edf_cunnane,logalpha,0.0481258997288143,0.5865427407550001,Δo > Δ,1,5,1,3
21195501,edf_blom,logalpha,0.0517889033918179,0.5865427407550001,Δo > Δ,1,5,1,4
21195501,edf_tukey,logalpha,0.0577412843441989,0.5865427407550001,Δo > Δ,1,5,1,5
21195501,edf_filliben,logalpha,0.0599547046610675,0.5865427407550001,Δo > Δ,1,5,1,6
21195501,edf_beard,logalpha,0.0609940724482881,0.5865427407550001,Δo > Δ,1,5,1,7
21195501,edf_jenkinson,logalpha,0.0609940724482881,0.5865427407550001,Δo > Δ,1,5,1,8
21195501,edf_chegodayev,logalpha,0.0623709139738285,0.5865427407550001,Δo > Δ,1,5,1,9
21195501,edf_weibull,logncf,0.0669126897803557,0.5865427407550001,Δo > Δ,1,5,1,10
21195501,edf_adamowski,logalpha,0.0691049207078352,0.5865427407550001,Δo > Δ,1,5,1,11
21195501,edf_california,loggenlogistic,0.1294282346613387,0.5865427407550001,Δo > Δ,1,5,1,12
21195502,edf_gringorten,rayleigh,0.1062656539274219,0.530385761606,Δo > Δ,1,6,1,1
21195502,edf_cunnane,rayleigh,0.1094282092721404,0.530385761606,Δo > Δ,1,6,1,2
21195502,edf_hazen,rayleigh,0.1099682586238541,0.530385761606,Δo > Δ,1,6,1,3
21195502,edf_blom,maxwell,0.1111040650718469,0.530385761606,Δo > Δ,1,6,1,4
21195502,edf_tukey,maxwell,0.114261959808689,0.530385761606,Δo > Δ,1,6,1,5
21195502,edf_filliben,maxwell,0.1154402787403465,0.530385761606,Δo > Δ,1,6,1,6
21195502,edf_beard,maxwell,0.1159943472035083,0.530385761606,Δo > Δ,1,6,1,7
21195502,edf_jenkinson,maxwell,0.1159943472035083,0.530385761606,Δo > Δ,1,6,1,8
21195502,edf_chegodayev,maxwell,0.1167290650718469,0.530385761606,Δo > Δ,1,6,1,9
21195502,edf_adamowski,maxwell,0.1203348343026161,0.530385761606,Δo > Δ,1,6,1,10
21195502,edf_weibull,maxwell,0.1368183507861326,0.530385761606,Δo > Δ,1,6,1,11
21195502,edf_california,weibull_min,0.1805835180189428,0.530385761606,Δo > Δ,1,6,1,12
2119700147,edf_cunnane,laplace_asymmetric,0.0677501109499184,0.5865427407550001,Δo > Δ,1,5,1,1
2119700147,edf_filliben,laplace_asymmetric,0.0677501109499184,0.5865427407550001,Δo > Δ,1,5,1,2
2119700147,edf_tukey,laplace_asymmetric,0.0677501109499184,0.5865427407550001,Δo > Δ,1,5,1,3
2119700147,edf_gringorten,laplace_asymmetric,0.0677501109499184,0.5865427407550001,Δo > Δ,1,5,1,4
2119700147,edf_blom,laplace_asymmetric,0.0677501109499184,0.5865427407550001,Δo > Δ,1,5,1,5
2119700147,edf_hazen,laplace_asymmetric,0.0677501109499184,0.5865427407550001,Δo > Δ,1,5,1,6
2119700147,edf_beard,laplace_asymmetric,0.0678459084988008,0.5865427407550001,Δo > Δ,1,5,1,7
2119700147,edf_jenkinson,laplace_asymmetric,0.0678459084988008,0.5865427407550001,Δo > Δ,1,5,1,8
2119700147,edf_chegodayev,laplace_asymmetric,0.0692227500243412,0.5865427407550001,Δo > Δ,1,5,1,9
2119700147,edf_adamowski,fisk,0.0729604228258413,0.5865427407550001,Δo > Δ,1,5,1,10
2119700147,edf_weibull,fisk,0.1032634531288717,0.5865427407550001,Δo > Δ,1,5,1,11
2119700147,edf_california,invgauss,0.1438952064392813,0.5865427407550001,Δo > Δ,1,5,1,12
21197010,edf_hazen,rayleigh,0.0655706514272088,0.3621841451959999,Δo > Δ,1,12,1,1
21197010,edf_gringorten,rayleigh,0.0692835227143374,0.3621841451959999,Δo > Δ,1,12,1,2
21197010,edf_cunnane,rayleigh,0.0717181924108153,0.3621841451959999,Δo > Δ,1,12,1,3
21197010,edf_blom,rayleigh,0.0732237126516986,0.3621841451959999,Δo > Δ,1,12,1,4
21197010,edf_tukey,rayleigh,0.0757057865623439,0.3621841451959999,Δo > Δ,1,12,1,5
21197010,edf_filliben,rayleigh,0.0766402025796553,0.3621841451959999,Δo > Δ,1,12,1,6
21197010,edf_beard,rayleigh,0.0770811522349633,0.3621841451959999,Δo > Δ,1,12,1,7
21197010,edf_jenkinson,rayleigh,0.0770811522349633,0.3621841451959999,Δo > Δ,1,12,1,8
21197010,edf_chegodayev,rayleigh,0.0776674256207573,0.3621841451959999,Δo > Δ,1,12,1,9
21197010,edf_adamowski,fatiguelife,0.0805116309705575,0.3621841451959999,Δo > Δ,1,12,1,10
21197010,edf_weibull,kstwobign,0.0924068179233762,0.3621841451959999,Δo > Δ,1,12,1,11
21197010,edf_california,maxwell,0.0997833370962812,0.3621841451959999,Δo > Δ,1,12,1,12
21197430,edf_hazen,mielke,0.0287293165139524,0.484420539261,Δo > Δ,1,7,1,1
21197430,edf_gringorten,mielke,0.0359524304786394,0.484420539261,Δo > Δ,1,7,1,2
21197430,edf_cunnane,mielke,0.0406340784187143,0.484420539261,Δo > Δ,1,7,1,3
21197430,edf_blom,mielke,0.0435076416371051,0.484420539261,Δo > Δ,1,7,1,4
21197430,edf_tukey,mielke,0.0482098359944719,0.484420539261,Δo > Δ,1,7,1,5
21197430,edf_filliben,mielke,0.0499687695252995,0.484420539261,Δo > Δ,1,7,1,6
21197430,edf_beard,mielke,0.0507966800447306,0.484420539261,Δo > Δ,1,7,1,7
21197430,edf_jenkinson,mielke,0.0507966800447306,0.484420539261,Δo > Δ,1,7,1,8
21197430,edf_chegodayev,mielke,0.0518953396799756,0.484420539261,Δo > Δ,1,7,1,9
21197430,edf_adamowski,mielke,0.057300745085381,0.484420539261,Δo > Δ,1,7,1,10
21197430,edf_weibull,mielke,0.082300745085381,0.484420539261,Δo > Δ,1,7,1,11
21197430,edf_california,mielke,0.1001578879425239,0.484420539261,Δo > Δ,1,7,1,12
2120000099,edf_adamowski,betaprime,0.0764907783701857,0.5865427407550001,Δo > Δ,1,5,1,1
2120000099,edf_chegodayev,betaprime,0.0796749647611546,0.5865427407550001,Δo > Δ,1,5,1,2
2120000099,edf_jenkinson,betaprime,0.0803633855239248,0.5865427407550001,Δo > Δ,1,5,1,3
2120000099,edf_beard,betaprime,0.0803633855239248,0.5865427407550001,Δo > Δ,1,5,1,4
2120000099,edf_filliben,betaprime,0.0808830694175351,0.5865427407550001,Δo > Δ,1,5,1,5
2120000099,edf_tukey,betaprime,0.0819897795759694,0.5865427407550001,Δo > Δ,1,5,1,6
2120000099,edf_blom,johnsonsu,0.0830882039160246,0.5865427407550001,Δo > Δ,1,5,1,7
2120000099,edf_cunnane,johnsonsu,0.0830882039160246,0.5865427407550001,Δo > Δ,1,5,1,8
2120000099,edf_gringorten,johnsonsu,0.0833430401703329,0.5865427407550001,Δo > Δ,1,5,1,9
2120000099,edf_hazen,laplace_asymmetric,0.0841760849013352,0.5865427407550001,Δo > Δ,1,5,1,10
2120000099,edf_weibull,fisk,0.1005257366430135,0.5865427407550001,Δo > Δ,1,5,1,11
2120000099,edf_california,kstwobign,0.1485186653903653,0.5865427407550001,Δo > Δ,1,5,1,12
2120000100,edf_blom,genlogistic,0.05998244154664,0.5865427407550001,Δo > Δ,1,5,1,1
2120000100,edf_tukey,genlogistic,0.0611177279913427,0.5865427407550001,Δo > Δ,1,5,1,2
2120000100,edf_cunnane,genlogistic,0.0618139433781418,0.5865427407550001,Δo > Δ,1,5,1,3
2120000100,edf_filliben,genlogistic,0.0633311483082113,0.5865427407550001,Δo > Δ,1,5,1,4
2120000100,edf_gringorten,gumbel_l,0.063710634038992,0.5865427407550001,Δo > Δ,1,5,1,5
2120000100,edf_jenkinson,genlogistic,0.0643705160954319,0.5865427407550001,Δo > Δ,1,5,1,6
2120000100,edf_beard,genlogistic,0.0643705160954319,0.5865427407550001,Δo > Δ,1,5,1,7
2120000100,edf_chegodayev,genlogistic,0.0657473576209723,0.5865427407550001,Δo > Δ,1,5,1,8
2120000100,edf_hazen,gumbel_l,0.0660027280910359,0.5865427407550001,Δo > Δ,1,5,1,9
2120000100,edf_adamowski,genlogistic,0.0724813643549791,0.5865427407550001,Δo > Δ,1,5,1,10
2120000100,edf_weibull,genlogistic,0.1027843946580094,0.5865427407550001,Δo > Δ,1,5,1,11
2120000100,edf_california,genlogistic,0.1409062546938332,0.5865427407550001,Δo > Δ,1,5,1,12
2120000101,edf_adamowski,exponnorm,0.0760090803674968,0.5865427407550001,Δo > Δ,1,5,1,1
2120000101,edf_chegodayev,exponnorm,0.0779081718729201,0.5865427407550001,Δo > Δ,1,5,1,2
2120000101,edf_jenkinson,exponnorm,0.0785965926356902,0.5865427407550001,Δo > Δ,1,5,1,3
2120000101,edf_beard,exponnorm,0.0785965926356902,0.5865427407550001,Δo > Δ,1,5,1,4
2120000101,edf_filliben,exponnorm,0.0791162765293005,0.5865427407550001,Δo > Δ,1,5,1,5
2120000101,edf_tukey,exponnorm,0.0802229866877348,0.5865427407550001,Δo > Δ,1,5,1,6
2120000101,edf_blom,exponnorm,0.0831991771639253,0.5865427407550001,Δo > Δ,1,5,1,7
2120000101,edf_cunnane,exponnorm,0.0850306789954271,0.5865427407550001,Δo > Δ,1,5,1,8
2120000101,edf_gringorten,halflogistic,0.0879977986800293,0.5865427407550001,Δo > Δ,1,5,1,9
2120000101,edf_hazen,halflogistic,0.0879977986800293,0.5865427407550001,Δo > Δ,1,5,1,10
2120000101,edf_weibull,exponnorm,0.1027913307647897,0.5865427407550001,Δo > Δ,1,5,1,11
2120000101,edf_california,invgauss,0.1487161844091997,0.5865427407550001,Δo > Δ,1,5,1,12
2120000103,edf_hazen,halfnorm,0.0506520491838831,0.5865427407550001,Δo > Δ,1,5,1,1
2120000103,edf_gringorten,halfnorm,0.0553395491838831,0.5865427407550001,Δo > Δ,1,5,1,2
2120000103,edf_cunnane,halfnorm,0.0583443568761908,0.5865427407550001,Δo > Δ,1,5,1,3
2120000103,edf_blom,halfnorm,0.0601758587076926,0.5865427407550001,Δo > Δ,1,5,1,4
2120000103,edf_tukey,halfnorm,0.0631520491838831,0.5865427407550001,Δo > Δ,1,5,1,5
2120000103,edf_filliben,halfnorm,0.0642587593423174,0.5865427407550001,Δo > Δ,1,5,1,6
2120000103,edf_beard,halfnorm,0.0647784432359277,0.5865427407550001,Δo > Δ,1,5,1,7
2120000103,edf_jenkinson,halfnorm,0.0647784432359277,0.5865427407550001,Δo > Δ,1,5,1,8
2120000103,edf_chegodayev,halfnorm,0.0654668639986979,0.5865427407550001,Δo > Δ,1,5,1,9
2120000103,edf_adamowski,halfnorm,0.0688338673657013,0.5865427407550001,Δo > Δ,1,5,1,10
2120000103,edf_weibull,halfnorm,0.0962137260296902,0.5865427407550001,Δo > Δ,1,5,1,11
2120000103,edf_california,invgauss,0.1415794232112173,0.5865427407550001,Δo > Δ,1,5,1,12
2120000105,edf_california,logistic,0.1712447222740588,0.5865427407550001,Δo > Δ,1,5,1,1
2120000105,edf_adamowski,logpearson3,0.1735875356290473,0.5865427407550001,Δo > Δ,1,5,1,2
2120000105,edf_filliben,logpearson3,0.1735875356290473,0.5865427407550001,Δo > Δ,1,5,1,3
2120000105,edf_jenkinson,logpearson3,0.1735875356290473,0.5865427407550001,Δo > Δ,1,5,1,4
2120000105,edf_chegodayev,logpearson3,0.1735875356290473,0.5865427407550001,Δo > Δ,1,5,1,5
2120000105,edf_weibull,logpearson3,0.1735875356290473,0.5865427407550001,Δo > Δ,1,5,1,6
2120000105,edf_beard,logpearson3,0.1735875356290473,0.5865427407550001,Δo > Δ,1,5,1,7
2120000105,edf_tukey,logpearson3,0.1735875356290473,0.5865427407550001,Δo > Δ,1,5,1,8
2120000105,edf_blom,logpearson3,0.1781056920227619,0.5865427407550001,Δo > Δ,1,5,1,9
2120000105,edf_cunnane,logpearson3,0.1817686956857654,0.5865427407550001,Δo > Δ,1,5,1,10
2120000105,edf_gringorten,logpearson3,0.1877783110703809,0.5865427407550001,Δo > Δ,1,5,1,11
2120000105,edf_hazen,loggumbel_l,0.1952505458248465,0.5865427407550001,Δo > Δ,1,5,1,12
2120000106,edf_blom,logweibull_min,0.0780972956501097,0.5865427407550001,Δo > Δ,1,5,1,1
2120000106,edf_tukey,logweibull_min,0.0792212235063409,0.5865427407550001,Δo > Δ,1,5,1,2
2120000106,edf_cunnane,logweibull_min,0.0799287974816115,0.5865427407550001,Δo > Δ,1,5,1,3
2120000106,edf_hazen,invgamma,0.0806043008307463,0.5865427407550001,Δo > Δ,1,5,1,4
2120000106,edf_filliben,logweibull_min,0.0814346438232094,0.5865427407550001,Δo > Δ,1,5,1,5
2120000106,edf_adamowski,loggumbel_l,0.0821413842950365,0.5865427407550001,Δo > Δ,1,5,1,6
2120000106,edf_gringorten,invgamma,0.082166239076054,0.5865427407550001,Δo > Δ,1,5,1,7
2120000106,edf_jenkinson,logweibull_min,0.0824740116104301,0.5865427407550001,Δo > Δ,1,5,1,8
2120000106,edf_beard,logweibull_min,0.0824740116104301,0.5865427407550001,Δo > Δ,1,5,1,9
2120000106,edf_chegodayev,logweibull_min,0.0838508531359705,0.5865427407550001,Δo > Δ,1,5,1,10
2120000106,edf_weibull,invgamma,0.1108120724093874,0.5865427407550001,Δo > Δ,1,5,1,11
2120000106,edf_california,logpearson3,0.1469132099541958,0.5865427407550001,Δo > Δ,1,5,1,12
2120000107,edf_cunnane,pearson3,0.0657147851417249,0.5865427407550001,Δo > Δ,1,5,1,1
2120000107,edf_blom,pearson3,0.0657147851417249,0.5865427407550001,Δo > Δ,1,5,1,2
2120000107,edf_tukey,pearson3,0.0657147851417249,0.5865427407550001,Δo > Δ,1,5,1,3
2120000107,edf_gringorten,pearson3,0.0657147851417249,0.5865427407550001,Δo > Δ,1,5,1,4
2120000107,edf_filliben,pearson3,0.0671293791412198,0.5865427407550001,Δo > Δ,1,5,1,5
2120000107,edf_jenkinson,pearson3,0.0681687469284404,0.5865427407550001,Δo > Δ,1,5,1,6
2120000107,edf_beard,pearson3,0.0681687469284404,0.5865427407550001,Δo > Δ,1,5,1,7
2120000107,edf_chegodayev,pearson3,0.0695455884539809,0.5865427407550001,Δo > Δ,1,5,1,8
2120000107,edf_hazen,pearson3,0.0703780342965624,0.5865427407550001,Δo > Δ,1,5,1,9
2120000107,edf_adamowski,pearson3,0.0762795951879876,0.5865427407550001,Δo > Δ,1,5,1,10
2120000107,edf_weibull,fisk,0.0963426686921119,0.5865427407550001,Δo > Δ,1,5,1,11
2120000107,edf_california,genlogistic,0.13718426816771,0.5865427407550001,Δo > Δ,1,5,1,12
2120000108,edf_hazen,fisk,0.0402438974147468,0.5865427407550001,Δo > Δ,1,5,1,1
2120000108,edf_gringorten,fisk,0.0445730310324257,0.5865427407550001,Δo > Δ,1,5,1,2
2120000108,edf_cunnane,logcrystalball,0.0501391623593747,0.5865427407550001,Δo > Δ,1,5,1,3
2120000108,edf_blom,logcrystalball,0.0538021660223783,0.5865427407550001,Δo > Δ,1,5,1,4
2120000108,edf_tukey,logcrystalball,0.0597545469747592,0.5865427407550001,Δo > Δ,1,5,1,5
2120000108,edf_filliben,logcrystalball,0.0619679672916277,0.5865427407550001,Δo > Δ,1,5,1,6
2120000108,edf_beard,logcrystalball,0.0630073350788483,0.5865427407550001,Δo > Δ,1,5,1,7
2120000108,edf_jenkinson,logcrystalball,0.0630073350788483,0.5865427407550001,Δo > Δ,1,5,1,8
2120000108,edf_chegodayev,logcrystalball,0.0643841766043888,0.5865427407550001,Δo > Δ,1,5,1,9
2120000108,edf_adamowski,logcrystalball,0.0711181833383955,0.5865427407550001,Δo > Δ,1,5,1,10
2120000108,edf_weibull,logcrystalball,0.1014212136414258,0.5865427407550001,Δo > Δ,1,5,1,11
2120000108,edf_california,logcrystalball,0.133155395237586,0.5865427407550001,Δo > Δ,1,5,1,12
2120000109,edf_hazen,betaprime,0.0686806622986591,0.5865427407550001,Δo > Δ,1,5,1,1
2120000109,edf_gringorten,betaprime,0.069078045584058,0.5865427407550001,Δo > Δ,1,5,1,2
2120000109,edf_cunnane,betaprime,0.0720828532763657,0.5865427407550001,Δo > Δ,1,5,1,3
2120000109,edf_blom,betaprime,0.0739143551078675,0.5865427407550001,Δo > Δ,1,5,1,4
2120000109,edf_tukey,betaprime,0.076890545584058,0.5865427407550001,Δo > Δ,1,5,1,5
2120000109,edf_jenkinson,rice,0.0770526096774162,0.5865427407550001,Δo > Δ,1,5,1,6
2120000109,edf_beard,rice,0.0770526096774162,0.5865427407550001,Δo > Δ,1,5,1,7
2120000109,edf_filliben,rice,0.0770526096774162,0.5865427407550001,Δo > Δ,1,5,1,8
2120000109,edf_chegodayev,rice,0.0783766549901153,0.5865427407550001,Δo > Δ,1,5,1,9
2120000109,edf_adamowski,invgamma,0.0788189203409798,0.5865427407550001,Δo > Δ,1,5,1,10
2120000109,edf_weibull,invgamma,0.0960823654453882,0.5865427407550001,Δo > Δ,1,5,1,11
2120000109,edf_california,genlogistic,0.1373941652748286,0.5865427407550001,Δo > Δ,1,5,1,12
21201200,edf_blom,halflogistic,0.0556096223426147,0.3942745923300002,Δo > Δ,1,10,1,1
21201200,edf_tukey,halflogistic,0.0556418561131559,0.3942745923300002,Δo > Δ,1,10,1,2
21201200,edf_filliben,halflogistic,0.0566766661904943,0.3942745923300002,Δo > Δ,1,10,1,3
21201200,edf_cunnane,halflogistic,0.0568052225339107,0.3942745923300002,Δo > Δ,1,10,1,4
21201200,edf_hazen,logmaxwell,0.0570436504106596,0.3942745923300002,Δo > Δ,1,10,1,5
21201200,edf_jenkinson,halflogistic,0.0571646356519712,0.3942745923300002,Δo > Δ,1,10,1,6
21201200,edf_beard,halflogistic,0.0571646356519712,0.3942745923300002,Δo > Δ,1,10,1,7
21201200,edf_gringorten,logmaxwell,0.0576365357861536,0.3942745923300002,Δo > Δ,1,10,1,8
21201200,edf_chegodayev,halflogistic,0.0578130719940492,0.3942745923300002,Δo > Δ,1,10,1,9
21201200,edf_adamowski,halfnorm,0.0605158162096128,0.3942745923300002,Δo > Δ,1,10,1,10
21201200,edf_weibull,halfnorm,0.0670162219759713,0.3942745923300002,Δo > Δ,1,10,1,11
21201200,edf_california,halflogistic,0.0989192408915242,0.3942745923300002,Δo > Δ,1,10,1,12
21201980,edf_cunnane,maxwell,0.0533679051972764,0.417612680231,Δo > Δ,1,9,1,1
21201980,edf_gringorten,johnsonsu,0.05344736771066,0.417612680231,Δo > Δ,1,9,1,2
21201980,edf_blom,maxwell,0.0539554492630813,0.417612680231,Δo > Δ,1,9,1,3
21201980,edf_hazen,invgamma,0.0547137688331606,0.417612680231,Δo > Δ,1,9,1,4
21201980,edf_tukey,maxwell,0.0562870743380609,0.417612680231,Δo > Δ,1,9,1,5
21201980,edf_filliben,maxwell,0.0573739479556339,0.417612680231,Δo > Δ,1,9,1,6
21201980,edf_beard,maxwell,0.0578862214595961,0.417612680231,Δo > Δ,1,9,1,7
21201980,edf_jenkinson,maxwell,0.0578862214595961,0.417612680231,Δo > Δ,1,9,1,8
21201980,edf_chegodayev,maxwell,0.0585667095964195,0.417612680231,Δo > Δ,1,9,1,9
21201980,edf_adamowski,maxwell,0.0619261720824218,0.417612680231,Δo > Δ,1,9,1,10
21201980,edf_weibull,maxwell,0.0777156457666323,0.417612680231,Δo > Δ,1,9,1,11
21201980,edf_california,kstwobign,0.0997184467391718,0.417612680231,Δo > Δ,1,9,1,12
21202170,edf_adamowski,logt,0.1096438550266423,0.417612680231,Δo > Δ,1,9,1,1
21202170,edf_cunnane,logt,0.1096438550266423,0.417612680231,Δo > Δ,1,9,1,2
21202170,edf_jenkinson,logt,0.1096438550266423,0.417612680231,Δo > Δ,1,9,1,3
21202170,edf_filliben,logt,0.1096438550266423,0.417612680231,Δo > Δ,1,9,1,4
21202170,edf_tukey,logt,0.1096438550266423,0.417612680231,Δo > Δ,1,9,1,5
21202170,edf_blom,logt,0.1096438550266423,0.417612680231,Δo > Δ,1,9,1,6
21202170,edf_chegodayev,logt,0.1096438550266423,0.417612680231,Δo > Δ,1,9,1,7
21202170,edf_beard,logt,0.1096438550266423,0.417612680231,Δo > Δ,1,9,1,8
21202170,edf_weibull,logt,0.1096438550266423,0.417612680231,Δo > Δ,1,9,1,9
21202170,edf_gringorten,logt,0.109944066988745,0.417612680231,Δo > Δ,1,9,1,10
21202170,edf_hazen,logt,0.1143300319010258,0.417612680231,Δo > Δ,1,9,1,11
21202170,edf_california,laplace,0.1234859189103642,0.417612680231,Δo > Δ,1,9,1,12
21202180,edf_california,kstwobign,0.1032169163602623,0.417612680231,Δo > Δ,1,9,1,1
21202180,edf_cunnane,gompertz,0.1202886503246635,0.417612680231,Δo > Δ,1,9,1,2
21202180,edf_filliben,gompertz,0.1202886503246635,0.417612680231,Δo > Δ,1,9,1,3
21202180,edf_jenkinson,gompertz,0.1202886503246635,0.417612680231,Δo > Δ,1,9,1,4
21202180,edf_blom,gompertz,0.1202886503246635,0.417612680231,Δo > Δ,1,9,1,5
21202180,edf_tukey,gompertz,0.1202886503246635,0.417612680231,Δo > Δ,1,9,1,6
21202180,edf_chegodayev,gompertz,0.1202886503246635,0.417612680231,Δo > Δ,1,9,1,7
21202180,edf_gringorten,gompertz,0.1202886503246635,0.417612680231,Δo > Δ,1,9,1,8
21202180,edf_hazen,gompertz,0.1202886503246635,0.417612680231,Δo > Δ,1,9,1,9
21202180,edf_beard,gompertz,0.1202886503246635,0.417612680231,Δo > Δ,1,9,1,10
21202180,edf_adamowski,gompertz,0.1210018415087118,0.417612680231,Δo > Δ,1,9,1,11
21202180,edf_weibull,gompertz,0.1262649994034487,0.417612680231,Δo > Δ,1,9,1,12
21202200,edf_adamowski,loglaplace_asymmetric,0.1323400519811158,0.417612680231,Δo > Δ,1,9,1,1
21202200,edf_weibull,loglaplace_asymmetric,0.1323400519811158,0.417612680231,Δo > Δ,1,9,1,2
21202200,edf_chegodayev,loglaplace_asymmetric,0.1354779264880353,0.417612680231,Δo > Δ,1,9,1,3
21202200,edf_jenkinson,loglaplace_asymmetric,0.1361584146248587,0.417612680231,Δo > Δ,1,9,1,4
21202200,edf_beard,loglaplace_asymmetric,0.1361584146248587,0.417612680231,Δo > Δ,1,9,1,5
21202200,edf_filliben,loglaplace_asymmetric,0.136670688128821,0.417612680231,Δo > Δ,1,9,1,6
21202200,edf_tukey,loglaplace_asymmetric,0.1377575617463939,0.417612680231,Δo > Δ,1,9,1,7
21202200,edf_blom,loglaplace_asymmetric,0.1406533146421469,0.417612680231,Δo > Δ,1,9,1,8
21202200,edf_cunnane,loglaplace_asymmetric,0.1424159468395617,0.417612680231,Δo > Δ,1,9,1,9
21202200,edf_gringorten,loglaplace_asymmetric,0.1452763587388752,0.417612680231,Δo > Δ,1,9,1,10
21202200,edf_hazen,logjohnsonsu,0.1467940123584188,0.417612680231,Δo > Δ,1,9,1,11
21202200,edf_california,loglaplace,0.1534237906438588,0.417612680231,Δo > Δ,1,9,1,12
21202210,edf_adamowski,logncf,0.0899363117709909,0.5865427407550001,Δo > Δ,1,5,1,1
21202210,edf_weibull,logncf,0.0899363117709909,0.5865427407550001,Δo > Δ,1,5,1,2
21202210,edf_chegodayev,logncf,0.0908887377247902,0.5865427407550001,Δo > Δ,1,5,1,3
21202210,edf_jenkinson,logncf,0.0922655792503307,0.5865427407550001,Δo > Δ,1,5,1,4
21202210,edf_beard,logncf,0.0922655792503307,0.5865427407550001,Δo > Δ,1,5,1,5
21202210,edf_filliben,logncf,0.0933049470375513,0.5865427407550001,Δo > Δ,1,5,1,6
21202210,edf_tukey,logncf,0.0955183673544198,0.5865427407550001,Δo > Δ,1,5,1,7
21202210,edf_hazen,logfisk,0.0956872864345307,0.5865427407550001,Δo > Δ,1,5,1,8
21202210,edf_gringorten,logfisk,0.1003747864345306,0.5865427407550001,Δo > Δ,1,5,1,9
21202210,edf_blom,logncf,0.1014707483068008,0.5865427407550001,Δo > Δ,1,5,1,10
21202210,edf_cunnane,logfisk,0.1033795941268383,0.5865427407550001,Δo > Δ,1,5,1,11
21202210,edf_california,invgauss,0.1423161852459813,0.5865427407550001,Δo > Δ,1,5,1,12
21202220,edf_weibull,gompertz,0.0904757610244141,0.3942745923300002,Δo > Δ,1,10,1,1
21202220,edf_adamowski,gumbel_l,0.0926073905139623,0.3942745923300002,Δo > Δ,1,10,1,2
21202220,edf_chegodayev,gumbel_l,0.0939810168875887,0.3942745923300002,Δo > Δ,1,10,1,3
21202220,edf_jenkinson,gumbel_l,0.0942589181770506,0.3942745923300002,Δo > Δ,1,10,1,4
21202220,edf_beard,gumbel_l,0.0942589181770506,0.3942745923300002,Δo > Δ,1,10,1,5
21202220,edf_filliben,gumbel_l,0.094468047946255,0.3942745923300002,Δo > Δ,1,10,1,6
21202220,edf_tukey,gumbel_l,0.0949115379794001,0.3942745923300002,Δo > Δ,1,10,1,7
21202220,edf_blom,gumbel_l,0.0960917110714536,0.3942745923300002,Δo > Δ,1,10,1,8
21202220,edf_cunnane,gumbel_l,0.0968090711862312,0.3942745923300002,Δo > Δ,1,10,1,9
21202220,edf_gringorten,gumbel_l,0.0979715915303373,0.3942745923300002,Δo > Δ,1,10,1,10
21202220,edf_hazen,truncnorm,0.0988020040129285,0.3942745923300002,Δo > Δ,1,10,1,11
21202220,edf_california,logmielke,0.1057467083754309,0.3942745923300002,Δo > Δ,1,10,1,12
21202230,edf_tukey,logpearson3,0.0394187968636212,0.3942745923300002,Δo > Δ,1,10,1,1
21202230,edf_filliben,logpearson3,0.0402799604903292,0.3942745923300002,Δo > Δ,1,10,1,2
21202230,edf_jenkinson,logpearson3,0.0409073497979424,0.3942745923300002,Δo > Δ,1,10,1,3
21202230,edf_beard,logpearson3,0.0409073497979424,0.3942745923300002,Δo > Δ,1,10,1,4
21202230,edf_blom,logpearson3,0.0413857520170437,0.3942745923300002,Δo > Δ,1,10,1,5
21202230,edf_chegodayev,logpearson3,0.0417410536663284,0.3942745923300002,Δo > Δ,1,10,1,6
21202230,edf_cunnane,logpearson3,0.0425813522083397,0.3942745923300002,Δo > Δ,1,10,1,7
21202230,edf_hazen,loggumbel_l,0.0440681466095961,0.3942745923300002,Δo > Δ,1,10,1,8
21202230,edf_gringorten,logpearson3,0.0445188861151831,0.3942745923300002,Δo > Δ,1,10,1,9
21202230,edf_adamowski,logpearson3,0.0458619327872075,0.3942745923300002,Δo > Δ,1,10,1,10
21202230,edf_weibull,logjohnsonsu,0.0576551470889383,0.3942745923300002,Δo > Δ,1,10,1,11
21202230,edf_california,loggumbel_l,0.0746086578768668,0.3942745923300002,Δo > Δ,1,10,1,12
21202240,edf_weibull,logjohnsonsu,0.1220734304814545,0.3942745923300002,Δo > Δ,1,10,1,1
21202240,edf_adamowski,logmielke,0.125396715657249,0.3942745923300002,Δo > Δ,1,10,1,2
21202240,edf_chegodayev,logmielke,0.1267703420308754,0.3942745923300002,Δo > Δ,1,10,1,3
21202240,edf_jenkinson,logmielke,0.1270482433203374,0.3942745923300002,Δo > Δ,1,10,1,4
21202240,edf_beard,logmielke,0.1270482433203374,0.3942745923300002,Δo > Δ,1,10,1,5
21202240,edf_filliben,logmielke,0.1272573730895417,0.3942745923300002,Δo > Δ,1,10,1,6
21202240,edf_tukey,logmielke,0.1277008631226868,0.3942745923300002,Δo > Δ,1,10,1,7
21202240,edf_blom,logmielke,0.1288810362147403,0.3942745923300002,Δo > Δ,1,10,1,8
21202240,edf_cunnane,logmielke,0.1295983963295179,0.3942745923300002,Δo > Δ,1,10,1,9
21202240,edf_gringorten,logmielke,0.1307609166736239,0.3942745923300002,Δo > Δ,1,10,1,10
21202240,edf_hazen,logmielke,0.1325395728001062,0.3942745923300002,Δo > Δ,1,10,1,11
21202240,edf_california,pearson3,0.1491547812861165,0.3942745923300002,Δo > Δ,1,10,1,12
21202250,edf_hazen,logloggamma,0.1209663086453798,0.3942745923300002,Δo > Δ,1,10,1,1
21202250,edf_gringorten,logloggamma,0.122744964771862,0.3942745923300002,Δo > Δ,1,10,1,2
21202250,edf_cunnane,logloggamma,0.123907485115968,0.3942745923300002,Δo > Δ,1,10,1,3
21202250,edf_blom,logloggamma,0.1246248452307456,0.3942745923300002,Δo > Δ,1,10,1,4
21202250,edf_tukey,logloggamma,0.1258050183227992,0.3942745923300002,Δo > Δ,1,10,1,5
21202250,edf_filliben,logloggamma,0.1262485083559442,0.3942745923300002,Δo > Δ,1,10,1,6
21202250,edf_beard,logloggamma,0.1264576381251485,0.3942745923300002,Δo > Δ,1,10,1,7
21202250,edf_jenkinson,logloggamma,0.1264576381251485,0.3942745923300002,Δo > Δ,1,10,1,8
21202250,edf_chegodayev,logloggamma,0.1267355394146106,0.3942745923300002,Δo > Δ,1,10,1,9
21202250,edf_adamowski,logloggamma,0.1281091657882369,0.3942745923300002,Δo > Δ,1,10,1,10
21202250,edf_weibull,logncf,0.1328069511899097,0.3942745923300002,Δo > Δ,1,10,1,11
21202250,edf_california,logfisk,0.1404963478258939,0.3942745923300002,Δo > Δ,1,10,1,12
2120500050,edf_weibull,logbetaprime,0.1078648800633969,0.5865427407550001,Δo > Δ,1,5,1,1
2120500050,edf_cunnane,nakagami,0.1153846135520981,0.5865427407550001,Δo > Δ,1,5,1,2
2120500050,edf_gringorten,nakagami,0.11621826351097,0.5865427407550001,Δo > Δ,1,5,1,3
2120500050,edf_hazen,weibull_min,0.1175580246142103,0.5865427407550001,Δo > Δ,1,5,1,4
2120500050,edf_blom,nakagami,0.1190476172151018,0.5865427407550001,Δo > Δ,1,5,1,5
2120500050,edf_tukey,nakagami,0.1249999981674827,0.5865427407550001,Δo > Δ,1,5,1,6
2120500050,edf_filliben,nakagami,0.1272134184843513,0.5865427407550001,Δo > Δ,1,5,1,7
2120500050,edf_jenkinson,nakagami,0.128252786271572,0.5865427407550001,Δo > Δ,1,5,1,8
2120500050,edf_beard,nakagami,0.128252786271572,0.5865427407550001,Δo > Δ,1,5,1,9
2120500050,edf_chegodayev,nakagami,0.1296296277971124,0.5865427407550001,Δo > Δ,1,5,1,10
2120500050,edf_adamowski,logweibull_min,0.1363636293649205,0.5865427407550001,Δo > Δ,1,5,1,11
2120500050,edf_california,invgauss,0.1527305241941425,0.5865427407550001,Δo > Δ,1,5,1,12
2120500135,edf_hazen,logpearson3,0.1020684122957741,0.530385761606,Δo > Δ,1,6,1,1
2120500135,edf_gringorten,logpearson3,0.1037023992238787,0.530385761606,Δo > Δ,1,6,1,2
2120500135,edf_cunnane,logbetaprime,0.1046465117775846,0.530385761606,Δo > Δ,1,6,1,3
2120500135,edf_blom,logbetaprime,0.1052916730679073,0.530385761606,Δo > Δ,1,6,1,4
2120500135,edf_tukey,logbetaprime,0.1063443046468546,0.530385761606,Δo > Δ,1,6,1,5
2120500135,edf_filliben,logbetaprime,0.1067370776240738,0.530385761606,Δo > Δ,1,6,1,6
2120500135,edf_beard,logbetaprime,0.1069217671117944,0.530385761606,Δo > Δ,1,6,1,7
2120500135,edf_jenkinson,logbetaprime,0.1069217671117944,0.530385761606,Δo > Δ,1,6,1,8
2120500135,edf_chegodayev,logbetaprime,0.1071666730679072,0.530385761606,Δo > Δ,1,6,1,9
2120500135,edf_adamowski,logbetaprime,0.1083685961448304,0.530385761606,Δo > Δ,1,6,1,10
2120500135,edf_weibull,logbetaprime,0.1138631016393358,0.530385761606,Δo > Δ,1,6,1,11
2120500135,edf_california,logncf,0.1345019742080492,0.530385761606,Δo > Δ,1,6,1,12
21205012,edf_california,fatiguelife,0.0909533705581962,0.4472608134160001,Δo > Δ,1,8,1,1
21205012,edf_hazen,logweibull_min,0.0943916589807527,0.4472608134160001,Δo > Δ,1,8,1,2
21205012,edf_gringorten,logweibull_min,0.0953153043009498,0.4472608134160001,Δo > Δ,1,8,1,3
21205012,edf_cunnane,logweibull_min,0.0959160492246552,0.4472608134160001,Δo > Δ,1,8,1,4
21205012,edf_blom,logweibull_min,0.0962855983746921,0.4472608134160001,Δo > Δ,1,8,1,5
21205012,edf_tukey,logweibull_min,0.0968916589807527,0.4472608134160001,Δo > Δ,1,8,1,6
21205012,edf_filliben,logweibull_min,0.0971187958606092,0.4472608134160001,Δo > Δ,1,8,1,7
21205012,edf_jenkinson,logweibull_min,0.0972257878590343,0.4472608134160001,Δo > Δ,1,8,1,8
21205012,edf_beard,logweibull_min,0.0972257878590343,0.4472608134160001,Δo > Δ,1,8,1,9
21205012,edf_chegodayev,logweibull_min,0.0973678494569432,0.4472608134160001,Δo > Δ,1,8,1,10
21205012,edf_adamowski,logweibull_min,0.098068129568988,0.4472608134160001,Δo > Δ,1,8,1,11
21205012,edf_weibull,logweibull_min,0.1111110853665103,0.4472608134160001,Δo > Δ,1,8,1,12
21205502,edf_gringorten,fisk,0.0884351617965429,0.530385761606,Δo > Δ,1,6,1,1
21205502,edf_hazen,fisk,0.0900691487246475,0.530385761606,Δo > Δ,1,6,1,2
21205502,edf_cunnane,fisk,0.0905828019170212,0.530385761606,Δo > Δ,1,6,1,3
21205502,edf_blom,fisk,0.0925182857879889,0.530385761606,Δo > Δ,1,6,1,4
21205502,edf_weibull,lognct,0.0925287403405294,0.530385761606,Δo > Δ,1,6,1,5
21205502,edf_tukey,fisk,0.095676180524831,0.530385761606,Δo > Δ,1,6,1,6
21205502,edf_filliben,fisk,0.0968544994564885,0.530385761606,Δo > Δ,1,6,1,7
21205502,edf_jenkinson,fisk,0.0974085679196502,0.530385761606,Δo > Δ,1,6,1,8
21205502,edf_beard,fisk,0.0974085679196502,0.530385761606,Δo > Δ,1,6,1,9
21205502,edf_adamowski,lognct,0.0980232458350349,0.530385761606,Δo > Δ,1,6,1,10
21205502,edf_chegodayev,fisk,0.0981432857879889,0.530385761606,Δo > Δ,1,6,1,11
21205502,edf_california,invgauss,0.1394397081447526,0.530385761606,Δo > Δ,1,6,1,12
21205503,edf_hazen,invweibull,0.0967635842420461,0.5865427407550001,Δo > Δ,1,5,1,1
21205503,edf_gringorten,invweibull,0.101451084242046,0.5865427407550001,Δo > Δ,1,5,1,2
21205503,edf_cunnane,invweibull,0.1044558919343537,0.5865427407550001,Δo > Δ,1,5,1,3
21205503,edf_blom,invweibull,0.1062873937658556,0.5865427407550001,Δo > Δ,1,5,1,4
21205503,edf_tukey,invweibull,0.109263584242046,0.5865427407550001,Δo > Δ,1,5,1,5
21205503,edf_filliben,invweibull,0.1103702944004804,0.5865427407550001,Δo > Δ,1,5,1,6
21205503,edf_beard,invweibull,0.1108899782940906,0.5865427407550001,Δo > Δ,1,5,1,7
21205503,edf_jenkinson,invweibull,0.1108899782940906,0.5865427407550001,Δo > Δ,1,5,1,8
21205503,edf_chegodayev,invweibull,0.1115783990568609,0.5865427407550001,Δo > Δ,1,5,1,9
21205503,edf_adamowski,invweibull,0.1149454024238643,0.5865427407550001,Δo > Δ,1,5,1,10
21205503,edf_weibull,invweibull,0.1300969175753794,0.5865427407550001,Δo > Δ,1,5,1,11
21205503,edf_california,invgauss,0.1500368619540651,0.5865427407550001,Δo > Δ,1,5,1,12
21205505,edf_california,logkstwobign,0.1740361050367351,0.5865427407550001,Δo > Δ,1,5,1,1
21205505,edf_adamowski,logncf,0.175294635138599,0.5865427407550001,Δo > Δ,1,5,1,2
21205505,edf_jenkinson,logncf,0.175294635138599,0.5865427407550001,Δo > Δ,1,5,1,3
21205505,edf_cunnane,logncf,0.175294635138599,0.5865427407550001,Δo > Δ,1,5,1,4
21205505,edf_gringorten,logncf,0.175294635138599,0.5865427407550001,Δo > Δ,1,5,1,5
21205505,edf_tukey,logncf,0.175294635138599,0.5865427407550001,Δo > Δ,1,5,1,6
21205505,edf_blom,logncf,0.175294635138599,0.5865427407550001,Δo > Δ,1,5,1,7
21205505,edf_filliben,logncf,0.175294635138599,0.5865427407550001,Δo > Δ,1,5,1,8
21205505,edf_chegodayev,logncf,0.175294635138599,0.5865427407550001,Δo > Δ,1,5,1,9
21205505,edf_beard,logncf,0.175294635138599,0.5865427407550001,Δo > Δ,1,5,1,10
21205505,edf_weibull,logncf,0.175294635138599,0.5865427407550001,Δo > Δ,1,5,1,11
21205505,edf_hazen,logncf,0.175294635138599,0.5865427407550001,Δo > Δ,1,5,1,12
21205506,edf_hazen,fisk,0.0947510487603631,0.5865427407550001,Δo > Δ,1,5,1,1
21205506,edf_gringorten,fisk,0.099438548760363,0.5865427407550001,Δo > Δ,1,5,1,2
21205506,edf_cunnane,fisk,0.1024433564526707,0.5865427407550001,Δo > Δ,1,5,1,3
21205506,edf_blom,fisk,0.1042748582841726,0.5865427407550001,Δo > Δ,1,5,1,4
21205506,edf_tukey,fisk,0.107251048760363,0.5865427407550001,Δo > Δ,1,5,1,5
21205506,edf_filliben,fisk,0.1083577589187974,0.5865427407550001,Δo > Δ,1,5,1,6
21205506,edf_beard,fisk,0.1088774428124076,0.5865427407550001,Δo > Δ,1,5,1,7
21205506,edf_jenkinson,fisk,0.1088774428124076,0.5865427407550001,Δo > Δ,1,5,1,8
21205506,edf_chegodayev,fisk,0.1095658635751779,0.5865427407550001,Δo > Δ,1,5,1,9
21205506,edf_adamowski,fisk,0.1129328669421813,0.5865427407550001,Δo > Δ,1,5,1,10
21205506,edf_weibull,fisk,0.1280843820936964,0.5865427407550001,Δo > Δ,1,5,1,11
21205506,edf_california,loglaplace_asymmetric,0.1361846825691491,0.5865427407550001,Δo > Δ,1,5,1,12
21205507,edf_hazen,johnsonsu,0.0336320254536113,0.5865427407550001,Δo > Δ,1,5,1,1
21205507,edf_gringorten,johnsonsu,0.0430070254536113,0.5865427407550001,Δo > Δ,1,5,1,2
21205507,edf_cunnane,johnsonsu,0.0490166408382267,0.5865427407550001,Δo > Δ,1,5,1,3
21205507,edf_blom,johnsonsu,0.0526796445012304,0.5865427407550001,Δo > Δ,1,5,1,4
21205507,edf_tukey,johnsonsu,0.0586320254536113,0.5865427407550001,Δo > Δ,1,5,1,5
21205507,edf_filliben,johnsonsu,0.0608454457704799,0.5865427407550001,Δo > Δ,1,5,1,6
21205507,edf_beard,johnsonsu,0.0618848135577005,0.5865427407550001,Δo > Δ,1,5,1,7
21205507,edf_jenkinson,johnsonsu,0.0618848135577005,0.5865427407550001,Δo > Δ,1,5,1,8
21205507,edf_chegodayev,johnsonsu,0.063261655083241,0.5865427407550001,Δo > Δ,1,5,1,9
21205507,edf_adamowski,johnsonsu,0.0699956618172477,0.5865427407550001,Δo > Δ,1,5,1,10
21205507,edf_weibull,logalpha,0.0961979441767303,0.5865427407550001,Δo > Δ,1,5,1,11
21205507,edf_california,johnsonsu,0.1336320254536113,0.5865427407550001,Δo > Δ,1,5,1,12
21205660,edf_weibull,logncf,0.0915027816081019,0.484420539261,Δo > Δ,1,7,1,1
21205660,edf_adamowski,logncf,0.1165027816081019,0.484420539261,Δo > Δ,1,7,1,2
21205660,edf_chegodayev,logncf,0.1219081870135073,0.484420539261,Δo > Δ,1,7,1,3
21205660,edf_jenkinson,logncf,0.1230068466487523,0.484420539261,Δo > Δ,1,7,1,4
21205660,edf_beard,logncf,0.1230068466487523,0.484420539261,Δo > Δ,1,7,1,5
21205660,edf_filliben,logncf,0.1238347571681834,0.484420539261,Δo > Δ,1,7,1,6
21205660,edf_tukey,logncf,0.125593690699011,0.484420539261,Δo > Δ,1,7,1,7
21205660,edf_blom,logncf,0.1302958850563778,0.484420539261,Δo > Δ,1,7,1,8
21205660,edf_cunnane,logncf,0.1331694482747686,0.484420539261,Δo > Δ,1,7,1,9
21205660,edf_gringorten,logncf,0.1378510962148435,0.484420539261,Δo > Δ,1,7,1,10
21205660,edf_hazen,halfnorm,0.1447227944563516,0.484420539261,Δo > Δ,1,7,1,11
21205660,edf_california,invgauss,0.1488801872491639,0.484420539261,Δo > Δ,1,7,1,12
21205710,edf_gringorten,loghalfnorm,0.0683330700373947,0.5865427407550001,Δo > Δ,1,5,1,1
21205710,edf_hazen,loghalfnorm,0.0683330700373947,0.5865427407550001,Δo > Δ,1,5,1,2
21205710,edf_cunnane,loghalfnorm,0.0688860872104283,0.5865427407550001,Δo > Δ,1,5,1,3
21205710,edf_blom,loghalfnorm,0.0707175890419301,0.5865427407550001,Δo > Δ,1,5,1,4
21205710,edf_tukey,loghalfnorm,0.0736937795181205,0.5865427407550001,Δo > Δ,1,5,1,5
21205710,edf_filliben,loghalfnorm,0.0748004896765548,0.5865427407550001,Δo > Δ,1,5,1,6
21205710,edf_beard,loghalfnorm,0.0753201735701652,0.5865427407550001,Δo > Δ,1,5,1,7
21205710,edf_jenkinson,loghalfnorm,0.0753201735701652,0.5865427407550001,Δo > Δ,1,5,1,8
21205710,edf_chegodayev,loghalfnorm,0.0760085943329353,0.5865427407550001,Δo > Δ,1,5,1,9
21205710,edf_adamowski,loghalfnorm,0.0793755976999387,0.5865427407550001,Δo > Δ,1,5,1,10
21205710,edf_weibull,loghalfnorm,0.0984665120886471,0.5865427407550001,Δo > Δ,1,5,1,11
21205710,edf_california,alpha,0.1376735354471146,0.5865427407550001,Δo > Δ,1,5,1,12
21205791,edf_hazen,loglaplace_asymmetric,0.0702889959040271,0.4472608134160001,Δo > Δ,1,8,1,1
21205791,edf_gringorten,loglaplace_asymmetric,0.0749072225050123,0.4472608134160001,Δo > Δ,1,8,1,2
21205791,edf_cunnane,loglaplace_asymmetric,0.0779109471235393,0.4472608134160001,Δo > Δ,1,8,1,3
21205791,edf_blom,loglaplace_asymmetric,0.079758692873724,0.4472608134160001,Δo > Δ,1,8,1,4
21205791,edf_adamowski,nct,0.0803946135125668,0.4472608134160001,Δo > Δ,1,8,1,5
21205791,edf_chegodayev,nct,0.0810948936246116,0.4472608134160001,Δo > Δ,1,8,1,6
21205791,edf_beard,nct,0.0812369552225205,0.4472608134160001,Δo > Δ,1,8,1,7
21205791,edf_jenkinson,nct,0.0812369552225205,0.4472608134160001,Δo > Δ,1,8,1,8
21205791,edf_filliben,nct,0.0813439472209455,0.4472608134160001,Δo > Δ,1,8,1,9
21205791,edf_tukey,nct,0.0815710841008021,0.4472608134160001,Δo > Δ,1,8,1,10
21205791,edf_weibull,loggumbel_r,0.0824649582674946,0.4472608134160001,Δo > Δ,1,8,1,11
21205791,edf_california,mielke,0.1019123811946826,0.4472608134160001,Δo > Δ,1,8,1,12
21205910,edf_adamowski,logalpha,0.0668295764468354,0.530385761606,Δo > Δ,1,6,1,1
21205910,edf_chegodayev,exponnorm,0.0680306808741791,0.530385761606,Δo > Δ,1,6,1,2
21205910,edf_filliben,alpha,0.0684177632410598,0.530385761606,Δo > Δ,1,6,1,3
21205910,edf_jenkinson,alpha,0.0686024527287804,0.530385761606,Δo > Δ,1,6,1,4
21205910,edf_beard,alpha,0.0686024527287804,0.530385761606,Δo > Δ,1,6,1,5
21205910,edf_tukey,alpha,0.0687609745264462,0.530385761606,Δo > Δ,1,6,1,6
21205910,edf_blom,logpearson3,0.0701346029870996,0.530385761606,Δo > Δ,1,6,1,7
21205910,edf_cunnane,logfisk,0.0703986477594337,0.530385761606,Δo > Δ,1,6,1,8
21205910,edf_gringorten,logfisk,0.0721575953558784,0.530385761606,Δo > Δ,1,6,1,9
21205910,edf_weibull,logncf,0.0738516126978223,0.530385761606,Δo > Δ,1,6,1,10
21205910,edf_hazen,logfisk,0.0770595561401921,0.530385761606,Δo > Δ,1,6,1,11
21205910,edf_california,loginvweibull,0.1288156899323058,0.530385761606,Δo > Δ,1,6,1,12
21205940,edf_hazen,loghalfnorm,0.1012351784687185,0.530385761606,Δo > Δ,1,6,1,1
21205940,edf_gringorten,loghalfnorm,0.1061371392530322,0.530385761606,Δo > Δ,1,6,1,2
21205940,edf_weibull,halfnorm,0.1072151404464959,0.530385761606,Δo > Δ,1,6,1,3
21205940,edf_cunnane,loghalfnorm,0.1092996945977508,0.530385761606,Δo > Δ,1,6,1,4
21205940,edf_blom,loghalfnorm,0.1112351784687185,0.530385761606,Δo > Δ,1,6,1,5
21205940,edf_adamowski,halfnorm,0.1127096459410014,0.530385761606,Δo > Δ,1,6,1,6
21205940,edf_chegodayev,halfnorm,0.1139115690179245,0.530385761606,Δo > Δ,1,6,1,7
21205940,edf_jenkinson,halfnorm,0.1141564749740373,0.530385761606,Δo > Δ,1,6,1,8
21205940,edf_beard,halfnorm,0.1141564749740373,0.530385761606,Δo > Δ,1,6,1,9
21205940,edf_filliben,halfnorm,0.114341164461758,0.530385761606,Δo > Δ,1,6,1,10
21205940,edf_tukey,loghalfnorm,0.1143930732055606,0.530385761606,Δo > Δ,1,6,1,11
21205940,edf_california,loghalfnorm,0.1845685118020519,0.530385761606,Δo > Δ,1,6,1,12
21206280,edf_adamowski,logloggamma,0.0660756506387324,0.530385761606,Δo > Δ,1,6,1,1
21206280,edf_blom,logjohnsonsu,0.068714822437699,0.530385761606,Δo > Δ,1,6,1,2
21206280,edf_cunnane,mielke,0.068912136251667,0.530385761606,Δo > Δ,1,6,1,3
21206280,edf_chegodayev,logloggamma,0.0696814198695017,0.530385761606,Δo > Δ,1,6,1,4
21206280,edf_tukey,logjohnsonsu,0.0697674540166463,0.530385761606,Δo > Δ,1,6,1,5
21206280,edf_filliben,logjohnsonsu,0.0701602269938654,0.530385761606,Δo > Δ,1,6,1,6
21206280,edf_jenkinson,logjohnsonsu,0.0703449164815861,0.530385761606,Δo > Δ,1,6,1,7
21206280,edf_beard,logjohnsonsu,0.0703449164815861,0.530385761606,Δo > Δ,1,6,1,8
21206280,edf_gringorten,mielke,0.0720746915963855,0.530385761606,Δo > Δ,1,6,1,9
21206280,edf_hazen,johnsonsu,0.0765717516248276,0.530385761606,Δo > Δ,1,6,1,10
21206280,edf_weibull,mielke,0.0856497129047402,0.530385761606,Δo > Δ,1,6,1,11
21206280,edf_california,chi2,0.1262594176421134,0.530385761606,Δo > Δ,1,6,1,12
21206600,edf_hazen,loghalfnorm,0.0635499956648905,0.3761373588009999,Δo > Δ,1,11,1,1
21206600,edf_gringorten,loghalfnorm,0.0645310290200246,0.3761373588009999,Δo > Δ,1,11,1,2
21206600,edf_cunnane,loghalfnorm,0.0651733722882671,0.3761373588009999,Δo > Δ,1,11,1,3
21206600,edf_blom,loghalfnorm,0.0655701976850925,0.3761373588009999,Δo > Δ,1,11,1,4
21206600,edf_tukey,loghalfnorm,0.0662237924563343,0.3761373588009999,Δo > Δ,1,11,1,5
21206600,edf_california,fatiguelife,0.066269210184985,0.3761373588009999,Δo > Δ,1,11,1,6
21206600,edf_filliben,loghalfnorm,0.0664696453069334,0.3761373588009999,Δo > Δ,1,11,1,7
21206600,edf_jenkinson,loghalfnorm,0.0665856243595701,0.3761373588009999,Δo > Δ,1,11,1,8
21206600,edf_beard,loghalfnorm,0.0665856243595701,0.3761373588009999,Δo > Δ,1,11,1,9
21206600,edf_chegodayev,loghalfnorm,0.0667397883283673,0.3761373588009999,Δo > Δ,1,11,1,10
21206600,edf_adamowski,loghalfnorm,0.0675025648348509,0.3761373588009999,Δo > Δ,1,11,1,11
21206600,edf_weibull,loghalfnorm,0.071125753240648,0.3761373588009999,Δo > Δ,1,11,1,12
21206780,edf_gringorten,logalpha,0.057913838451434,0.530385761606,Δo > Δ,1,6,1,1
21206780,edf_hazen,alpha,0.058223958555274,0.530385761606,Δo > Δ,1,6,1,2
21206780,edf_cunnane,logalpha,0.0589680235663402,0.530385761606,Δo > Δ,1,6,1,3
21206780,edf_blom,logalpha,0.0596131848566628,0.530385761606,Δo > Δ,1,6,1,4
21206780,edf_tukey,logalpha,0.0606658164356102,0.530385761606,Δo > Δ,1,6,1,5
21206780,edf_filliben,logalpha,0.0610585894128293,0.530385761606,Δo > Δ,1,6,1,6
21206780,edf_beard,logalpha,0.06124327890055,0.530385761606,Δo > Δ,1,6,1,7
21206780,edf_jenkinson,logalpha,0.06124327890055,0.530385761606,Δo > Δ,1,6,1,8
21206780,edf_chegodayev,logalpha,0.0614881848566628,0.530385761606,Δo > Δ,1,6,1,9
21206780,edf_adamowski,logalpha,0.0626901079335859,0.530385761606,Δo > Δ,1,6,1,10
21206780,edf_weibull,loginvweibull,0.0876213888456326,0.530385761606,Δo > Δ,1,6,1,11
21206780,edf_california,t,0.0958924422562668,0.530385761606,Δo > Δ,1,6,1,12
21206790,edf_california,nakagami,0.120520281615525,0.3260541228310003,Δo > Δ,1,17,1,1
21206790,edf_hazen,logbetaprime,0.1303935158412601,0.3260541228310003,Δo > Δ,1,17,1,2
21206790,edf_gringorten,logbetaprime,0.1308058302997538,0.3260541228310003,Δo > Δ,1,17,1,3
21206790,edf_cunnane,logbetaprime,0.1310775103693039,0.3260541228310003,Δo > Δ,1,17,1,4
21206790,edf_blom,logbetaprime,0.1312460307602712,0.3260541228310003,Δo > Δ,1,17,1,5
21206790,edf_tukey,logbetaprime,0.1315247375607171,0.3260541228310003,Δo > Δ,1,17,1,6
21206790,edf_filliben,logbetaprime,0.1316299447635345,0.3260541228310003,Δo > Δ,1,17,1,7
21206790,edf_jenkinson,logbetaprime,0.1316796459434736,0.3260541228310003,Δo > Δ,1,17,1,8
21206790,edf_beard,logbetaprime,0.1316796459434736,0.3260541228310003,Δo > Δ,1,17,1,9
21206790,edf_chegodayev,logbetaprime,0.1317457808852087,0.3260541228310003,Δo > Δ,1,17,1,10
21206790,edf_adamowski,logbetaprime,0.1320741881101677,0.3260541228310003,Δo > Δ,1,17,1,11
21206790,edf_weibull,logbetaprime,0.1336614896974692,0.3260541228310003,Δo > Δ,1,17,1,12
21206810,edf_hazen,logpearson3,0.0331296953688787,0.3942745923300002,Δo > Δ,1,10,1,1
21206810,edf_gringorten,logpearson3,0.0349083514953609,0.3942745923300002,Δo > Δ,1,10,1,2
21206810,edf_cunnane,logpearson3,0.036070871839467,0.3942745923300002,Δo > Δ,1,10,1,3
21206810,edf_blom,logpearson3,0.0367882319542446,0.3942745923300002,Δo > Δ,1,10,1,4
21206810,edf_tukey,logjohnsonsu,0.0375057576686871,0.3942745923300002,Δo > Δ,1,10,1,5
21206810,edf_filliben,logjohnsonsu,0.0376535876797354,0.3942745923300002,Δo > Δ,1,10,1,6
21206810,edf_beard,logjohnsonsu,0.0380253949042758,0.3942745923300002,Δo > Δ,1,10,1,7
21206810,edf_jenkinson,logjohnsonsu,0.0380253949042758,0.3942745923300002,Δo > Δ,1,10,1,8
21206810,edf_chegodayev,logjohnsonsu,0.0386738312463537,0.3942745923300002,Δo > Δ,1,10,1,9
21206810,edf_adamowski,logjohnsonsu,0.0418789594514817,0.3942745923300002,Δo > Δ,1,10,1,10
21206810,edf_weibull,logloggamma,0.0570218052451605,0.3942745923300002,Δo > Δ,1,10,1,11
21206810,edf_california,invgauss,0.0660426293861997,0.3942745923300002,Δo > Δ,1,10,1,12
21206890,edf_hazen,logjohnsonsu,0.0628425457428605,0.5865427407550001,Δo > Δ,1,5,1,1
21206890,edf_gringorten,logjohnsonsu,0.0675300457428605,0.5865427407550001,Δo > Δ,1,5,1,2
21206890,edf_cunnane,logjohnsonsu,0.0705348534351682,0.5865427407550001,Δo > Δ,1,5,1,3
21206890,edf_blom,logjohnsonsu,0.07236635526667,0.5865427407550001,Δo > Δ,1,5,1,4
21206890,edf_tukey,logjohnsonsu,0.0753425457428605,0.5865427407550001,Δo > Δ,1,5,1,5
21206890,edf_filliben,logjohnsonsu,0.0764492559012948,0.5865427407550001,Δo > Δ,1,5,1,6
21206890,edf_beard,logjohnsonsu,0.0769689397949051,0.5865427407550001,Δo > Δ,1,5,1,7
21206890,edf_jenkinson,logjohnsonsu,0.0769689397949051,0.5865427407550001,Δo > Δ,1,5,1,8
21206890,edf_chegodayev,logjohnsonsu,0.0776573605576753,0.5865427407550001,Δo > Δ,1,5,1,9
21206890,edf_adamowski,logjohnsonsu,0.0831792804302579,0.5865427407550001,Δo > Δ,1,5,1,10
21206890,edf_weibull,logexponnorm,0.1118854833591546,0.5865427407550001,Δo > Δ,1,5,1,11
21206890,edf_california,logjohnsonsu,0.1628425457428605,0.5865427407550001,Δo > Δ,1,5,1,12
21206900,edf_hazen,loglaplace,0.0459744116714867,0.5865427407550001,Δo > Δ,1,5,1,1
21206900,edf_gringorten,loglaplace_asymmetric,0.0497196364497871,0.5865427407550001,Δo > Δ,1,5,1,2
21206900,edf_cunnane,loglaplace_asymmetric,0.0557292518344025,0.5865427407550001,Δo > Δ,1,5,1,3
21206900,edf_blom,loglaplace_asymmetric,0.0593922554974061,0.5865427407550001,Δo > Δ,1,5,1,4
21206900,edf_tukey,loglaplace_asymmetric,0.065344636449787,0.5865427407550001,Δo > Δ,1,5,1,5
21206900,edf_filliben,loglaplace_asymmetric,0.0675580567666556,0.5865427407550001,Δo > Δ,1,5,1,6
21206900,edf_beard,loglaplace_asymmetric,0.0685974245538761,0.5865427407550001,Δo > Δ,1,5,1,7
21206900,edf_jenkinson,loglaplace_asymmetric,0.0685974245538761,0.5865427407550001,Δo > Δ,1,5,1,8
21206900,edf_chegodayev,loglaplace_asymmetric,0.0699742660794167,0.5865427407550001,Δo > Δ,1,5,1,9
21206900,edf_adamowski,loggenlogistic,0.0752559010465718,0.5865427407550001,Δo > Δ,1,5,1,10
21206900,edf_weibull,loggenlogistic,0.1055589313496021,0.5865427407550001,Δo > Δ,1,5,1,11
21206900,edf_california,loglaplace,0.1459744116714868,0.5865427407550001,Δo > Δ,1,5,1,12
21206920,edf_hazen,laplace_asymmetric,0.0657472679291008,0.3366456264050002,Δo > Δ,1,15,1,1
21206920,edf_chegodayev,genlogistic,0.0667742494993148,0.3366456264050002,Δo > Δ,1,15,1,2
21206920,edf_beard,genlogistic,0.0671120131660771,0.3366456264050002,Δo > Δ,1,15,1,3
21206920,edf_jenkinson,genlogistic,0.0671120131660771,0.3366456264050002,Δo > Δ,1,15,1,4
21206920,edf_filliben,genlogistic,0.0673659129611378,0.3366456264050002,Δo > Δ,1,15,1,5
21206920,edf_gringorten,laplace_asymmetric,0.067863670045503,0.3366456264050002,Δo > Δ,1,15,1,6
21206920,edf_tukey,genlogistic,0.0679035549764465,0.3366456264050002,Δo > Δ,1,15,1,7
21206920,edf_adamowski,genlogistic,0.0687748720082789,0.3366456264050002,Δo > Δ,1,15,1,8
21206920,edf_cunnane,laplace_asymmetric,0.0692560398589254,0.3366456264050002,Δo > Δ,1,15,1,9
21206920,edf_blom,genlogistic,0.0693290717262682,0.3366456264050002,Δo > Δ,1,15,1,10
21206920,edf_weibull,genlogistic,0.0805465361190583,0.3366456264050002,Δo > Δ,1,15,1,11
21206920,edf_california,loglaplace_asymmetric,0.0918218847290557,0.3366456264050002,Δo > Δ,1,15,1,12
21206930,edf_hazen,loglaplace_asymmetric,0.0656208182441733,0.3260541228310003,Δo > Δ,1,17,1,1
21206930,edf_gringorten,loglaplace_asymmetric,0.0668577616196542,0.3260541228310003,Δo > Δ,1,17,1,2
21206930,edf_cunnane,loglaplace_asymmetric,0.0676728018283046,0.3260541228310003,Δo > Δ,1,17,1,3
21206930,edf_blom,loglaplace_asymmetric,0.0681783630012065,0.3260541228310003,Δo > Δ,1,17,1,4
21206930,edf_tukey,loglaplace_asymmetric,0.0690144834025443,0.3260541228310003,Δo > Δ,1,17,1,5
21206930,edf_filliben,loglaplace_asymmetric,0.0693301050109964,0.3260541228310003,Δo > Δ,1,17,1,6
21206930,edf_beard,loglaplace_asymmetric,0.0694792085508138,0.3260541228310003,Δo > Δ,1,17,1,7
21206930,edf_jenkinson,loglaplace_asymmetric,0.0694792085508138,0.3260541228310003,Δo > Δ,1,17,1,8
21206930,edf_chegodayev,loglaplace_asymmetric,0.0696776133760191,0.3260541228310003,Δo > Δ,1,17,1,9
21206930,edf_weibull,logmielke,0.0702541306368913,0.3260541228310003,Δo > Δ,1,17,1,10
21206930,edf_adamowski,loglaplace_asymmetric,0.0706628350508959,0.3260541228310003,Δo > Δ,1,17,1,11
21206930,edf_california,ncf,0.0873338822348407,0.3260541228310003,Δo > Δ,1,17,1,12
21206940,edf_blom,logjohnsonsu,0.0548873476366723,0.3942745923300002,Δo > Δ,1,10,1,1
21206940,edf_tukey,logjohnsonsu,0.0560675207287258,0.3942745923300002,Δo > Δ,1,10,1,2
21206940,edf_cunnane,logjohnsonsu,0.0562048023933593,0.3942745923300002,Δo > Δ,1,10,1,3
21206940,edf_filliben,logjohnsonsu,0.0565110107618708,0.3942745923300002,Δo > Δ,1,10,1,4
21206940,edf_jenkinson,logjohnsonsu,0.0567201405310752,0.3942745923300002,Δo > Δ,1,10,1,5
21206940,edf_beard,logjohnsonsu,0.0567201405310752,0.3942745923300002,Δo > Δ,1,10,1,6
21206940,edf_chegodayev,logjohnsonsu,0.0569980418205372,0.3942745923300002,Δo > Δ,1,10,1,7
21206940,edf_adamowski,logjohnsonsu,0.0583716681941636,0.3942745923300002,Δo > Δ,1,10,1,8
21206940,edf_gringorten,logjohnsonsu,0.05891734986294,0.3942745923300002,Δo > Δ,1,10,1,9
21206940,edf_hazen,logjohnsonsu,0.0630675474913985,0.3942745923300002,Δo > Δ,1,10,1,10
21206940,edf_weibull,logjohnsonsu,0.0648651746876701,0.3942745923300002,Δo > Δ,1,10,1,11
21206940,edf_california,logt,0.0688404466555622,0.3942745923300002,Δo > Δ,1,10,1,12
21206950,edf_california,exponnorm,0.1126405536684295,0.3366456264050002,Δo > Δ,1,15,1,1
21206950,edf_gringorten,genexpon,0.115795419623749,0.3366456264050002,Δo > Δ,1,15,1,2
21206950,edf_hazen,genexpon,0.115795419623749,0.3366456264050002,Δo > Δ,1,15,1,3
21206950,edf_cunnane,genexpon,0.1160972220529029,0.3366456264050002,Δo > Δ,1,15,1,4
21206950,edf_blom,genexpon,0.1163129252453101,0.3366456264050002,Δo > Δ,1,15,1,5
21206950,edf_tukey,genexpon,0.1166693044327656,0.3366456264050002,Δo > Δ,1,15,1,6
21206950,edf_filliben,genexpon,0.1168037149365928,0.3366456264050002,Δo > Δ,1,15,1,7
21206950,edf_jenkinson,genexpon,0.1168671898853579,0.3366456264050002,Δo > Δ,1,15,1,8
21206950,edf_beard,genexpon,0.1168671898853579,0.3366456264050002,Δo > Δ,1,15,1,9
21206950,edf_chegodayev,genexpon,0.1169516308020485,0.3366456264050002,Δo > Δ,1,15,1,10
21206950,edf_adamowski,genexpon,0.1173705667048554,0.3366456264050002,Δo > Δ,1,15,1,11
21206950,edf_weibull,genexpon,0.1193866957371134,0.3366456264050002,Δo > Δ,1,15,1,12
21206960,edf_hazen,loglogistic,0.0513568800926405,0.351490473531,Δo > Δ,1,13,1,1
21206960,edf_gringorten,loglogistic,0.0527640095485504,0.351490473531,Δo > Δ,1,13,1,2
21206960,edf_cunnane,logmielke,0.0534066734185439,0.351490473531,Δo > Δ,1,13,1,3
21206960,edf_blom,loglogistic,0.0542596377123792,0.351490473531,Δo > Δ,1,13,1,4
21206960,edf_beard,genlogistic,0.0542659583573944,0.351490473531,Δo > Δ,1,13,1,5
21206960,edf_jenkinson,genlogistic,0.0542659583573944,0.351490473531,Δo > Δ,1,13,1,6
21206960,edf_filliben,genlogistic,0.0546014843531097,0.351490473531,Δo > Δ,1,13,1,7
21206960,edf_weibull,gumbel_r,0.0548104834993169,0.351490473531,Δo > Δ,1,13,1,8
21206960,edf_chegodayev,genlogistic,0.0548169273193686,0.351490473531,Δo > Δ,1,13,1,9
21206960,edf_tukey,loglogistic,0.0552030339387943,0.351490473531,Δo > Δ,1,13,1,10
21206960,edf_adamowski,logt,0.0559897827502854,0.351490473531,Δo > Δ,1,13,1,11
21206960,edf_california,t,0.0760163563599789,0.351490473531,Δo > Δ,1,13,1,12
21206980,edf_tukey,logexponnorm,0.0611718718450597,0.343224222286,Δo > Δ,1,14,1,1
21206980,edf_blom,logexponnorm,0.0615655854640815,0.343224222286,Δo > Δ,1,14,1,2
21206980,edf_cunnane,logexponnorm,0.0619362303862461,0.343224222286,Δo > Δ,1,14,1,3
21206980,edf_filliben,logexponnorm,0.0620177585690902,0.343224222286,Δo > Δ,1,14,1,4
21206980,edf_jenkinson,logexponnorm,0.0624171414378404,0.343224222286,Δo > Δ,1,14,1,5
21206980,edf_beard,logexponnorm,0.0624171414378404,0.343224222286,Δo > Δ,1,14,1,6
21206980,edf_gringorten,logexponnorm,0.0625347221869084,0.343224222286,Δo > Δ,1,14,1,7
21206980,edf_chegodayev,loginvgamma,0.0628591379964451,0.343224222286,Δo > Δ,1,14,1,8
21206980,edf_hazen,logexponnorm,0.0634452847122018,0.343224222286,Δo > Δ,1,14,1,9
21206980,edf_adamowski,logbetaprime,0.0642013573345254,0.343224222286,Δo > Δ,1,14,1,10
21206980,edf_weibull,pearson3,0.0682975841527332,0.343224222286,Δo > Δ,1,14,1,11
21206980,edf_california,exponnorm,0.088876342691345,0.343224222286,Δo > Δ,1,14,1,12
21206990,edf_blom,rayleigh,0.0471392098169214,0.3260541228310003,Δo > Δ,1,17,1,1
21206990,edf_cunnane,rayleigh,0.048483850197998,0.3260541228310003,Δo > Δ,1,17,1,2
21206990,edf_tukey,rayleigh,0.0485327438191511,0.3260541228310003,Δo > Δ,1,17,1,3
21206990,edf_filliben,rayleigh,0.0490587798332378,0.3260541228310003,Δo > Δ,1,17,1,4
21206990,edf_jenkinson,rayleigh,0.0493072857329335,0.3260541228310003,Δo > Δ,1,17,1,5
21206990,edf_beard,rayleigh,0.0493072857329335,0.3260541228310003,Δo > Δ,1,17,1,6
21206990,edf_chegodayev,rayleigh,0.0496379604416091,0.3260541228310003,Δo > Δ,1,17,1,7
21206990,edf_gringorten,rayleigh,0.0506572907543988,0.3260541228310003,Δo > Δ,1,17,1,8
21206990,edf_adamowski,rayleigh,0.0512799965664038,0.3260541228310003,Δo > Δ,1,17,1,9
21206990,edf_hazen,rayleigh,0.0539558064223482,0.3260541228310003,Δo > Δ,1,17,1,10
21206990,edf_weibull,rayleigh,0.0592165045029118,0.3260541228310003,Δo > Δ,1,17,1,11
21206990,edf_california,logncf,0.0747757880683405,0.3260541228310003,Δo > Δ,1,17,1,12
2120700037,edf_tukey,ncf,0.1734700958917415,0.5865427407550001,Δo > Δ,1,5,1,1
2120700037,edf_blom,ncf,0.1739211428531667,0.5865427407550001,Δo > Δ,1,5,1,2
2120700037,edf_filliben,ncf,0.1745768060501758,0.5865427407550001,Δo > Δ,1,5,1,3
2120700037,edf_jenkinson,ncf,0.1750964899437861,0.5865427407550001,Δo > Δ,1,5,1,4
2120700037,edf_beard,ncf,0.1750964899437861,0.5865427407550001,Δo > Δ,1,5,1,5
2120700037,edf_chegodayev,ncf,0.1757849107065563,0.5865427407550001,Δo > Δ,1,5,1,6
2120700037,edf_cunnane,ncf,0.1775841465161702,0.5865427407550001,Δo > Δ,1,5,1,7
2120700037,edf_adamowski,ncf,0.1791519140735597,0.5865427407550001,Δo > Δ,1,5,1,8
2120700037,edf_weibull,fisk,0.1794768461259566,0.5865427407550001,Δo > Δ,1,5,1,9
2120700037,edf_gringorten,ncf,0.1835937619007857,0.5865427407550001,Δo > Δ,1,5,1,10
2120700037,edf_hazen,ncf,0.1929687619007858,0.5865427407550001,Δo > Δ,1,5,1,11
2120700037,edf_california,loghypsecant,0.193371475289921,0.5865427407550001,Δo > Δ,1,5,1,12
2120700038,edf_hazen,logt,0.0610739315914592,0.5865427407550001,Δo > Δ,1,5,1,1
2120700038,edf_gringorten,logt,0.0694303099594849,0.5865427407550001,Δo > Δ,1,5,1,2
2120700038,edf_cunnane,logt,0.0754399253441003,0.5865427407550001,Δo > Δ,1,5,1,3
2120700038,edf_filliben,laplace_asymmetric,0.0787069717935831,0.5865427407550001,Δo > Δ,1,5,1,4
2120700038,edf_blom,laplace_asymmetric,0.0787069717935831,0.5865427407550001,Δo > Δ,1,5,1,5
2120700038,edf_tukey,laplace_asymmetric,0.0787069717935831,0.5865427407550001,Δo > Δ,1,5,1,6
2120700038,edf_chegodayev,laplace_asymmetric,0.0787069717935831,0.5865427407550001,Δo > Δ,1,5,1,7
2120700038,edf_jenkinson,laplace_asymmetric,0.0787069717935831,0.5865427407550001,Δo > Δ,1,5,1,8
2120700038,edf_beard,laplace_asymmetric,0.0787069717935831,0.5865427407550001,Δo > Δ,1,5,1,9
2120700038,edf_adamowski,fisk,0.0801072541147299,0.5865427407550001,Δo > Δ,1,5,1,10
2120700038,edf_weibull,genlogistic,0.1074842345022949,0.5865427407550001,Δo > Δ,1,5,1,11
2120700038,edf_california,loggumbel_l,0.1539182936646944,0.5865427407550001,Δo > Δ,1,5,1,12
2120700146,edf_hazen,logloggamma,0.093229469695347,0.530385761606,Δo > Δ,1,6,1,1
2120700146,edf_gringorten,logloggamma,0.0981314304796607,0.530385761606,Δo > Δ,1,6,1,2
2120700146,edf_cunnane,logloggamma,0.1012939858243792,0.530385761606,Δo > Δ,1,6,1,3
2120700146,edf_blom,logloggamma,0.103229469695347,0.530385761606,Δo > Δ,1,6,1,4
2120700146,edf_tukey,logloggamma,0.1063873644321891,0.530385761606,Δo > Δ,1,6,1,5
2120700146,edf_filliben,logloggamma,0.1075656833638466,0.530385761606,Δo > Δ,1,6,1,6
2120700146,edf_beard,logloggamma,0.1081197518270084,0.530385761606,Δo > Δ,1,6,1,7
2120700146,edf_jenkinson,logloggamma,0.1081197518270084,0.530385761606,Δo > Δ,1,6,1,8
2120700146,edf_chegodayev,logloggamma,0.108854469695347,0.530385761606,Δo > Δ,1,6,1,9
2120700146,edf_adamowski,logloggamma,0.1124602389261162,0.530385761606,Δo > Δ,1,6,1,10
2120700146,edf_weibull,logloggamma,0.1289437554096327,0.530385761606,Δo > Δ,1,6,1,11
2120700146,edf_california,loginvweibull,0.144833806276091,0.530385761606,Δo > Δ,1,6,1,12
2120700162,edf_gringorten,rayleigh,0.0526983442047338,0.5865427407550001,Δo > Δ,1,5,1,1
2120700162,edf_hazen,rayleigh,0.0526983442047338,0.5865427407550001,Δo > Δ,1,5,1,2
2120700162,edf_cunnane,rayleigh,0.0527863318729669,0.5865427407550001,Δo > Δ,1,5,1,3
2120700162,edf_blom,rayleigh,0.0546178337044688,0.5865427407550001,Δo > Δ,1,5,1,4
2120700162,edf_tukey,rayleigh,0.0599096904309272,0.5865427407550001,Δo > Δ,1,5,1,5
2120700162,edf_filliben,rayleigh,0.0621231107477958,0.5865427407550001,Δo > Δ,1,5,1,6
2120700162,edf_beard,rayleigh,0.0631624785350165,0.5865427407550001,Δo > Δ,1,5,1,7
2120700162,edf_jenkinson,rayleigh,0.0631624785350165,0.5865427407550001,Δo > Δ,1,5,1,8
2120700162,edf_chegodayev,rayleigh,0.0645393200605569,0.5865427407550001,Δo > Δ,1,5,1,9
2120700162,edf_adamowski,invgauss,0.0695467626136768,0.5865427407550001,Δo > Δ,1,5,1,10
2120700162,edf_weibull,maxwell,0.0923885779110665,0.5865427407550001,Δo > Δ,1,5,1,11
2120700162,edf_california,betaprime,0.1302281344092324,0.5865427407550001,Δo > Δ,1,5,1,12
21207702,edf_hazen,lognakagami,0.0867628673291933,0.530385761606,Δo > Δ,1,6,1,1
21207702,edf_gringorten,lognakagami,0.091334559052869,0.530385761606,Δo > Δ,1,6,1,2
21207702,edf_cunnane,lognakagami,0.0966054846273999,0.530385761606,Δo > Δ,1,6,1,3
21207702,edf_adamowski,f,0.0977513498531849,0.530385761606,Δo > Δ,1,6,1,4
21207702,edf_blom,nakagami,0.0998218865082447,0.530385761606,Δo > Δ,1,6,1,5
21207702,edf_chegodayev,f,0.1005190807859806,0.530385761606,Δo > Δ,1,6,1,6
21207702,edf_beard,f,0.1017436105665449,0.530385761606,Δo > Δ,1,6,1,7
21207702,edf_jenkinson,f,0.1017436105665449,0.530385761606,Δo > Δ,1,6,1,8
21207702,edf_filliben,f,0.1026670580051478,0.530385761606,Δo > Δ,1,6,1,9
21207702,edf_tukey,f,0.1046309228912437,0.530385761606,Δo > Δ,1,6,1,10
21207702,edf_california,invgauss,0.1229961087624248,0.530385761606,Δo > Δ,1,6,1,11
21207702,edf_weibull,f,0.1252238773257124,0.530385761606,Δo > Δ,1,6,1,12
21207714,edf_california,logt,0.0774415721135641,0.530385761606,Δo > Δ,1,6,1,1
21207714,edf_hazen,alpha,0.0808277805163417,0.530385761606,Δo > Δ,1,6,1,2
21207714,edf_gringorten,alpha,0.0816582902974376,0.530385761606,Δo > Δ,1,6,1,3
21207714,edf_adamowski,logf,0.0854945049331497,0.530385761606,Δo > Δ,1,6,1,4
21207714,edf_chegodayev,logf,0.0866964280100728,0.530385761606,Δo > Δ,1,6,1,5
21207714,edf_cunnane,alpha,0.0869292158719685,0.530385761606,Δo > Δ,1,6,1,6
21207714,edf_jenkinson,logf,0.0869413339661857,0.530385761606,Δo > Δ,1,6,1,7
21207714,edf_beard,logf,0.0869413339661857,0.530385761606,Δo > Δ,1,6,1,8
21207714,edf_filliben,logf,0.0871260234539063,0.530385761606,Δo > Δ,1,6,1,9
21207714,edf_tukey,logf,0.0875187964311254,0.530385761606,Δo > Δ,1,6,1,10
21207714,edf_blom,logf,0.0885714280100728,0.530385761606,Δo > Δ,1,6,1,11
21207714,edf_weibull,logalpha,0.0942490809138772,0.530385761606,Δo > Δ,1,6,1,12
21208480,edf_gringorten,logalpha,0.0385516999820521,0.530385761606,Δo > Δ,1,6,1,1
21208480,edf_california,t,0.0396346423367567,0.530385761606,Δo > Δ,1,6,1,2
21208480,edf_hazen,loggenlogistic,0.0408183127076596,0.530385761606,Δo > Δ,1,6,1,3
21208480,edf_cunnane,logalpha,0.0434139531527345,0.530385761606,Δo > Δ,1,6,1,4
21208480,edf_blom,logalpha,0.0466397596043474,0.530385761606,Δo > Δ,1,6,1,5
21208480,edf_tukey,logalpha,0.0519029174990843,0.530385761606,Δo > Δ,1,6,1,6
21208480,edf_filliben,logalpha,0.0538667823851801,0.530385761606,Δo > Δ,1,6,1,7
21208480,edf_jenkinson,logalpha,0.0547902298237832,0.530385761606,Δo > Δ,1,6,1,8
21208480,edf_beard,logalpha,0.0547902298237832,0.530385761606,Δo > Δ,1,6,1,9
21208480,edf_chegodayev,logalpha,0.0560147596043474,0.530385761606,Δo > Δ,1,6,1,10
21208480,edf_adamowski,logalpha,0.0620243749889628,0.530385761606,Δo > Δ,1,6,1,11
21208480,edf_weibull,logalpha,0.0894969024614903,0.530385761606,Δo > Δ,1,6,1,12
21209170,edf_hazen,logmielke,0.025396349821833,0.530385761606,Δo > Δ,1,6,1,1
21209170,edf_gringorten,logmielke,0.0270303367499376,0.530385761606,Δo > Δ,1,6,1,2
21209170,edf_cunnane,logmielke,0.0300807438854388,0.530385761606,Δo > Δ,1,6,1,3
21209170,edf_blom,logmielke,0.0333065503370517,0.530385761606,Δo > Δ,1,6,1,4
21209170,edf_tukey,logmielke,0.0385697082317885,0.530385761606,Δo > Δ,1,6,1,5
21209170,edf_filliben,logmielke,0.0405335731178843,0.530385761606,Δo > Δ,1,6,1,6
21209170,edf_beard,logmielke,0.0414570205564874,0.530385761606,Δo > Δ,1,6,1,7
21209170,edf_jenkinson,logmielke,0.0414570205564874,0.530385761606,Δo > Δ,1,6,1,8
21209170,edf_chegodayev,logmielke,0.0426815503370517,0.530385761606,Δo > Δ,1,6,1,9
21209170,edf_adamowski,logmielke,0.0486911657216671,0.530385761606,Δo > Δ,1,6,1,10
21209170,edf_weibull,logmielke,0.0761636931941945,0.530385761606,Δo > Δ,1,6,1,11
21209170,edf_california,logmielke,0.1087296831551664,0.530385761606,Δo > Δ,1,6,1,12
21209200,edf_hazen,genlogistic,0.0487561185087811,0.530385761606,Δo > Δ,1,6,1,1
21209200,edf_blom,moyal,0.0528538155092338,0.530385761606,Δo > Δ,1,6,1,2
21209200,edf_cunnane,moyal,0.0529439964567247,0.530385761606,Δo > Δ,1,6,1,3
21209200,edf_gringorten,moyal,0.0539981815716308,0.530385761606,Δo > Δ,1,6,1,4
21209200,edf_chegodayev,loggenlogistic,0.0554864955067099,0.530385761606,Δo > Δ,1,6,1,5
21209200,edf_jenkinson,loggenlogistic,0.0557314014628227,0.530385761606,Δo > Δ,1,6,1,6
21209200,edf_beard,loggenlogistic,0.0557314014628227,0.530385761606,Δo > Δ,1,6,1,7
21209200,edf_filliben,loggenlogistic,0.0559160909505433,0.530385761606,Δo > Δ,1,6,1,8
21209200,edf_tukey,loggenlogistic,0.0563088639277625,0.530385761606,Δo > Δ,1,6,1,9
21209200,edf_adamowski,loggenlogistic,0.0603344808110177,0.530385761606,Δo > Δ,1,6,1,10
21209200,edf_weibull,loglaplace_asymmetric,0.0865238390998297,0.530385761606,Δo > Δ,1,6,1,11
21209200,edf_california,ncf,0.0997424661287401,0.530385761606,Δo > Δ,1,6,1,12
21209920,edf_california,loggenexpon,0.0833745378787146,0.3210234673459999,Δo > Δ,1,18,1,1
21209920,edf_hazen,weibull_min,0.0864732635675929,0.3210234673459999,Δo > Δ,1,18,1,2
21209920,edf_gringorten,weibull_min,0.0870251399472838,0.3210234673459999,Δo > Δ,1,18,1,3
21209920,edf_cunnane,weibull_min,0.0873890144833438,0.3210234673459999,Δo > Δ,1,18,1,4
21209920,edf_blom,weibull_min,0.0876148160790084,0.3210234673459999,Δo > Δ,1,18,1,5
21209920,edf_tukey,weibull_min,0.0879884150827444,0.3210234673459999,Δo > Δ,1,18,1,6
21209920,edf_filliben,weibull_min,0.0881294937155192,0.3210234673459999,Δo > Δ,1,18,1,7
21209920,edf_jenkinson,weibull_min,0.0881961507638207,0.3210234673459999,Δo > Δ,1,18,1,8
21209920,edf_beard,weibull_min,0.0881961507638207,0.3210234673459999,Δo > Δ,1,18,1,9
21209920,edf_chegodayev,weibull_min,0.0882848577704915,0.3210234673459999,Δo > Δ,1,18,1,10
21209920,edf_adamowski,weibull_min,0.0887255158198451,0.3210234673459999,Δo > Δ,1,18,1,11
21209920,edf_weibull,weibull_min,0.0908592284798736,0.3210234673459999,Δo > Δ,1,18,1,12
2121500042,edf_chegodayev,johnsonsu,0.0783168298093404,0.5865427407550001,Δo > Δ,1,5,1,1
2121500042,edf_jenkinson,johnsonsu,0.0790052505721107,0.5865427407550001,Δo > Δ,1,5,1,2
2121500042,edf_beard,johnsonsu,0.0790052505721107,0.5865427407550001,Δo > Δ,1,5,1,3
2121500042,edf_filliben,johnsonsu,0.0795249344657209,0.5865427407550001,Δo > Δ,1,5,1,4
2121500042,edf_adamowski,genlogistic,0.0801306477503258,0.5865427407550001,Δo > Δ,1,5,1,5
2121500042,edf_tukey,johnsonsu,0.0806316446241552,0.5865427407550001,Δo > Δ,1,5,1,6
2121500042,edf_blom,johnsonsu,0.0836078351003457,0.5865427407550001,Δo > Δ,1,5,1,7
2121500042,edf_cunnane,johnsonsu,0.0854393369318475,0.5865427407550001,Δo > Δ,1,5,1,8
2121500042,edf_gringorten,johnsonsu,0.0884441446241552,0.5865427407550001,Δo > Δ,1,5,1,9
2121500042,edf_hazen,johnsonsu,0.0931316446241552,0.5865427407550001,Δo > Δ,1,5,1,10
2121500042,edf_weibull,genlogistic,0.1079637565697132,0.5865427407550001,Δo > Δ,1,5,1,11
2121500042,edf_california,gumbel_l,0.1523391102926428,0.5865427407550001,Δo > Δ,1,5,1,12
21215160,edf_weibull,invweibull,0.0571659596324276,0.3366456264050002,Δo > Δ,1,15,1,1
21215160,edf_adamowski,johnsonsu,0.0592741692816348,0.3366456264050002,Δo > Δ,1,15,1,2
21215160,edf_filliben,fisk,0.0598290272126941,0.3366456264050002,Δo > Δ,1,15,1,3
21215160,edf_jenkinson,fisk,0.0598290272126941,0.3366456264050002,Δo > Δ,1,15,1,4
21215160,edf_chegodayev,fisk,0.0598290272126941,0.3366456264050002,Δo > Δ,1,15,1,5
21215160,edf_blom,fisk,0.0598290272126941,0.3366456264050002,Δo > Δ,1,15,1,6
21215160,edf_beard,fisk,0.0598290272126941,0.3366456264050002,Δo > Δ,1,15,1,7
21215160,edf_tukey,fisk,0.0598290272126941,0.3366456264050002,Δo > Δ,1,15,1,8
21215160,edf_cunnane,fisk,0.0601327190695971,0.3366456264050002,Δo > Δ,1,15,1,9
21215160,edf_gringorten,logjohnsonsu,0.0603865043686849,0.3366456264050002,Δo > Δ,1,15,1,10
21215160,edf_hazen,logjohnsonsu,0.0603865043686849,0.3366456264050002,Δo > Δ,1,15,1,11
21215160,edf_california,wald,0.0805373710904966,0.3366456264050002,Δo > Δ,1,15,1,12
21215170,edf_hazen,lognct,0.0995977103767005,0.530385761606,Δo > Δ,1,6,1,1
21215170,edf_gringorten,lognct,0.101231697304805,0.530385761606,Δo > Δ,1,6,1,2
21215170,edf_cunnane,lognct,0.1022858824197112,0.530385761606,Δo > Δ,1,6,1,3
21215170,edf_blom,lognct,0.1029310437100339,0.530385761606,Δo > Δ,1,6,1,4
21215170,edf_tukey,lognct,0.1039836752889812,0.530385761606,Δo > Δ,1,6,1,5
21215170,edf_filliben,lognct,0.1043764482662004,0.530385761606,Δo > Δ,1,6,1,6
21215170,edf_beard,lognct,0.104561137753921,0.530385761606,Δo > Δ,1,6,1,7
21215170,edf_jenkinson,lognct,0.104561137753921,0.530385761606,Δo > Δ,1,6,1,8
21215170,edf_chegodayev,lognct,0.1048060437100338,0.530385761606,Δo > Δ,1,6,1,9
21215170,edf_adamowski,lognct,0.106007966786957,0.530385761606,Δo > Δ,1,6,1,10
21215170,edf_weibull,lognct,0.1115024722814624,0.530385761606,Δo > Δ,1,6,1,11
21215170,edf_california,lognct,0.1531788859449676,0.530385761606,Δo > Δ,1,6,1,12
21215180,edf_hazen,logjohnsonsu,0.0519444138492944,0.351490473531,Δo > Δ,1,13,1,1
21215180,edf_gringorten,logjohnsonsu,0.0554622374890692,0.351490473531,Δo > Δ,1,13,1,2
21215180,edf_cunnane,logjohnsonsu,0.0577719196768002,0.351490473531,Δo > Δ,1,13,1,3
21215180,edf_blom,logjohnsonsu,0.0592013078986413,0.351490473531,Δo > Δ,1,13,1,4
21215180,edf_tukey,logjohnsonsu,0.061559798464679,0.351490473531,Δo > Δ,1,13,1,5
21215180,edf_filliben,logjohnsonsu,0.0624483132420827,0.351490473531,Δo > Δ,1,13,1,6
21215180,edf_beard,logjohnsonsu,0.0628677207367269,0.351490473531,Δo > Δ,1,13,1,7
21215180,edf_jenkinson,logjohnsonsu,0.0628677207367269,0.351490473531,Δo > Δ,1,13,1,8
21215180,edf_chegodayev,logjohnsonsu,0.0634254701064701,0.351490473531,Δo > Δ,1,13,1,9
21215180,edf_adamowski,logjohnsonsu,0.0661894280943087,0.351490473531,Δo > Δ,1,13,1,10
21215180,edf_weibull,nct,0.0747171440379301,0.351490473531,Δo > Δ,1,13,1,11
21215180,edf_california,logt,0.0786835662685052,0.351490473531,Δo > Δ,1,13,1,12
21215190,edf_california,laplace_asymmetric,0.0719420579555524,0.351490473531,Δo > Δ,1,13,1,1
21215190,edf_hazen,logjohnsonsu,0.0747388711547494,0.351490473531,Δo > Δ,1,13,1,2
21215190,edf_gringorten,logjohnsonsu,0.0775531300665692,0.351490473531,Δo > Δ,1,13,1,3
21215190,edf_cunnane,logjohnsonsu,0.079400875816754,0.351490473531,Δo > Δ,1,13,1,4
21215190,edf_blom,logjohnsonsu,0.0805443863942269,0.351490473531,Δo > Δ,1,13,1,5
21215190,edf_tukey,logjohnsonsu,0.082431178847057,0.351490473531,Δo > Δ,1,13,1,6
21215190,edf_filliben,logjohnsonsu,0.08314199066898,0.351490473531,Δo > Δ,1,13,1,7
21215190,edf_jenkinson,logjohnsonsu,0.0834775166646955,0.351490473531,Δo > Δ,1,13,1,8
21215190,edf_beard,logjohnsonsu,0.0834775166646955,0.351490473531,Δo > Δ,1,13,1,9
21215190,edf_adamowski,laplace_asymmetric,0.0837701095390664,0.351490473531,Δo > Δ,1,13,1,10
21215190,edf_chegodayev,logjohnsonsu,0.0839237161604899,0.351490473531,Δo > Δ,1,13,1,11
21215190,edf_weibull,genlogistic,0.0890781634139153,0.351490473531,Δo > Δ,1,13,1,12
21215501,edf_chegodayev,weibull_min,0.0950067400454004,0.484420539261,Δo > Δ,1,7,1,1
21215501,edf_jenkinson,weibull_min,0.0951288273708592,0.484420539261,Δo > Δ,1,7,1,2
21215501,edf_beard,weibull_min,0.0951288273708592,0.484420539261,Δo > Δ,1,7,1,3
21215501,edf_filliben,weibull_min,0.0959567378902902,0.484420539261,Δo > Δ,1,7,1,4
21215501,edf_tukey,weibull_min,0.0977156714211178,0.484420539261,Δo > Δ,1,7,1,5
21215501,edf_adamowski,weibull_min,0.0999999999909322,0.484420539261,Δo > Δ,1,7,1,6
21215501,edf_blom,weibull_min,0.1024178657784846,0.484420539261,Δo > Δ,1,7,1,7
21215501,edf_cunnane,weibull_min,0.1052914289968753,0.484420539261,Δo > Δ,1,7,1,8
21215501,edf_california,invgauss,0.1093879485029571,0.484420539261,Δo > Δ,1,7,1,9
21215501,edf_gringorten,weibull_min,0.1099730769369502,0.484420539261,Δo > Δ,1,7,1,10
21215501,edf_hazen,weibull_min,0.1171961909016373,0.484420539261,Δo > Δ,1,7,1,11
21215501,edf_weibull,logweibull_min,0.1249999999817236,0.484420539261,Δo > Δ,1,7,1,12
21217180,edf_weibull,nct,0.1099642230845924,0.484420539261,Δo > Δ,1,7,1,1
21217180,edf_filliben,wald,0.1162669233202573,0.484420539261,Δo > Δ,1,7,1,2
21217180,edf_tukey,wald,0.1166106827999404,0.484420539261,Δo > Δ,1,7,1,3
21217180,edf_jenkinson,wald,0.1168188636665447,0.484420539261,Δo > Δ,1,7,1,4
21217180,edf_beard,wald,0.1168188636665447,0.484420539261,Δo > Δ,1,7,1,5
21217180,edf_chegodayev,wald,0.1175513034233747,0.484420539261,Δo > Δ,1,7,1,6
21217180,edf_blom,wald,0.1197454790381849,0.484420539261,Δo > Δ,1,7,1,7
21217180,edf_adamowski,exponnorm,0.1207707452577716,0.484420539261,Δo > Δ,1,7,1,8
21217180,edf_cunnane,wald,0.1216611878504454,0.484420539261,Δo > Δ,1,7,1,9
21217180,edf_california,logt,0.1247433496195832,0.484420539261,Δo > Δ,1,7,1,10
21217180,edf_gringorten,wald,0.124782286477162,0.484420539261,Δo > Δ,1,7,1,11
21217180,edf_hazen,moyal,0.1289523071154416,0.484420539261,Δo > Δ,1,7,1,12
21227010,edf_hazen,laplace_asymmetric,0.1434868023773622,0.5865427407550001,Δo > Δ,1,5,1,1
21227010,edf_gringorten,laplace_asymmetric,0.1481743023773622,0.5865427407550001,Δo > Δ,1,5,1,2
21227010,edf_cunnane,laplace_asymmetric,0.1511791100696699,0.5865427407550001,Δo > Δ,1,5,1,3
21227010,edf_blom,laplace_asymmetric,0.1530106119011717,0.5865427407550001,Δo > Δ,1,5,1,4
21227010,edf_tukey,laplace_asymmetric,0.1559868023773622,0.5865427407550001,Δo > Δ,1,5,1,5
21227010,edf_filliben,laplace_asymmetric,0.1570935125357965,0.5865427407550001,Δo > Δ,1,5,1,6
21227010,edf_beard,laplace_asymmetric,0.1576131964294068,0.5865427407550001,Δo > Δ,1,5,1,7
21227010,edf_jenkinson,laplace_asymmetric,0.1576131964294068,0.5865427407550001,Δo > Δ,1,5,1,8
21227010,edf_chegodayev,laplace_asymmetric,0.158301617192177,0.5865427407550001,Δo > Δ,1,5,1,9
21227010,edf_adamowski,laplace_asymmetric,0.1616686205591804,0.5865427407550001,Δo > Δ,1,5,1,10
21227010,edf_california,logkstwobign,0.1625736514383415,0.5865427407550001,Δo > Δ,1,5,1,11
21227010,edf_weibull,fisk,0.1666666601988042,0.5865427407550001,Δo > Δ,1,5,1,12
21235030,edf_gringorten,fisk,0.0498793867130965,0.343224222286,Δo > Δ,1,14,1,1
21235030,edf_cunnane,fisk,0.0516748621150836,0.343224222286,Δo > Δ,1,14,1,2
21235030,edf_hazen,fisk,0.0517822589053448,0.343224222286,Δo > Δ,1,14,1,3
21235030,edf_blom,fisk,0.0527867968815773,0.343224222286,Δo > Δ,1,14,1,4
21235030,edf_tukey,fisk,0.0546227821936948,0.343224222286,Δo > Δ,1,14,1,5
21235030,edf_filliben,fisk,0.055314871331538,0.343224222286,Δo > Δ,1,14,1,6
21235030,edf_beard,fisk,0.0556416391332428,0.343224222286,Δo > Δ,1,14,1,7
21235030,edf_jenkinson,fisk,0.0556416391332428,0.343224222286,Δo > Δ,1,14,1,8
21235030,edf_chegodayev,fisk,0.056076270565788,0.343224222286,Δo > Δ,1,14,1,9
21235030,edf_adamowski,fisk,0.058231442979581,0.343224222286,Δo > Δ,1,14,1,10
21235030,edf_weibull,alpha,0.0664479826000015,0.343224222286,Δo > Δ,1,14,1,11
21235030,edf_california,erlang,0.071428571427486,0.343224222286,Δo > Δ,1,14,1,12
21237010,edf_hazen,logjohnsonsu,0.0771915437778391,0.3942745923300002,Δo > Δ,1,10,1,1
21237010,edf_gringorten,logjohnsonsu,0.0791928366275535,0.3942745923300002,Δo > Δ,1,10,1,2
21237010,edf_weibull,loglaplace_asymmetric,0.0808854654158715,0.3942745923300002,Δo > Δ,1,10,1,3
21237010,edf_adamowski,loglaplace_asymmetric,0.0810571270657537,0.3942745923300002,Δo > Δ,1,10,1,4
21237010,edf_cunnane,logjohnsonsu,0.0811303705343968,0.3942745923300002,Δo > Δ,1,10,1,5
21237010,edf_blom,logjohnsonsu,0.0823259707256929,0.3942745923300002,Δo > Δ,1,10,1,6
21237010,edf_chegodayev,loglaplace_asymmetric,0.0824307534393801,0.3942745923300002,Δo > Δ,1,10,1,7
21237010,edf_jenkinson,loglaplace_asymmetric,0.082708654728842,0.3942745923300002,Δo > Δ,1,10,1,8
21237010,edf_beard,loglaplace_asymmetric,0.082708654728842,0.3942745923300002,Δo > Δ,1,10,1,9
21237010,edf_filliben,loglaplace_asymmetric,0.0829177844980464,0.3942745923300002,Δo > Δ,1,10,1,10
21237010,edf_tukey,loglaplace_asymmetric,0.0833612745311914,0.3942745923300002,Δo > Δ,1,10,1,11
21237010,edf_california,t,0.1094532098857646,0.3942745923300002,Δo > Δ,1,10,1,12
21237020,edf_adamowski,loglaplace_asymmetric,0.0989200359697113,0.3761373588009999,Δo > Δ,1,11,1,1
21237020,edf_jenkinson,loglaplace_asymmetric,0.0989200359697113,0.3761373588009999,Δo > Δ,1,11,1,2
21237020,edf_filliben,loglaplace_asymmetric,0.0989200359697113,0.3761373588009999,Δo > Δ,1,11,1,3
21237020,edf_tukey,loglaplace_asymmetric,0.0989200359697113,0.3761373588009999,Δo > Δ,1,11,1,4
21237020,edf_chegodayev,loglaplace_asymmetric,0.0989200359697113,0.3761373588009999,Δo > Δ,1,11,1,5
21237020,edf_blom,loglaplace_asymmetric,0.0989200359697113,0.3761373588009999,Δo > Δ,1,11,1,6
21237020,edf_weibull,loglaplace_asymmetric,0.0989200359697113,0.3761373588009999,Δo > Δ,1,11,1,7
21237020,edf_beard,loglaplace_asymmetric,0.0989200359697113,0.3761373588009999,Δo > Δ,1,11,1,8
21237020,edf_cunnane,loglaplace_asymmetric,0.0993305520207078,0.3761373588009999,Δo > Δ,1,11,1,9
21237020,edf_gringorten,loglaplace_asymmetric,0.1012575818254354,0.3761373588009999,Δo > Δ,1,11,1,10
21237020,edf_hazen,loglaplace_asymmetric,0.1042006818908377,0.3761373588009999,Δo > Δ,1,11,1,11
21237020,edf_california,loghalflogistic,0.1422320894071146,0.3761373588009999,Δo > Δ,1,11,1,12
21255160,edf_cunnane,betaprime,0.0762869608912854,0.343224222286,Δo > Δ,1,14,1,1
21255160,edf_california,logt,0.0765370457361689,0.343224222286,Δo > Δ,1,14,1,2
21255160,edf_blom,betaprime,0.0776010245030723,0.343224222286,Δo > Δ,1,14,1,3
21255160,edf_gringorten,betaprime,0.0776834417594976,0.343224222286,Δo > Δ,1,14,1,4
21255160,edf_weibull,loginvgauss,0.0782550366638044,0.343224222286,Δo > Δ,1,14,1,5
21255160,edf_hazen,betaprime,0.0798080876518487,0.343224222286,Δo > Δ,1,14,1,6
21255160,edf_tukey,betaprime,0.0798450065512159,0.343224222286,Δo > Δ,1,14,1,7
21255160,edf_filliben,betaprime,0.0806908932752464,0.343224222286,Δo > Δ,1,14,1,8
21255160,edf_jenkinson,betaprime,0.0810902761439967,0.343224222286,Δo > Δ,1,14,1,9
21255160,edf_beard,betaprime,0.0810902761439967,0.343224222286,Δo > Δ,1,14,1,10
21255160,edf_adamowski,invgamma,0.0813353912358358,0.343224222286,Δo > Δ,1,14,1,11
21255160,edf_chegodayev,betaprime,0.0816214923393297,0.343224222286,Δo > Δ,1,14,1,12
21255170,edf_weibull,logpearson3,0.0754277259770254,0.343224222286,Δo > Δ,1,14,1,1
21255170,edf_adamowski,lognct,0.0772820478022864,0.343224222286,Δo > Δ,1,14,1,2
21255170,edf_chegodayev,invgamma,0.0784859906442113,0.343224222286,Δo > Δ,1,14,1,3
21255170,edf_jenkinson,invgamma,0.0790172068395443,0.343224222286,Δo > Δ,1,14,1,4
21255170,edf_beard,invgamma,0.0790172068395443,0.343224222286,Δo > Δ,1,14,1,5
21255170,edf_filliben,invgamma,0.0794165897082945,0.343224222286,Δo > Δ,1,14,1,6
21255170,edf_gringorten,invweibull,0.0800926004793271,0.343224222286,Δo > Δ,1,14,1,7
21255170,edf_tukey,invgamma,0.080262476432325,0.343224222286,Δo > Δ,1,14,1,8
21255170,edf_blom,logmielke,0.0809291407943988,0.343224222286,Δo > Δ,1,14,1,9
21255170,edf_cunnane,invweibull,0.0809608929221352,0.343224222286,Δo > Δ,1,14,1,10
21255170,edf_hazen,logexponnorm,0.0816045050731465,0.343224222286,Δo > Δ,1,14,1,11
21255170,edf_california,loghalflogistic,0.0926560287307906,0.343224222286,Δo > Δ,1,14,1,12
21255501,edf_weibull,logncf,0.1234784393101999,0.5865427407550001,Δo > Δ,1,5,1,1
21255501,edf_hazen,genlogistic,0.1242551337715811,0.5865427407550001,Δo > Δ,1,5,1,2
21255501,edf_gringorten,genlogistic,0.1289426337715811,0.5865427407550001,Δo > Δ,1,5,1,3
21255501,edf_cunnane,genlogistic,0.1319474414638888,0.5865427407550001,Δo > Δ,1,5,1,4
21255501,edf_tukey,loginvgauss,0.1325227117982039,0.5865427407550001,Δo > Δ,1,5,1,5
21255501,edf_blom,loginvgauss,0.1325227117982039,0.5865427407550001,Δo > Δ,1,5,1,6
21255501,edf_filliben,loginvgauss,0.1335734373919409,0.5865427407550001,Δo > Δ,1,5,1,7
21255501,edf_jenkinson,loginvgauss,0.1340931212855511,0.5865427407550001,Δo > Δ,1,5,1,8
21255501,edf_beard,loginvgauss,0.1340931212855511,0.5865427407550001,Δo > Δ,1,5,1,9
21255501,edf_chegodayev,loginvgauss,0.1347815420483215,0.5865427407550001,Δo > Δ,1,5,1,10
21255501,edf_adamowski,loginvgauss,0.1381485454153248,0.5865427407550001,Δo > Δ,1,5,1,11
21255501,edf_california,logkstwobign,0.1960577181974047,0.5865427407550001,Δo > Δ,1,5,1,12
21257090,edf_hazen,weibull_min,0.0511090395283647,0.5865427407550001,Δo > Δ,1,5,1,1
21257090,edf_gringorten,genlogistic,0.0566886763675665,0.5865427407550001,Δo > Δ,1,5,1,2
21257090,edf_blom,betaprime,0.0569275856889589,0.5865427407550001,Δo > Δ,1,5,1,3
21257090,edf_cunnane,betaprime,0.0569275856889589,0.5865427407550001,Δo > Δ,1,5,1,4
21257090,edf_tukey,betaprime,0.0587776060624376,0.5865427407550001,Δo > Δ,1,5,1,5
21257090,edf_filliben,betaprime,0.0609910263793061,0.5865427407550001,Δo > Δ,1,5,1,6
21257090,edf_beard,f,0.0612077178138941,0.5865427407550001,Δo > Δ,1,5,1,7
21257090,edf_jenkinson,f,0.0612077178138941,0.5865427407550001,Δo > Δ,1,5,1,8
21257090,edf_chegodayev,f,0.0622165798138519,0.5865427407550001,Δo > Δ,1,5,1,9
21257090,edf_adamowski,fisk,0.0677343664123957,0.5865427407550001,Δo > Δ,1,5,1,10
21257090,edf_weibull,fisk,0.0912622664667575,0.5865427407550001,Δo > Δ,1,5,1,11
21257090,edf_california,genlogistic,0.1376183869222576,0.5865427407550001,Δo > Δ,1,5,1,12
21257100,edf_hazen,invgauss,0.1000327212066174,0.5865427407550001,Δo > Δ,1,5,1,1
21257100,edf_gringorten,invgauss,0.1047202212066173,0.5865427407550001,Δo > Δ,1,5,1,2
21257100,edf_cunnane,invgauss,0.1077250288989251,0.5865427407550001,Δo > Δ,1,5,1,3
21257100,edf_blom,invgauss,0.1095565307304269,0.5865427407550001,Δo > Δ,1,5,1,4
21257100,edf_tukey,invgauss,0.1125327212066173,0.5865427407550001,Δo > Δ,1,5,1,5
21257100,edf_filliben,invgauss,0.1136394313650517,0.5865427407550001,Δo > Δ,1,5,1,6
21257100,edf_beard,invgauss,0.1141591152586619,0.5865427407550001,Δo > Δ,1,5,1,7
21257100,edf_jenkinson,invgauss,0.1141591152586619,0.5865427407550001,Δo > Δ,1,5,1,8
21257100,edf_chegodayev,invgauss,0.1148475360214322,0.5865427407550001,Δo > Δ,1,5,1,9
21257100,edf_adamowski,invgauss,0.1182145393884356,0.5865427407550001,Δo > Δ,1,5,1,10
21257100,edf_weibull,invgauss,0.1333660545399507,0.5865427407550001,Δo > Δ,1,5,1,11
21257100,edf_california,pearson3,0.1374854467199924,0.5865427407550001,Δo > Δ,1,5,1,12
21257120,edf_weibull,loggamma,0.0845376781561496,0.3366456264050002,Δo > Δ,1,15,1,1
21257120,edf_weibull,loggamma,0.0845376781561496,0.3366456264050002,Δo > Δ,1,15,1,2
21257120,edf_filliben,logloggamma,0.0886598042636014,0.3366456264050002,Δo > Δ,1,15,1,3
21257120,edf_jenkinson,logloggamma,0.0887867541611317,0.3366456264050002,Δo > Δ,1,15,1,4
21257120,edf_beard,logloggamma,0.0887867541611317,0.3366456264050002,Δo > Δ,1,15,1,5
21257120,edf_chegodayev,logloggamma,0.0889556359945129,0.3366456264050002,Δo > Δ,1,15,1,6
21257120,edf_tukey,logloggamma,0.0890103380507225,0.3366456264050002,Δo > Δ,1,15,1,7
21257120,edf_blom,logpearson3,0.089475625025847,0.3366456264050002,Δo > Δ,1,15,1,8
21257120,edf_adamowski,logloggamma,0.0897935078001266,0.3366456264050002,Δo > Δ,1,15,1,9
21257120,edf_cunnane,logpearson3,0.0907698441802904,0.3366456264050002,Δo > Δ,1,15,1,10
21257120,edf_gringorten,logpearson3,0.0928583989004241,0.3366456264050002,Δo > Δ,1,15,1,11
21257120,edf_hazen,betaprime,0.0935601694966709,0.3366456264050002,Δo > Δ,1,15,1,12
21257120,edf_california,logmoyal,0.0952810678712087,0.3366456264050002,Δo > Δ,1,15,1,13
2201500047,edf_hazen,mielke,0.0824416205529779,0.5865427407550001,Δo > Δ,1,5,1,1
2201500047,edf_gringorten,invweibull,0.089104008056503,0.5865427407550001,Δo > Δ,1,5,1,2
2201500047,edf_cunnane,invweibull,0.0921088157488108,0.5865427407550001,Δo > Δ,1,5,1,3
2201500047,edf_blom,invweibull,0.0939403175803126,0.5865427407550001,Δo > Δ,1,5,1,4
2201500047,edf_tukey,invweibull,0.096916508056503,0.5865427407550001,Δo > Δ,1,5,1,5
2201500047,edf_filliben,invweibull,0.0980232182149374,0.5865427407550001,Δo > Δ,1,5,1,6
2201500047,edf_beard,invweibull,0.0985429021085476,0.5865427407550001,Δo > Δ,1,5,1,7
2201500047,edf_jenkinson,invweibull,0.0985429021085476,0.5865427407550001,Δo > Δ,1,5,1,8
2201500047,edf_chegodayev,invweibull,0.0992313228713179,0.5865427407550001,Δo > Δ,1,5,1,9
2201500047,edf_adamowski,logfisk,0.1018872862187251,0.5865427407550001,Δo > Δ,1,5,1,10
2201500047,edf_weibull,invweibull,0.1177498413898364,0.5865427407550001,Δo > Δ,1,5,1,11
2201500047,edf_california,loggumbel_l,0.1429072834629099,0.5865427407550001,Δo > Δ,1,5,1,12
22025501,edf_tukey,laplace_asymmetric,0.0970980956062724,0.484420539261,Δo > Δ,1,7,1,1
22025501,edf_filliben,mielke,0.0975720848753536,0.484420539261,Δo > Δ,1,7,1,2
22025501,edf_jenkinson,mielke,0.0978480550484972,0.484420539261,Δo > Δ,1,7,1,3
22025501,edf_beard,mielke,0.0978480550484972,0.484420539261,Δo > Δ,1,7,1,4
22025501,edf_chegodayev,mielke,0.0982142749269123,0.484420539261,Δo > Δ,1,7,1,5
22025501,edf_blom,laplace_asymmetric,0.0992182815240675,0.484420539261,Δo > Δ,1,7,1,6
22025501,edf_adamowski,mielke,0.1000160767287141,0.484420539261,Δo > Δ,1,7,1,7
22025501,edf_cunnane,laplace_asymmetric,0.1011339903363281,0.484420539261,Δo > Δ,1,7,1,8
22025501,edf_gringorten,johnsonsu,0.1014685079678719,0.484420539261,Δo > Δ,1,7,1,9
22025501,edf_weibull,johnsonsu,0.1014685079678719,0.484420539261,Δo > Δ,1,7,1,10
22025501,edf_hazen,johnsonsu,0.1014685079678719,0.484420539261,Δo > Δ,1,7,1,11
22025501,edf_california,mielke,0.1118364550427214,0.484420539261,Δo > Δ,1,7,1,12
22045010,edf_hazen,johnsonsu,0.0683728810128325,0.5865427407550001,Δo > Δ,1,5,1,1
22045010,edf_gringorten,johnsonsu,0.0730603810128325,0.5865427407550001,Δo > Δ,1,5,1,2
22045010,edf_cunnane,johnsonsu,0.0760651887051402,0.5865427407550001,Δo > Δ,1,5,1,3
22045010,edf_blom,johnsonsu,0.077896690536642,0.5865427407550001,Δo > Δ,1,5,1,4
22045010,edf_tukey,johnsonsu,0.0808728810128325,0.5865427407550001,Δo > Δ,1,5,1,5
22045010,edf_filliben,johnsonsu,0.0819795911712668,0.5865427407550001,Δo > Δ,1,5,1,6
22045010,edf_beard,johnsonsu,0.082499275064877,0.5865427407550001,Δo > Δ,1,5,1,7
22045010,edf_jenkinson,johnsonsu,0.082499275064877,0.5865427407550001,Δo > Δ,1,5,1,8
22045010,edf_chegodayev,johnsonsu,0.0831876958276474,0.5865427407550001,Δo > Δ,1,5,1,9
22045010,edf_adamowski,johnsonsu,0.0865546991946507,0.5865427407550001,Δo > Δ,1,5,1,10
22045010,edf_weibull,logmielke,0.1082102130072351,0.5865427407550001,Δo > Δ,1,5,1,11
22045010,edf_california,johnsonsu,0.1451536541167652,0.5865427407550001,Δo > Δ,1,5,1,12
22045502,edf_california,logkstwobign,0.1150074413492268,0.484420539261,Δo > Δ,1,7,1,1
22045502,edf_hazen,logfisk,0.1201584000936754,0.484420539261,Δo > Δ,1,7,1,2
22045502,edf_weibull,logbetaprime,0.1207731137314589,0.484420539261,Δo > Δ,1,7,1,3
22045502,edf_gringorten,logfisk,0.1225661047485712,0.484420539261,Δo > Δ,1,7,1,4
22045502,edf_cunnane,logfisk,0.1241266540619294,0.484420539261,Δo > Δ,1,7,1,5
22045502,edf_blom,loginvweibull,0.1241945561356882,0.484420539261,Δo > Δ,1,7,1,6
22045502,edf_tukey,loginvweibull,0.1246590260920728,0.484420539261,Δo > Δ,1,7,1,7
22045502,edf_filliben,loginvweibull,0.1252453372690153,0.484420539261,Δo > Δ,1,7,1,8
22045502,edf_jenkinson,loginvweibull,0.1255213074421589,0.484420539261,Δo > Δ,1,7,1,9
22045502,edf_beard,loginvweibull,0.1255213074421589,0.484420539261,Δo > Δ,1,7,1,10
22045502,edf_chegodayev,loginvweibull,0.125887527320574,0.484420539261,Δo > Δ,1,7,1,11
22045502,edf_adamowski,loginvweibull,0.1276893291223758,0.484420539261,Δo > Δ,1,7,1,12
22057010,edf_weibull,logmielke,0.0846835468975187,0.3366456264050002,Δo > Δ,1,15,1,1
22057010,edf_adamowski,logmielke,0.0866996759297768,0.3366456264050002,Δo > Δ,1,15,1,2
22057010,edf_chegodayev,logmielke,0.0871186118325837,0.3366456264050002,Δo > Δ,1,15,1,3
22057010,edf_jenkinson,logmielke,0.0872030527492743,0.3366456264050002,Δo > Δ,1,15,1,4
22057010,edf_beard,logmielke,0.0872030527492743,0.3366456264050002,Δo > Δ,1,15,1,5
22057010,edf_filliben,logmielke,0.0872665276980394,0.3366456264050002,Δo > Δ,1,15,1,6
22057010,edf_tukey,logmielke,0.0874009382018666,0.3366456264050002,Δo > Δ,1,15,1,7
22057010,edf_blom,logmielke,0.087757317389322,0.3366456264050002,Δo > Δ,1,15,1,8
22057010,edf_cunnane,logmielke,0.0879730205817292,0.3366456264050002,Δo > Δ,1,15,1,9
22057010,edf_gringorten,logmielke,0.0883211130350849,0.3366456264050002,Δo > Δ,1,15,1,10
22057010,edf_hazen,logmielke,0.0888502135641854,0.3366456264050002,Δo > Δ,1,15,1,11
22057010,edf_california,logt,0.0967503893765492,0.3366456264050002,Δo > Δ,1,15,1,12
22075050,edf_adamowski,logpearson3,0.0506267145369823,0.3761373588009999,Δo > Δ,1,11,1,1
22075050,edf_chegodayev,logpearson3,0.0513894910434659,0.3761373588009999,Δo > Δ,1,11,1,2
22075050,edf_jenkinson,logpearson3,0.0515436550122631,0.3761373588009999,Δo > Δ,1,11,1,3
22075050,edf_beard,logpearson3,0.0515436550122631,0.3761373588009999,Δo > Δ,1,11,1,4
22075050,edf_filliben,logpearson3,0.0516596340648998,0.3761373588009999,Δo > Δ,1,11,1,5
22075050,edf_tukey,logpearson3,0.051905486915499,0.3761373588009999,Δo > Δ,1,11,1,6
22075050,edf_blom,logpearson3,0.0525590816867408,0.3761373588009999,Δo > Δ,1,11,1,7
22075050,edf_cunnane,logpearson3,0.0529559070835662,0.3761373588009999,Δo > Δ,1,11,1,8
22075050,edf_gringorten,logpearson3,0.0535982503518087,0.3761373588009999,Δo > Δ,1,11,1,9
22075050,edf_hazen,logpearson3,0.0545792837069428,0.3761373588009999,Δo > Δ,1,11,1,10
22075050,edf_weibull,logpearson3,0.0607856382162603,0.3761373588009999,Δo > Δ,1,11,1,11
22075050,edf_california,logpearson3,0.0898516924220719,0.3761373588009999,Δo > Δ,1,11,1,12
23015501,edf_hazen,loggenlogistic,0.0268352818105083,0.5865427407550001,Δo > Δ,1,5,1,1
23015501,edf_gringorten,loggenlogistic,0.0362102818105083,0.5865427407550001,Δo > Δ,1,5,1,2
23015501,edf_cunnane,loggenlogistic,0.0422198971951236,0.5865427407550001,Δo > Δ,1,5,1,3
23015501,edf_blom,loggenlogistic,0.0458829008581273,0.5865427407550001,Δo > Δ,1,5,1,4
23015501,edf_tukey,loggenlogistic,0.0518352818105082,0.5865427407550001,Δo > Δ,1,5,1,5
23015501,edf_filliben,loggenlogistic,0.0540487021273768,0.5865427407550001,Δo > Δ,1,5,1,6
23015501,edf_beard,loggenlogistic,0.0550880699145975,0.5865427407550001,Δo > Δ,1,5,1,7
23015501,edf_jenkinson,loggenlogistic,0.0550880699145975,0.5865427407550001,Δo > Δ,1,5,1,8
23015501,edf_chegodayev,loggenlogistic,0.0564649114401379,0.5865427407550001,Δo > Δ,1,5,1,9
23015501,edf_adamowski,loglaplace_asymmetric,0.0623072877289769,0.5865427407550001,Δo > Δ,1,5,1,10
23015501,edf_weibull,loglaplace_asymmetric,0.0890428599562583,0.5865427407550001,Δo > Δ,1,5,1,11
23015501,edf_california,loggenlogistic,0.1268352818105083,0.5865427407550001,Δo > Δ,1,5,1,12
2301700089,edf_hazen,logfisk,0.08662015637794,0.5865427407550001,Δo > Δ,1,5,1,1
2301700089,edf_gringorten,logfisk,0.09130765637794,0.5865427407550001,Δo > Δ,1,5,1,2
2301700089,edf_cunnane,logfisk,0.0943124640702477,0.5865427407550001,Δo > Δ,1,5,1,3
2301700089,edf_blom,logfisk,0.0961439659017495,0.5865427407550001,Δo > Δ,1,5,1,4
2301700089,edf_tukey,logfisk,0.09912015637794,0.5865427407550001,Δo > Δ,1,5,1,5
2301700089,edf_filliben,logfisk,0.1002268665363743,0.5865427407550001,Δo > Δ,1,5,1,6
2301700089,edf_beard,logfisk,0.1007465504299846,0.5865427407550001,Δo > Δ,1,5,1,7
2301700089,edf_jenkinson,logfisk,0.1007465504299846,0.5865427407550001,Δo > Δ,1,5,1,8
2301700089,edf_chegodayev,logfisk,0.1014349711927549,0.5865427407550001,Δo > Δ,1,5,1,9
2301700089,edf_adamowski,logfisk,0.1048019745597582,0.5865427407550001,Δo > Δ,1,5,1,10
2301700089,edf_weibull,loginvweibull,0.1252903309352937,0.5865427407550001,Δo > Δ,1,5,1,11
2301700089,edf_california,f,0.135473751201781,0.5865427407550001,Δo > Δ,1,5,1,12
23017040,edf_chegodayev,logjohnsonsu,0.0691580732093671,0.530385761606,Δo > Δ,1,6,1,1
23017040,edf_jenkinson,logjohnsonsu,0.06940297916548,0.530385761606,Δo > Δ,1,6,1,2
23017040,edf_beard,logjohnsonsu,0.06940297916548,0.530385761606,Δo > Δ,1,6,1,3
23017040,edf_filliben,logjohnsonsu,0.0695876686532006,0.530385761606,Δo > Δ,1,6,1,4
23017040,edf_tukey,logjohnsonsu,0.0699804416304197,0.530385761606,Δo > Δ,1,6,1,5
23017040,edf_blom,logjohnsonsu,0.0710330732093671,0.530385761606,Δo > Δ,1,6,1,6
23017040,edf_cunnane,logjohnsonsu,0.0716782344996896,0.530385761606,Δo > Δ,1,6,1,7
23017040,edf_adamowski,logjohnsonsu,0.0723413093743569,0.530385761606,Δo > Δ,1,6,1,8
23017040,edf_gringorten,logjohnsonsu,0.0727324196145958,0.530385761606,Δo > Δ,1,6,1,9
23017040,edf_hazen,logjohnsonsu,0.0743664065427004,0.530385761606,Δo > Δ,1,6,1,10
23017040,edf_weibull,logjohnsonsu,0.0924203089939856,0.530385761606,Δo > Δ,1,6,1,11
23017040,edf_california,t,0.1130110277385543,0.530385761606,Δo > Δ,1,6,1,12
2302500064,edf_hazen,logbetaprime,0.098232720538093,0.530385761606,Δo > Δ,1,6,1,1
2302500064,edf_gringorten,logbetaprime,0.1031346813224068,0.530385761606,Δo > Δ,1,6,1,2
2302500064,edf_cunnane,logbetaprime,0.1062972366671254,0.530385761606,Δo > Δ,1,6,1,3
2302500064,edf_blom,logbetaprime,0.108232720538093,0.530385761606,Δo > Δ,1,6,1,4
2302500064,edf_tukey,logbetaprime,0.1113906152749352,0.530385761606,Δo > Δ,1,6,1,5
2302500064,edf_filliben,logbetaprime,0.1125689342065926,0.530385761606,Δo > Δ,1,6,1,6
2302500064,edf_beard,logbetaprime,0.1131230026697543,0.530385761606,Δo > Δ,1,6,1,7
2302500064,edf_jenkinson,logbetaprime,0.1131230026697543,0.530385761606,Δo > Δ,1,6,1,8
2302500064,edf_chegodayev,logbetaprime,0.113857720538093,0.530385761606,Δo > Δ,1,6,1,9
2302500064,edf_adamowski,logbetaprime,0.1174634897688623,0.530385761606,Δo > Δ,1,6,1,10
2302500064,edf_weibull,logbetaprime,0.1339470062523787,0.530385761606,Δo > Δ,1,6,1,11
2302500064,edf_california,invgauss,0.1428117848198697,0.530385761606,Δo > Δ,1,6,1,12
23025501,edf_adamowski,logmaxwell,0.0923441898988448,0.484420539261,Δo > Δ,1,7,1,1
23025501,edf_jenkinson,logmaxwell,0.0923441898988448,0.484420539261,Δo > Δ,1,7,1,2
23025501,edf_filliben,logmaxwell,0.0923441898988448,0.484420539261,Δo > Δ,1,7,1,3
23025501,edf_tukey,logmaxwell,0.0923441898988448,0.484420539261,Δo > Δ,1,7,1,4
23025501,edf_chegodayev,logmaxwell,0.0923441898988448,0.484420539261,Δo > Δ,1,7,1,5
23025501,edf_blom,logmaxwell,0.0923441898988448,0.484420539261,Δo > Δ,1,7,1,6
23025501,edf_beard,logmaxwell,0.0923441898988448,0.484420539261,Δo > Δ,1,7,1,7
23025501,edf_weibull,loginvweibull,0.0934752388013415,0.484420539261,Δo > Δ,1,7,1,8
23025501,edf_cunnane,loginvgauss,0.0935740735550113,0.484420539261,Δo > Δ,1,7,1,9
23025501,edf_gringorten,loginvgauss,0.0958591050026711,0.484420539261,Δo > Δ,1,7,1,10
23025501,edf_hazen,kstwobign,0.1003732715262852,0.484420539261,Δo > Δ,1,7,1,11
23025501,edf_california,logkstwobign,0.115461136390808,0.484420539261,Δo > Δ,1,7,1,12
23025502,edf_gringorten,fisk,0.0561149494001346,0.484420539261,Δo > Δ,1,7,1,1
23025502,edf_hazen,fisk,0.0561149494001346,0.484420539261,Δo > Δ,1,7,1,2
23025502,edf_cunnane,fisk,0.0570596975772998,0.484420539261,Δo > Δ,1,7,1,3
23025502,edf_blom,fisk,0.0599332607956907,0.484420539261,Δo > Δ,1,7,1,4
23025502,edf_tukey,fisk,0.0646354551530574,0.484420539261,Δo > Δ,1,7,1,5
23025502,edf_filliben,fisk,0.066394388683885,0.484420539261,Δo > Δ,1,7,1,6
23025502,edf_beard,fisk,0.0672222992033161,0.484420539261,Δo > Δ,1,7,1,7
23025502,edf_jenkinson,fisk,0.0672222992033161,0.484420539261,Δo > Δ,1,7,1,8
23025502,edf_chegodayev,fisk,0.0683209588385611,0.484420539261,Δo > Δ,1,7,1,9
23025502,edf_adamowski,logpearson3,0.0721810481114701,0.484420539261,Δo > Δ,1,7,1,10
23025502,edf_weibull,logpearson3,0.0893973373279188,0.484420539261,Δo > Δ,1,7,1,11
23025502,edf_california,laplace_asymmetric,0.1060770906068862,0.484420539261,Δo > Δ,1,7,1,12
23035030,edf_weibull,rice,0.0718335241923684,0.343224222286,Δo > Δ,1,14,1,1
23035030,edf_jenkinson,logmielke,0.0726757699750695,0.343224222286,Δo > Δ,1,14,1,2
23035030,edf_beard,logmielke,0.0726757699750695,0.343224222286,Δo > Δ,1,14,1,3
23035030,edf_filliben,logmielke,0.0727120775085922,0.343224222286,Δo > Δ,1,14,1,4
23035030,edf_tukey,logmielke,0.0727889763016859,0.343224222286,Δo > Δ,1,14,1,5
23035030,edf_chegodayev,logmielke,0.0728904034281705,0.343224222286,Δo > Δ,1,14,1,6
23035030,edf_blom,logmielke,0.072992974669699,0.343224222286,Δo > Δ,1,14,1,7
23035030,edf_cunnane,logmielke,0.0731165229770872,0.343224222286,Δo > Δ,1,14,1,8
23035030,edf_gringorten,logmielke,0.0733160202439746,0.343224222286,Δo > Δ,1,14,1,9
23035030,edf_hazen,logmielke,0.073619541085739,0.343224222286,Δo > Δ,1,14,1,10
23035030,edf_adamowski,logmielke,0.0740877214358333,0.343224222286,Δo > Δ,1,14,1,11
23035030,edf_california,loglogistic,0.0921688610711773,0.343224222286,Δo > Δ,1,14,1,12
23037010,edf_weibull,logpearson3,0.0792135782525931,0.3761373588009999,Δo > Δ,1,11,1,1
23037010,edf_hazen,fisk,0.0886054322932312,0.3761373588009999,Δo > Δ,1,11,1,2
23037010,edf_california,mielke,0.0909090909085093,0.3761373588009999,Δo > Δ,1,11,1,3
23037010,edf_gringorten,fisk,0.0915485323586334,0.3761373588009999,Δo > Δ,1,11,1,4
23037010,edf_cunnane,fisk,0.0934755621633611,0.3761373588009999,Δo > Δ,1,11,1,5
23037010,edf_blom,fisk,0.0946660383538373,0.3761373588009999,Δo > Δ,1,11,1,6
23037010,edf_tukey,fisk,0.0966268226675627,0.3761373588009999,Δo > Δ,1,11,1,7
23037010,edf_adamowski,logpearson3,0.0973295202815787,0.3761373588009999,Δo > Δ,1,11,1,8
23037010,edf_filliben,fisk,0.0973643812193601,0.3761373588009999,Δo > Δ,1,11,1,9
23037010,edf_jenkinson,fisk,0.0977123183772702,0.3761373588009999,Δo > Δ,1,11,1,10
23037010,edf_beard,fisk,0.0977123183772702,0.3761373588009999,Δo > Δ,1,11,1,11
23037010,edf_chegodayev,fisk,0.0981748102836618,0.3761373588009999,Δo > Δ,1,11,1,12
23050420,edf_hazen,lognct,0.0467403824941621,0.3942745923300002,Δo > Δ,1,10,1,1
23050420,edf_gringorten,lognct,0.0485190386206444,0.3942745923300002,Δo > Δ,1,10,1,2
23050420,edf_cunnane,lognct,0.0496815589647504,0.3942745923300002,Δo > Δ,1,10,1,3
23050420,edf_blom,lognct,0.050398919079528,0.3942745923300002,Δo > Δ,1,10,1,4
23050420,edf_tukey,lognct,0.0515790921715815,0.3942745923300002,Δo > Δ,1,10,1,5
23050420,edf_filliben,lognct,0.0520225822047266,0.3942745923300002,Δo > Δ,1,10,1,6
23050420,edf_beard,lognct,0.0522317119739309,0.3942745923300002,Δo > Δ,1,10,1,7
23050420,edf_jenkinson,lognct,0.0522317119739309,0.3942745923300002,Δo > Δ,1,10,1,8
23050420,edf_chegodayev,lognct,0.0525096132633929,0.3942745923300002,Δo > Δ,1,10,1,9
23050420,edf_adamowski,lognct,0.0543184497970397,0.3942745923300002,Δo > Δ,1,10,1,10
23050420,edf_weibull,lognct,0.0737989692775592,0.3942745923300002,Δo > Δ,1,10,1,11
23050420,edf_california,lognct,0.0967403824941622,0.3942745923300002,Δo > Δ,1,10,1,12
2305500055,edf_california,loggumbel_l,0.1528332030981216,0.5865427407550001,Δo > Δ,1,5,1,1
2305500055,edf_adamowski,gumbel_l,0.1730300332559974,0.5865427407550001,Δo > Δ,1,5,1,2
2305500055,edf_jenkinson,gumbel_l,0.1730300332559974,0.5865427407550001,Δo > Δ,1,5,1,3
2305500055,edf_cunnane,gumbel_l,0.1730300332559974,0.5865427407550001,Δo > Δ,1,5,1,4
2305500055,edf_gringorten,gumbel_l,0.1730300332559974,0.5865427407550001,Δo > Δ,1,5,1,5
2305500055,edf_tukey,gumbel_l,0.1730300332559974,0.5865427407550001,Δo > Δ,1,5,1,6
2305500055,edf_blom,gumbel_l,0.1730300332559974,0.5865427407550001,Δo > Δ,1,5,1,7
2305500055,edf_filliben,gumbel_l,0.1730300332559974,0.5865427407550001,Δo > Δ,1,5,1,8
2305500055,edf_chegodayev,gumbel_l,0.1730300332559974,0.5865427407550001,Δo > Δ,1,5,1,9
2305500055,edf_beard,gumbel_l,0.1730300332559974,0.5865427407550001,Δo > Δ,1,5,1,10
2305500055,edf_weibull,gumbel_l,0.1730300332559974,0.5865427407550001,Δo > Δ,1,5,1,11
2305500055,edf_hazen,gumbel_l,0.1730300332559974,0.5865427407550001,Δo > Δ,1,5,1,12
23055502,edf_hazen,alpha,0.0336894435281643,0.5865427407550001,Δo > Δ,1,5,1,1
23055502,edf_gringorten,alpha,0.0430644435281643,0.5865427407550001,Δo > Δ,1,5,1,2
23055502,edf_cunnane,alpha,0.0490740589127797,0.5865427407550001,Δo > Δ,1,5,1,3
23055502,edf_blom,alpha,0.0527370625757833,0.5865427407550001,Δo > Δ,1,5,1,4
23055502,edf_tukey,alpha,0.0586894435281643,0.5865427407550001,Δo > Δ,1,5,1,5
23055502,edf_filliben,alpha,0.0609028638450329,0.5865427407550001,Δo > Δ,1,5,1,6
23055502,edf_beard,alpha,0.0619422316322535,0.5865427407550001,Δo > Δ,1,5,1,7
23055502,edf_jenkinson,alpha,0.0619422316322535,0.5865427407550001,Δo > Δ,1,5,1,8
23055502,edf_chegodayev,alpha,0.0633190731577939,0.5865427407550001,Δo > Δ,1,5,1,9
23055502,edf_adamowski,alpha,0.0700530798918006,0.5865427407550001,Δo > Δ,1,5,1,10
23055502,edf_weibull,alpha,0.1003561101948309,0.5865427407550001,Δo > Δ,1,5,1,11
23055502,edf_california,loginvgamma,0.1274441447500947,0.5865427407550001,Δo > Δ,1,5,1,12
23057140,edf_hazen,fisk,0.0554850643799091,0.484420539261,Δo > Δ,1,7,1,1
23057140,edf_gringorten,fisk,0.0603004736897005,0.484420539261,Δo > Δ,1,7,1,2
23057140,edf_cunnane,fisk,0.0634215723164172,0.484420539261,Δo > Δ,1,7,1,3
23057140,edf_blom,fisk,0.0653372811286776,0.484420539261,Δo > Δ,1,7,1,4
23057140,edf_tukey,fisk,0.0684720773669221,0.484420539261,Δo > Δ,1,7,1,5
23057140,edf_filliben,fisk,0.0696446997208072,0.484420539261,Δo > Δ,1,7,1,6
23057140,edf_beard,fisk,0.0701966400670945,0.484420539261,Δo > Δ,1,7,1,7
23057140,edf_jenkinson,fisk,0.0701966400670945,0.484420539261,Δo > Δ,1,7,1,8
23057140,edf_chegodayev,fisk,0.0709290798239246,0.484420539261,Δo > Δ,1,7,1,9
23057140,edf_adamowski,fisk,0.0745326834275281,0.484420539261,Δo > Δ,1,7,1,10
23057140,edf_weibull,fisk,0.0911993500941948,0.484420539261,Δo > Δ,1,7,1,11
23057140,edf_california,logmielke,0.0976800302626347,0.484420539261,Δo > Δ,1,7,1,12
2306500106,edf_hazen,logmielke,0.0834363817689899,0.5865427407550001,Δo > Δ,1,5,1,1
2306500106,edf_gringorten,logmielke,0.0881238817689899,0.5865427407550001,Δo > Δ,1,5,1,2
2306500106,edf_cunnane,logmielke,0.0911286894612976,0.5865427407550001,Δo > Δ,1,5,1,3
2306500106,edf_blom,logmielke,0.0929601912927994,0.5865427407550001,Δo > Δ,1,5,1,4
2306500106,edf_tukey,logmielke,0.0959363817689899,0.5865427407550001,Δo > Δ,1,5,1,5
2306500106,edf_filliben,logmielke,0.0970430919274242,0.5865427407550001,Δo > Δ,1,5,1,6
2306500106,edf_beard,logmielke,0.0975627758210345,0.5865427407550001,Δo > Δ,1,5,1,7
2306500106,edf_jenkinson,logmielke,0.0975627758210345,0.5865427407550001,Δo > Δ,1,5,1,8
2306500106,edf_chegodayev,logmielke,0.0982511965838047,0.5865427407550001,Δo > Δ,1,5,1,9
2306500106,edf_adamowski,logmielke,0.1016181999508081,0.5865427407550001,Δo > Δ,1,5,1,10
2306500106,edf_weibull,logmielke,0.1167697151023232,0.5865427407550001,Δo > Δ,1,5,1,11
2306500106,edf_california,kstwobign,0.1437600995467971,0.5865427407550001,Δo > Δ,1,5,1,12
23065110,edf_california,loglogistic,0.1918542557270238,0.5865427407550001,Δo > Δ,1,5,1,1
23065110,edf_weibull,ncf,0.2308783369055763,0.5865427407550001,Δo > Δ,1,5,1,2
23065110,edf_adamowski,logfisk,0.2333621926647632,0.5865427407550001,Δo > Δ,1,5,1,3
23065110,edf_cunnane,logfisk,0.2333621926647632,0.5865427407550001,Δo > Δ,1,5,1,4
23065110,edf_gringorten,logfisk,0.2333621926647632,0.5865427407550001,Δo > Δ,1,5,1,5
23065110,edf_tukey,logfisk,0.2333621926647632,0.5865427407550001,Δo > Δ,1,5,1,6
23065110,edf_jenkinson,logfisk,0.2333621926647632,0.5865427407550001,Δo > Δ,1,5,1,7
23065110,edf_filliben,logfisk,0.2333621926647632,0.5865427407550001,Δo > Δ,1,5,1,8
23065110,edf_chegodayev,logfisk,0.2333621926647632,0.5865427407550001,Δo > Δ,1,5,1,9
23065110,edf_blom,logfisk,0.2333621926647632,0.5865427407550001,Δo > Δ,1,5,1,10
23065110,edf_beard,logfisk,0.2333621926647632,0.5865427407550001,Δo > Δ,1,5,1,11
23065110,edf_hazen,logfisk,0.2333621926647632,0.5865427407550001,Δo > Δ,1,5,1,12
23065180,edf_hazen,laplace,0.0660548033499643,0.3260541228310003,Δo > Δ,1,17,1,1
23065180,edf_gringorten,laplace,0.0672917467254454,0.3260541228310003,Δo > Δ,1,17,1,2
23065180,edf_jenkinson,johnsonsu,0.0674895612497851,0.3260541228310003,Δo > Δ,1,17,1,3
23065180,edf_adamowski,johnsonsu,0.0674895612497851,0.3260541228310003,Δo > Δ,1,17,1,4
23065180,edf_filliben,johnsonsu,0.0674895612497851,0.3260541228310003,Δo > Δ,1,17,1,5
23065180,edf_tukey,johnsonsu,0.0674895612497851,0.3260541228310003,Δo > Δ,1,17,1,6
23065180,edf_blom,johnsonsu,0.0674895612497851,0.3260541228310003,Δo > Δ,1,17,1,7
23065180,edf_cunnane,johnsonsu,0.0674895612497851,0.3260541228310003,Δo > Δ,1,17,1,8
23065180,edf_chegodayev,johnsonsu,0.0674895612497851,0.3260541228310003,Δo > Δ,1,17,1,9
23065180,edf_beard,johnsonsu,0.0674895612497851,0.3260541228310003,Δo > Δ,1,17,1,10
23065180,edf_weibull,johnsonsu,0.0675608576814177,0.3260541228310003,Δo > Δ,1,17,1,11
23065180,edf_california,laplace,0.0952162392509475,0.3260541228310003,Δo > Δ,1,17,1,12
23065190,edf_blom,logjohnsonsu,0.0645103903362588,0.3621841451959999,Δo > Δ,1,12,1,1
23065190,edf_cunnane,logjohnsonsu,0.066015910577142,0.3621841451959999,Δo > Δ,1,12,1,2
23065190,edf_tukey,logjohnsonsu,0.0669083937922188,0.3621841451959999,Δo > Δ,1,12,1,3
23065190,edf_filliben,logjohnsonsu,0.0678428098095301,0.3621841451959999,Δo > Δ,1,12,1,4
23065190,edf_jenkinson,logjohnsonsu,0.0682837594648382,0.3621841451959999,Δo > Δ,1,12,1,5
23065190,edf_beard,logjohnsonsu,0.0682837594648382,0.3621841451959999,Δo > Δ,1,12,1,6
23065190,edf_gringorten,logjohnsonsu,0.0684505802736198,0.3621841451959999,Δo > Δ,1,12,1,7
23065190,edf_chegodayev,logjohnsonsu,0.0688700328506322,0.3621841451959999,Δo > Δ,1,12,1,8
23065190,edf_adamowski,logjohnsonsu,0.0717732586570837,0.3621841451959999,Δo > Δ,1,12,1,9
23065190,edf_hazen,logjohnsonsu,0.0721634515607486,0.3621841451959999,Δo > Δ,1,12,1,10
23065190,edf_california,logt,0.0817045015793563,0.3621841451959999,Δo > Δ,1,12,1,11
23065190,edf_weibull,logjohnsonsu,0.0856194125032375,0.3621841451959999,Δo > Δ,1,12,1,12
23065501,edf_weibull,lognct,0.0608190896946708,0.5865427407550001,Δo > Δ,1,5,1,1
23065501,edf_adamowski,lognct,0.0911221199977011,0.5865427407550001,Δo > Δ,1,5,1,2
23065501,edf_hazen,genlogistic,0.0973243634909762,0.5865427407550001,Δo > Δ,1,5,1,3
23065501,edf_chegodayev,lognct,0.0978561267317078,0.5865427407550001,Δo > Δ,1,5,1,4
23065501,edf_jenkinson,lognct,0.0992329682572483,0.5865427407550001,Δo > Δ,1,5,1,5
23065501,edf_beard,lognct,0.0992329682572483,0.5865427407550001,Δo > Δ,1,5,1,6
23065501,edf_filliben,lognct,0.1002723360444689,0.5865427407550001,Δo > Δ,1,5,1,7
23065501,edf_gringorten,genlogistic,0.1020118634909762,0.5865427407550001,Δo > Δ,1,5,1,8
23065501,edf_tukey,lognct,0.1024857563613375,0.5865427407550001,Δo > Δ,1,5,1,9
23065501,edf_cunnane,genlogistic,0.1050166711832839,0.5865427407550001,Δo > Δ,1,5,1,10
23065501,edf_blom,logmielke,0.1053640753938793,0.5865427407550001,Δo > Δ,1,5,1,11
23065501,edf_california,logkstwobign,0.1789262184555416,0.5865427407550001,Δo > Δ,1,5,1,12
23065502,edf_hazen,fisk,0.0699996499998533,0.5865427407550001,Δo > Δ,1,5,1,1
23065502,edf_gringorten,fisk,0.0746871499998532,0.5865427407550001,Δo > Δ,1,5,1,2
23065502,edf_cunnane,fisk,0.0776919576921609,0.5865427407550001,Δo > Δ,1,5,1,3
23065502,edf_blom,fisk,0.0795234595236628,0.5865427407550001,Δo > Δ,1,5,1,4
23065502,edf_tukey,fisk,0.0824996499998532,0.5865427407550001,Δo > Δ,1,5,1,5
23065502,edf_filliben,fisk,0.0836063601582876,0.5865427407550001,Δo > Δ,1,5,1,6
23065502,edf_beard,fisk,0.0841260440518978,0.5865427407550001,Δo > Δ,1,5,1,7
23065502,edf_jenkinson,fisk,0.0841260440518978,0.5865427407550001,Δo > Δ,1,5,1,8
23065502,edf_chegodayev,fisk,0.0848144648146681,0.5865427407550001,Δo > Δ,1,5,1,9
23065502,edf_adamowski,fisk,0.0881814681816715,0.5865427407550001,Δo > Δ,1,5,1,10
23065502,edf_weibull,fisk,0.103826827634764,0.5865427407550001,Δo > Δ,1,5,1,11
23065502,edf_california,betaprime,0.14139589211571,0.5865427407550001,Δo > Δ,1,5,1,12
23065504,edf_hazen,johnsonsu,0.0419430172835589,0.5865427407550001,Δo > Δ,1,5,1,1
23065504,edf_gringorten,johnsonsu,0.0474828815410643,0.5865427407550001,Δo > Δ,1,5,1,2
23065504,edf_cunnane,johnsonsu,0.0534924969256798,0.5865427407550001,Δo > Δ,1,5,1,3
23065504,edf_blom,genlogistic,0.0566775682092787,0.5865427407550001,Δo > Δ,1,5,1,4
23065504,edf_tukey,loglaplace_asymmetric,0.0592878300611593,0.5865427407550001,Δo > Δ,1,5,1,5
23065504,edf_filliben,loglaplace_asymmetric,0.0597283330579639,0.5865427407550001,Δo > Δ,1,5,1,6
23065504,edf_beard,loglaplace_asymmetric,0.0607677008451845,0.5865427407550001,Δo > Δ,1,5,1,7
23065504,edf_jenkinson,loglaplace_asymmetric,0.0607677008451845,0.5865427407550001,Δo > Δ,1,5,1,8
23065504,edf_chegodayev,genlogistic,0.0619685735002839,0.5865427407550001,Δo > Δ,1,5,1,9
23065504,edf_adamowski,genlogistic,0.0654768762724964,0.5865427407550001,Δo > Δ,1,5,1,10
23065504,edf_weibull,laplace_asymmetric,0.0927486509789072,0.5865427407550001,Δo > Δ,1,5,1,11
23065504,edf_california,loglaplace_asymmetric,0.1355138547195737,0.5865427407550001,Δo > Δ,1,5,1,12
23065505,edf_hazen,logfisk,0.071297867047278,0.5865427407550001,Δo > Δ,1,5,1,1
23065505,edf_gringorten,logfisk,0.0759853670472779,0.5865427407550001,Δo > Δ,1,5,1,2
23065505,edf_blom,lognct,0.0787149419709662,0.5865427407550001,Δo > Δ,1,5,1,3
23065505,edf_cunnane,logfisk,0.0789901747395857,0.5865427407550001,Δo > Δ,1,5,1,4
23065505,edf_tukey,lognct,0.0816911324471567,0.5865427407550001,Δo > Δ,1,5,1,5
23065505,edf_filliben,lognct,0.082797842605591,0.5865427407550001,Δo > Δ,1,5,1,6
23065505,edf_beard,lognct,0.0833175264992013,0.5865427407550001,Δo > Δ,1,5,1,7
23065505,edf_jenkinson,lognct,0.0833175264992013,0.5865427407550001,Δo > Δ,1,5,1,8
23065505,edf_chegodayev,lognct,0.0840059472619716,0.5865427407550001,Δo > Δ,1,5,1,9
23065505,edf_adamowski,lognct,0.0873729506289749,0.5865427407550001,Δo > Δ,1,5,1,10
23065505,edf_weibull,johnsonsu,0.1028617863817668,0.5865427407550001,Δo > Δ,1,5,1,11
23065505,edf_california,loglaplace_asymmetric,0.1376125024838447,0.5865427407550001,Δo > Δ,1,5,1,12
23067040,edf_hazen,logjohnsonsu,0.0545889403617738,0.530385761606,Δo > Δ,1,6,1,1
23067040,edf_gringorten,logjohnsonsu,0.0583247188060701,0.530385761606,Δo > Δ,1,6,1,2
23067040,edf_tukey,johnsonsu,0.058921360057105,0.530385761606,Δo > Δ,1,6,1,3
23067040,edf_filliben,johnsonsu,0.0597216451342369,0.530385761606,Δo > Δ,1,6,1,4
23067040,edf_blom,johnsonsu,0.0599739916360523,0.530385761606,Δo > Δ,1,6,1,5
23067040,edf_jenkinson,johnsonsu,0.0602757135973986,0.530385761606,Δo > Δ,1,6,1,6
23067040,edf_beard,johnsonsu,0.0602757135973986,0.530385761606,Δo > Δ,1,6,1,7
23067040,edf_cunnane,johnsonsu,0.0606191529263749,0.530385761606,Δo > Δ,1,6,1,8
23067040,edf_chegodayev,johnsonsu,0.0610104314657373,0.530385761606,Δo > Δ,1,6,1,9
23067040,edf_adamowski,johnsonsu,0.0646162006965066,0.530385761606,Δo > Δ,1,6,1,10
23067040,edf_weibull,johnsonsu,0.0897187167547751,0.530385761606,Δo > Δ,1,6,1,11
23067040,edf_california,loglaplace,0.128518656910872,0.530385761606,Δo > Δ,1,6,1,12
23067060,edf_adamowski,logjohnsonsu,0.0752466106025969,0.3761373588009999,Δo > Δ,1,11,1,1
23067060,edf_cunnane,logjohnsonsu,0.0752466106025969,0.3761373588009999,Δo > Δ,1,11,1,2
23067060,edf_jenkinson,logjohnsonsu,0.0752466106025969,0.3761373588009999,Δo > Δ,1,11,1,3
23067060,edf_filliben,logjohnsonsu,0.0752466106025969,0.3761373588009999,Δo > Δ,1,11,1,4
23067060,edf_gringorten,logjohnsonsu,0.0752466106025969,0.3761373588009999,Δo > Δ,1,11,1,5
23067060,edf_tukey,logjohnsonsu,0.0752466106025969,0.3761373588009999,Δo > Δ,1,11,1,6
23067060,edf_blom,logjohnsonsu,0.0752466106025969,0.3761373588009999,Δo > Δ,1,11,1,7
23067060,edf_chegodayev,logjohnsonsu,0.0752466106025969,0.3761373588009999,Δo > Δ,1,11,1,8
23067060,edf_beard,logjohnsonsu,0.0752466106025969,0.3761373588009999,Δo > Δ,1,11,1,9
23067060,edf_hazen,logjohnsonsu,0.0752466106025969,0.3761373588009999,Δo > Δ,1,11,1,10
23067060,edf_weibull,logjohnsonsu,0.0793144280933362,0.3761373588009999,Δo > Δ,1,11,1,11
23067060,edf_california,genlogistic,0.1008643610689552,0.3761373588009999,Δo > Δ,1,11,1,12
23067070,edf_hazen,johnsonsu,0.0277432935396513,0.530385761606,Δo > Δ,1,6,1,1
23067070,edf_gringorten,genlogistic,0.034702500130993,0.530385761606,Δo > Δ,1,6,1,2
23067070,edf_cunnane,genlogistic,0.0378650554757116,0.530385761606,Δo > Δ,1,6,1,3
23067070,edf_blom,genlogistic,0.0398005393466793,0.530385761606,Δo > Δ,1,6,1,4
23067070,edf_tukey,genlogistic,0.0429584340835214,0.530385761606,Δo > Δ,1,6,1,5
23067070,edf_filliben,genlogistic,0.044136753015179,0.530385761606,Δo > Δ,1,6,1,6
23067070,edf_beard,genlogistic,0.0446908214783408,0.530385761606,Δo > Δ,1,6,1,7
23067070,edf_jenkinson,genlogistic,0.0446908214783408,0.530385761606,Δo > Δ,1,6,1,8
23067070,edf_chegodayev,genlogistic,0.0454255393466793,0.530385761606,Δo > Δ,1,6,1,9
23067070,edf_adamowski,genlogistic,0.0490313085774485,0.530385761606,Δo > Δ,1,6,1,10
23067070,edf_weibull,genlogistic,0.0757352998521487,0.530385761606,Δo > Δ,1,6,1,11
23067070,edf_california,johnsonsu,0.1043473407931255,0.530385761606,Δo > Δ,1,6,1,12
2308500071,edf_hazen,weibull_min,0.0330619949986779,0.5865427407550001,Δo > Δ,1,5,1,1
2308500071,edf_gringorten,genlogistic,0.0377916771253265,0.5865427407550001,Δo > Δ,1,5,1,2
2308500071,edf_cunnane,genlogistic,0.0437663031229842,0.5865427407550001,Δo > Δ,1,5,1,3
2308500071,edf_blom,genlogistic,0.0474293067859877,0.5865427407550001,Δo > Δ,1,5,1,4
2308500071,edf_tukey,genlogistic,0.0533816877383687,0.5865427407550001,Δo > Δ,1,5,1,5
2308500071,edf_filliben,genlogistic,0.0555951080552372,0.5865427407550001,Δo > Δ,1,5,1,6
2308500071,edf_beard,genlogistic,0.0566344758424578,0.5865427407550001,Δo > Δ,1,5,1,7
2308500071,edf_jenkinson,genlogistic,0.0566344758424578,0.5865427407550001,Δo > Δ,1,5,1,8
2308500071,edf_chegodayev,genlogistic,0.0580113173679983,0.5865427407550001,Δo > Δ,1,5,1,9
2308500071,edf_adamowski,genlogistic,0.064745324102005,0.5865427407550001,Δo > Δ,1,5,1,10
2308500071,edf_weibull,genlogistic,0.0950483544050353,0.5865427407550001,Δo > Δ,1,5,1,11
2308500071,edf_california,johnsonsu,0.1254635264084422,0.5865427407550001,Δo > Δ,1,5,1,12
23085080,edf_gringorten,logf,0.1014082299023635,0.5865427407550001,Δo > Δ,1,5,1,1
23085080,edf_hazen,logalpha,0.102956565039192,0.5865427407550001,Δo > Δ,1,5,1,2
23085080,edf_adamowski,loginvweibull,0.1043406771249144,0.5865427407550001,Δo > Δ,1,5,1,3
23085080,edf_cunnane,logf,0.1044130375946712,0.5865427407550001,Δo > Δ,1,5,1,4
23085080,edf_blom,logf,0.106244539426173,0.5865427407550001,Δo > Δ,1,5,1,5
23085080,edf_chegodayev,loginvweibull,0.1077076804919178,0.5865427407550001,Δo > Δ,1,5,1,6
23085080,edf_beard,loginvweibull,0.1083961012546879,0.5865427407550001,Δo > Δ,1,5,1,7
23085080,edf_jenkinson,loginvweibull,0.1083961012546879,0.5865427407550001,Δo > Δ,1,5,1,8
23085080,edf_filliben,loginvweibull,0.1089157851482983,0.5865427407550001,Δo > Δ,1,5,1,9
23085080,edf_tukey,logf,0.1092207299023635,0.5865427407550001,Δo > Δ,1,5,1,10
23085080,edf_weibull,loginvweibull,0.1159494805799703,0.5865427407550001,Δo > Δ,1,5,1,11
23085080,edf_california,logmielke,0.1550910232628481,0.5865427407550001,Δo > Δ,1,5,1,12
23085260,edf_filliben,loglaplace_asymmetric,0.0411820672815136,0.3942745923300002,Δo > Δ,1,10,1,1
23085260,edf_tukey,loglaplace_asymmetric,0.0415985061728278,0.3942745923300002,Δo > Δ,1,10,1,2
23085260,edf_jenkinson,loglaplace_asymmetric,0.0416700367429905,0.3942745923300002,Δo > Δ,1,10,1,3
23085260,edf_beard,loglaplace_asymmetric,0.0416700367429905,0.3942745923300002,Δo > Δ,1,10,1,4
23085260,edf_chegodayev,loglaplace_asymmetric,0.0423184730850685,0.3942745923300002,Δo > Δ,1,10,1,5
23085260,edf_blom,loglaplace_asymmetric,0.0427786792648813,0.3942745923300002,Δo > Δ,1,10,1,6
23085260,edf_cunnane,loglaplace_asymmetric,0.0434960393796589,0.3942745923300002,Δo > Δ,1,10,1,7
23085260,edf_gringorten,loglaplace_asymmetric,0.0446585597237649,0.3942745923300002,Δo > Δ,1,10,1,8
23085260,edf_adamowski,loglaplace_asymmetric,0.0455236012901967,0.3942745923300002,Δo > Δ,1,10,1,9
23085260,edf_hazen,loglaplace_asymmetric,0.0464372158502472,0.3942745923300002,Δo > Δ,1,10,1,10
23085260,edf_weibull,loglaplace_asymmetric,0.0606751164417118,0.3942745923300002,Δo > Δ,1,10,1,11
23085260,edf_california,logjohnsonsu,0.0840564105211829,0.3942745923300002,Δo > Δ,1,10,1,12
23085270,edf_adamowski,lograyleigh,0.0641098314973587,0.3942745923300002,Δo > Δ,1,10,1,1
23085270,edf_gringorten,truncnorm,0.0651808821649932,0.3942745923300002,Δo > Δ,1,10,1,2
23085270,edf_cunnane,truncnorm,0.0651933325369195,0.3942745923300002,Δo > Δ,1,10,1,3
23085270,edf_blom,truncnorm,0.0654324525751787,0.3942745923300002,Δo > Δ,1,10,1,4
23085270,edf_tukey,truncnorm,0.0658258436058633,0.3942745923300002,Δo > Δ,1,10,1,5
23085270,edf_filliben,pareto,0.0658465991316854,0.3942745923300002,Δo > Δ,1,10,1,6
23085270,edf_chegodayev,lograyleigh,0.066399208786736,0.3942745923300002,Δo > Δ,1,10,1,7
23085270,edf_jenkinson,truncnorm,0.066473987718135,0.3942745923300002,Δo > Δ,1,10,1,8
23085270,edf_beard,truncnorm,0.066473987718135,0.3942745923300002,Δo > Δ,1,10,1,9
23085270,edf_hazen,truncnorm,0.0681453090424636,0.3942745923300002,Δo > Δ,1,10,1,10
23085270,edf_weibull,lograyleigh,0.0728678993435572,0.3942745923300002,Δo > Δ,1,10,1,11
23085270,edf_california,logweibull_min,0.0939977795746485,0.3942745923300002,Δo > Δ,1,10,1,12
23085501,edf_california,t,0.062737152544255,0.484420539261,Δo > Δ,1,7,1,1
23085501,edf_hazen,johnsonsu,0.0676685622515796,0.484420539261,Δo > Δ,1,7,1,2
23085501,edf_gringorten,johnsonsu,0.0724839715613711,0.484420539261,Δo > Δ,1,7,1,3
23085501,edf_cunnane,johnsonsu,0.0756050701880877,0.484420539261,Δo > Δ,1,7,1,4
23085501,edf_blom,johnsonsu,0.0775207790003481,0.484420539261,Δo > Δ,1,7,1,5
23085501,edf_tukey,johnsonsu,0.0806555752385926,0.484420539261,Δo > Δ,1,7,1,6
23085501,edf_filliben,johnsonsu,0.0818281975924777,0.484420539261,Δo > Δ,1,7,1,7
23085501,edf_jenkinson,johnsonsu,0.082380137938765,0.484420539261,Δo > Δ,1,7,1,8
23085501,edf_beard,johnsonsu,0.082380137938765,0.484420539261,Δo > Δ,1,7,1,9
23085501,edf_chegodayev,johnsonsu,0.0831125776955951,0.484420539261,Δo > Δ,1,7,1,10
23085501,edf_adamowski,johnsonsu,0.0867161812991986,0.484420539261,Δo > Δ,1,7,1,11
23085501,edf_weibull,johnsonsu,0.1033828479658653,0.484420539261,Δo > Δ,1,7,1,12
23087150,edf_filliben,logjohnsonsu,0.0858905057572292,0.484420539261,Δo > Δ,1,7,1,1
23087150,edf_tukey,logjohnsonsu,0.086390449570423,0.484420539261,Δo > Δ,1,7,1,2
23087150,edf_jenkinson,logjohnsonsu,0.0864424461035166,0.484420539261,Δo > Δ,1,7,1,3
23087150,edf_beard,logjohnsonsu,0.0864424461035166,0.484420539261,Δo > Δ,1,7,1,4
23087150,edf_chegodayev,logjohnsonsu,0.0871748858603466,0.484420539261,Δo > Δ,1,7,1,5
23087150,edf_blom,logjohnsonsu,0.0895252458086676,0.484420539261,Δo > Δ,1,7,1,6
23087150,edf_adamowski,logjohnsonsu,0.0907784894639502,0.484420539261,Δo > Δ,1,7,1,7
23087150,edf_cunnane,logjohnsonsu,0.091440954620928,0.484420539261,Δo > Δ,1,7,1,8
23087150,edf_hazen,johnsonsu,0.0931190680908921,0.484420539261,Δo > Δ,1,7,1,9
23087150,edf_gringorten,logjohnsonsu,0.0945620532476446,0.484420539261,Δo > Δ,1,7,1,10
23087150,edf_weibull,logjohnsonsu,0.1074451561306168,0.484420539261,Δo > Δ,1,7,1,11
23087150,edf_california,johnsonsu,0.1645476395194635,0.484420539261,Δo > Δ,1,7,1,12
23087210,edf_hazen,loglaplace_asymmetric,0.0749456856753226,0.3761373588009999,Δo > Δ,1,11,1,1
23087210,edf_gringorten,loglaplace_asymmetric,0.0788698190958589,0.3761373588009999,Δo > Δ,1,11,1,2
23087210,edf_cunnane,loggenlogistic,0.0813820337758054,0.3761373588009999,Δo > Δ,1,11,1,3
23087210,edf_blom,logmielke,0.0823588405976234,0.3761373588009999,Δo > Δ,1,11,1,4
23087210,edf_tukey,logmielke,0.0849732196825908,0.3761373588009999,Δo > Δ,1,11,1,5
23087210,edf_filliben,logmielke,0.0859566310849872,0.3761373588009999,Δo > Δ,1,11,1,6
23087210,edf_beard,logmielke,0.086420547295534,0.3761373588009999,Δo > Δ,1,11,1,7
23087210,edf_jenkinson,logmielke,0.086420547295534,0.3761373588009999,Δo > Δ,1,11,1,8
23087210,edf_chegodayev,logmielke,0.0870372031707228,0.3761373588009999,Δo > Δ,1,11,1,9
23087210,edf_adamowski,logmielke,0.0900883091966573,0.3761373588009999,Δo > Δ,1,11,1,10
23087210,edf_weibull,halfnorm,0.0966295547680219,0.3761373588009999,Δo > Δ,1,11,1,11
23087210,edf_california,logncf,0.1202943345138939,0.3761373588009999,Δo > Δ,1,11,1,12
23087230,edf_hazen,mielke,0.0987516540112104,0.5865427407550001,Δo > Δ,1,5,1,1
23087230,edf_gringorten,mielke,0.1081266540112105,0.5865427407550001,Δo > Δ,1,5,1,2
23087230,edf_adamowski,weibull_min,0.1091045794749855,0.5865427407550001,Δo > Δ,1,5,1,3
23087230,edf_chegodayev,weibull_min,0.1121250644985722,0.5865427407550001,Δo > Δ,1,5,1,4
23087230,edf_beard,weibull_min,0.1128134852613424,0.5865427407550001,Δo > Δ,1,5,1,5
23087230,edf_jenkinson,weibull_min,0.1128134852613424,0.5865427407550001,Δo > Δ,1,5,1,6
23087230,edf_filliben,weibull_min,0.1133331691549527,0.5865427407550001,Δo > Δ,1,5,1,7
23087230,edf_cunnane,mielke,0.114136269395826,0.5865427407550001,Δo > Δ,1,5,1,8
23087230,edf_tukey,weibull_min,0.114439879313387,0.5865427407550001,Δo > Δ,1,5,1,9
23087230,edf_weibull,pearson3,0.1159362200367614,0.5865427407550001,Δo > Δ,1,5,1,10
23087230,edf_blom,weibull_min,0.1174160697895775,0.5865427407550001,Δo > Δ,1,5,1,11
23087230,edf_california,gumbel_l,0.1507472788660882,0.5865427407550001,Δo > Δ,1,5,1,12
23097030,edf_hazen,logjohnsonsu,0.052737103471676,0.5865427407550001,Δo > Δ,1,5,1,1
23097030,edf_gringorten,logjohnsonsu,0.0561086872304459,0.5865427407550001,Δo > Δ,1,5,1,2
23097030,edf_cunnane,logjohnsonsu,0.0591134949227536,0.5865427407550001,Δo > Δ,1,5,1,3
23097030,edf_blom,logjohnsonsu,0.0609449967542554,0.5865427407550001,Δo > Δ,1,5,1,4
23097030,edf_tukey,logjohnsonsu,0.0639211872304459,0.5865427407550001,Δo > Δ,1,5,1,5
23097030,edf_weibull,logbetaprime,0.0640877009446796,0.5865427407550001,Δo > Δ,1,5,1,6
23097030,edf_filliben,logjohnsonsu,0.0650278973888802,0.5865427407550001,Δo > Δ,1,5,1,7
23097030,edf_jenkinson,logjohnsonsu,0.0655475812824905,0.5865427407550001,Δo > Δ,1,5,1,8
23097030,edf_beard,logjohnsonsu,0.0655475812824905,0.5865427407550001,Δo > Δ,1,5,1,9
23097030,edf_chegodayev,logjohnsonsu,0.0662360020452608,0.5865427407550001,Δo > Δ,1,5,1,10
23097030,edf_adamowski,logjohnsonsu,0.0696030054122641,0.5865427407550001,Δo > Δ,1,5,1,11
23097030,edf_california,alpha,0.1282756099254042,0.5865427407550001,Δo > Δ,1,5,1,12
23105060,edf_cunnane,pearson3,0.0644003573480718,0.484420539261,Δo > Δ,1,7,1,1
23105060,edf_filliben,pearson3,0.0644003573480718,0.484420539261,Δo > Δ,1,7,1,2
23105060,edf_tukey,pearson3,0.0644003573480718,0.484420539261,Δo > Δ,1,7,1,3
23105060,edf_gringorten,pearson3,0.0644003573480718,0.484420539261,Δo > Δ,1,7,1,4
23105060,edf_blom,pearson3,0.0644003573480718,0.484420539261,Δo > Δ,1,7,1,5
23105060,edf_hazen,pearson3,0.0644003573480718,0.484420539261,Δo > Δ,1,7,1,6
23105060,edf_beard,pearson3,0.064733710521554,0.484420539261,Δo > Δ,1,7,1,7
23105060,edf_jenkinson,pearson3,0.064733710521554,0.484420539261,Δo > Δ,1,7,1,8
23105060,edf_chegodayev,pearson3,0.0654661502783841,0.484420539261,Δo > Δ,1,7,1,9
23105060,edf_adamowski,pearson3,0.0690697538819876,0.484420539261,Δo > Δ,1,7,1,10
23105060,edf_weibull,pearson3,0.0857364205486543,0.484420539261,Δo > Δ,1,7,1,11
23105060,edf_california,logistic,0.1152956541693277,0.484420539261,Δo > Δ,1,7,1,12
23105070,edf_weibull,rayleigh,0.0618653443276844,0.331107277296,Δo > Δ,1,16,1,1
23105070,edf_adamowski,rayleigh,0.0709961347219947,0.331107277296,Δo > Δ,1,16,1,2
23105070,edf_hazen,kstwobign,0.072993274421921,0.331107277296,Δo > Δ,1,16,1,3
23105070,edf_chegodayev,rayleigh,0.073028655047198,0.331107277296,Δo > Δ,1,16,1,4
23105070,edf_gringorten,kstwobign,0.0733927092135969,0.331107277296,Δo > Δ,1,16,1,5
23105070,edf_beard,rayleigh,0.0734381371639971,0.331107277296,Δo > Δ,1,16,1,6
23105070,edf_jenkinson,rayleigh,0.0734381371639971,0.331107277296,Δo > Δ,1,16,1,7
23105070,edf_filliben,rayleigh,0.0737459055744237,0.331107277296,Δo > Δ,1,16,1,8
23105070,edf_tukey,rayleigh,0.0743974952662124,0.331107277296,Δo > Δ,1,16,1,9
23105070,edf_cunnane,kstwobign,0.0744649145868776,0.331107277296,Δo > Δ,1,16,1,10
23105070,edf_blom,kstwobign,0.0751296819183116,0.331107277296,Δo > Δ,1,16,1,11
23105070,edf_california,logjohnsonsu,0.0830541399324781,0.331107277296,Δo > Δ,1,16,1,12
23117030,edf_jenkinson,weibull_min,0.1228287301300044,0.530385761606,Δo > Δ,1,6,1,1
23117030,edf_beard,weibull_min,0.1228287301300044,0.530385761606,Δo > Δ,1,6,1,2
23117030,edf_filliben,weibull_min,0.123013419617725,0.530385761606,Δo > Δ,1,6,1,3
23117030,edf_chegodayev,weibull_min,0.1230759245518915,0.530385761606,Δo > Δ,1,6,1,4
23117030,edf_tukey,weibull_min,0.1234061925949442,0.530385761606,Δo > Δ,1,6,1,5
23117030,edf_adamowski,fisk,0.1243205696825019,0.530385761606,Δo > Δ,1,6,1,6
23117030,edf_blom,weibull_min,0.1244588241738915,0.530385761606,Δo > Δ,1,6,1,7
23117030,edf_cunnane,weibull_min,0.1251039854642142,0.530385761606,Δo > Δ,1,6,1,8
23117030,edf_gringorten,weibull_min,0.1261581705791203,0.530385761606,Δo > Δ,1,6,1,9
23117030,edf_hazen,loggompertz,0.1276755318103809,0.530385761606,Δo > Δ,1,6,1,10
23117030,edf_weibull,loginvgauss,0.1367542511435799,0.530385761606,Δo > Δ,1,6,1,11
23117030,edf_california,logmaxwell,0.1545089202947113,0.530385761606,Δo > Δ,1,6,1,12
23125140,edf_adamowski,logcrystalball,0.0868427674304985,0.5865427407550001,Δo > Δ,1,5,1,1
23125140,edf_cunnane,logcrystalball,0.0868427674304985,0.5865427407550001,Δo > Δ,1,5,1,2
23125140,edf_jenkinson,logcrystalball,0.0868427674304985,0.5865427407550001,Δo > Δ,1,5,1,3
23125140,edf_filliben,logcrystalball,0.0868427674304985,0.5865427407550001,Δo > Δ,1,5,1,4
23125140,edf_gringorten,logcrystalball,0.0868427674304985,0.5865427407550001,Δo > Δ,1,5,1,5
23125140,edf_tukey,logcrystalball,0.0868427674304985,0.5865427407550001,Δo > Δ,1,5,1,6
23125140,edf_blom,logcrystalball,0.0868427674304985,0.5865427407550001,Δo > Δ,1,5,1,7
23125140,edf_chegodayev,logcrystalball,0.0868427674304985,0.5865427407550001,Δo > Δ,1,5,1,8
23125140,edf_beard,logcrystalball,0.0868427674304985,0.5865427407550001,Δo > Δ,1,5,1,9
23125140,edf_hazen,logcrystalball,0.0868427674304985,0.5865427407550001,Δo > Δ,1,5,1,10
23125140,edf_weibull,logcrystalball,0.1027133836266752,0.5865427407550001,Δo > Δ,1,5,1,11
23125140,edf_california,logkstwobign,0.142573900351906,0.5865427407550001,Δo > Δ,1,5,1,12
23125160,edf_chegodayev,rayleigh,0.0514799202388979,0.343224222286,Δo > Δ,1,14,1,1
23125160,edf_jenkinson,rayleigh,0.0520111364342309,0.343224222286,Δo > Δ,1,14,1,2
23125160,edf_beard,rayleigh,0.0520111364342309,0.343224222286,Δo > Δ,1,14,1,3
23125160,edf_blom,logncf,0.0524040517771603,0.343224222286,Δo > Δ,1,14,1,4
23125160,edf_filliben,rayleigh,0.0524105193029811,0.343224222286,Δo > Δ,1,14,1,5
23125160,edf_cunnane,logexponnorm,0.0525412596167157,0.343224222286,Δo > Δ,1,14,1,6
23125160,edf_adamowski,rayleigh,0.0527302362517945,0.343224222286,Δo > Δ,1,14,1,7
23125160,edf_gringorten,logf,0.0532516804529031,0.343224222286,Δo > Δ,1,14,1,8
23125160,edf_tukey,rayleigh,0.0532564060270116,0.343224222286,Δo > Δ,1,14,1,9
23125160,edf_hazen,genlogistic,0.0564861528178223,0.343224222286,Δo > Δ,1,14,1,10
23125160,edf_weibull,invweibull,0.0568805985404599,0.343224222286,Δo > Δ,1,14,1,11
23125160,edf_california,loginvgauss,0.0639320957763953,0.343224222286,Δo > Δ,1,14,1,12
23125170,edf_adamowski,halfnorm,0.0860820024831185,0.3761373588009999,Δo > Δ,1,11,1,1
23125170,edf_cunnane,logmaxwell,0.0889711625192371,0.3761373588009999,Δo > Δ,1,11,1,2
23125170,edf_chegodayev,halfnorm,0.0890930679050012,0.3761373588009999,Δo > Δ,1,11,1,3
23125170,edf_blom,logmaxwell,0.0893679879160625,0.3761373588009999,Δo > Δ,1,11,1,4
23125170,edf_jenkinson,halfnorm,0.08970972378019,0.3761373588009999,Δo > Δ,1,11,1,5
23125170,edf_beard,halfnorm,0.08970972378019,0.3761373588009999,Δo > Δ,1,11,1,6
23125170,edf_tukey,logmaxwell,0.0900215826873043,0.3761373588009999,Δo > Δ,1,11,1,7
23125170,edf_filliben,halfnorm,0.0901736399907368,0.3761373588009999,Δo > Δ,1,11,1,8
23125170,edf_weibull,loginvweibull,0.0905985666931369,0.3761373588009999,Δo > Δ,1,11,1,9
23125170,edf_gringorten,logmaxwell,0.0907878801029361,0.3761373588009999,Δo > Δ,1,11,1,10
23125170,edf_california,loghalfnorm,0.091403922719899,0.3761373588009999,Δo > Δ,1,11,1,11
23125170,edf_hazen,exponnorm,0.0943336887390925,0.3761373588009999,Δo > Δ,1,11,1,12
23125501,edf_hazen,pearson3,0.0880337154419308,0.484420539261,Δo > Δ,1,7,1,1
23125501,edf_gringorten,pearson3,0.0928491247517222,0.484420539261,Δo > Δ,1,7,1,2
23125501,edf_cunnane,pearson3,0.0959702233784388,0.484420539261,Δo > Δ,1,7,1,3
23125501,edf_blom,gamma,0.0972639488740746,0.484420539261,Δo > Δ,1,7,1,4
23125501,edf_tukey,gamma,0.1003987451123192,0.484420539261,Δo > Δ,1,7,1,5
23125501,edf_filliben,gamma,0.1015713674662043,0.484420539261,Δo > Δ,1,7,1,6
23125501,edf_beard,gamma,0.1021233078124916,0.484420539261,Δo > Δ,1,7,1,7
23125501,edf_jenkinson,gamma,0.1021233078124916,0.484420539261,Δo > Δ,1,7,1,8
23125501,edf_chegodayev,gamma,0.1028557475693216,0.484420539261,Δo > Δ,1,7,1,9
23125501,edf_adamowski,logpearson3,0.1034787329193398,0.484420539261,Δo > Δ,1,7,1,10
23125501,edf_weibull,logpearson3,0.1188957298213342,0.484420539261,Δo > Δ,1,7,1,11
23125501,edf_california,kstwobign,0.1398033116654913,0.484420539261,Δo > Δ,1,7,1,12
23127020,edf_hazen,logjohnsonsu,0.0490774780718894,0.3761373588009999,Δo > Δ,1,11,1,1
23127020,edf_gringorten,logjohnsonsu,0.0500585114270235,0.3761373588009999,Δo > Δ,1,11,1,2
23127020,edf_cunnane,logjohnsonsu,0.050700854695266,0.3761373588009999,Δo > Δ,1,11,1,3
23127020,edf_blom,logjohnsonsu,0.0510976800920914,0.3761373588009999,Δo > Δ,1,11,1,4
23127020,edf_tukey,logjohnsonsu,0.0517512748633333,0.3761373588009999,Δo > Δ,1,11,1,5
23127020,edf_filliben,logjohnsonsu,0.0519971277139323,0.3761373588009999,Δo > Δ,1,11,1,6
23127020,edf_beard,logjohnsonsu,0.0521131067665691,0.3761373588009999,Δo > Δ,1,11,1,7
23127020,edf_jenkinson,logjohnsonsu,0.0521131067665691,0.3761373588009999,Δo > Δ,1,11,1,8
23127020,edf_chegodayev,logjohnsonsu,0.0522672707353663,0.3761373588009999,Δo > Δ,1,11,1,9
23127020,edf_adamowski,logjohnsonsu,0.0530300472418499,0.3761373588009999,Δo > Δ,1,11,1,10
23127020,edf_weibull,logjohnsonsu,0.0657077682201793,0.3761373588009999,Δo > Δ,1,11,1,11
23127020,edf_california,logjohnsonsu,0.0863914647664423,0.3761373588009999,Δo > Δ,1,11,1,12
23157030,edf_filliben,laplace_asymmetric,0.0739772977896071,0.3761373588009999,Δo > Δ,1,11,1,1
23157030,edf_jenkinson,laplace_asymmetric,0.0744206173499522,0.3761373588009999,Δo > Δ,1,11,1,2
23157030,edf_beard,laplace_asymmetric,0.0744206173499522,0.3761373588009999,Δo > Δ,1,11,1,3
23157030,edf_tukey,laplace_asymmetric,0.0744690034908054,0.3761373588009999,Δo > Δ,1,11,1,4
23157030,edf_chegodayev,laplace_asymmetric,0.0750372732251411,0.3761373588009999,Δo > Δ,1,11,1,5
23157030,edf_blom,laplace_asymmetric,0.075776193033289,0.3761373588009999,Δo > Δ,1,11,1,6
23157030,edf_cunnane,laplace_asymmetric,0.0765698438269398,0.3761373588009999,Δo > Δ,1,11,1,7
23157030,edf_hazen,loglaplace_asymmetric,0.0766643334315243,0.3761373588009999,Δo > Δ,1,11,1,8
23157030,edf_gringorten,laplace_asymmetric,0.0778545303634249,0.3761373588009999,Δo > Δ,1,11,1,9
23157030,edf_adamowski,laplace_asymmetric,0.0780883792510755,0.3761373588009999,Δo > Δ,1,11,1,10
23157030,edf_weibull,laplace_asymmetric,0.0925811328742639,0.3761373588009999,Δo > Δ,1,11,1,11
23157030,edf_california,loggenlogistic,0.1205094975094695,0.3761373588009999,Δo > Δ,1,11,1,12
23180070,edf_tukey,loglaplace_asymmetric,0.0847365019210565,0.4472608134160001,Δo > Δ,1,8,1,1
23180070,edf_filliben,loglaplace_asymmetric,0.0854179125606261,0.4472608134160001,Δo > Δ,1,8,1,2
23180070,edf_blom,loglaplace_asymmetric,0.0856466776140358,0.4472608134160001,Δo > Δ,1,8,1,3
23180070,edf_jenkinson,loglaplace_asymmetric,0.0857388885559013,0.4472608134160001,Δo > Δ,1,8,1,4
23180070,edf_beard,loglaplace_asymmetric,0.0857388885559013,0.4472608134160001,Δo > Δ,1,8,1,5
23180070,edf_chegodayev,loglaplace_asymmetric,0.086165073349628,0.4472608134160001,Δo > Δ,1,8,1,6
23180070,edf_adamowski,ncf,0.0866171286892572,0.4472608134160001,Δo > Δ,1,8,1,7
23180070,edf_cunnane,loglaplace_asymmetric,0.0874944233642207,0.4472608134160001,Δo > Δ,1,8,1,8
23180070,edf_weibull,logloggamma,0.0885391199747984,0.4472608134160001,Δo > Δ,1,8,1,9
23180070,edf_gringorten,loglaplace_asymmetric,0.0904981479827476,0.4472608134160001,Δo > Δ,1,8,1,10
23180070,edf_california,t,0.0905042776255798,0.4472608134160001,Δo > Δ,1,8,1,11
23180070,edf_hazen,loglaplace_asymmetric,0.0951163745837329,0.4472608134160001,Δo > Δ,1,8,1,12
23190130,edf_hazen,nakagami,0.0832836384776003,0.530385761606,Δo > Δ,1,6,1,1
23190130,edf_gringorten,nakagami,0.0914535731181232,0.530385761606,Δo > Δ,1,6,1,2
23190130,edf_cunnane,nakagami,0.096724498692654,0.530385761606,Δo > Δ,1,6,1,3
23190130,edf_blom,nakagami,0.0999503051442669,0.530385761606,Δo > Δ,1,6,1,4
23190130,edf_tukey,nakagami,0.1052134630390038,0.530385761606,Δo > Δ,1,6,1,5
23190130,edf_filliben,nakagami,0.1071773279250996,0.530385761606,Δo > Δ,1,6,1,6
23190130,edf_beard,nakagami,0.1081007753637027,0.530385761606,Δo > Δ,1,6,1,7
23190130,edf_jenkinson,nakagami,0.1081007753637027,0.530385761606,Δo > Δ,1,6,1,8
23190130,edf_chegodayev,nakagami,0.1093253051442669,0.530385761606,Δo > Δ,1,6,1,9
23190130,edf_adamowski,nakagami,0.1153349205288823,0.530385761606,Δo > Δ,1,6,1,10
23190130,edf_weibull,halflogistic,0.1176011952346731,0.530385761606,Δo > Δ,1,6,1,11
23190130,edf_california,invgauss,0.1391883922428615,0.530385761606,Δo > Δ,1,6,1,12
23190700,edf_cunnane,logt,0.0544774669177263,0.4472608134160001,Δo > Δ,1,8,1,1
23190700,edf_gringorten,logt,0.0550782118414316,0.4472608134160001,Δo > Δ,1,8,1,2
23190700,edf_blom,logt,0.0556063923267623,0.4472608134160001,Δo > Δ,1,8,1,3
23190700,edf_hazen,logt,0.0595013395665053,0.4472608134160001,Δo > Δ,1,8,1,4
23190700,edf_tukey,logt,0.0598488165691865,0.4472608134160001,Δo > Δ,1,8,1,5
23190700,edf_filliben,logt,0.0614387747281823,0.4472608134160001,Δo > Δ,1,8,1,6
23190700,edf_beard,logt,0.0621877187171579,0.4472608134160001,Δo > Δ,1,8,1,7
23190700,edf_jenkinson,logt,0.0621877187171579,0.4472608134160001,Δo > Δ,1,8,1,8
23190700,edf_chegodayev,logt,0.0631821499025199,0.4472608134160001,Δo > Δ,1,8,1,9
23190700,edf_adamowski,logt,0.0680841106868336,0.4472608134160001,Δo > Δ,1,8,1,10
23190700,edf_weibull,logpearson3,0.0799514428318723,0.4472608134160001,Δo > Δ,1,8,1,11
23190700,edf_california,laplace_asymmetric,0.0872212519226595,0.4472608134160001,Δo > Δ,1,8,1,12
2319500043,edf_hazen,fisk,0.0575387558159175,0.530385761606,Δo > Δ,1,6,1,1
2319500043,edf_gringorten,fisk,0.0585476512210141,0.530385761606,Δo > Δ,1,6,1,2
2319500043,edf_cunnane,fisk,0.0617102065657326,0.530385761606,Δo > Δ,1,6,1,3
2319500043,edf_blom,fisk,0.0636456904367003,0.530385761606,Δo > Δ,1,6,1,4
2319500043,edf_tukey,fisk,0.0668035851735424,0.530385761606,Δo > Δ,1,6,1,5
2319500043,edf_filliben,fisk,0.0679819041051998,0.530385761606,Δo > Δ,1,6,1,6
2319500043,edf_beard,fisk,0.0685605494853386,0.530385761606,Δo > Δ,1,6,1,7
2319500043,edf_jenkinson,fisk,0.0685605494853386,0.530385761606,Δo > Δ,1,6,1,8
2319500043,edf_chegodayev,fisk,0.0697850792659029,0.530385761606,Δo > Δ,1,6,1,9
2319500043,edf_adamowski,fisk,0.0757946946505183,0.530385761606,Δo > Δ,1,6,1,10
2319500043,edf_weibull,johnsonsu,0.0932427268707994,0.530385761606,Δo > Δ,1,6,1,11
2319500043,edf_california,laplace_asymmetric,0.1117955954341684,0.530385761606,Δo > Δ,1,6,1,12
2319500125,edf_hazen,logf,0.0452250434442822,0.530385761606,Δo > Δ,1,6,1,1
2319500125,edf_gringorten,logf,0.050127004228596,0.530385761606,Δo > Δ,1,6,1,2
2319500125,edf_blom,invgamma,0.0510739099109495,0.530385761606,Δo > Δ,1,6,1,3
2319500125,edf_cunnane,invgamma,0.0517190712012721,0.530385761606,Δo > Δ,1,6,1,4
2319500125,edf_tukey,invgamma,0.0548238975416705,0.530385761606,Δo > Δ,1,6,1,5
2319500125,edf_filliben,invgamma,0.0567877624277663,0.530385761606,Δo > Δ,1,6,1,6
2319500125,edf_beard,invgamma,0.0577112098663694,0.530385761606,Δo > Δ,1,6,1,7
2319500125,edf_jenkinson,invgamma,0.0577112098663694,0.530385761606,Δo > Δ,1,6,1,8
2319500125,edf_chegodayev,invgamma,0.0589357396469336,0.530385761606,Δo > Δ,1,6,1,9
2319500125,edf_adamowski,loghalfnorm,0.0603512443317144,0.530385761606,Δo > Δ,1,6,1,10
2319500125,edf_weibull,logalpha,0.0833644297962753,0.530385761606,Δo > Δ,1,6,1,11
2319500125,edf_california,logmielke,0.1093203884189579,0.530385761606,Δo > Δ,1,6,1,12
2319500137,edf_weibull,logbetaprime,0.0519918621901704,0.5865427407550001,Δo > Δ,1,5,1,1
2319500137,edf_adamowski,logbetaprime,0.0565422435081599,0.5865427407550001,Δo > Δ,1,5,1,2
2319500137,edf_chegodayev,logbetaprime,0.0632762502421666,0.5865427407550001,Δo > Δ,1,5,1,3
2319500137,edf_jenkinson,logbetaprime,0.0646530917677071,0.5865427407550001,Δo > Δ,1,5,1,4
2319500137,edf_beard,logbetaprime,0.0646530917677071,0.5865427407550001,Δo > Δ,1,5,1,5
2319500137,edf_filliben,logbetaprime,0.0656924595549277,0.5865427407550001,Δo > Δ,1,5,1,6
2319500137,edf_tukey,logbetaprime,0.0679058798717963,0.5865427407550001,Δo > Δ,1,5,1,7
2319500137,edf_hazen,rayleigh,0.0680945803530078,0.5865427407550001,Δo > Δ,1,5,1,8
2319500137,edf_gringorten,logalpha,0.0716175151540747,0.5865427407550001,Δo > Δ,1,5,1,9
2319500137,edf_cunnane,logalpha,0.0729292655956114,0.5865427407550001,Δo > Δ,1,5,1,10
2319500137,edf_blom,logbetaprime,0.0738582608241772,0.5865427407550001,Δo > Δ,1,5,1,11
2319500137,edf_california,logkstwobign,0.1390494545302631,0.5865427407550001,Δo > Δ,1,5,1,12
23195090,edf_hazen,logjohnsonsu,0.031974473082261,0.5865427407550001,Δo > Δ,1,5,1,1
23195090,edf_gringorten,logjohnsonsu,0.041349473082261,0.5865427407550001,Δo > Δ,1,5,1,2
23195090,edf_cunnane,logjohnsonsu,0.0473590884668763,0.5865427407550001,Δo > Δ,1,5,1,3
23195090,edf_blom,logjohnsonsu,0.05102209212988,0.5865427407550001,Δo > Δ,1,5,1,4
23195090,edf_tukey,logjohnsonsu,0.056974473082261,0.5865427407550001,Δo > Δ,1,5,1,5
23195090,edf_filliben,logjohnsonsu,0.0591878933991295,0.5865427407550001,Δo > Δ,1,5,1,6
23195090,edf_beard,logjohnsonsu,0.0602272611863502,0.5865427407550001,Δo > Δ,1,5,1,7
23195090,edf_jenkinson,logjohnsonsu,0.0602272611863502,0.5865427407550001,Δo > Δ,1,5,1,8
23195090,edf_california,logt,0.0613970277668469,0.5865427407550001,Δo > Δ,1,5,1,9
23195090,edf_chegodayev,logjohnsonsu,0.0616041027118906,0.5865427407550001,Δo > Δ,1,5,1,10
23195090,edf_adamowski,logjohnsonsu,0.0683381094458973,0.5865427407550001,Δo > Δ,1,5,1,11
23195090,edf_weibull,logjohnsonsu,0.0986411397489276,0.5865427407550001,Δo > Δ,1,5,1,12
23195110,edf_hazen,logjohnsonsu,0.077930238883137,0.5865427407550001,Δo > Δ,1,5,1,1
23195110,edf_gringorten,logjohnsonsu,0.082617738883137,0.5865427407550001,Δo > Δ,1,5,1,2
23195110,edf_cunnane,logjohnsonsu,0.0856225465754447,0.5865427407550001,Δo > Δ,1,5,1,3
23195110,edf_blom,logjohnsonsu,0.0874540484069466,0.5865427407550001,Δo > Δ,1,5,1,4
23195110,edf_tukey,logjohnsonsu,0.090430238883137,0.5865427407550001,Δo > Δ,1,5,1,5
23195110,edf_filliben,logjohnsonsu,0.0915369490415713,0.5865427407550001,Δo > Δ,1,5,1,6
23195110,edf_beard,logjohnsonsu,0.0920566329351816,0.5865427407550001,Δo > Δ,1,5,1,7
23195110,edf_jenkinson,logjohnsonsu,0.0920566329351816,0.5865427407550001,Δo > Δ,1,5,1,8
23195110,edf_chegodayev,logjohnsonsu,0.0927450536979518,0.5865427407550001,Δo > Δ,1,5,1,9
23195110,edf_adamowski,logjohnsonsu,0.0961120570649552,0.5865427407550001,Δo > Δ,1,5,1,10
23195110,edf_weibull,logjohnsonsu,0.1112635722164703,0.5865427407550001,Δo > Δ,1,5,1,11
23195110,edf_california,logalpha,0.1351431971057897,0.5865427407550001,Δo > Δ,1,5,1,12
23195190,edf_hazen,loginvweibull,0.0884448466315541,0.5865427407550001,Δo > Δ,1,5,1,1
23195190,edf_gringorten,loginvweibull,0.0931323466315541,0.5865427407550001,Δo > Δ,1,5,1,2
23195190,edf_cunnane,nct,0.0953774087078939,0.5865427407550001,Δo > Δ,1,5,1,3
23195190,edf_blom,t,0.0971526837837857,0.5865427407550001,Δo > Δ,1,5,1,4
23195190,edf_tukey,t,0.1001288742599761,0.5865427407550001,Δo > Δ,1,5,1,5
23195190,edf_filliben,t,0.1012355844184105,0.5865427407550001,Δo > Δ,1,5,1,6
23195190,edf_beard,t,0.1017552683120207,0.5865427407550001,Δo > Δ,1,5,1,7
23195190,edf_jenkinson,t,0.1017552683120207,0.5865427407550001,Δo > Δ,1,5,1,8
23195190,edf_chegodayev,t,0.102443689074791,0.5865427407550001,Δo > Δ,1,5,1,9
23195190,edf_adamowski,logjohnsonsu,0.1057642931571755,0.5865427407550001,Δo > Δ,1,5,1,10
23195190,edf_weibull,logjohnsonsu,0.1111999957492554,0.5865427407550001,Δo > Δ,1,5,1,11
23195190,edf_california,loglaplace_asymmetric,0.1306775254392418,0.5865427407550001,Δo > Δ,1,5,1,12
23195200,edf_hazen,loglaplace_asymmetric,0.0330239728092929,0.530385761606,Δo > Δ,1,6,1,1
23195200,edf_gringorten,loglaplace_asymmetric,0.0411939074498158,0.530385761606,Δo > Δ,1,6,1,2
23195200,edf_cunnane,loglaplace_asymmetric,0.0464648330243467,0.530385761606,Δo > Δ,1,6,1,3
23195200,edf_blom,loglaplace_asymmetric,0.0496906394759595,0.530385761606,Δo > Δ,1,6,1,4
23195200,edf_tukey,loglaplace_asymmetric,0.0549537973706963,0.530385761606,Δo > Δ,1,6,1,5
23195200,edf_filliben,loglaplace_asymmetric,0.0569176622567922,0.530385761606,Δo > Δ,1,6,1,6
23195200,edf_beard,loglaplace_asymmetric,0.0578411096953952,0.530385761606,Δo > Δ,1,6,1,7
23195200,edf_jenkinson,loglaplace_asymmetric,0.0578411096953952,0.530385761606,Δo > Δ,1,6,1,8
23195200,edf_chegodayev,loglaplace_asymmetric,0.0590656394759595,0.530385761606,Δo > Δ,1,6,1,9
23195200,edf_adamowski,loglaplace_asymmetric,0.0650752548605749,0.530385761606,Δo > Δ,1,6,1,10
23195200,edf_weibull,loglaplace_asymmetric,0.0925477823331024,0.530385761606,Δo > Δ,1,6,1,11
23195200,edf_california,loglaplace_asymmetric,0.1140176446777346,0.530385761606,Δo > Δ,1,6,1,12
23195230,edf_gringorten,laplace_asymmetric,0.143187238483968,0.417612680231,Δo > Δ,1,9,1,1
23195230,edf_hazen,laplace_asymmetric,0.143187238483968,0.417612680231,Δo > Δ,1,9,1,2
23195230,edf_cunnane,laplace_asymmetric,0.1440686474499579,0.417612680231,Δo > Δ,1,9,1,3
23195230,edf_blom,laplace_asymmetric,0.1446561915157628,0.417612680231,Δo > Δ,1,9,1,4
23195230,edf_tukey,laplace_asymmetric,0.1456214424810138,0.417612680231,Δo > Δ,1,9,1,5
23195230,edf_filliben,laplace_asymmetric,0.1459837336868715,0.417612680231,Δo > Δ,1,9,1,6
23195230,edf_beard,laplace_asymmetric,0.1461544915215255,0.417612680231,Δo > Δ,1,9,1,7
23195230,edf_jenkinson,laplace_asymmetric,0.1461544915215255,0.417612680231,Δo > Δ,1,9,1,8
23195230,edf_chegodayev,laplace_asymmetric,0.1463813209004667,0.417612680231,Δo > Δ,1,9,1,9
23195230,edf_adamowski,johnsonsu,0.1466895716966344,0.417612680231,Δo > Δ,1,9,1,10
23195230,edf_weibull,johnsonsu,0.1520567572457399,0.417612680231,Δo > Δ,1,9,1,11
23195230,edf_california,logpearson3,0.1694116610327524,0.417612680231,Δo > Δ,1,9,1,12
23195240,edf_gringorten,invgamma,0.0494072602734501,0.5865427407550001,Δo > Δ,1,5,1,1
23195240,edf_cunnane,nct,0.0521549253348312,0.5865427407550001,Δo > Δ,1,5,1,2
23195240,edf_hazen,nct,0.0521549253348312,0.5865427407550001,Δo > Δ,1,5,1,3
23195240,edf_blom,nct,0.0537835990994308,0.5865427407550001,Δo > Δ,1,5,1,4
23195240,edf_filliben,logncf,0.0585730841690111,0.5865427407550001,Δo > Δ,1,5,1,5
23195240,edf_jenkinson,logncf,0.0585730841690111,0.5865427407550001,Δo > Δ,1,5,1,6
23195240,edf_tukey,logncf,0.0585730841690111,0.5865427407550001,Δo > Δ,1,5,1,7
23195240,edf_adamowski,logncf,0.0585730841690111,0.5865427407550001,Δo > Δ,1,5,1,8
23195240,edf_chegodayev,logncf,0.0585730841690111,0.5865427407550001,Δo > Δ,1,5,1,9
23195240,edf_beard,logncf,0.0585730841690111,0.5865427407550001,Δo > Δ,1,5,1,10
23195240,edf_weibull,logncf,0.0725613958985481,0.5865427407550001,Δo > Δ,1,5,1,11
23195240,edf_california,exponnorm,0.1361082502332923,0.5865427407550001,Δo > Δ,1,5,1,12
23195502,edf_weibull,logjohnsonsu,0.0805748615461358,0.417612680231,Δo > Δ,1,9,1,1
23195502,edf_adamowski,loglaplace_asymmetric,0.0823221512460535,0.417612680231,Δo > Δ,1,9,1,2
23195502,edf_chegodayev,loglaplace_asymmetric,0.0845617929033883,0.417612680231,Δo > Δ,1,9,1,3
23195502,edf_jenkinson,loglaplace_asymmetric,0.0850154516612706,0.417612680231,Δo > Δ,1,9,1,4
23195502,edf_beard,loglaplace_asymmetric,0.0850154516612706,0.417612680231,Δo > Δ,1,9,1,5
23195502,edf_filliben,loglaplace_asymmetric,0.0853569673305788,0.417612680231,Δo > Δ,1,9,1,6
23195502,edf_tukey,loglaplace_asymmetric,0.0860815497422942,0.417612680231,Δo > Δ,1,9,1,7
23195502,edf_cunnane,loglogistic,0.0873731219171275,0.417612680231,Δo > Δ,1,9,1,8
23195502,edf_blom,loglogistic,0.0873731219171275,0.417612680231,Δo > Δ,1,9,1,9
23195502,edf_gringorten,loglogistic,0.0890194139391721,0.417612680231,Δo > Δ,1,9,1,10
23195502,edf_hazen,loglogistic,0.0919433905473592,0.417612680231,Δo > Δ,1,9,1,11
23195502,edf_california,t,0.0938475203113825,0.417612680231,Δo > Δ,1,9,1,12
23197690,edf_gringorten,logalpha,0.0613538098796905,0.484420539261,Δo > Δ,1,7,1,1
23197690,edf_hazen,logalpha,0.0637615145345862,0.484420539261,Δo > Δ,1,7,1,2
23197690,edf_cunnane,logalpha,0.0642655209315966,0.484420539261,Δo > Δ,1,7,1,3
23197690,edf_blom,logalpha,0.0661812297438571,0.484420539261,Δo > Δ,1,7,1,4
23197690,edf_chegodayev,invgamma,0.0667507734615308,0.484420539261,Δo > Δ,1,7,1,5
23197690,edf_jenkinson,invgamma,0.0671169933399458,0.484420539261,Δo > Δ,1,7,1,6
23197690,edf_beard,invgamma,0.0671169933399458,0.484420539261,Δo > Δ,1,7,1,7
23197690,edf_filliben,invgamma,0.0673929635130895,0.484420539261,Δo > Δ,1,7,1,8
23197690,edf_tukey,invgamma,0.067979274690032,0.484420539261,Δo > Δ,1,7,1,9
23197690,edf_adamowski,invgamma,0.0680720731665415,0.484420539261,Δo > Δ,1,7,1,10
23197690,edf_weibull,invgamma,0.0878581466864305,0.484420539261,Δo > Δ,1,7,1,11
23197690,edf_california,t,0.0899742775408423,0.484420539261,Δo > Δ,1,7,1,12
23197700,edf_blom,f,0.1178632988027221,0.5865427407550001,Δo > Δ,1,5,1,1
23197700,edf_cunnane,f,0.1188522176014958,0.5865427407550001,Δo > Δ,1,5,1,2
23197700,edf_tukey,f,0.123815679755103,0.5865427407550001,Δo > Δ,1,5,1,3
23197700,edf_gringorten,f,0.1248618329861113,0.5865427407550001,Δo > Δ,1,5,1,4
23197700,edf_california,t,0.1250863324355751,0.5865427407550001,Δo > Δ,1,5,1,5
23197700,edf_filliben,f,0.1260291000719716,0.5865427407550001,Δo > Δ,1,5,1,6
23197700,edf_beard,f,0.1270684678591923,0.5865427407550001,Δo > Δ,1,5,1,7
23197700,edf_jenkinson,f,0.1270684678591923,0.5865427407550001,Δo > Δ,1,5,1,8
23197700,edf_chegodayev,f,0.1284453093847327,0.5865427407550001,Δo > Δ,1,5,1,9
23197700,edf_hazen,logexpon,0.1313124260782989,0.5865427407550001,Δo > Δ,1,5,1,10
23197700,edf_weibull,logalpha,0.1337020830919754,0.5865427407550001,Δo > Δ,1,5,1,11
23197700,edf_adamowski,f,0.1351793161187394,0.5865427407550001,Δo > Δ,1,5,1,12
23217080,edf_adamowski,pearson3,0.0847674029370668,0.3942745923300002,Δo > Δ,1,10,1,1
23217080,edf_chegodayev,pearson3,0.0852252783949422,0.3942745923300002,Δo > Δ,1,10,1,2
23217080,edf_jenkinson,pearson3,0.0853179121580962,0.3942745923300002,Δo > Δ,1,10,1,3
23217080,edf_beard,pearson3,0.0853179121580962,0.3942745923300002,Δo > Δ,1,10,1,4
23217080,edf_filliben,pearson3,0.0853876220811644,0.3942745923300002,Δo > Δ,1,10,1,5
23217080,edf_weibull,rayleigh,0.0854473183542764,0.3942745923300002,Δo > Δ,1,10,1,6
23217080,edf_tukey,pearson3,0.0855354520922127,0.3942745923300002,Δo > Δ,1,10,1,7
23217080,edf_blom,pearson3,0.0859288431228972,0.3942745923300002,Δo > Δ,1,10,1,8
23217080,edf_cunnane,pearson3,0.0861679631611564,0.3942745923300002,Δo > Δ,1,10,1,9
23217080,edf_gringorten,pearson3,0.0865554699425251,0.3942745923300002,Δo > Δ,1,10,1,10
23217080,edf_hazen,pearson3,0.0871483553180191,0.3942745923300002,Δo > Δ,1,10,1,11
23217080,edf_california,logbetaprime,0.1066939936998712,0.3942745923300002,Δo > Δ,1,10,1,12
24010390,edf_hazen,logjohnsonsu,0.0957835598765825,0.484420539261,Δo > Δ,1,7,1,1
24010390,edf_weibull,hypsecant,0.0970455320652041,0.484420539261,Δo > Δ,1,7,1,2
24010390,edf_gringorten,logjohnsonsu,0.0981912645314782,0.484420539261,Δo > Δ,1,7,1,3
24010390,edf_cunnane,logjohnsonsu,0.0997518138448365,0.484420539261,Δo > Δ,1,7,1,4
24010390,edf_blom,logjohnsonsu,0.1007096682509667,0.484420539261,Δo > Δ,1,7,1,5
24010390,edf_tukey,logjohnsonsu,0.102277066370089,0.484420539261,Δo > Δ,1,7,1,6
24010390,edf_filliben,logjohnsonsu,0.1028633775470315,0.484420539261,Δo > Δ,1,7,1,7
24010390,edf_jenkinson,logjohnsonsu,0.1031393477201752,0.484420539261,Δo > Δ,1,7,1,8
24010390,edf_beard,logjohnsonsu,0.1031393477201752,0.484420539261,Δo > Δ,1,7,1,9
24010390,edf_chegodayev,logjohnsonsu,0.1035055675985902,0.484420539261,Δo > Δ,1,7,1,10
24010390,edf_adamowski,logjohnsonsu,0.105307369400392,0.484420539261,Δo > Δ,1,7,1,11
24010390,edf_california,loglaplace,0.126736124645333,0.484420539261,Δo > Δ,1,7,1,12
2401500040,edf_gringorten,nakagami,0.0963086470270935,0.530385761606,Δo > Δ,1,6,1,1
2401500040,edf_cunnane,nakagami,0.0967741217975072,0.530385761606,Δo > Δ,1,6,1,2
2401500040,edf_blom,nakagami,0.0999999282491201,0.530385761606,Δo > Δ,1,6,1,3
2401500040,edf_hazen,nakagami,0.1029465257445199,0.530385761606,Δo > Δ,1,6,1,4
2401500040,edf_tukey,nakagami,0.105263086143857,0.530385761606,Δo > Δ,1,6,1,5
2401500040,edf_filliben,nakagami,0.1072269510299528,0.530385761606,Δo > Δ,1,6,1,6
2401500040,edf_beard,nakagami,0.1081503984685559,0.530385761606,Δo > Δ,1,6,1,7
2401500040,edf_jenkinson,nakagami,0.1081503984685559,0.530385761606,Δo > Δ,1,6,1,8
2401500040,edf_chegodayev,nakagami,0.1093749282491201,0.530385761606,Δo > Δ,1,6,1,9
2401500040,edf_adamowski,nakagami,0.1153845436337355,0.530385761606,Δo > Δ,1,6,1,10
2401500040,edf_weibull,f,0.1390702336983088,0.530385761606,Δo > Δ,1,6,1,11
2401500040,edf_california,betaprime,0.1705186910295221,0.530385761606,Δo > Δ,1,6,1,12
2401500052,edf_hazen,johnsonsu,0.1139309679186725,0.530385761606,Δo > Δ,1,6,1,1
2401500052,edf_gringorten,johnsonsu,0.1188329287029862,0.530385761606,Δo > Δ,1,6,1,2
2401500052,edf_weibull,invgamma,0.1196523737703159,0.530385761606,Δo > Δ,1,6,1,3
2401500052,edf_cunnane,johnsonsu,0.1219954840477048,0.530385761606,Δo > Δ,1,6,1,4
2401500052,edf_blom,johnsonsu,0.1239309679186725,0.530385761606,Δo > Δ,1,6,1,5
2401500052,edf_adamowski,invgamma,0.1251468792648214,0.530385761606,Δo > Δ,1,6,1,6
2401500052,edf_chegodayev,invgamma,0.1263488023417445,0.530385761606,Δo > Δ,1,6,1,7
2401500052,edf_jenkinson,invgamma,0.126904980826374,0.530385761606,Δo > Δ,1,6,1,8
2401500052,edf_beard,invgamma,0.126904980826374,0.530385761606,Δo > Δ,1,6,1,9
2401500052,edf_tukey,johnsonsu,0.1270888626555146,0.530385761606,Δo > Δ,1,6,1,10
2401500052,edf_filliben,invgamma,0.1274590492895357,0.530385761606,Δo > Δ,1,6,1,11
2401500052,edf_california,loglaplace_asymmetric,0.1502032783502885,0.530385761606,Δo > Δ,1,6,1,12
2401500080,edf_hazen,logweibull_min,0.1098696716857065,0.530385761606,Δo > Δ,1,6,1,1
2401500080,edf_gringorten,logweibull_min,0.1100198744595306,0.530385761606,Δo > Δ,1,6,1,2
2401500080,edf_cunnane,logweibull_min,0.1131824298042492,0.530385761606,Δo > Δ,1,6,1,3
2401500080,edf_blom,logweibull_min,0.1151179136752169,0.530385761606,Δo > Δ,1,6,1,4
2401500080,edf_tukey,logweibull_min,0.118275808412059,0.530385761606,Δo > Δ,1,6,1,5
2401500080,edf_filliben,logweibull_min,0.1194541273437166,0.530385761606,Δo > Δ,1,6,1,6
2401500080,edf_beard,logweibull_min,0.1200081958068784,0.530385761606,Δo > Δ,1,6,1,7
2401500080,edf_jenkinson,logweibull_min,0.1200081958068784,0.530385761606,Δo > Δ,1,6,1,8
2401500080,edf_chegodayev,logweibull_min,0.1207429136752169,0.530385761606,Δo > Δ,1,6,1,9
2401500080,edf_adamowski,logweibull_min,0.1243486829059861,0.530385761606,Δo > Δ,1,6,1,10
2401500080,edf_weibull,logweibull_min,0.1428571428551856,0.530385761606,Δo > Δ,1,6,1,11
2401500080,edf_california,nakagami,0.1666593401937656,0.530385761606,Δo > Δ,1,6,1,12
2401500086,edf_hazen,logfisk,0.0877909415995557,0.530385761606,Δo > Δ,1,6,1,1
2401500086,edf_gringorten,logfisk,0.0926929023838695,0.530385761606,Δo > Δ,1,6,1,2
2401500086,edf_cunnane,logfisk,0.095855457728588,0.530385761606,Δo > Δ,1,6,1,3
2401500086,edf_blom,logfisk,0.0977909415995557,0.530385761606,Δo > Δ,1,6,1,4
2401500086,edf_tukey,logfisk,0.1009488363363978,0.530385761606,Δo > Δ,1,6,1,5
2401500086,edf_filliben,logfisk,0.1021271552680552,0.530385761606,Δo > Δ,1,6,1,6
2401500086,edf_beard,logfisk,0.102681223731217,0.530385761606,Δo > Δ,1,6,1,7
2401500086,edf_jenkinson,logfisk,0.102681223731217,0.530385761606,Δo > Δ,1,6,1,8
2401500086,edf_chegodayev,logfisk,0.1034159415995557,0.530385761606,Δo > Δ,1,6,1,9
2401500086,edf_adamowski,logfisk,0.1070217108303249,0.530385761606,Δo > Δ,1,6,1,10
2401500086,edf_weibull,logncf,0.1141564178700684,0.530385761606,Δo > Δ,1,6,1,11
2401500086,edf_california,invgamma,0.1187923756125839,0.530385761606,Δo > Δ,1,6,1,12
24015110,edf_jenkinson,logmaxwell,0.0628743555230024,0.3366456264050002,Δo > Δ,1,15,1,1
24015110,edf_beard,logmaxwell,0.0628743555230024,0.3366456264050002,Δo > Δ,1,15,1,2
24015110,edf_filliben,logmaxwell,0.0629578337539956,0.3366456264050002,Δo > Δ,1,15,1,3
24015110,edf_chegodayev,logmaxwell,0.062958796439693,0.3366456264050002,Δo > Δ,1,15,1,4
24015110,edf_adamowski,logmaxwell,0.0633777323424999,0.3366456264050002,Δo > Δ,1,15,1,5
24015110,edf_tukey,logmaxwell,0.0634954757693042,0.3366456264050002,Δo > Δ,1,15,1,6
24015110,edf_blom,logmaxwell,0.064920992519126,0.3366456264050002,Δo > Δ,1,15,1,7
24015110,edf_cunnane,logmaxwell,0.065783805288755,0.3366456264050002,Δo > Δ,1,15,1,8
24015110,edf_weibull,moyal,0.0662715957846387,0.3366456264050002,Δo > Δ,1,15,1,9
24015110,edf_gringorten,logpearson3,0.0669913036874606,0.3366456264050002,Δo > Δ,1,15,1,10
24015110,edf_hazen,loginvgamma,0.0680977568367011,0.3366456264050002,Δo > Δ,1,15,1,11
24015110,edf_california,lograyleigh,0.0882703593782235,0.3366456264050002,Δo > Δ,1,15,1,12
24015300,edf_adamowski,betaprime,0.090926657753297,0.5865427407550001,Δo > Δ,1,5,1,1
24015300,edf_chegodayev,logpearson3,0.0928609700717213,0.5865427407550001,Δo > Δ,1,5,1,2
24015300,edf_jenkinson,logpearson3,0.0930126358762341,0.5865427407550001,Δo > Δ,1,5,1,3
24015300,edf_beard,logpearson3,0.0930126358762341,0.5865427407550001,Δo > Δ,1,5,1,4
24015300,edf_filliben,logpearson3,0.0935323197698443,0.5865427407550001,Δo > Δ,1,5,1,5
24015300,edf_tukey,logpearson3,0.0946390299282786,0.5865427407550001,Δo > Δ,1,5,1,6
24015300,edf_blom,logbetaprime,0.0952832340196698,0.5865427407550001,Δo > Δ,1,5,1,7
24015300,edf_cunnane,loginvgamma,0.0963884398700771,0.5865427407550001,Δo > Δ,1,5,1,8
24015300,edf_gringorten,loginvgamma,0.0993932475623848,0.5865427407550001,Δo > Δ,1,5,1,9
24015300,edf_hazen,gompertz,0.1002984625145744,0.5865427407550001,Δo > Δ,1,5,1,10
24015300,edf_weibull,logmaxwell,0.1028231362011034,0.5865427407550001,Δo > Δ,1,5,1,11
24015300,edf_california,loggumbel_r,0.1600771815330075,0.5865427407550001,Δo > Δ,1,5,1,12
24015340,edf_california,logt,0.1219111481821439,0.5865427407550001,Δo > Δ,1,5,1,1
24015340,edf_weibull,logwald,0.1407568805907906,0.5865427407550001,Δo > Δ,1,5,1,2
24015340,edf_adamowski,logt,0.1528714307789849,0.5865427407550001,Δo > Δ,1,5,1,3
24015340,edf_cunnane,logt,0.1528714307789849,0.5865427407550001,Δo > Δ,1,5,1,4
24015340,edf_gringorten,logt,0.1528714307789849,0.5865427407550001,Δo > Δ,1,5,1,5
24015340,edf_tukey,logt,0.1528714307789849,0.5865427407550001,Δo > Δ,1,5,1,6
24015340,edf_jenkinson,logt,0.1528714307789849,0.5865427407550001,Δo > Δ,1,5,1,7
24015340,edf_filliben,logt,0.1528714307789849,0.5865427407550001,Δo > Δ,1,5,1,8
24015340,edf_chegodayev,logt,0.1528714307789849,0.5865427407550001,Δo > Δ,1,5,1,9
24015340,edf_blom,logt,0.1528714307789849,0.5865427407550001,Δo > Δ,1,5,1,10
24015340,edf_beard,logt,0.1528714307789849,0.5865427407550001,Δo > Δ,1,5,1,11
24015340,edf_hazen,logt,0.1609473663838901,0.5865427407550001,Δo > Δ,1,5,1,12
24015380,edf_blom,logfisk,0.0645641658841253,0.530385761606,Δo > Δ,1,6,1,1
24015380,edf_cunnane,logfisk,0.0652093271744478,0.530385761606,Δo > Δ,1,6,1,2
24015380,edf_gringorten,logfisk,0.066263512289354,0.530385761606,Δo > Δ,1,6,1,3
24015380,edf_tukey,logfisk,0.066444483647566,0.530385761606,Δo > Δ,1,6,1,4
24015380,edf_hazen,logfisk,0.0678974992174586,0.530385761606,Δo > Δ,1,6,1,5
24015380,edf_filliben,logfisk,0.0679816813759818,0.530385761606,Δo > Δ,1,6,1,6
24015380,edf_beard,logfisk,0.0689051288145849,0.530385761606,Δo > Δ,1,6,1,7
24015380,edf_jenkinson,logfisk,0.0689051288145849,0.530385761606,Δo > Δ,1,6,1,8
24015380,edf_chegodayev,logfisk,0.0701296585951491,0.530385761606,Δo > Δ,1,6,1,9
24015380,edf_adamowski,logfisk,0.0761392739797645,0.530385761606,Δo > Δ,1,6,1,10
24015380,edf_weibull,logjohnsonsu,0.0975099679504647,0.530385761606,Δo > Δ,1,6,1,11
24015380,edf_california,alpha,0.1148190140352722,0.530385761606,Δo > Δ,1,6,1,12
24015501,edf_adamowski,logncf,0.0751197483348559,0.484420539261,Δo > Δ,1,7,1,1
24015501,edf_hazen,johnsonsu,0.0773985129633889,0.484420539261,Δo > Δ,1,7,1,2
24015501,edf_gringorten,logjohnsonsu,0.078736715844156,0.484420539261,Δo > Δ,1,7,1,3
24015501,edf_chegodayev,logncf,0.0805251537402612,0.484420539261,Δo > Δ,1,7,1,4
24015501,edf_cunnane,logjohnsonsu,0.081267645161296,0.484420539261,Δo > Δ,1,7,1,5
24015501,edf_jenkinson,logncf,0.0816238133755064,0.484420539261,Δo > Δ,1,7,1,6
24015501,edf_beard,logncf,0.0816238133755064,0.484420539261,Δo > Δ,1,7,1,7
24015501,edf_filliben,logncf,0.0824517238949373,0.484420539261,Δo > Δ,1,7,1,8
24015501,edf_blom,logjohnsonsu,0.0831833539735565,0.484420539261,Δo > Δ,1,7,1,9
24015501,edf_tukey,logncf,0.0842106574257649,0.484420539261,Δo > Δ,1,7,1,10
24015501,edf_weibull,logncf,0.0882651762976454,0.484420539261,Δo > Δ,1,7,1,11
24015501,edf_california,logkstwobign,0.1323292117172527,0.484420539261,Δo > Δ,1,7,1,12
24015503,edf_california,logt,0.0583296164548853,0.484420539261,Δo > Δ,1,7,1,1
24015503,edf_weibull,logexpon,0.125,0.484420539261,Δo > Δ,1,7,1,2
24015503,edf_weibull,logwald,0.125,0.484420539261,Δo > Δ,1,7,1,3
24015503,edf_hazen,logt,0.1296117305949208,0.484420539261,Δo > Δ,1,7,1,4
24015503,edf_adamowski,logwald,0.1305254673916387,0.484420539261,Δo > Δ,1,7,1,5
24015503,edf_chegodayev,logwald,0.1323272691934405,0.484420539261,Δo > Δ,1,7,1,6
24015503,edf_jenkinson,logwald,0.1326934890718556,0.484420539261,Δo > Δ,1,7,1,7
24015503,edf_beard,logwald,0.1326934890718556,0.484420539261,Δo > Δ,1,7,1,8
24015503,edf_filliben,logwald,0.1329694592449992,0.484420539261,Δo > Δ,1,7,1,9
24015503,edf_tukey,logwald,0.1335557704219417,0.484420539261,Δo > Δ,1,7,1,10
24015503,edf_gringorten,logt,0.1344271399047122,0.484420539261,Δo > Δ,1,7,1,11
24015503,edf_blom,logwald,0.1351231685410641,0.484420539261,Δo > Δ,1,7,1,12
24015503,edf_cunnane,logwald,0.1360810229471942,0.484420539261,Δo > Δ,1,7,1,13
24015504,edf_adamowski,logweibull_min,0.140827675435295,0.5865427407550001,Δo > Δ,1,5,1,1
24015504,edf_weibull,logncf,0.1449768025487614,0.5865427407550001,Δo > Δ,1,5,1,2
24015504,edf_chegodayev,logweibull_min,0.1475616821693017,0.5865427407550001,Δo > Δ,1,5,1,3
24015504,edf_jenkinson,logweibull_min,0.1489385236948422,0.5865427407550001,Δo > Δ,1,5,1,4
24015504,edf_beard,logweibull_min,0.1489385236948422,0.5865427407550001,Δo > Δ,1,5,1,5
24015504,edf_california,loginvgauss,0.1498039361941575,0.5865427407550001,Δo > Δ,1,5,1,6
24015504,edf_filliben,logweibull_min,0.1499778914820628,0.5865427407550001,Δo > Δ,1,5,1,7
24015504,edf_tukey,logweibull_min,0.1521913117989314,0.5865427407550001,Δo > Δ,1,5,1,8
24015504,edf_blom,loghalfnorm,0.157492887168923,0.5865427407550001,Δo > Δ,1,5,1,9
24015504,edf_gringorten,loghalfnorm,0.157492887168923,0.5865427407550001,Δo > Δ,1,5,1,10
24015504,edf_cunnane,loghalfnorm,0.157492887168923,0.5865427407550001,Δo > Δ,1,5,1,11
24015504,edf_hazen,loghalfnorm,0.157492887168923,0.5865427407550001,Δo > Δ,1,5,1,12
24015506,edf_gringorten,fisk,0.1191654177009741,0.5865427407550001,Δo > Δ,1,5,1,1
24015506,edf_blom,weibull_min,0.1195114353670881,0.5865427407550001,Δo > Δ,1,5,1,2
24015506,edf_cunnane,fisk,0.1221702253932818,0.5865427407550001,Δo > Δ,1,5,1,3
24015506,edf_hazen,fisk,0.1225581417224039,0.5865427407550001,Δo > Δ,1,5,1,4
24015506,edf_tukey,weibull_min,0.1249999996973043,0.5865427407550001,Δo > Δ,1,5,1,5
24015506,edf_filliben,weibull_min,0.1272134200141729,0.5865427407550001,Δo > Δ,1,5,1,6
24015506,edf_beard,weibull_min,0.1282527878013935,0.5865427407550001,Δo > Δ,1,5,1,7
24015506,edf_jenkinson,weibull_min,0.1282527878013935,0.5865427407550001,Δo > Δ,1,5,1,8
24015506,edf_chegodayev,weibull_min,0.1296296293269339,0.5865427407550001,Δo > Δ,1,5,1,9
24015506,edf_adamowski,weibull_min,0.1363636360609407,0.5865427407550001,Δo > Δ,1,5,1,10
24015506,edf_california,invgauss,0.1499322556764409,0.5865427407550001,Δo > Δ,1,5,1,11
24015506,edf_weibull,nct,0.1503758785430981,0.5865427407550001,Δo > Δ,1,5,1,12
24015509,edf_tukey,halfnorm,0.0769810001546623,0.5865427407550001,Δo > Δ,1,5,1,1
24015509,edf_filliben,halfnorm,0.0780877103130966,0.5865427407550001,Δo > Δ,1,5,1,2
24015509,edf_jenkinson,halfnorm,0.0786073942067069,0.5865427407550001,Δo > Δ,1,5,1,3
24015509,edf_beard,halfnorm,0.0786073942067069,0.5865427407550001,Δo > Δ,1,5,1,4
24015509,edf_chegodayev,halfnorm,0.0792958149694771,0.5865427407550001,Δo > Δ,1,5,1,5
24015509,edf_blom,halfnorm,0.0796381850930716,0.5865427407550001,Δo > Δ,1,5,1,6
24015509,edf_cunnane,halfnorm,0.0814696869245734,0.5865427407550001,Δo > Δ,1,5,1,7
24015509,edf_adamowski,halfnorm,0.0826628183364805,0.5865427407550001,Δo > Δ,1,5,1,8
24015509,edf_hazen,loghalfnorm,0.0838226047052822,0.5865427407550001,Δo > Δ,1,5,1,9
24015509,edf_gringorten,halfnorm,0.0844744946168811,0.5865427407550001,Δo > Δ,1,5,1,10
24015509,edf_weibull,logbetaprime,0.0855612164370129,0.5865427407550001,Δo > Δ,1,5,1,11
24015509,edf_california,loginvgauss,0.1429084571357149,0.5865427407550001,Δo > Δ,1,5,1,12
24015510,edf_hazen,logweibull_min,0.0560554708653446,0.5865427407550001,Δo > Δ,1,5,1,1
24015510,edf_gringorten,logweibull_min,0.0607429708653446,0.5865427407550001,Δo > Δ,1,5,1,2
24015510,edf_cunnane,logweibull_min,0.0637477785576523,0.5865427407550001,Δo > Δ,1,5,1,3
24015510,edf_blom,logweibull_min,0.0655792803891541,0.5865427407550001,Δo > Δ,1,5,1,4
24015510,edf_tukey,logweibull_min,0.0685554708653446,0.5865427407550001,Δo > Δ,1,5,1,5
24015510,edf_filliben,pearson3,0.0685832257067844,0.5865427407550001,Δo > Δ,1,5,1,6
24015510,edf_adamowski,pearson3,0.0685832257067844,0.5865427407550001,Δo > Δ,1,5,1,7
24015510,edf_jenkinson,pearson3,0.0685832257067844,0.5865427407550001,Δo > Δ,1,5,1,8
24015510,edf_chegodayev,pearson3,0.0685832257067844,0.5865427407550001,Δo > Δ,1,5,1,9
24015510,edf_beard,pearson3,0.0685832257067844,0.5865427407550001,Δo > Δ,1,5,1,10
24015510,edf_weibull,logncf,0.0741798606518082,0.5865427407550001,Δo > Δ,1,5,1,11
24015510,edf_california,nct,0.1284139747000146,0.5865427407550001,Δo > Δ,1,5,1,12
24017330,edf_hazen,logmielke,0.0343382916872164,0.4472608134160001,Δo > Δ,1,8,1,1
24017330,edf_gringorten,exponnorm,0.0359989255587152,0.4472608134160001,Δo > Δ,1,8,1,2
24017330,edf_blom,pearson3,0.0375118918877355,0.4472608134160001,Δo > Δ,1,8,1,3
24017330,edf_cunnane,exponnorm,0.037751483377002,0.4472608134160001,Δo > Δ,1,8,1,4
24017330,edf_tukey,logjohnsonsu,0.0404019648294233,0.4472608134160001,Δo > Δ,1,8,1,5
24017330,edf_filliben,f,0.0406589184830408,0.4472608134160001,Δo > Δ,1,8,1,6
24017330,edf_beard,invgamma,0.0409051486782809,0.4472608134160001,Δo > Δ,1,8,1,7
24017330,edf_jenkinson,invgamma,0.0409051486782809,0.4472608134160001,Δo > Δ,1,8,1,8
24017330,edf_chegodayev,invgamma,0.0416896528057357,0.4472608134160001,Δo > Δ,1,8,1,9
24017330,edf_adamowski,logmielke,0.0450299370167993,0.4472608134160001,Δo > Δ,1,8,1,10
24017330,edf_weibull,logmielke,0.0637055456510697,0.4472608134160001,Δo > Δ,1,8,1,11
24017330,edf_california,genlogistic,0.0835308563815383,0.4472608134160001,Δo > Δ,1,8,1,12
24017590,edf_hazen,logbetaprime,0.0746959077620617,0.530385761606,Δo > Δ,1,6,1,1
24017590,edf_gringorten,logbetaprime,0.0763298946901663,0.530385761606,Δo > Δ,1,6,1,2
24017590,edf_cunnane,logbetaprime,0.0773840798050725,0.530385761606,Δo > Δ,1,6,1,3
24017590,edf_blom,logbetaprime,0.078029241095395,0.530385761606,Δo > Δ,1,6,1,4
24017590,edf_tukey,logbetaprime,0.0790818726743424,0.530385761606,Δo > Δ,1,6,1,5
24017590,edf_filliben,logbetaprime,0.0794746456515615,0.530385761606,Δo > Δ,1,6,1,6
24017590,edf_beard,logbetaprime,0.0796593351392822,0.530385761606,Δo > Δ,1,6,1,7
24017590,edf_jenkinson,logbetaprime,0.0796593351392822,0.530385761606,Δo > Δ,1,6,1,8
24017590,edf_chegodayev,logbetaprime,0.079904241095395,0.530385761606,Δo > Δ,1,6,1,9
24017590,edf_adamowski,logbetaprime,0.0825677608015609,0.530385761606,Δo > Δ,1,6,1,10
24017590,edf_weibull,logbetaprime,0.0990512772850773,0.530385761606,Δo > Δ,1,6,1,11
24017590,edf_california,logkstwobign,0.1219952272218599,0.530385761606,Δo > Δ,1,6,1,12
24017600,edf_adamowski,johnsonsu,0.0762925121096084,0.530385761606,Δo > Δ,1,6,1,1
24017600,edf_tukey,lograyleigh,0.0768690668942511,0.530385761606,Δo > Δ,1,6,1,2
24017600,edf_chegodayev,johnsonsu,0.0774944351865315,0.530385761606,Δo > Δ,1,6,1,3
24017600,edf_filliben,lograyleigh,0.0774963604286062,0.530385761606,Δo > Δ,1,6,1,4
24017600,edf_jenkinson,johnsonsu,0.0777393411426444,0.530385761606,Δo > Δ,1,6,1,5
24017600,edf_beard,johnsonsu,0.0777393411426444,0.530385761606,Δo > Δ,1,6,1,6
24017600,edf_blom,lograyleigh,0.0779216984731984,0.530385761606,Δo > Δ,1,6,1,7
24017600,edf_cunnane,lograyleigh,0.078566859763521,0.530385761606,Δo > Δ,1,6,1,8
24017600,edf_gringorten,lograyleigh,0.0796210448784272,0.530385761606,Δo > Δ,1,6,1,9
24017600,edf_hazen,lograyleigh,0.0812550318065318,0.530385761606,Δo > Δ,1,6,1,10
24017600,edf_weibull,nct,0.0898564963858959,0.530385761606,Δo > Δ,1,6,1,11
24017600,edf_california,loginvweibull,0.1337206115573977,0.530385761606,Δo > Δ,1,6,1,12
24017640,edf_gringorten,logfisk,0.0651805593999353,0.530385761606,Δo > Δ,1,6,1,1
24017640,edf_cunnane,logfisk,0.0662347445148415,0.530385761606,Δo > Δ,1,6,1,2
24017640,edf_blom,logfisk,0.0681328745028421,0.530385761606,Δo > Δ,1,6,1,3
24017640,edf_hazen,logfisk,0.0706659620340292,0.530385761606,Δo > Δ,1,6,1,4
24017640,edf_tukey,logfisk,0.0721312247167025,0.530385761606,Δo > Δ,1,6,1,5
24017640,edf_filliben,logfisk,0.0740950896027983,0.530385761606,Δo > Δ,1,6,1,6
24017640,edf_beard,logfisk,0.0750185370414014,0.530385761606,Δo > Δ,1,6,1,7
24017640,edf_jenkinson,logfisk,0.0750185370414014,0.530385761606,Δo > Δ,1,6,1,8
24017640,edf_chegodayev,logfisk,0.0762430668219656,0.530385761606,Δo > Δ,1,6,1,9
24017640,edf_adamowski,logfisk,0.082252682206581,0.530385761606,Δo > Δ,1,6,1,10
24017640,edf_weibull,logf,0.1096162486964482,0.530385761606,Δo > Δ,1,6,1,11
24017640,edf_california,ncf,0.1159559871651081,0.530385761606,Δo > Δ,1,6,1,12
24017703,edf_hazen,f,0.0311951903587411,0.530385761606,Δo > Δ,1,6,1,1
24017703,edf_gringorten,johnsonsu,0.0340848942936519,0.530385761606,Δo > Δ,1,6,1,2
24017703,edf_cunnane,gamma,0.038091825152231,0.530385761606,Δo > Δ,1,6,1,3
24017703,edf_blom,gamma,0.0413176316038438,0.530385761606,Δo > Δ,1,6,1,4
24017703,edf_tukey,gamma,0.0465807894985806,0.530385761606,Δo > Δ,1,6,1,5
24017703,edf_filliben,fisk,0.048303307635907,0.530385761606,Δo > Δ,1,6,1,6
24017703,edf_beard,fisk,0.0488573760990688,0.530385761606,Δo > Δ,1,6,1,7
24017703,edf_jenkinson,fisk,0.0488573760990688,0.530385761606,Δo > Δ,1,6,1,8
24017703,edf_chegodayev,fisk,0.0495920939674074,0.530385761606,Δo > Δ,1,6,1,9
24017703,edf_adamowski,mielke,0.0521737660760662,0.530385761606,Δo > Δ,1,6,1,10
24017703,edf_weibull,loggenlogistic,0.0785129357596778,0.530385761606,Δo > Δ,1,6,1,11
24017703,edf_california,loglaplace_asymmetric,0.1096066244060776,0.530385761606,Δo > Δ,1,6,1,12
24017704,edf_cunnane,logjohnsonsu,0.0664507408800422,0.530385761606,Δo > Δ,1,6,1,1
24017704,edf_hazen,logmielke,0.0670218185241028,0.530385761606,Δo > Δ,1,6,1,2
24017704,edf_gringorten,logjohnsonsu,0.0675049259949484,0.530385761606,Δo > Δ,1,6,1,3
24017704,edf_blom,logjohnsonsu,0.0677312025933382,0.530385761606,Δo > Δ,1,6,1,4
24017704,edf_tukey,logjohnsonsu,0.072994360488075,0.530385761606,Δo > Δ,1,6,1,5
24017704,edf_filliben,logjohnsonsu,0.0749582253741709,0.530385761606,Δo > Δ,1,6,1,6
24017704,edf_beard,logjohnsonsu,0.0758816728127739,0.530385761606,Δo > Δ,1,6,1,7
24017704,edf_jenkinson,logjohnsonsu,0.0758816728127739,0.530385761606,Δo > Δ,1,6,1,8
24017704,edf_chegodayev,logjohnsonsu,0.0771062025933382,0.530385761606,Δo > Δ,1,6,1,9
24017704,edf_adamowski,logjohnsonsu,0.0831158179779536,0.530385761606,Δo > Δ,1,6,1,10
24017704,edf_weibull,logpearson3,0.1105460256416737,0.530385761606,Δo > Δ,1,6,1,11
24017704,edf_california,kstwobign,0.1318993047577354,0.530385761606,Δo > Δ,1,6,1,12
24017705,edf_weibull,rayleigh,0.1365064856090849,0.530385761606,Δo > Δ,1,6,1,1
24017705,edf_adamowski,pearson3,0.1501033117427891,0.530385761606,Δo > Δ,1,6,1,2
24017705,edf_chegodayev,pearson3,0.1513052348197122,0.530385761606,Δo > Δ,1,6,1,3
24017705,edf_jenkinson,pearson3,0.1515501407758251,0.530385761606,Δo > Δ,1,6,1,4
24017705,edf_beard,pearson3,0.1515501407758251,0.530385761606,Δo > Δ,1,6,1,5
24017705,edf_filliben,pearson3,0.1517348302635457,0.530385761606,Δo > Δ,1,6,1,6
24017705,edf_tukey,pearson3,0.1521276032407649,0.530385761606,Δo > Δ,1,6,1,7
24017705,edf_blom,pearson3,0.1531802348197122,0.530385761606,Δo > Δ,1,6,1,8
24017705,edf_cunnane,pearson3,0.1538253961100348,0.530385761606,Δo > Δ,1,6,1,9
24017705,edf_gringorten,pearson3,0.1568350610119616,0.530385761606,Δo > Δ,1,6,1,10
24017705,edf_hazen,pearson3,0.1617370217962754,0.530385761606,Δo > Δ,1,6,1,11
24017705,edf_california,f,0.1698381761503778,0.530385761606,Δo > Δ,1,6,1,12
24017706,edf_hazen,mielke,0.0243757080800176,0.530385761606,Δo > Δ,1,6,1,1
24017706,edf_gringorten,mielke,0.0325456427205406,0.530385761606,Δo > Δ,1,6,1,2
24017706,edf_cunnane,laplace_asymmetric,0.0350998026176557,0.530385761606,Δo > Δ,1,6,1,3
24017706,edf_blom,laplace_asymmetric,0.0383256090692685,0.530385761606,Δo > Δ,1,6,1,4
24017706,edf_tukey,laplace_asymmetric,0.0435887669640053,0.530385761606,Δo > Δ,1,6,1,5
24017706,edf_filliben,laplace_asymmetric,0.0455526318501012,0.530385761606,Δo > Δ,1,6,1,6
24017706,edf_beard,laplace_asymmetric,0.0464760792887042,0.530385761606,Δo > Δ,1,6,1,7
24017706,edf_jenkinson,laplace_asymmetric,0.0464760792887042,0.530385761606,Δo > Δ,1,6,1,8
24017706,edf_chegodayev,laplace_asymmetric,0.0477006090692685,0.530385761606,Δo > Δ,1,6,1,9
24017706,edf_adamowski,laplace_asymmetric,0.0537102244538839,0.530385761606,Δo > Δ,1,6,1,10
24017706,edf_weibull,laplace_asymmetric,0.0811827519264114,0.530385761606,Δo > Δ,1,6,1,11
24017706,edf_california,mielke,0.1068641762858019,0.530385761606,Δo > Δ,1,6,1,12
24017740,edf_blom,logt,0.0612395391138201,0.530385761606,Δo > Δ,1,6,1,1
24017740,edf_cunnane,logt,0.0618847004041426,0.530385761606,Δo > Δ,1,6,1,2
24017740,edf_gringorten,logt,0.0629388855190488,0.530385761606,Δo > Δ,1,6,1,3
24017740,edf_tukey,logt,0.0636611325967267,0.530385761606,Δo > Δ,1,6,1,4
24017740,edf_hazen,logt,0.0645728724471534,0.530385761606,Δo > Δ,1,6,1,5
24017740,edf_filliben,logt,0.0648394515283842,0.530385761606,Δo > Δ,1,6,1,6
24017740,edf_beard,logt,0.0653935199915459,0.530385761606,Δo > Δ,1,6,1,7
24017740,edf_jenkinson,logt,0.0653935199915459,0.530385761606,Δo > Δ,1,6,1,8
24017740,edf_chegodayev,logt,0.0661282378598846,0.530385761606,Δo > Δ,1,6,1,9
24017740,edf_adamowski,logt,0.0697340070906539,0.530385761606,Δo > Δ,1,6,1,10
24017740,edf_weibull,logt,0.0862175235741703,0.530385761606,Δo > Δ,1,6,1,11
24017740,edf_california,t,0.1142470746593024,0.530385761606,Δo > Δ,1,6,1,12
24025050,edf_cunnane,gumbel_l,0.0934612170330112,0.5865427407550001,Δo > Δ,1,5,1,1
24025050,edf_blom,gumbel_l,0.095292718864513,0.5865427407550001,Δo > Δ,1,5,1,2
24025050,edf_gringorten,gumbel_l,0.0954296886530442,0.5865427407550001,Δo > Δ,1,5,1,3
24025050,edf_jenkinson,fisk,0.0967735069158078,0.5865427407550001,Δo > Δ,1,5,1,4
24025050,edf_beard,fisk,0.0967735069158078,0.5865427407550001,Δo > Δ,1,5,1,5
24025050,edf_adamowski,pearson3,0.0969471631238044,0.5865427407550001,Δo > Δ,1,5,1,6
24025050,edf_filliben,fisk,0.0972931908094182,0.5865427407550001,Δo > Δ,1,5,1,7
24025050,edf_hazen,weibull_min,0.0975008690650341,0.5865427407550001,Δo > Δ,1,5,1,8
24025050,edf_chegodayev,fisk,0.0980460822567998,0.5865427407550001,Δo > Δ,1,5,1,9
24025050,edf_tukey,gumbel_l,0.0982689093407035,0.5865427407550001,Δo > Δ,1,5,1,10
24025050,edf_weibull,pearson3,0.1136399141047481,0.5865427407550001,Δo > Δ,1,5,1,11
24025050,edf_california,pearson3,0.1469732474380815,0.5865427407550001,Δo > Δ,1,5,1,12
24025090,edf_california,loggumbel_r,0.0780763113688796,0.331107277296,Δo > Δ,1,16,1,1
24025090,edf_tukey,loginvgauss,0.08578610916178,0.331107277296,Δo > Δ,1,16,1,2
24025090,edf_filliben,loginvgauss,0.0861299489779425,0.331107277296,Δo > Δ,1,16,1,3
24025090,edf_blom,loginvgauss,0.0862570667755948,0.331107277296,Δo > Δ,1,16,1,4
24025090,edf_beard,loginvgauss,0.0863817594955642,0.331107277296,Δo > Δ,1,16,1,5
24025090,edf_jenkinson,loginvgauss,0.0863817594955642,0.331107277296,Δo > Δ,1,16,1,6
24025090,edf_cunnane,loginvgauss,0.0865419670604951,0.331107277296,Δo > Δ,1,16,1,7
24025090,edf_chegodayev,loginvgauss,0.0867167903183999,0.331107277296,Δo > Δ,1,16,1,8
24025090,edf_gringorten,loginvgauss,0.087001483649044,0.331107277296,Δo > Δ,1,16,1,9
24025090,edf_hazen,loginvgauss,0.0876993744679025,0.331107277296,Δo > Δ,1,16,1,10
24025090,edf_adamowski,logmaxwell,0.0879736177107489,0.331107277296,Δo > Δ,1,16,1,11
24025090,edf_weibull,kstwobign,0.0898524671738369,0.331107277296,Δo > Δ,1,16,1,12
24025501,edf_hazen,mielke,0.0304437444964095,0.5865427407550001,Δo > Δ,1,5,1,1
24025501,edf_gringorten,mielke,0.0398187444964095,0.5865427407550001,Δo > Δ,1,5,1,2
24025501,edf_cunnane,mielke,0.0458283598810249,0.5865427407550001,Δo > Δ,1,5,1,3
24025501,edf_blom,mielke,0.0494913635440285,0.5865427407550001,Δo > Δ,1,5,1,4
24025501,edf_tukey,mielke,0.0554437444964095,0.5865427407550001,Δo > Δ,1,5,1,5
24025501,edf_filliben,mielke,0.0576571648132781,0.5865427407550001,Δo > Δ,1,5,1,6
24025501,edf_beard,mielke,0.0586965326004987,0.5865427407550001,Δo > Δ,1,5,1,7
24025501,edf_jenkinson,mielke,0.0586965326004987,0.5865427407550001,Δo > Δ,1,5,1,8
24025501,edf_chegodayev,mielke,0.0600733741260391,0.5865427407550001,Δo > Δ,1,5,1,9
24025501,edf_adamowski,mielke,0.0668073808600458,0.5865427407550001,Δo > Δ,1,5,1,10
24025501,edf_california,logt,0.0838871690000486,0.5865427407550001,Δo > Δ,1,5,1,11
24025501,edf_weibull,mielke,0.0971104111630761,0.5865427407550001,Δo > Δ,1,5,1,12
24025504,edf_hazen,logalpha,0.1021513060931895,0.484420539261,Δo > Δ,1,7,1,1
24025504,edf_gringorten,logalpha,0.1045590107480853,0.484420539261,Δo > Δ,1,7,1,2
24025504,edf_california,fatiguelife,0.1052237051956135,0.484420539261,Δo > Δ,1,7,1,3
24025504,edf_cunnane,logalpha,0.1061195600614436,0.484420539261,Δo > Δ,1,7,1,4
24025504,edf_blom,logalpha,0.1070774144675738,0.484420539261,Δo > Δ,1,7,1,5
24025504,edf_tukey,logalpha,0.1086448125866961,0.484420539261,Δo > Δ,1,7,1,6
24025504,edf_filliben,logalpha,0.1092311237636386,0.484420539261,Δo > Δ,1,7,1,7
24025504,edf_jenkinson,logalpha,0.1095070939367822,0.484420539261,Δo > Δ,1,7,1,8
24025504,edf_beard,logalpha,0.1095070939367822,0.484420539261,Δo > Δ,1,7,1,9
24025504,edf_chegodayev,logalpha,0.1098733138151973,0.484420539261,Δo > Δ,1,7,1,10
24025504,edf_adamowski,logalpha,0.1116751156169991,0.484420539261,Δo > Δ,1,7,1,11
24025504,edf_weibull,fatiguelife,0.114650917415248,0.484420539261,Δo > Δ,1,7,1,12
24027070,edf_hazen,logjohnsonsu,0.0405699946818346,0.5865427407550001,Δo > Δ,1,5,1,1
24027070,edf_gringorten,logjohnsonsu,0.0499449946818347,0.5865427407550001,Δo > Δ,1,5,1,2
24027070,edf_cunnane,logjohnsonsu,0.0559546100664501,0.5865427407550001,Δo > Δ,1,5,1,3
24027070,edf_blom,logjohnsonsu,0.0596176137294537,0.5865427407550001,Δo > Δ,1,5,1,4
24027070,edf_tukey,logjohnsonsu,0.0655699946818346,0.5865427407550001,Δo > Δ,1,5,1,5
24027070,edf_filliben,logjohnsonsu,0.0677834149987032,0.5865427407550001,Δo > Δ,1,5,1,6
24027070,edf_beard,logjohnsonsu,0.0688227827859238,0.5865427407550001,Δo > Δ,1,5,1,7
24027070,edf_jenkinson,logjohnsonsu,0.0688227827859238,0.5865427407550001,Δo > Δ,1,5,1,8
24027070,edf_chegodayev,logjohnsonsu,0.0701996243114643,0.5865427407550001,Δo > Δ,1,5,1,9
24027070,edf_adamowski,logjohnsonsu,0.076933631045471,0.5865427407550001,Δo > Δ,1,5,1,10
24027070,edf_weibull,logjohnsonsu,0.1072366613485013,0.5865427407550001,Δo > Δ,1,5,1,11
24027070,edf_california,logjohnsonsu,0.125899194302848,0.5865427407550001,Δo > Δ,1,5,1,12
2403000113,edf_hazen,johnsonsu,0.0369538922659346,0.5865427407550001,Δo > Δ,1,5,1,1
2403000113,edf_gringorten,johnsonsu,0.0463288922659346,0.5865427407550001,Δo > Δ,1,5,1,2
2403000113,edf_cunnane,johnsonsu,0.05233850765055,0.5865427407550001,Δo > Δ,1,5,1,3
2403000113,edf_blom,johnsonsu,0.0560015113135537,0.5865427407550001,Δo > Δ,1,5,1,4
2403000113,edf_tukey,johnsonsu,0.0619538922659346,0.5865427407550001,Δo > Δ,1,5,1,5
2403000113,edf_filliben,johnsonsu,0.0641673125828032,0.5865427407550001,Δo > Δ,1,5,1,6
2403000113,edf_beard,johnsonsu,0.0652066803700238,0.5865427407550001,Δo > Δ,1,5,1,7
2403000113,edf_jenkinson,johnsonsu,0.0652066803700238,0.5865427407550001,Δo > Δ,1,5,1,8
2403000113,edf_chegodayev,johnsonsu,0.0665835218955643,0.5865427407550001,Δo > Δ,1,5,1,9
2403000113,edf_adamowski,johnsonsu,0.073317528629571,0.5865427407550001,Δo > Δ,1,5,1,10
2403000113,edf_weibull,johnsonsu,0.1036205589326013,0.5865427407550001,Δo > Δ,1,5,1,11
2403000113,edf_california,johnsonsu,0.1369538922659346,0.5865427407550001,Δo > Δ,1,5,1,12
2403000114,edf_gringorten,mielke,0.0494245237434239,0.5865427407550001,Δo > Δ,1,5,1,1
2403000114,edf_hazen,logbetaprime,0.0520613239819952,0.5865427407550001,Δo > Δ,1,5,1,2
2403000114,edf_cunnane,mielke,0.0524377788640921,0.5865427407550001,Δo > Δ,1,5,1,3
2403000114,edf_blom,logncf,0.0557849721295206,0.5865427407550001,Δo > Δ,1,5,1,4
2403000114,edf_tukey,logfisk,0.06027381308479,0.5865427407550001,Δo > Δ,1,5,1,5
2403000114,edf_filliben,logfisk,0.0624872334016586,0.5865427407550001,Δo > Δ,1,5,1,6
2403000114,edf_beard,alpha,0.0634226391214148,0.5865427407550001,Δo > Δ,1,5,1,7
2403000114,edf_jenkinson,alpha,0.0634226391214148,0.5865427407550001,Δo > Δ,1,5,1,8
2403000114,edf_chegodayev,alpha,0.063441368673166,0.5865427407550001,Δo > Δ,1,5,1,9
2403000114,edf_adamowski,logmaxwell,0.0682176370825898,0.5865427407550001,Δo > Δ,1,5,1,10
2403000114,edf_weibull,loglaplace_asymmetric,0.092888244386195,0.5865427407550001,Δo > Δ,1,5,1,11
2403000114,edf_california,loggenlogistic,0.141276515764954,0.5865427407550001,Δo > Δ,1,5,1,12
2403000117,edf_hazen,johnsonsu,0.0705462177818103,0.530385761606,Δo > Δ,1,6,1,1
2403000117,edf_california,logt,0.073657383376516,0.530385761606,Δo > Δ,1,6,1,2
2403000117,edf_gringorten,johnsonsu,0.0754481785661241,0.530385761606,Δo > Δ,1,6,1,3
2403000117,edf_cunnane,johnsonsu,0.0786107339108427,0.530385761606,Δo > Δ,1,6,1,4
2403000117,edf_blom,johnsonsu,0.0805462177818103,0.530385761606,Δo > Δ,1,6,1,5
2403000117,edf_tukey,johnsonsu,0.0837041125186525,0.530385761606,Δo > Δ,1,6,1,6
2403000117,edf_filliben,johnsonsu,0.0848824314503099,0.530385761606,Δo > Δ,1,6,1,7
2403000117,edf_jenkinson,johnsonsu,0.0854364999134716,0.530385761606,Δo > Δ,1,6,1,8
2403000117,edf_beard,johnsonsu,0.0854364999134716,0.530385761606,Δo > Δ,1,6,1,9
2403000117,edf_chegodayev,johnsonsu,0.0861712177818103,0.530385761606,Δo > Δ,1,6,1,10
2403000117,edf_adamowski,johnsonsu,0.0897769870125796,0.530385761606,Δo > Δ,1,6,1,11
2403000117,edf_weibull,johnsonsu,0.106260503496096,0.530385761606,Δo > Δ,1,6,1,12
24030680,edf_hazen,logfisk,0.1054310403010861,0.484420539261,Δo > Δ,1,7,1,1
24030680,edf_gringorten,logfisk,0.107838744955982,0.484420539261,Δo > Δ,1,7,1,2
24030680,edf_cunnane,logfisk,0.1093992942693402,0.484420539261,Δo > Δ,1,7,1,3
24030680,edf_blom,logfisk,0.1103571486754704,0.484420539261,Δo > Δ,1,7,1,4
24030680,edf_tukey,logfisk,0.1119245467945927,0.484420539261,Δo > Δ,1,7,1,5
24030680,edf_filliben,logfisk,0.1125108579715352,0.484420539261,Δo > Δ,1,7,1,6
24030680,edf_beard,logfisk,0.1127868281446788,0.484420539261,Δo > Δ,1,7,1,7
24030680,edf_jenkinson,logfisk,0.1127868281446788,0.484420539261,Δo > Δ,1,7,1,8
24030680,edf_chegodayev,logfisk,0.113153048023094,0.484420539261,Δo > Δ,1,7,1,9
24030680,edf_adamowski,logfisk,0.1149548498248957,0.484420539261,Δo > Δ,1,7,1,10
24030680,edf_weibull,logfisk,0.123288183158229,0.484420539261,Δo > Δ,1,7,1,11
24030680,edf_california,kstwobign,0.1388271884147574,0.484420539261,Δo > Δ,1,7,1,12
24030950,edf_gringorten,fisk,0.0894784704548021,0.5865427407550001,Δo > Δ,1,5,1,1
24030950,edf_hazen,fisk,0.0894784704548021,0.5865427407550001,Δo > Δ,1,5,1,2
24030950,edf_cunnane,fisk,0.0901502218277759,0.5865427407550001,Δo > Δ,1,5,1,3
24030950,edf_blom,fisk,0.0919817236592777,0.5865427407550001,Δo > Δ,1,5,1,4
24030950,edf_tukey,fisk,0.0949579141354682,0.5865427407550001,Δo > Δ,1,5,1,5
24030950,edf_filliben,fisk,0.0960646242939025,0.5865427407550001,Δo > Δ,1,5,1,6
24030950,edf_beard,fisk,0.0965843081875128,0.5865427407550001,Δo > Δ,1,5,1,7
24030950,edf_jenkinson,fisk,0.0965843081875128,0.5865427407550001,Δo > Δ,1,5,1,8
24030950,edf_chegodayev,fisk,0.097272728950283,0.5865427407550001,Δo > Δ,1,5,1,9
24030950,edf_adamowski,fisk,0.1006397323172864,0.5865427407550001,Δo > Δ,1,5,1,10
24030950,edf_weibull,fisk,0.1157912474688015,0.5865427407550001,Δo > Δ,1,5,1,11
24030950,edf_california,invgamma,0.1429547958767645,0.5865427407550001,Δo > Δ,1,5,1,12
2403500041,edf_hazen,logalpha,0.0343074517167045,0.530385761606,Δo > Δ,1,6,1,1
2403500041,edf_gringorten,logalpha,0.0403428693299325,0.530385761606,Δo > Δ,1,6,1,2
2403500041,edf_cunnane,logalpha,0.0456137949044634,0.530385761606,Δo > Δ,1,6,1,3
2403500041,edf_blom,logalpha,0.0488396013560763,0.530385761606,Δo > Δ,1,6,1,4
2403500041,edf_tukey,logalpha,0.0541027592508131,0.530385761606,Δo > Δ,1,6,1,5
2403500041,edf_filliben,logalpha,0.0560666241369089,0.530385761606,Δo > Δ,1,6,1,6
2403500041,edf_california,logt,0.0564020845908259,0.530385761606,Δo > Δ,1,6,1,7
2403500041,edf_jenkinson,logalpha,0.056990071575512,0.530385761606,Δo > Δ,1,6,1,8
2403500041,edf_beard,logalpha,0.056990071575512,0.530385761606,Δo > Δ,1,6,1,9
2403500041,edf_chegodayev,logalpha,0.0582146013560762,0.530385761606,Δo > Δ,1,6,1,10
2403500041,edf_adamowski,logalpha,0.0642242167406917,0.530385761606,Δo > Δ,1,6,1,11
2403500041,edf_weibull,logalpha,0.0916967442132191,0.530385761606,Δo > Δ,1,6,1,12
2403500082,edf_weibull,f,0.0698711321910945,0.5865427407550001,Δo > Δ,1,5,1,1
2403500082,edf_adamowski,f,0.0770737708119601,0.5865427407550001,Δo > Δ,1,5,1,2
2403500082,edf_chegodayev,f,0.0804407741789635,0.5865427407550001,Δo > Δ,1,5,1,3
2403500082,edf_hazen,logfisk,0.0810082495979412,0.5865427407550001,Δo > Δ,1,5,1,4
2403500082,edf_jenkinson,f,0.0811291949417336,0.5865427407550001,Δo > Δ,1,5,1,5
2403500082,edf_beard,f,0.0811291949417336,0.5865427407550001,Δo > Δ,1,5,1,6
2403500082,edf_filliben,f,0.081648878835344,0.5865427407550001,Δo > Δ,1,5,1,7
2403500082,edf_tukey,f,0.0827555889937782,0.5865427407550001,Δo > Δ,1,5,1,8
2403500082,edf_gringorten,logfisk,0.0856957495979412,0.5865427407550001,Δo > Δ,1,5,1,9
2403500082,edf_blom,f,0.0857317794699687,0.5865427407550001,Δo > Δ,1,5,1,10
2403500082,edf_cunnane,f,0.0875632813014705,0.5865427407550001,Δo > Δ,1,5,1,11
2403500082,edf_california,alpha,0.1377910148133779,0.5865427407550001,Δo > Δ,1,5,1,12
2403500083,edf_adamowski,logalpha,0.1125283136868098,0.5865427407550001,Δo > Δ,1,5,1,1
2403500083,edf_chegodayev,logalpha,0.1158953170538132,0.5865427407550001,Δo > Δ,1,5,1,2
2403500083,edf_jenkinson,logalpha,0.1165837378165833,0.5865427407550001,Δo > Δ,1,5,1,3
2403500083,edf_beard,logalpha,0.1165837378165833,0.5865427407550001,Δo > Δ,1,5,1,4
2403500083,edf_filliben,logalpha,0.1171034217101937,0.5865427407550001,Δo > Δ,1,5,1,5
2403500083,edf_tukey,logalpha,0.118210131868628,0.5865427407550001,Δo > Δ,1,5,1,6
2403500083,edf_blom,logalpha,0.1211863223448184,0.5865427407550001,Δo > Δ,1,5,1,7
2403500083,edf_weibull,logalpha,0.1226793952624311,0.5865427407550001,Δo > Δ,1,5,1,8
2403500083,edf_cunnane,logalpha,0.1230178241763202,0.5865427407550001,Δo > Δ,1,5,1,9
2403500083,edf_gringorten,logalpha,0.126022631868628,0.5865427407550001,Δo > Δ,1,5,1,10
2403500083,edf_hazen,logalpha,0.130710131868628,0.5865427407550001,Δo > Δ,1,5,1,11
2403500083,edf_california,invgauss,0.166808541906432,0.5865427407550001,Δo > Δ,1,5,1,12
2403500084,edf_hazen,laplace_asymmetric,0.046701101614586,0.5865427407550001,Δo > Δ,1,5,1,1
2403500084,edf_gringorten,laplace_asymmetric,0.0494761194004176,0.5865427407550001,Δo > Δ,1,5,1,2
2403500084,edf_cunnane,laplace_asymmetric,0.055485734785033,0.5865427407550001,Δo > Δ,1,5,1,3
2403500084,edf_blom,laplace_asymmetric,0.0591487384480365,0.5865427407550001,Δo > Δ,1,5,1,4
2403500084,edf_tukey,laplace_asymmetric,0.0651011194004175,0.5865427407550001,Δo > Δ,1,5,1,5
2403500084,edf_filliben,laplace_asymmetric,0.067314539717286,0.5865427407550001,Δo > Δ,1,5,1,6
2403500084,edf_beard,laplace_asymmetric,0.0683539075045066,0.5865427407550001,Δo > Δ,1,5,1,7
2403500084,edf_jenkinson,laplace_asymmetric,0.0683539075045066,0.5865427407550001,Δo > Δ,1,5,1,8
2403500084,edf_chegodayev,laplace_asymmetric,0.0697307490300471,0.5865427407550001,Δo > Δ,1,5,1,9
2403500084,edf_adamowski,fisk,0.0752609978392031,0.5865427407550001,Δo > Δ,1,5,1,10
2403500084,edf_weibull,fisk,0.1055640281422334,0.5865427407550001,Δo > Δ,1,5,1,11
2403500084,edf_california,laplace_asymmetric,0.1398355711667757,0.5865427407550001,Δo > Δ,1,5,1,12
2403500085,edf_chegodayev,lognct,0.0836745404288262,0.5865427407550001,Δo > Δ,1,5,1,1
2403500085,edf_jenkinson,lognct,0.0843629611915964,0.5865427407550001,Δo > Δ,1,5,1,2
2403500085,edf_beard,lognct,0.0843629611915964,0.5865427407550001,Δo > Δ,1,5,1,3
2403500085,edf_filliben,lognct,0.0848826450852067,0.5865427407550001,Δo > Δ,1,5,1,4
2403500085,edf_adamowski,lognct,0.0854995471447341,0.5865427407550001,Δo > Δ,1,5,1,5
2403500085,edf_tukey,lognct,0.085989355243641,0.5865427407550001,Δo > Δ,1,5,1,6
2403500085,edf_blom,lognct,0.0889655457198315,0.5865427407550001,Δo > Δ,1,5,1,7
2403500085,edf_cunnane,lognct,0.0907970475513333,0.5865427407550001,Δo > Δ,1,5,1,8
2403500085,edf_gringorten,lognct,0.093801855243641,0.5865427407550001,Δo > Δ,1,5,1,9
2403500085,edf_hazen,lognct,0.098489355243641,0.5865427407550001,Δo > Δ,1,5,1,10
2403500085,edf_weibull,lognct,0.1006510622962493,0.5865427407550001,Δo > Δ,1,5,1,11
2403500085,edf_california,loglaplace_asymmetric,0.1411413442653137,0.5865427407550001,Δo > Δ,1,5,1,12
24035340,edf_hazen,weibull_min,0.1030763604897593,0.5865427407550001,Δo > Δ,1,5,1,1
24035340,edf_gringorten,nakagami,0.1093749280520754,0.5865427407550001,Δo > Δ,1,5,1,2
24035340,edf_cunnane,nakagami,0.1153845434366908,0.5865427407550001,Δo > Δ,1,5,1,3
24035340,edf_blom,nakagami,0.1190475470996944,0.5865427407550001,Δo > Δ,1,5,1,4
24035340,edf_tukey,nakagami,0.1249999280520754,0.5865427407550001,Δo > Δ,1,5,1,5
24035340,edf_filliben,nakagami,0.127213348368944,0.5865427407550001,Δo > Δ,1,5,1,6
24035340,edf_beard,nakagami,0.1282527161561646,0.5865427407550001,Δo > Δ,1,5,1,7
24035340,edf_jenkinson,nakagami,0.1282527161561646,0.5865427407550001,Δo > Δ,1,5,1,8
24035340,edf_california,nct,0.1295230664810501,0.5865427407550001,Δo > Δ,1,5,1,9
24035340,edf_chegodayev,nakagami,0.129629557681705,0.5865427407550001,Δo > Δ,1,5,1,10
24035340,edf_adamowski,halfnorm,0.1327277267630563,0.5865427407550001,Δo > Δ,1,5,1,11
24035340,edf_weibull,halfnorm,0.1478792419145714,0.5865427407550001,Δo > Δ,1,5,1,12
24035360,edf_hazen,logweibull_min,0.0768405280455897,0.3260541228310003,Δo > Δ,1,17,1,1
24035360,edf_gringorten,logweibull_min,0.0785946052543241,0.3260541228310003,Δo > Δ,1,17,1,2
24035360,edf_cunnane,logweibull_min,0.0802246856716248,0.3260541228310003,Δo > Δ,1,17,1,3
24035360,edf_blom,logweibull_min,0.0812358080174286,0.3260541228310003,Δo > Δ,1,17,1,4
24035360,edf_tukey,pearson3,0.0822329221432911,0.3260541228310003,Δo > Δ,1,17,1,5
24035360,edf_filliben,nct,0.0825389524671186,0.3260541228310003,Δo > Δ,1,17,1,6
24035360,edf_beard,nct,0.0827377571868752,0.3260541228310003,Δo > Δ,1,17,1,7
24035360,edf_jenkinson,nct,0.0827377571868752,0.3260541228310003,Δo > Δ,1,17,1,8
24035360,edf_chegodayev,nct,0.0830022969538156,0.3260541228310003,Δo > Δ,1,17,1,9
24035360,edf_adamowski,nct,0.0843159258536515,0.3260541228310003,Δo > Δ,1,17,1,10
24035360,edf_weibull,logjohnsonsu,0.0890074826020469,0.3260541228310003,Δo > Δ,1,17,1,11
24035360,edf_california,ncf,0.10354776203506,0.3260541228310003,Δo > Δ,1,17,1,12
24035370,edf_california,logmaxwell,0.0661335320470766,0.3366456264050002,Δo > Δ,1,15,1,1
24035370,edf_hazen,invgauss,0.0725965179058785,0.3366456264050002,Δo > Δ,1,15,1,2
24035370,edf_gringorten,invgauss,0.073125618434979,0.3366456264050002,Δo > Δ,1,15,1,3
24035370,edf_cunnane,invgauss,0.0734737108883346,0.3366456264050002,Δo > Δ,1,15,1,4
24035370,edf_blom,invgauss,0.0736894140807419,0.3366456264050002,Δo > Δ,1,15,1,5
24035370,edf_tukey,invgauss,0.0740457932681973,0.3366456264050002,Δo > Δ,1,15,1,6
24035370,edf_filliben,invgauss,0.0741802037720246,0.3366456264050002,Δo > Δ,1,15,1,7
24035370,edf_jenkinson,invgauss,0.0742436787207897,0.3366456264050002,Δo > Δ,1,15,1,8
24035370,edf_beard,invgauss,0.0742436787207897,0.3366456264050002,Δo > Δ,1,15,1,9
24035370,edf_chegodayev,invgauss,0.0743281196374803,0.3366456264050002,Δo > Δ,1,15,1,10
24035370,edf_adamowski,invgauss,0.074747055540287,0.3366456264050002,Δo > Δ,1,15,1,11
24035370,edf_weibull,invgauss,0.0767631845725451,0.3366456264050002,Δo > Δ,1,15,1,12
24035390,edf_hazen,logmielke,0.005795157509571,0.3260541228310003,Δo > Δ,1,17,1,1
24035390,edf_gringorten,logmielke,0.0090936731775204,0.3260541228310003,Δo > Δ,1,17,1,2
24035390,edf_cunnane,logmielke,0.0112671137339212,0.3260541228310003,Δo > Δ,1,17,1,3
24035390,edf_blom,logmielke,0.0126152768616597,0.3260541228310003,Δo > Δ,1,17,1,4
24035390,edf_tukey,logmielke,0.0148449312652271,0.3260541228310003,Δo > Δ,1,17,1,5
24035390,edf_filliben,logmielke,0.0156865888877658,0.3260541228310003,Δo > Δ,1,17,1,6
24035390,edf_beard,logmielke,0.016084198327279,0.3260541228310003,Δo > Δ,1,17,1,7
24035390,edf_jenkinson,logmielke,0.016084198327279,0.3260541228310003,Δo > Δ,1,17,1,8
24035390,edf_chegodayev,logmielke,0.0166132778611599,0.3260541228310003,Δo > Δ,1,17,1,9
24035390,edf_adamowski,logmielke,0.0192405356608315,0.3260541228310003,Δo > Δ,1,17,1,10
24035390,edf_weibull,logmielke,0.0319389483592442,0.3260541228310003,Δo > Δ,1,17,1,11
24035390,edf_california,logmielke,0.0352069222154533,0.3260541228310003,Δo > Δ,1,17,1,12
24035410,edf_weibull,moyal,0.0696749876783122,0.3366456264050002,Δo > Δ,1,15,1,1
24035410,edf_adamowski,lograyleigh,0.0725892642446899,0.3366456264050002,Δo > Δ,1,15,1,2
24035410,edf_chegodayev,lograyleigh,0.0742650078559173,0.3366456264050002,Δo > Δ,1,15,1,3
24035410,edf_jenkinson,lograyleigh,0.0746027715226796,0.3366456264050002,Δo > Δ,1,15,1,4
24035410,edf_beard,lograyleigh,0.0746027715226796,0.3366456264050002,Δo > Δ,1,15,1,5
24035410,edf_filliben,lograyleigh,0.0748566713177403,0.3366456264050002,Δo > Δ,1,15,1,6
24035410,edf_tukey,lograyleigh,0.075394313333049,0.3366456264050002,Δo > Δ,1,15,1,7
24035410,edf_blom,lograyleigh,0.0768198300828707,0.3366456264050002,Δo > Δ,1,15,1,8
24035410,edf_cunnane,lograyleigh,0.0776826428524998,0.3366456264050002,Δo > Δ,1,15,1,9
24035410,edf_gringorten,lograyleigh,0.0790750126659223,0.3366456264050002,Δo > Δ,1,15,1,10
24035410,edf_hazen,lograyleigh,0.0811914147823243,0.3366456264050002,Δo > Δ,1,15,1,11
24035410,edf_california,logbetaprime,0.0876686648098443,0.3366456264050002,Δo > Δ,1,15,1,12
24035430,edf_weibull,logncf,0.1419197565868247,0.5865427407550001,Δo > Δ,1,5,1,1
24035430,edf_hazen,mielke,0.1505076771113922,0.5865427407550001,Δo > Δ,1,5,1,2
24035430,edf_california,logistic,0.1548973811105639,0.5865427407550001,Δo > Δ,1,5,1,3
24035430,edf_gringorten,mielke,0.1551951771113922,0.5865427407550001,Δo > Δ,1,5,1,4
24035430,edf_cunnane,mielke,0.1581999848036999,0.5865427407550001,Δo > Δ,1,5,1,5
24035430,edf_blom,mielke,0.1600314866352017,0.5865427407550001,Δo > Δ,1,5,1,6
24035430,edf_filliben,logmielke,0.1602042316223608,0.5865427407550001,Δo > Δ,1,5,1,7
24035430,edf_adamowski,logmielke,0.1602042316223608,0.5865427407550001,Δo > Δ,1,5,1,8
24035430,edf_chegodayev,logmielke,0.1602042316223608,0.5865427407550001,Δo > Δ,1,5,1,9
24035430,edf_tukey,logmielke,0.1602042316223608,0.5865427407550001,Δo > Δ,1,5,1,10
24035430,edf_jenkinson,logmielke,0.1602042316223608,0.5865427407550001,Δo > Δ,1,5,1,11
24035430,edf_beard,logmielke,0.1602042316223608,0.5865427407550001,Δo > Δ,1,5,1,12
24035507,edf_cunnane,halflogistic,0.0494476376721785,0.530385761606,Δo > Δ,1,6,1,1
24035507,edf_gringorten,halflogistic,0.0507060991693828,0.530385761606,Δo > Δ,1,6,1,2
24035507,edf_blom,halflogistic,0.0526734441237912,0.530385761606,Δo > Δ,1,6,1,3
24035507,edf_hazen,logloggamma,0.0529519852251204,0.530385761606,Δo > Δ,1,6,1,4
24035507,edf_tukey,halflogistic,0.0579366020185281,0.530385761606,Δo > Δ,1,6,1,5
24035507,edf_filliben,logbetaprime,0.059453591356327,0.530385761606,Δo > Δ,1,6,1,6
24035507,edf_beard,logbetaprime,0.0600076598194888,0.530385761606,Δo > Δ,1,6,1,7
24035507,edf_jenkinson,logbetaprime,0.0600076598194888,0.530385761606,Δo > Δ,1,6,1,8
24035507,edf_chegodayev,logbetaprime,0.0607423776878274,0.530385761606,Δo > Δ,1,6,1,9
24035507,edf_adamowski,logbetaprime,0.0643481469185966,0.530385761606,Δo > Δ,1,6,1,10
24035507,edf_weibull,logncf,0.0787962938328578,0.530385761606,Δo > Δ,1,6,1,11
24035507,edf_california,loggenlogistic,0.1153540453594817,0.530385761606,Δo > Δ,1,6,1,12
2403700149,edf_hazen,norm,0.1435044059868768,0.5865427407550001,Δo > Δ,1,5,1,1
2403700149,edf_gringorten,maxwell,0.1451065451501492,0.5865427407550001,Δo > Δ,1,5,1,2
2403700149,edf_cunnane,maxwell,0.1476681992393319,0.5865427407550001,Δo > Δ,1,5,1,3
2403700149,edf_blom,maxwell,0.1494997010708337,0.5865427407550001,Δo > Δ,1,5,1,4
2403700149,edf_tukey,maxwell,0.1524758915470241,0.5865427407550001,Δo > Δ,1,5,1,5
2403700149,edf_filliben,rayleigh,0.1527178617546783,0.5865427407550001,Δo > Δ,1,5,1,6
2403700149,edf_beard,rayleigh,0.1532375456482886,0.5865427407550001,Δo > Δ,1,5,1,7
2403700149,edf_jenkinson,rayleigh,0.1532375456482886,0.5865427407550001,Δo > Δ,1,5,1,8
2403700149,edf_chegodayev,rayleigh,0.1539259664110588,0.5865427407550001,Δo > Δ,1,5,1,9
2403700149,edf_adamowski,rayleigh,0.1572929697780622,0.5865427407550001,Δo > Δ,1,5,1,10
2403700149,edf_weibull,weibull_min,0.1666666017351186,0.5865427407550001,Δo > Δ,1,5,1,11
2403700149,edf_california,invgauss,0.178076013876387,0.5865427407550001,Δo > Δ,1,5,1,12
24037030,edf_hazen,logjohnsonsu,0.1017191758470658,0.530385761606,Δo > Δ,1,6,1,1
24037030,edf_gringorten,logjohnsonsu,0.1066211366313795,0.530385761606,Δo > Δ,1,6,1,2
24037030,edf_cunnane,logjohnsonsu,0.1097836919760981,0.530385761606,Δo > Δ,1,6,1,3
24037030,edf_blom,logjohnsonsu,0.1117191758470658,0.530385761606,Δo > Δ,1,6,1,4
24037030,edf_tukey,logjohnsonsu,0.1148770705839079,0.530385761606,Δo > Δ,1,6,1,5
24037030,edf_filliben,logjohnsonsu,0.1160553895155654,0.530385761606,Δo > Δ,1,6,1,6
24037030,edf_beard,logjohnsonsu,0.1166094579787273,0.530385761606,Δo > Δ,1,6,1,7
24037030,edf_jenkinson,logjohnsonsu,0.1166094579787273,0.530385761606,Δo > Δ,1,6,1,8
24037030,edf_chegodayev,logjohnsonsu,0.1173441758470658,0.530385761606,Δo > Δ,1,6,1,9
24037030,edf_adamowski,logjohnsonsu,0.120949945077835,0.530385761606,Δo > Δ,1,6,1,10
24037030,edf_weibull,logjohnsonsu,0.1374334615613515,0.530385761606,Δo > Δ,1,6,1,11
24037030,edf_california,nakagami,0.1676941050638409,0.530385761606,Δo > Δ,1,6,1,12
24037190,edf_hazen,logt,0.1690826172741621,0.530385761606,Δo > Δ,1,6,1,1
24037190,edf_gringorten,logt,0.1739845780584758,0.530385761606,Δo > Δ,1,6,1,2
24037190,edf_cunnane,logt,0.1771471334031944,0.530385761606,Δo > Δ,1,6,1,3
24037190,edf_blom,logt,0.1790826172741621,0.530385761606,Δo > Δ,1,6,1,4
24037190,edf_tukey,logt,0.1822405120110042,0.530385761606,Δo > Δ,1,6,1,5
24037190,edf_filliben,logt,0.1834188309426618,0.530385761606,Δo > Δ,1,6,1,6
24037190,edf_beard,logt,0.1839728994058236,0.530385761606,Δo > Δ,1,6,1,7
24037190,edf_jenkinson,logt,0.1839728994058236,0.530385761606,Δo > Δ,1,6,1,8
24037190,edf_chegodayev,logt,0.1847076172741621,0.530385761606,Δo > Δ,1,6,1,9
24037190,edf_adamowski,logt,0.1883133865049313,0.530385761606,Δo > Δ,1,6,1,10
24037190,edf_weibull,logt,0.2047969029884478,0.530385761606,Δo > Δ,1,6,1,11
24037190,edf_california,gumbel_l,0.2094597630626865,0.530385761606,Δo > Δ,1,6,1,12
24037290,edf_hazen,logmielke,0.0904708762819937,0.530385761606,Δo > Δ,1,6,1,1
24037290,edf_gringorten,logmielke,0.0953728370663074,0.530385761606,Δo > Δ,1,6,1,2
24037290,edf_cunnane,truncnorm,0.0967741935101105,0.530385761606,Δo > Δ,1,6,1,3
24037290,edf_blom,truncnorm,0.0999999999617232,0.530385761606,Δo > Δ,1,6,1,4
24037290,edf_tukey,logmielke,0.1036287710188358,0.530385761606,Δo > Δ,1,6,1,5
24037290,edf_filliben,logmielke,0.1048070899504933,0.530385761606,Δo > Δ,1,6,1,6
24037290,edf_beard,logmielke,0.1053611584136551,0.530385761606,Δo > Δ,1,6,1,7
24037290,edf_jenkinson,logmielke,0.1053611584136551,0.530385761606,Δo > Δ,1,6,1,8
24037290,edf_chegodayev,logmielke,0.1060958762819937,0.530385761606,Δo > Δ,1,6,1,9
24037290,edf_adamowski,logmielke,0.1097016455127629,0.530385761606,Δo > Δ,1,6,1,10
24037290,edf_weibull,logncf,0.1158071570452512,0.530385761606,Δo > Δ,1,6,1,11
24037290,edf_california,truncnorm,0.1528997187503895,0.530385761606,Δo > Δ,1,6,1,12
24037490,edf_tukey,laplace_asymmetric,0.068557317555486,0.5865427407550001,Δo > Δ,1,5,1,1
24037490,edf_blom,laplace_asymmetric,0.069144965358861,0.5865427407550001,Δo > Δ,1,5,1,2
24037490,edf_filliben,laplace_asymmetric,0.0701995843635445,0.5865427407550001,Δo > Δ,1,5,1,3
24037490,edf_cunnane,laplace_asymmetric,0.0709764671903628,0.5865427407550001,Δo > Δ,1,5,1,4
24037490,edf_jenkinson,laplace_asymmetric,0.0712389521507651,0.5865427407550001,Δo > Δ,1,5,1,5
24037490,edf_beard,laplace_asymmetric,0.0712389521507651,0.5865427407550001,Δo > Δ,1,5,1,6
24037490,edf_chegodayev,laplace_asymmetric,0.0726157936763056,0.5865427407550001,Δo > Δ,1,5,1,7
24037490,edf_gringorten,laplace_asymmetric,0.0739812748826705,0.5865427407550001,Δo > Δ,1,5,1,8
24037490,edf_adamowski,genlogistic,0.0785814502425807,0.5865427407550001,Δo > Δ,1,5,1,9
24037490,edf_hazen,laplace_asymmetric,0.0786687748826705,0.5865427407550001,Δo > Δ,1,5,1,10
24037490,edf_weibull,genlogistic,0.1019333051454062,0.5865427407550001,Δo > Δ,1,5,1,11
24037490,edf_california,loglaplace_asymmetric,0.153001699530197,0.5865427407550001,Δo > Δ,1,5,1,12
24055070,edf_adamowski,lognct,0.0847976043360664,0.5865427407550001,Δo > Δ,1,5,1,1
24055070,edf_chegodayev,lognct,0.0881646077030698,0.5865427407550001,Δo > Δ,1,5,1,2
24055070,edf_jenkinson,lognct,0.08885302846584,0.5865427407550001,Δo > Δ,1,5,1,3
24055070,edf_beard,lognct,0.08885302846584,0.5865427407550001,Δo > Δ,1,5,1,4
24055070,edf_filliben,lognct,0.0893727123594503,0.5865427407550001,Δo > Δ,1,5,1,5
24055070,edf_tukey,lognct,0.0904794225178846,0.5865427407550001,Δo > Δ,1,5,1,6
24055070,edf_blom,lognct,0.0943278640723463,0.5865427407550001,Δo > Δ,1,5,1,7
24055070,edf_weibull,lognct,0.0946193887292237,0.5865427407550001,Δo > Δ,1,5,1,8
24055070,edf_cunnane,lognct,0.0979908677353499,0.5865427407550001,Δo > Δ,1,5,1,9
24055070,edf_gringorten,lognct,0.1040004831199653,0.5865427407550001,Δo > Δ,1,5,1,10
24055070,edf_hazen,lognct,0.1133754831199654,0.5865427407550001,Δo > Δ,1,5,1,11
24055070,edf_california,kstwobign,0.1442853181049209,0.5865427407550001,Δo > Δ,1,5,1,12
24055080,edf_tukey,johnsonsu,0.0776880967377546,0.530385761606,Δo > Δ,1,6,1,1
24055080,edf_filliben,johnsonsu,0.0780808697149738,0.530385761606,Δo > Δ,1,6,1,2
24055080,edf_blom,loggenlogistic,0.0781325105846065,0.530385761606,Δo > Δ,1,6,1,3
24055080,edf_jenkinson,johnsonsu,0.0782655592026945,0.530385761606,Δo > Δ,1,6,1,4
24055080,edf_beard,johnsonsu,0.0782655592026945,0.530385761606,Δo > Δ,1,6,1,5
24055080,edf_chegodayev,johnsonsu,0.0785104651588073,0.530385761606,Δo > Δ,1,6,1,6
24055080,edf_adamowski,johnsonsu,0.0797123882357304,0.530385761606,Δo > Δ,1,6,1,7
24055080,edf_cunnane,loggenlogistic,0.0800679944555742,0.530385761606,Δo > Δ,1,6,1,8
24055080,edf_gringorten,weibull_min,0.0810099847863838,0.530385761606,Δo > Δ,1,6,1,9
24055080,edf_hazen,pearson3,0.082965416549085,0.530385761606,Δo > Δ,1,6,1,10
24055080,edf_weibull,loggenlogistic,0.0884849735462612,0.530385761606,Δo > Δ,1,6,1,11
24055080,edf_california,hypsecant,0.1259397445340906,0.530385761606,Δo > Δ,1,6,1,12
24055501,edf_hazen,logjohnsonsu,0.1121843552665493,0.530385761606,Δo > Δ,1,6,1,1
24055501,edf_gringorten,logjohnsonsu,0.117086316050863,0.530385761606,Δo > Δ,1,6,1,2
24055501,edf_cunnane,logjohnsonsu,0.1202488713955816,0.530385761606,Δo > Δ,1,6,1,3
24055501,edf_blom,logjohnsonsu,0.1221843552665493,0.530385761606,Δo > Δ,1,6,1,4
24055501,edf_tukey,logjohnsonsu,0.1253422500033914,0.530385761606,Δo > Δ,1,6,1,5
24055501,edf_filliben,logjohnsonsu,0.1265205689350489,0.530385761606,Δo > Δ,1,6,1,6
24055501,edf_beard,logjohnsonsu,0.1270746373982108,0.530385761606,Δo > Δ,1,6,1,7
24055501,edf_jenkinson,logjohnsonsu,0.1270746373982108,0.530385761606,Δo > Δ,1,6,1,8
24055501,edf_chegodayev,logjohnsonsu,0.1278093552665493,0.530385761606,Δo > Δ,1,6,1,9
24055501,edf_adamowski,logjohnsonsu,0.1314151244973185,0.530385761606,Δo > Δ,1,6,1,10
24055501,edf_weibull,logjohnsonsu,0.147898640980835,0.530385761606,Δo > Δ,1,6,1,11
24055501,edf_california,lognakagami,0.1690114445663464,0.530385761606,Δo > Δ,1,6,1,12
2405700149,edf_hazen,maxwell,0.077124957801988,0.530385761606,Δo > Δ,1,6,1,1
2405700149,edf_gringorten,maxwell,0.0820269185863017,0.530385761606,Δo > Δ,1,6,1,2
2405700149,edf_cunnane,maxwell,0.0851894739310202,0.530385761606,Δo > Δ,1,6,1,3
2405700149,edf_blom,maxwell,0.087124957801988,0.530385761606,Δo > Δ,1,6,1,4
2405700149,edf_tukey,rayleigh,0.0883282427279379,0.530385761606,Δo > Δ,1,6,1,5
2405700149,edf_filliben,rayleigh,0.089374851370728,0.530385761606,Δo > Δ,1,6,1,6
2405700149,edf_weibull,logbetaprime,0.0894152336514754,0.530385761606,Δo > Δ,1,6,1,7
2405700149,edf_jenkinson,rayleigh,0.0899289198338898,0.530385761606,Δo > Δ,1,6,1,8
2405700149,edf_beard,rayleigh,0.0899289198338898,0.530385761606,Δo > Δ,1,6,1,9
2405700149,edf_chegodayev,rayleigh,0.0906636377022284,0.530385761606,Δo > Δ,1,6,1,10
2405700149,edf_adamowski,lognct,0.0941908246627629,0.530385761606,Δo > Δ,1,6,1,11
2405700149,edf_california,logfatiguelife,0.119744517255922,0.530385761606,Δo > Δ,1,6,1,12
25010010,edf_hazen,johnsonsu,0.1198138180297111,0.5865427407550001,Δo > Δ,1,5,1,1
25010010,edf_gringorten,johnsonsu,0.1245013180297111,0.5865427407550001,Δo > Δ,1,5,1,2
25010010,edf_cunnane,johnsonsu,0.1275061257220188,0.5865427407550001,Δo > Δ,1,5,1,3
25010010,edf_blom,johnsonsu,0.1293376275535206,0.5865427407550001,Δo > Δ,1,5,1,4
25010010,edf_tukey,johnsonsu,0.1323138180297111,0.5865427407550001,Δo > Δ,1,5,1,5
25010010,edf_filliben,johnsonsu,0.1334205281881454,0.5865427407550001,Δo > Δ,1,5,1,6
25010010,edf_beard,johnsonsu,0.1339402120817557,0.5865427407550001,Δo > Δ,1,5,1,7
25010010,edf_jenkinson,johnsonsu,0.1339402120817557,0.5865427407550001,Δo > Δ,1,5,1,8
25010010,edf_chegodayev,johnsonsu,0.1346286328445259,0.5865427407550001,Δo > Δ,1,5,1,9
25010010,edf_adamowski,johnsonsu,0.1379956362115293,0.5865427407550001,Δo > Δ,1,5,1,10
25010010,edf_california,kstwobign,0.1519132289542264,0.5865427407550001,Δo > Δ,1,5,1,11
25010010,edf_weibull,johnsonsu,0.1531471513630444,0.5865427407550001,Δo > Δ,1,5,1,12
25017010,edf_hazen,nakagami,0.0714282665191579,0.484420539261,Δo > Δ,1,7,1,1
25017010,edf_gringorten,nakagami,0.0786513804838449,0.484420539261,Δo > Δ,1,7,1,2
25017010,edf_cunnane,nakagami,0.0833330284239198,0.484420539261,Δo > Δ,1,7,1,3
25017010,edf_blom,nakagami,0.0862065916423106,0.484420539261,Δo > Δ,1,7,1,4
25017010,edf_filliben,logpearson3,0.0865764436164937,0.484420539261,Δo > Δ,1,7,1,5
25017010,edf_jenkinson,logpearson3,0.0865764436164937,0.484420539261,Δo > Δ,1,7,1,6
25017010,edf_tukey,logpearson3,0.0865764436164937,0.484420539261,Δo > Δ,1,7,1,7
25017010,edf_adamowski,logpearson3,0.0865764436164937,0.484420539261,Δo > Δ,1,7,1,8
25017010,edf_chegodayev,logpearson3,0.0865764436164937,0.484420539261,Δo > Δ,1,7,1,9
25017010,edf_beard,logpearson3,0.0865764436164937,0.484420539261,Δo > Δ,1,7,1,10
25017010,edf_weibull,logpearson3,0.0963870574767284,0.484420539261,Δo > Δ,1,7,1,11
25017010,edf_california,loglogistic,0.1088603477561319,0.484420539261,Δo > Δ,1,7,1,12
25017020,edf_hazen,mielke,0.0386414396193058,0.5865427407550001,Δo > Δ,1,5,1,1
25017020,edf_gringorten,mielke,0.0480164396193058,0.5865427407550001,Δo > Δ,1,5,1,2
25017020,edf_cunnane,mielke,0.0540260550039212,0.5865427407550001,Δo > Δ,1,5,1,3
25017020,edf_blom,mielke,0.0576890586669248,0.5865427407550001,Δo > Δ,1,5,1,4
25017020,edf_tukey,mielke,0.0636414396193058,0.5865427407550001,Δo > Δ,1,5,1,5
25017020,edf_filliben,mielke,0.0658548599361744,0.5865427407550001,Δo > Δ,1,5,1,6
25017020,edf_beard,mielke,0.066894227723395,0.5865427407550001,Δo > Δ,1,5,1,7
25017020,edf_jenkinson,mielke,0.066894227723395,0.5865427407550001,Δo > Δ,1,5,1,8
25017020,edf_california,t,0.0677834458477427,0.5865427407550001,Δo > Δ,1,5,1,9
25017020,edf_chegodayev,mielke,0.0682710692489354,0.5865427407550001,Δo > Δ,1,5,1,10
25017020,edf_adamowski,mielke,0.0750050759829422,0.5865427407550001,Δo > Δ,1,5,1,11
25017020,edf_weibull,logalpha,0.1042658530668877,0.5865427407550001,Δo > Δ,1,5,1,12
25017030,edf_adamowski,johnsonsu,0.0966099636352375,0.5865427407550001,Δo > Δ,1,5,1,1
25017030,edf_cunnane,johnsonsu,0.0966099636352375,0.5865427407550001,Δo > Δ,1,5,1,2
25017030,edf_jenkinson,johnsonsu,0.0966099636352375,0.5865427407550001,Δo > Δ,1,5,1,3
25017030,edf_filliben,johnsonsu,0.0966099636352375,0.5865427407550001,Δo > Δ,1,5,1,4
25017030,edf_gringorten,johnsonsu,0.0966099636352375,0.5865427407550001,Δo > Δ,1,5,1,5
25017030,edf_tukey,johnsonsu,0.0966099636352375,0.5865427407550001,Δo > Δ,1,5,1,6
25017030,edf_blom,johnsonsu,0.0966099636352375,0.5865427407550001,Δo > Δ,1,5,1,7
25017030,edf_chegodayev,johnsonsu,0.0966099636352375,0.5865427407550001,Δo > Δ,1,5,1,8
25017030,edf_beard,johnsonsu,0.0966099636352375,0.5865427407550001,Δo > Δ,1,5,1,9
25017030,edf_hazen,johnsonsu,0.0966099636352375,0.5865427407550001,Δo > Δ,1,5,1,10
25017030,edf_weibull,johnsonsu,0.1158939651643293,0.5865427407550001,Δo > Δ,1,5,1,11
25017030,edf_california,pearson3,0.1493389134129324,0.5865427407550001,Δo > Δ,1,5,1,12
25020230,edf_california,nakagami,0.0836776007912114,0.1801364005608459,Δo > Δ,1,57,1,1
25020230,edf_hazen,nakagami,0.0924495306157727,0.1801364005608459,Δo > Δ,1,57,1,2
25020230,edf_gringorten,nakagami,0.0926338148557845,0.1801364005608459,Δo > Δ,1,57,1,3
25020230,edf_cunnane,nakagami,0.0927562414487994,0.1801364005608459,Δo > Δ,1,57,1,4
25020230,edf_blom,nakagami,0.0928325843199021,0.1801364005608459,Δo > Δ,1,57,1,5
25020230,edf_tukey,nakagami,0.0929595265358054,0.1801364005608459,Δo > Δ,1,57,1,6
25020230,edf_filliben,nakagami,0.0930076678747225,0.1801364005608459,Δo > Δ,1,57,1,7
25020230,edf_jenkinson,nakagami,0.0930304531207106,0.1801364005608459,Δo > Δ,1,57,1,8
25020230,edf_beard,nakagami,0.0930304531207106,0.1801364005608459,Δo > Δ,1,57,1,9
25020230,edf_chegodayev,nakagami,0.0930608149241045,0.1801364005608459,Δo > Δ,1,57,1,10
25020230,edf_adamowski,nakagami,0.0932956100071434,0.1801364005608459,Δo > Δ,1,57,1,11
25020230,edf_weibull,nakagami,0.0952446354943998,0.1801364005608459,Δo > Δ,1,57,1,12
25020240,edf_california,alpha,0.058488044178191,0.1770569189339204,Δo > Δ,1,59,1,1
25020240,edf_hazen,betaprime,0.0604763719013667,0.1770569189339204,Δo > Δ,1,59,1,2
25020240,edf_gringorten,betaprime,0.0608548035887133,0.1770569189339204,Δo > Δ,1,59,1,3
25020240,edf_cunnane,betaprime,0.0611062390566575,0.1770569189339204,Δo > Δ,1,59,1,4
25020240,edf_blom,betaprime,0.0612630414286499,0.1770569189339204,Δo > Δ,1,59,1,5
25020240,edf_tukey,betaprime,0.0615237914405021,0.1770569189339204,Δo > Δ,1,59,1,6
25020240,edf_filliben,betaprime,0.0616226845006698,0.1770569189339204,Δo > Δ,1,59,1,7
25020240,edf_jenkinson,betaprime,0.061669491767098,0.1770569189339204,Δo > Δ,1,59,1,8
25020240,edf_beard,betaprime,0.061669491767098,0.1770569189339204,Δo > Δ,1,59,1,9
25020240,edf_chegodayev,betaprime,0.0617318646822832,0.1770569189339204,Δo > Δ,1,59,1,10
25020240,edf_adamowski,betaprime,0.0620431002876364,0.1770569189339204,Δo > Δ,1,59,1,11
25020240,edf_weibull,betaprime,0.063583716534135,0.1770569189339204,Δo > Δ,1,59,1,12
25020250,edf_hazen,logmielke,0.0523314602357577,0.1817376445004486,Δo > Δ,1,56,1,1
25020250,edf_gringorten,logmielke,0.052388735462313,0.1817376445004486,Δo > Δ,1,56,1,2
25020250,edf_cunnane,logmielke,0.0524267830623972,0.1817376445004486,Δo > Δ,1,56,1,3
25020250,edf_blom,logmielke,0.0524505078548053,0.1817376445004486,Δo > Δ,1,56,1,4
25020250,edf_tukey,logmielke,0.0524899555865607,0.1817376445004486,Δo > Δ,1,56,1,5
25020250,edf_filliben,logmielke,0.0525049151406505,0.1817376445004486,Δo > Δ,1,56,1,6
25020250,edf_beard,logmielke,0.0525119953799325,0.1817376445004486,Δo > Δ,1,56,1,7
25020250,edf_jenkinson,logmielke,0.0525119953799325,0.1817376445004486,Δo > Δ,1,56,1,8
25020250,edf_chegodayev,logmielke,0.0525214298406209,0.1817376445004486,Δo > Δ,1,56,1,9
25020250,edf_adamowski,logmielke,0.0525685019551003,0.1817376445004486,Δo > Δ,1,56,1,10
25020250,edf_weibull,logmielke,0.0528013850477878,0.1817376445004486,Δo > Δ,1,56,1,11
25020250,edf_california,logmielke,0.0612600316643291,0.1817376445004486,Δo > Δ,1,56,1,12
25020260,edf_hazen,logfisk,0.0555747141838238,0.1785767486892227,Δo > Δ,1,58,1,1
25020260,edf_gringorten,logfisk,0.0560908876180976,0.1785767486892227,Δo > Δ,1,58,1,2
25020260,edf_cunnane,logfisk,0.0564338207130334,0.1785767486892227,Δo > Δ,1,58,1,3
25020260,edf_blom,logfisk,0.0566476755572143,0.1785767486892227,Δo > Δ,1,58,1,4
25020260,edf_tukey,logfisk,0.0570032856123953,0.1785767486892227,Δo > Δ,1,58,1,5
25020260,edf_filliben,logfisk,0.0571381511751715,0.1785767486892227,Δo > Δ,1,58,1,6
25020260,edf_beard,logfisk,0.057201983796705,0.1785767486892227,Δo > Δ,1,58,1,7
25020260,edf_jenkinson,logfisk,0.057201983796705,0.1785767486892227,Δo > Δ,1,58,1,8
25020260,edf_california,rayleigh,0.057269160295593,0.1785767486892227,Δo > Δ,1,58,1,9
25020260,edf_chegodayev,logfisk,0.0572870429509471,0.1785767486892227,Δo > Δ,1,58,1,10
25020260,edf_adamowski,logfisk,0.057711466320576,0.1785767486892227,Δo > Δ,1,58,1,11
25020260,edf_weibull,logfisk,0.059812002319417,0.1785767486892227,Δo > Δ,1,58,1,12
25020280,edf_california,invweibull,0.0542278973306633,0.1833823625900018,Δo > Δ,1,55,1,1
25020280,edf_weibull,rayleigh,0.0567163904393379,0.1833823625900018,Δo > Δ,1,55,1,2
25020280,edf_adamowski,rayleigh,0.0573598910828386,0.1833823625900018,Δo > Δ,1,55,1,3
25020280,edf_chegodayev,rayleigh,0.0574899850757485,0.1833823625900018,Δo > Δ,1,55,1,4
25020280,edf_jenkinson,rayleigh,0.0575160602530923,0.1833823625900018,Δo > Δ,1,55,1,5
25020280,edf_beard,rayleigh,0.0575160602530923,0.1833823625900018,Δo > Δ,1,55,1,6
25020280,edf_filliben,rayleigh,0.0575356289990263,0.1833823625900018,Δo > Δ,1,55,1,7
25020280,edf_tukey,rayleigh,0.0575769756372726,0.1833823625900018,Δo > Δ,1,55,1,8
25020280,edf_blom,rayleigh,0.0576860090560154,0.1833823625900018,Δo > Δ,1,55,1,9
25020280,edf_cunnane,rayleigh,0.0577515871267085,0.1833823625900018,Δo > Δ,1,55,1,10
25020280,edf_gringorten,rayleigh,0.0578567595042354,0.1833823625900018,Δo > Δ,1,55,1,11
25020280,edf_hazen,rayleigh,0.0580150917380393,0.1833823625900018,Δo > Δ,1,55,1,12
25020430,edf_chegodayev,logpearson3,0.0723380480781636,0.4472608134160001,Δo > Δ,1,8,1,1
25020430,edf_hazen,loggumbel_l,0.0724035002129137,0.4472608134160001,Δo > Δ,1,8,1,2
25020430,edf_beard,logpearson3,0.0724801096760726,0.4472608134160001,Δo > Δ,1,8,1,3
25020430,edf_jenkinson,logpearson3,0.0724801096760726,0.4472608134160001,Δo > Δ,1,8,1,4
25020430,edf_filliben,logpearson3,0.0725871016744976,0.4472608134160001,Δo > Δ,1,8,1,5
25020430,edf_tukey,logpearson3,0.0728142385543541,0.4472608134160001,Δo > Δ,1,8,1,6
25020430,edf_blom,logpearson3,0.0734202991604147,0.4472608134160001,Δo > Δ,1,8,1,7
25020430,edf_cunnane,logpearson3,0.0737898483104516,0.4472608134160001,Δo > Δ,1,8,1,8
25020430,edf_gringorten,logpearson3,0.074390593234157,0.4472608134160001,Δo > Δ,1,8,1,9
25020430,edf_adamowski,logpearson3,0.075097475566958,0.4472608134160001,Δo > Δ,1,8,1,10
25020430,edf_weibull,logpearson3,0.0914373448480037,0.4472608134160001,Δo > Δ,1,8,1,11
25020430,edf_california,loglaplace_asymmetric,0.0936978785388658,0.4472608134160001,Δo > Δ,1,8,1,12
25020440,edf_weibull,logbetaprime,0.0951017190858874,0.5865427407550001,Δo > Δ,1,5,1,1
25020440,edf_adamowski,logbetaprime,0.1005105362633159,0.5865427407550001,Δo > Δ,1,5,1,2
25020440,edf_chegodayev,logbetaprime,0.1068871788895849,0.5865427407550001,Δo > Δ,1,5,1,3
25020440,edf_jenkinson,logbetaprime,0.1082640204151255,0.5865427407550001,Δo > Δ,1,5,1,4
25020440,edf_beard,logbetaprime,0.1082640204151255,0.5865427407550001,Δo > Δ,1,5,1,5
25020440,edf_filliben,logbetaprime,0.109303388202346,0.5865427407550001,Δo > Δ,1,5,1,6
25020440,edf_tukey,logbetaprime,0.1115168085192146,0.5865427407550001,Δo > Δ,1,5,1,7
25020440,edf_blom,logbetaprime,0.1174691894715955,0.5865427407550001,Δo > Δ,1,5,1,8
25020440,edf_cunnane,logbetaprime,0.1211321931345991,0.5865427407550001,Δo > Δ,1,5,1,9
25020440,edf_gringorten,logbetaprime,0.1271418085192145,0.5865427407550001,Δo > Δ,1,5,1,10
25020440,edf_hazen,loginvgauss,0.1294178605386271,0.5865427407550001,Δo > Δ,1,5,1,11
25020440,edf_california,loglaplace_asymmetric,0.1422616825509742,0.5865427407550001,Δo > Δ,1,5,1,12
25020470,edf_cunnane,rice,0.0558987335596058,0.484420539261,Δo > Δ,1,7,1,1
25020470,edf_gringorten,rice,0.0558987335596058,0.484420539261,Δo > Δ,1,7,1,2
25020470,edf_hazen,rice,0.0558987335596058,0.484420539261,Δo > Δ,1,7,1,3
25020470,edf_filliben,chi2,0.056867599257465,0.484420539261,Δo > Δ,1,7,1,4
25020470,edf_blom,chi2,0.056867599257465,0.484420539261,Δo > Δ,1,7,1,5
25020470,edf_tukey,chi2,0.056867599257465,0.484420539261,Δo > Δ,1,7,1,6
25020470,edf_chegodayev,chi2,0.056867599257465,0.484420539261,Δo > Δ,1,7,1,7
25020470,edf_jenkinson,chi2,0.056867599257465,0.484420539261,Δo > Δ,1,7,1,8
25020470,edf_beard,chi2,0.056867599257465,0.484420539261,Δo > Δ,1,7,1,9
25020470,edf_adamowski,chi2,0.0614191778153195,0.484420539261,Δo > Δ,1,7,1,10
25020470,edf_weibull,pearson3,0.0809303458422157,0.484420539261,Δo > Δ,1,7,1,11
25020470,edf_california,loggumbel_l,0.1085088509833019,0.484420539261,Δo > Δ,1,7,1,12
25020600,edf_adamowski,nakagami,0.1212791498061062,0.484420539261,Δo > Δ,1,7,1,1
25020600,edf_chegodayev,nakagami,0.1233793845722138,0.484420539261,Δo > Δ,1,7,1,2
25020600,edf_jenkinson,nakagami,0.1241118243290438,0.484420539261,Δo > Δ,1,7,1,3
25020600,edf_beard,nakagami,0.1241118243290438,0.484420539261,Δo > Δ,1,7,1,4
25020600,edf_filliben,nakagami,0.1246637646753312,0.484420539261,Δo > Δ,1,7,1,5
25020600,edf_tukey,nakagami,0.1258363870292163,0.484420539261,Δo > Δ,1,7,1,6
25020600,edf_blom,nakagami,0.1289711832674608,0.484420539261,Δo > Δ,1,7,1,7
25020600,edf_weibull,nakagami,0.1296124831394395,0.484420539261,Δo > Δ,1,7,1,8
25020600,edf_cunnane,nakagami,0.1308868920797212,0.484420539261,Δo > Δ,1,7,1,9
25020600,edf_gringorten,nakagami,0.1340079907064378,0.484420539261,Δo > Δ,1,7,1,10
25020600,edf_hazen,halfnorm,0.1385685833808475,0.484420539261,Δo > Δ,1,7,1,11
25020600,edf_california,f,0.1563377578023158,0.484420539261,Δo > Δ,1,7,1,12
25020690,edf_california,johnsonsu,0.0921328443721511,0.1923330444827409,Δo > Δ,1,50,1,1
25020690,edf_weibull,laplace_asymmetric,0.0937054693815117,0.1923330444827409,Δo > Δ,1,50,1,2
25020690,edf_adamowski,laplace_asymmetric,0.0939966749726591,0.1923330444827409,Δo > Δ,1,50,1,3
25020690,edf_chegodayev,laplace_asymmetric,0.0940556094375341,0.1923330444827409,Δo > Δ,1,50,1,4
25020690,edf_jenkinson,laplace_asymmetric,0.094067424405681,0.1923330444827409,Δo > Δ,1,50,1,5
25020690,edf_beard,laplace_asymmetric,0.094067424405681,0.1923330444827409,Δo > Δ,1,50,1,6
25020690,edf_filliben,laplace_asymmetric,0.0940762917896967,0.1923330444827409,Δo > Δ,1,50,1,7
25020690,edf_tukey,laplace_asymmetric,0.0940950291789406,0.1923330444827409,Δo > Δ,1,50,1,8
25020690,edf_blom,laplace_asymmetric,0.094144450944286,0.1923330444827409,Δo > Δ,1,50,1,9
25020690,edf_cunnane,laplace_asymmetric,0.0941741827632787,0.1923330444827409,Δo > Δ,1,50,1,10
25020690,edf_gringorten,laplace_asymmetric,0.0942218770619023,0.1923330444827409,Δo > Δ,1,50,1,11
25020690,edf_hazen,laplace_asymmetric,0.0942937046756294,0.1923330444827409,Δo > Δ,1,50,1,12
25020920,edf_adamowski,rice,0.0734223031223996,0.2050277143128792,Δo > Δ,1,44,1,1
25020920,edf_weibull,rice,0.0738115257222071,0.2050277143128792,Δo > Δ,1,44,1,2
25020920,edf_chegodayev,rice,0.0743586327104146,0.2050277143128792,Δo > Δ,1,44,1,3
25020920,edf_jenkinson,rice,0.0745464049802058,0.2050277143128792,Δo > Δ,1,44,1,4
25020920,edf_beard,rice,0.0745464049802058,0.2050277143128792,Δo > Δ,1,44,1,5
25020920,edf_filliben,rice,0.0746873452841401,0.2050277143128792,Δo > Δ,1,44,1,6
25020920,edf_tukey,rice,0.0749851991264547,0.2050277143128792,Δo > Δ,1,44,1,7
25020920,edf_blom,rice,0.0757710620889456,0.2050277143128792,Δo > Δ,1,44,1,8
25020920,edf_cunnane,rice,0.0762440022428429,0.2050277143128792,Δo > Δ,1,44,1,9
25020920,edf_california,halfnorm,0.0764664836602769,0.2050277143128792,Δo > Δ,1,44,1,10
25020920,edf_gringorten,rice,0.0770029361253435,0.2050277143128792,Δo > Δ,1,44,1,11
25020920,edf_hazen,kstwobign,0.0771441946018467,0.2050277143128792,Δo > Δ,1,44,1,12
25021240,edf_weibull,loginvgamma,0.0829282075990817,0.1904380914278093,Δo > Δ,1,51,1,1
25021240,edf_adamowski,loggamma,0.08514367904361,0.1904380914278093,Δo > Δ,1,51,1,2
25021240,edf_adamowski,loggamma,0.08514367904361,0.1904380914278093,Δo > Δ,1,51,1,3
25021240,edf_hazen,rayleigh,0.085595589405199,0.1904380914278093,Δo > Δ,1,51,1,4
25021240,edf_gringorten,rayleigh,0.0856578727561343,0.1904380914278093,Δo > Δ,1,51,1,5
25021240,edf_chegodayev,loggamma,0.0857103368955989,0.1904380914278093,Δo > Δ,1,51,1,6
25021240,edf_chegodayev,loggamma,0.0857103368955989,0.1904380914278093,Δo > Δ,1,51,1,7
25021240,edf_california,lognct,0.0857901299504713,0.1904380914278093,Δo > Δ,1,51,1,8
25021240,edf_beard,loggamma,0.085823933156313,0.1904380914278093,Δo > Δ,1,51,1,9
25021240,edf_beard,loggamma,0.085823933156313,0.1904380914278093,Δo > Δ,1,51,1,10
25021240,edf_jenkinson,loggamma,0.085823933156313,0.1904380914278093,Δo > Δ,1,51,1,11
25021240,edf_jenkinson,loggamma,0.085823933156313,0.1904380914278093,Δo > Δ,1,51,1,12
25021240,edf_filliben,loggamma,0.0859091884050334,0.1904380914278093,Δo > Δ,1,51,1,13
25021240,edf_filliben,loggamma,0.0859091884050334,0.1904380914278093,Δo > Δ,1,51,1,14
25021240,edf_cunnane,rayleigh,0.0860552221301563,0.1904380914278093,Δo > Δ,1,51,1,15
25021240,edf_tukey,loggamma,0.086089335329072,0.1904380914278093,Δo > Δ,1,51,1,16
25021240,edf_tukey,loggamma,0.086089335329072,0.1904380914278093,Δo > Δ,1,51,1,17
25021240,edf_blom,rayleigh,0.0863029355447905,0.1904380914278093,Δo > Δ,1,51,1,18
25021650,edf_weibull,logexponnorm,0.0728927265395659,0.2177742891749185,Δo > Δ,1,39,1,1
25021650,edf_adamowski,logexponnorm,0.0751079164129836,0.2177742891749185,Δo > Δ,1,39,1,2
25021650,edf_chegodayev,logexponnorm,0.0755577011588553,0.2177742891749185,Δo > Δ,1,39,1,3
25021650,edf_jenkinson,logexponnorm,0.0756479322277325,0.2177742891749185,Δo > Δ,1,39,1,4
25021650,edf_beard,logexponnorm,0.0756479322277325,0.2177742891749185,Δo > Δ,1,39,1,5
25021650,edf_filliben,logexponnorm,0.0757156656987175,0.2177742891749185,Δo > Δ,1,39,1,6
25021650,edf_tukey,logexponnorm,0.0758588282344812,0.2177742891749185,Δo > Δ,1,39,1,7
25021650,edf_blom,logexponnorm,0.0762366755841519,0.2177742891749185,Δo > Δ,1,39,1,8
25021650,edf_cunnane,logexponnorm,0.0764641551109945,0.2177742891749185,Δo > Δ,1,39,1,9
25021650,edf_gringorten,logexponnorm,0.0768293318565392,0.2177742891749185,Δo > Δ,1,39,1,10
25021650,edf_hazen,logexponnorm,0.0773799060267453,0.2177742891749185,Δo > Δ,1,39,1,11
25021650,edf_california,loggumbel_r,0.0845038250415569,0.2177742891749185,Δo > Δ,1,39,1,12
25025000,edf_hazen,mielke,0.0461017727092498,0.5865427407550001,Δo > Δ,1,5,1,1
25025000,edf_gringorten,mielke,0.0486196686171938,0.5865427407550001,Δo > Δ,1,5,1,2
25025000,edf_cunnane,mielke,0.0546292840018092,0.5865427407550001,Δo > Δ,1,5,1,3
25025000,edf_blom,mielke,0.0582922876648128,0.5865427407550001,Δo > Δ,1,5,1,4
25025000,edf_tukey,mielke,0.0642446686171938,0.5865427407550001,Δo > Δ,1,5,1,5
25025000,edf_filliben,mielke,0.0664580889340624,0.5865427407550001,Δo > Δ,1,5,1,6
25025000,edf_beard,mielke,0.067497456721283,0.5865427407550001,Δo > Δ,1,5,1,7
25025000,edf_jenkinson,mielke,0.067497456721283,0.5865427407550001,Δo > Δ,1,5,1,8
25025000,edf_chegodayev,mielke,0.0688742982468234,0.5865427407550001,Δo > Δ,1,5,1,9
25025000,edf_adamowski,mielke,0.0756083049808301,0.5865427407550001,Δo > Δ,1,5,1,10
25025000,edf_weibull,logmielke,0.1006779402670428,0.5865427407550001,Δo > Δ,1,5,1,11
25025000,edf_california,t,0.1134508541120433,0.5865427407550001,Δo > Δ,1,5,1,12
25025002,edf_blom,logcrystalball,0.0475831090793356,0.484420539261,Δo > Δ,1,7,1,1
25025002,edf_cunnane,logcrystalball,0.048307640718756,0.484420539261,Δo > Δ,1,7,1,2
25025002,edf_gringorten,loggenlogistic,0.0488566894982881,0.484420539261,Δo > Δ,1,7,1,3
25025002,edf_hazen,loggenlogistic,0.0488566894982881,0.484420539261,Δo > Δ,1,7,1,4
25025002,edf_tukey,loggenlogistic,0.0491060047368653,0.484420539261,Δo > Δ,1,7,1,5
25025002,edf_filliben,loggenlogistic,0.0508649382676928,0.484420539261,Δo > Δ,1,7,1,6
25025002,edf_beard,loggenlogistic,0.0516928487871238,0.484420539261,Δo > Δ,1,7,1,7
25025002,edf_jenkinson,loggenlogistic,0.0516928487871238,0.484420539261,Δo > Δ,1,7,1,8
25025002,edf_chegodayev,loggenlogistic,0.052791508422369,0.484420539261,Δo > Δ,1,7,1,9
25025002,edf_adamowski,nct,0.0559013359326088,0.484420539261,Δo > Δ,1,7,1,10
25025002,edf_california,t,0.0656678338590593,0.484420539261,Δo > Δ,1,7,1,11
25025002,edf_weibull,nct,0.0809013359326088,0.484420539261,Δo > Δ,1,7,1,12
25025030,edf_hazen,johnsonsu,0.0643392912193867,0.530385761606,Δo > Δ,1,6,1,1
25025030,edf_gringorten,johnsonsu,0.0659355363030661,0.530385761606,Δo > Δ,1,6,1,2
25025030,edf_cunnane,johnsonsu,0.0669897214179723,0.530385761606,Δo > Δ,1,6,1,3
25025030,edf_blom,johnsonsu,0.0676348827082949,0.530385761606,Δo > Δ,1,6,1,4
25025030,edf_tukey,johnsonsu,0.0686875142872422,0.530385761606,Δo > Δ,1,6,1,5
25025030,edf_filliben,johnsonsu,0.0690802872644614,0.530385761606,Δo > Δ,1,6,1,6
25025030,edf_beard,johnsonsu,0.0692649767521821,0.530385761606,Δo > Δ,1,6,1,7
25025030,edf_jenkinson,johnsonsu,0.0692649767521821,0.530385761606,Δo > Δ,1,6,1,8
25025030,edf_chegodayev,johnsonsu,0.0695098827082949,0.530385761606,Δo > Δ,1,6,1,9
25025030,edf_adamowski,invgauss,0.0714789222259733,0.530385761606,Δo > Δ,1,6,1,10
25025030,edf_weibull,logexponnorm,0.0911981063698127,0.530385761606,Δo > Δ,1,6,1,11
25025030,edf_california,logexponnorm,0.1329227503948812,0.530385761606,Δo > Δ,1,6,1,12
25025190,edf_hazen,t,0.1588500562177595,0.5865427407550001,Δo > Δ,1,5,1,1
25025190,edf_gringorten,t,0.1635375562177595,0.5865427407550001,Δo > Δ,1,5,1,2
25025190,edf_cunnane,t,0.1665423639100672,0.5865427407550001,Δo > Δ,1,5,1,3
25025190,edf_blom,t,0.168373865741569,0.5865427407550001,Δo > Δ,1,5,1,4
25025190,edf_tukey,t,0.1713500562177595,0.5865427407550001,Δo > Δ,1,5,1,5
25025190,edf_filliben,t,0.1724567663761938,0.5865427407550001,Δo > Δ,1,5,1,6
25025190,edf_beard,t,0.1729764502698041,0.5865427407550001,Δo > Δ,1,5,1,7
25025190,edf_jenkinson,t,0.1729764502698041,0.5865427407550001,Δo > Δ,1,5,1,8
25025190,edf_chegodayev,t,0.1736648710325743,0.5865427407550001,Δo > Δ,1,5,1,9
25025190,edf_adamowski,t,0.1770318743995777,0.5865427407550001,Δo > Δ,1,5,1,10
25025190,edf_weibull,t,0.1921833895510928,0.5865427407550001,Δo > Δ,1,5,1,11
25025190,edf_california,nakagami,0.1998792836609208,0.5865427407550001,Δo > Δ,1,5,1,12
25025240,edf_cunnane,fisk,0.0947932395723578,0.5865427407550001,Δo > Δ,1,5,1,1
25025240,edf_jenkinson,fisk,0.0947932395723578,0.5865427407550001,Δo > Δ,1,5,1,2
25025240,edf_filliben,fisk,0.0947932395723578,0.5865427407550001,Δo > Δ,1,5,1,3
25025240,edf_gringorten,fisk,0.0947932395723578,0.5865427407550001,Δo > Δ,1,5,1,4
25025240,edf_blom,fisk,0.0947932395723578,0.5865427407550001,Δo > Δ,1,5,1,5
25025240,edf_tukey,fisk,0.0947932395723578,0.5865427407550001,Δo > Δ,1,5,1,6
25025240,edf_chegodayev,fisk,0.0947932395723578,0.5865427407550001,Δo > Δ,1,5,1,7
25025240,edf_beard,fisk,0.0947932395723578,0.5865427407550001,Δo > Δ,1,5,1,8
25025240,edf_hazen,fisk,0.0947932395723578,0.5865427407550001,Δo > Δ,1,5,1,9
25025240,edf_adamowski,fisk,0.0966411465929334,0.5865427407550001,Δo > Δ,1,5,1,10
25025240,edf_weibull,fisk,0.1190066815179364,0.5865427407550001,Δo > Δ,1,5,1,11
25025240,edf_california,logmielke,0.1395660135478185,0.5865427407550001,Δo > Δ,1,5,1,12
25025250,edf_weibull,loggompertz,0.0539223117733079,0.2073980556523423,Δo > Δ,1,43,1,1
25025250,edf_california,pearson3,0.0563945784224972,0.2073980556523423,Δo > Δ,1,43,1,2
25025250,edf_adamowski,loggompertz,0.0564317804703421,0.2073980556523423,Δo > Δ,1,43,1,3
25025250,edf_chegodayev,loggompertz,0.057120376264611,0.2073980556523423,Δo > Δ,1,43,1,4
25025250,edf_jenkinson,loggompertz,0.0572584763893259,0.2073980556523423,Δo > Δ,1,43,1,5
25025250,edf_beard,loggompertz,0.0572584763893259,0.2073980556523423,Δo > Δ,1,43,1,6
25025250,edf_filliben,loggompertz,0.0573621350785793,0.2073980556523423,Δo > Δ,1,43,1,7
25025250,edf_tukey,loggompertz,0.0575812057576985,0.2073980556523423,Δo > Δ,1,43,1,8
25025250,edf_hazen,nakagami,0.0581528344585654,0.2073980556523423,Δo > Δ,1,43,1,9
25025250,edf_blom,loggompertz,0.0581592404397793,0.2073980556523423,Δo > Δ,1,43,1,10
25025250,edf_gringorten,nakagami,0.0584117117938548,0.2073980556523423,Δo > Δ,1,43,1,11
25025250,edf_cunnane,loggompertz,0.0585071316836244,0.2073980556523423,Δo > Δ,1,43,1,12
25025280,edf_hazen,johnsonsu,0.0768134221493113,0.5865427407550001,Δo > Δ,1,5,1,1
25025280,edf_gringorten,johnsonsu,0.0815009221493112,0.5865427407550001,Δo > Δ,1,5,1,2
25025280,edf_cunnane,johnsonsu,0.0845057298416189,0.5865427407550001,Δo > Δ,1,5,1,3
25025280,edf_blom,johnsonsu,0.0863372316731208,0.5865427407550001,Δo > Δ,1,5,1,4
25025280,edf_tukey,johnsonsu,0.0893134221493112,0.5865427407550001,Δo > Δ,1,5,1,5
25025280,edf_filliben,johnsonsu,0.0904201323077456,0.5865427407550001,Δo > Δ,1,5,1,6
25025280,edf_beard,johnsonsu,0.0909398162013558,0.5865427407550001,Δo > Δ,1,5,1,7
25025280,edf_jenkinson,johnsonsu,0.0909398162013558,0.5865427407550001,Δo > Δ,1,5,1,8
25025280,edf_chegodayev,johnsonsu,0.0916282369641261,0.5865427407550001,Δo > Δ,1,5,1,9
25025280,edf_adamowski,johnsonsu,0.0949952403311295,0.5865427407550001,Δo > Δ,1,5,1,10
25025280,edf_weibull,johnsonsu,0.1156604961253559,0.5865427407550001,Δo > Δ,1,5,1,11
25025280,edf_california,logt,0.1416671916911061,0.5865427407550001,Δo > Δ,1,5,1,12
25025330,edf_hazen,logbetaprime,0.0740916534548448,0.5865427407550001,Δo > Δ,1,5,1,1
25025330,edf_gringorten,logbetaprime,0.0787791534548447,0.5865427407550001,Δo > Δ,1,5,1,2
25025330,edf_cunnane,logbetaprime,0.0817839611471524,0.5865427407550001,Δo > Δ,1,5,1,3
25025330,edf_blom,logbetaprime,0.0836154629786543,0.5865427407550001,Δo > Δ,1,5,1,4
25025330,edf_tukey,logbetaprime,0.0865916534548447,0.5865427407550001,Δo > Δ,1,5,1,5
25025330,edf_filliben,logbetaprime,0.0876983636132791,0.5865427407550001,Δo > Δ,1,5,1,6
25025330,edf_beard,logbetaprime,0.0882180475068893,0.5865427407550001,Δo > Δ,1,5,1,7
25025330,edf_jenkinson,logbetaprime,0.0882180475068893,0.5865427407550001,Δo > Δ,1,5,1,8
25025330,edf_chegodayev,logbetaprime,0.0889064682696596,0.5865427407550001,Δo > Δ,1,5,1,9
25025330,edf_adamowski,logbetaprime,0.092273471636663,0.5865427407550001,Δo > Δ,1,5,1,10
25025330,edf_weibull,logbetaprime,0.1074249867881781,0.5865427407550001,Δo > Δ,1,5,1,11
25025330,edf_california,logkstwobign,0.1486985196077087,0.5865427407550001,Δo > Δ,1,5,1,12
25025340,edf_california,logt,0.1166960318779218,0.530385761606,Δo > Δ,1,6,1,1
25025340,edf_hazen,logt,0.1328663278948373,0.530385761606,Δo > Δ,1,6,1,2
25025340,edf_gringorten,logt,0.1377682886791511,0.530385761606,Δo > Δ,1,6,1,3
25025340,edf_cunnane,logt,0.1409308440238696,0.530385761606,Δo > Δ,1,6,1,4
25025340,edf_blom,logt,0.1428663278948373,0.530385761606,Δo > Δ,1,6,1,5
25025340,edf_tukey,logt,0.1460242226316794,0.530385761606,Δo > Δ,1,6,1,6
25025340,edf_filliben,logt,0.1472025415633369,0.530385761606,Δo > Δ,1,6,1,7
25025340,edf_jenkinson,logt,0.1477566100264986,0.530385761606,Δo > Δ,1,6,1,8
25025340,edf_beard,logt,0.1477566100264986,0.530385761606,Δo > Δ,1,6,1,9
25025340,edf_chegodayev,logt,0.1484913278948373,0.530385761606,Δo > Δ,1,6,1,10
25025340,edf_adamowski,logt,0.1520970971256066,0.530385761606,Δo > Δ,1,6,1,11
25025340,edf_weibull,fisk,0.1632252404894544,0.530385761606,Δo > Δ,1,6,1,12
25025350,edf_adamowski,loginvweibull,0.1164805087006454,0.5865427407550001,Δo > Δ,1,5,1,1
25025350,edf_hazen,logfisk,0.1174380953514753,0.5865427407550001,Δo > Δ,1,5,1,2
25025350,edf_weibull,loginvweibull,0.1188682887871286,0.5865427407550001,Δo > Δ,1,5,1,3
25025350,edf_chegodayev,loginvweibull,0.1198475120676488,0.5865427407550001,Δo > Δ,1,5,1,4
25025350,edf_jenkinson,loginvweibull,0.120535932830419,0.5865427407550001,Δo > Δ,1,5,1,5
25025350,edf_beard,loginvweibull,0.120535932830419,0.5865427407550001,Δo > Δ,1,5,1,6
25025350,edf_filliben,loginvweibull,0.1210556167240293,0.5865427407550001,Δo > Δ,1,5,1,7
25025350,edf_gringorten,logfisk,0.1221255953514752,0.5865427407550001,Δo > Δ,1,5,1,8
25025350,edf_tukey,loginvweibull,0.1221623268824636,0.5865427407550001,Δo > Δ,1,5,1,9
25025350,edf_cunnane,logfisk,0.1251304030437829,0.5865427407550001,Δo > Δ,1,5,1,10
25025350,edf_blom,loginvweibull,0.1251385173586541,0.5865427407550001,Δo > Δ,1,5,1,11
25025350,edf_california,loglaplace_asymmetric,0.1400353457442565,0.5865427407550001,Δo > Δ,1,5,1,12
25025360,edf_adamowski,exponnorm,0.0585884259791006,0.4472608134160001,Δo > Δ,1,8,1,1
25025360,edf_filliben,logmielke,0.0594330864086549,0.4472608134160001,Δo > Δ,1,8,1,2
25025360,edf_jenkinson,logmielke,0.0595400784070799,0.4472608134160001,Δo > Δ,1,8,1,3
25025360,edf_beard,logmielke,0.0595400784070799,0.4472608134160001,Δo > Δ,1,8,1,4
25025360,edf_chegodayev,logcrystalball,0.0595623312021904,0.4472608134160001,Δo > Δ,1,8,1,5
25025360,edf_tukey,loggenlogistic,0.0598517778603032,0.4472608134160001,Δo > Δ,1,8,1,6
25025360,edf_cunnane,logt,0.060636691782981,0.4472608134160001,Δo > Δ,1,8,1,7
25025360,edf_blom,logt,0.0610062409330181,0.4472608134160001,Δo > Δ,1,8,1,8
25025360,edf_gringorten,logjohnsonsu,0.0613201950201992,0.4472608134160001,Δo > Δ,1,8,1,9
25025360,edf_hazen,fisk,0.0622374489589746,0.4472608134160001,Δo > Δ,1,8,1,10
25025360,edf_weibull,nct,0.0739956894049042,0.4472608134160001,Δo > Δ,1,8,1,11
25025360,edf_california,loglaplace,0.1027551596791757,0.4472608134160001,Δo > Δ,1,8,1,12
25025380,edf_weibull,logfisk,0.120467823674589,0.484420539261,Δo > Δ,1,7,1,1
25025380,edf_hazen,fisk,0.1235327647362727,0.484420539261,Δo > Δ,1,7,1,2
25025380,edf_adamowski,logfisk,0.1248033242248349,0.484420539261,Δo > Δ,1,7,1,3
25025380,edf_gringorten,fisk,0.1259404693911685,0.484420539261,Δo > Δ,1,7,1,4
25025380,edf_chegodayev,logfisk,0.1266051260266367,0.484420539261,Δo > Δ,1,7,1,5
25025380,edf_beard,logfisk,0.1269713459050517,0.484420539261,Δo > Δ,1,7,1,6
25025380,edf_jenkinson,logfisk,0.1269713459050517,0.484420539261,Δo > Δ,1,7,1,7
25025380,edf_tukey,logpearson3,0.1271067940722176,0.484420539261,Δo > Δ,1,7,1,8
25025380,edf_filliben,logfisk,0.1272473160781954,0.484420539261,Δo > Δ,1,7,1,9
25025380,edf_cunnane,fisk,0.1275010187045268,0.484420539261,Δo > Δ,1,7,1,10
25025380,edf_blom,logpearson3,0.1279923908581136,0.484420539261,Δo > Δ,1,7,1,11
25025380,edf_california,laplace_asymmetric,0.1416981332746738,0.484420539261,Δo > Δ,1,7,1,12
25027020,edf_hazen,logalpha,0.0317177729624942,0.5865427407550001,Δo > Δ,1,5,1,1
25027020,edf_gringorten,logalpha,0.0410927729624942,0.5865427407550001,Δo > Δ,1,5,1,2
25027020,edf_cunnane,logalpha,0.0471023883471096,0.5865427407550001,Δo > Δ,1,5,1,3
25027020,edf_blom,logalpha,0.0507653920101133,0.5865427407550001,Δo > Δ,1,5,1,4
25027020,edf_tukey,logalpha,0.0567177729624942,0.5865427407550001,Δo > Δ,1,5,1,5
25027020,edf_filliben,logalpha,0.0589311932793628,0.5865427407550001,Δo > Δ,1,5,1,6
25027020,edf_beard,logalpha,0.0599705610665834,0.5865427407550001,Δo > Δ,1,5,1,7
25027020,edf_jenkinson,logalpha,0.0599705610665834,0.5865427407550001,Δo > Δ,1,5,1,8
25027020,edf_chegodayev,logalpha,0.0613474025921239,0.5865427407550001,Δo > Δ,1,5,1,9
25027020,edf_adamowski,logalpha,0.0680814093261306,0.5865427407550001,Δo > Δ,1,5,1,10
25027020,edf_california,t,0.0743104899928543,0.5865427407550001,Δo > Δ,1,5,1,11
25027020,edf_weibull,logalpha,0.0983844396291609,0.5865427407550001,Δo > Δ,1,5,1,12
25027050,edf_hazen,gumbel_l,0.0846673825287323,0.530385761606,Δo > Δ,1,6,1,1
25027050,edf_gringorten,gumbel_l,0.089569343313046,0.530385761606,Δo > Δ,1,6,1,2
25027050,edf_cunnane,gumbel_l,0.0927318986577646,0.530385761606,Δo > Δ,1,6,1,3
25027050,edf_blom,gumbel_l,0.0946673825287323,0.530385761606,Δo > Δ,1,6,1,4
25027050,edf_tukey,pearson3,0.0964805880511404,0.530385761606,Δo > Δ,1,6,1,5
25027050,edf_filliben,pearson3,0.0968733610283596,0.530385761606,Δo > Δ,1,6,1,6
25027050,edf_beard,pearson3,0.0970580505160803,0.530385761606,Δo > Δ,1,6,1,7
25027050,edf_jenkinson,pearson3,0.0970580505160803,0.530385761606,Δo > Δ,1,6,1,8
25027050,edf_chegodayev,pearson3,0.0973029564721931,0.530385761606,Δo > Δ,1,6,1,9
25027050,edf_adamowski,pearson3,0.0985048795491162,0.530385761606,Δo > Δ,1,6,1,10
25027050,edf_weibull,logpearson3,0.1025252461020579,0.530385761606,Δo > Δ,1,6,1,11
25027050,edf_california,alpha,0.1080253405724741,0.530385761606,Δo > Δ,1,6,1,12
25027180,edf_california,f,0.1366605020613873,0.5865427407550001,Δo > Δ,1,5,1,1
25027180,edf_hazen,loginvweibull,0.1412900799335373,0.5865427407550001,Δo > Δ,1,5,1,2
25027180,edf_adamowski,ncf,0.1439548464953397,0.5865427407550001,Δo > Δ,1,5,1,3
25027180,edf_jenkinson,ncf,0.1439548464953397,0.5865427407550001,Δo > Δ,1,5,1,4
25027180,edf_beard,ncf,0.1439548464953397,0.5865427407550001,Δo > Δ,1,5,1,5
25027180,edf_weibull,ncf,0.1439548464953397,0.5865427407550001,Δo > Δ,1,5,1,6
25027180,edf_chegodayev,ncf,0.1439548464953397,0.5865427407550001,Δo > Δ,1,5,1,7
25027180,edf_filliben,ncf,0.1445852970735434,0.5865427407550001,Δo > Δ,1,5,1,8
25027180,edf_gringorten,loginvweibull,0.1459775799335373,0.5865427407550001,Δo > Δ,1,5,1,9
25027180,edf_tukey,ncf,0.1467987173904119,0.5865427407550001,Δo > Δ,1,5,1,10
25027180,edf_cunnane,loginvweibull,0.148982387625845,0.5865427407550001,Δo > Δ,1,5,1,11
25027180,edf_blom,loginvweibull,0.1508138894573468,0.5865427407550001,Δo > Δ,1,5,1,12
25027270,edf_hazen,mielke,0.0897673880892936,0.5865427407550001,Δo > Δ,1,5,1,1
25027270,edf_gringorten,mielke,0.0944548880892936,0.5865427407550001,Δo > Δ,1,5,1,2
25027270,edf_cunnane,mielke,0.0974596957816013,0.5865427407550001,Δo > Δ,1,5,1,3
25027270,edf_blom,mielke,0.0992911976131031,0.5865427407550001,Δo > Δ,1,5,1,4
25027270,edf_tukey,mielke,0.1022673880892936,0.5865427407550001,Δo > Δ,1,5,1,5
25027270,edf_filliben,mielke,0.1033740982477278,0.5865427407550001,Δo > Δ,1,5,1,6
25027270,edf_beard,mielke,0.1038937821413382,0.5865427407550001,Δo > Δ,1,5,1,7
25027270,edf_jenkinson,mielke,0.1038937821413382,0.5865427407550001,Δo > Δ,1,5,1,8
25027270,edf_chegodayev,mielke,0.1045822029041083,0.5865427407550001,Δo > Δ,1,5,1,9
25027270,edf_adamowski,mielke,0.1079492062711117,0.5865427407550001,Δo > Δ,1,5,1,10
25027270,edf_weibull,weibull_min,0.1228285777685584,0.5865427407550001,Δo > Δ,1,5,1,11
25027270,edf_california,pearson3,0.1421846475032799,0.5865427407550001,Δo > Δ,1,5,1,12
25027770,edf_adamowski,loghalflogistic,0.0633734779043705,0.484420539261,Δo > Δ,1,7,1,1
25027770,edf_chegodayev,loghalflogistic,0.065041741995818,0.484420539261,Δo > Δ,1,7,1,2
25027770,edf_jenkinson,loghalflogistic,0.0654079618742331,0.484420539261,Δo > Δ,1,7,1,3
25027770,edf_beard,loghalflogistic,0.0654079618742331,0.484420539261,Δo > Δ,1,7,1,4
25027770,edf_filliben,loghalflogistic,0.0656839320473767,0.484420539261,Δo > Δ,1,7,1,5
25027770,edf_tukey,loghalflogistic,0.0662702432243192,0.484420539261,Δo > Δ,1,7,1,6
25027770,edf_blom,loghalflogistic,0.0678376413434416,0.484420539261,Δo > Δ,1,7,1,7
25027770,edf_cunnane,loghalflogistic,0.0687954957495717,0.484420539261,Δo > Δ,1,7,1,8
25027770,edf_gringorten,loghalflogistic,0.0715702484566135,0.484420539261,Δo > Δ,1,7,1,9
25027770,edf_hazen,loghalflogistic,0.0763856577664049,0.484420539261,Δo > Δ,1,7,1,10
25027770,edf_california,logt,0.0809342104985262,0.484420539261,Δo > Δ,1,7,1,11
25027770,edf_weibull,loghalflogistic,0.0883734779043705,0.484420539261,Δo > Δ,1,7,1,12
25027910,edf_hazen,logjohnsonsu,0.0366326404312566,0.5865427407550001,Δo > Δ,1,5,1,1
25027910,edf_gringorten,logjohnsonsu,0.0460076404312566,0.5865427407550001,Δo > Δ,1,5,1,2
25027910,edf_cunnane,logjohnsonsu,0.052017255815872,0.5865427407550001,Δo > Δ,1,5,1,3
25027910,edf_blom,logjohnsonsu,0.0556802594788757,0.5865427407550001,Δo > Δ,1,5,1,4
25027910,edf_tukey,logjohnsonsu,0.0616326404312566,0.5865427407550001,Δo > Δ,1,5,1,5
25027910,edf_filliben,logjohnsonsu,0.0638460607481252,0.5865427407550001,Δo > Δ,1,5,1,6
25027910,edf_beard,logjohnsonsu,0.0648854285353458,0.5865427407550001,Δo > Δ,1,5,1,7
25027910,edf_jenkinson,logjohnsonsu,0.0648854285353458,0.5865427407550001,Δo > Δ,1,5,1,8
25027910,edf_chegodayev,logjohnsonsu,0.0662622700608863,0.5865427407550001,Δo > Δ,1,5,1,9
25027910,edf_adamowski,logjohnsonsu,0.072996276794893,0.5865427407550001,Δo > Δ,1,5,1,10
25027910,edf_weibull,logjohnsonsu,0.1032993070979233,0.5865427407550001,Δo > Δ,1,5,1,11
25027910,edf_california,johnsonsu,0.1234133390781079,0.5865427407550001,Δo > Δ,1,5,1,12
26015010,edf_adamowski,logjohnsonsu,0.147156744235624,0.417612680231,Δo > Δ,1,9,1,1
26015010,edf_cunnane,logjohnsonsu,0.147156744235624,0.417612680231,Δo > Δ,1,9,1,2
26015010,edf_jenkinson,logjohnsonsu,0.147156744235624,0.417612680231,Δo > Δ,1,9,1,3
26015010,edf_filliben,logjohnsonsu,0.147156744235624,0.417612680231,Δo > Δ,1,9,1,4
26015010,edf_gringorten,logjohnsonsu,0.147156744235624,0.417612680231,Δo > Δ,1,9,1,5
26015010,edf_tukey,logjohnsonsu,0.147156744235624,0.417612680231,Δo > Δ,1,9,1,6
26015010,edf_blom,logjohnsonsu,0.147156744235624,0.417612680231,Δo > Δ,1,9,1,7
26015010,edf_chegodayev,logjohnsonsu,0.147156744235624,0.417612680231,Δo > Δ,1,9,1,8
26015010,edf_beard,logjohnsonsu,0.147156744235624,0.417612680231,Δo > Δ,1,9,1,9
26015010,edf_weibull,logjohnsonsu,0.147156744235624,0.417612680231,Δo > Δ,1,9,1,10
26015010,edf_hazen,logjohnsonsu,0.147156744235624,0.417612680231,Δo > Δ,1,9,1,11
26015010,edf_california,laplace_asymmetric,0.1522991562284558,0.417612680231,Δo > Δ,1,9,1,12
26015030,edf_chegodayev,maxwell,0.0595693346645364,0.4472608134160001,Δo > Δ,1,8,1,1
26015030,edf_jenkinson,maxwell,0.0602796426540807,0.4472608134160001,Δo > Δ,1,8,1,2
26015030,edf_beard,maxwell,0.0602796426540807,0.4472608134160001,Δo > Δ,1,8,1,3
26015030,edf_filliben,maxwell,0.060814602646206,0.4472608134160001,Δo > Δ,1,8,1,4
26015030,edf_blom,pearson3,0.0609819890560034,0.4472608134160001,Δo > Δ,1,8,1,5
26015030,edf_tukey,maxwell,0.0619502870454888,0.4472608134160001,Δo > Δ,1,8,1,6
26015030,edf_hazen,fisk,0.06266833118523,0.4472608134160001,Δo > Δ,1,8,1,7
26015030,edf_cunnane,pearson3,0.0628297348061883,0.4472608134160001,Δo > Δ,1,8,1,8
26015030,edf_adamowski,maxwell,0.0629262899115222,0.4472608134160001,Δo > Δ,1,8,1,9
26015030,edf_gringorten,exponnorm,0.063839222452008,0.4472608134160001,Δo > Δ,1,8,1,10
26015030,edf_weibull,loggenlogistic,0.0734698948673054,0.4472608134160001,Δo > Δ,1,8,1,11
26015030,edf_california,loglaplace_asymmetric,0.1021499097323774,0.4472608134160001,Δo > Δ,1,8,1,12
26015040,edf_cunnane,logmielke,0.1020188544656368,0.5865427407550001,Δo > Δ,1,5,1,1
26015040,edf_gringorten,logmielke,0.1020188544656368,0.5865427407550001,Δo > Δ,1,5,1,2
26015040,edf_blom,logmielke,0.1020188544656368,0.5865427407550001,Δo > Δ,1,5,1,3
26015040,edf_hazen,logmielke,0.1020188544656368,0.5865427407550001,Δo > Δ,1,5,1,4
26015040,edf_tukey,logmielke,0.1034304256236939,0.5865427407550001,Δo > Δ,1,5,1,5
26015040,edf_filliben,logmielke,0.1045371357821282,0.5865427407550001,Δo > Δ,1,5,1,6
26015040,edf_beard,logmielke,0.1050568196757386,0.5865427407550001,Δo > Δ,1,5,1,7
26015040,edf_jenkinson,logmielke,0.1050568196757386,0.5865427407550001,Δo > Δ,1,5,1,8
26015040,edf_chegodayev,logmielke,0.1057452404385087,0.5865427407550001,Δo > Δ,1,5,1,9
26015040,edf_adamowski,logmielke,0.1091122438055121,0.5865427407550001,Δo > Δ,1,5,1,10
26015040,edf_weibull,logwald,0.1187241961367043,0.5865427407550001,Δo > Δ,1,5,1,11
26015040,edf_california,logbetaprime,0.1392989341949833,0.5865427407550001,Δo > Δ,1,5,1,12
26015050,edf_weibull,logncf,0.1010494074795937,0.484420539261,Δo > Δ,1,7,1,1
26015050,edf_adamowski,logncf,0.1260494074795938,0.484420539261,Δo > Δ,1,7,1,2
26015050,edf_hazen,rayleigh,0.1298045152431908,0.484420539261,Δo > Δ,1,7,1,3
26015050,edf_chegodayev,logncf,0.1314548128849991,0.484420539261,Δo > Δ,1,7,1,4
26015050,edf_california,logkstwobign,0.1317349511573821,0.484420539261,Δo > Δ,1,7,1,5
26015050,edf_gringorten,rayleigh,0.1322122198980864,0.484420539261,Δo > Δ,1,7,1,6
26015050,edf_beard,logncf,0.1325534725202443,0.484420539261,Δo > Δ,1,7,1,7
26015050,edf_jenkinson,logncf,0.1325534725202443,0.484420539261,Δo > Δ,1,7,1,8
26015050,edf_filliben,logncf,0.1333813830396752,0.484420539261,Δo > Δ,1,7,1,9
26015050,edf_cunnane,rayleigh,0.1337727692114447,0.484420539261,Δo > Δ,1,7,1,10
26015050,edf_blom,rayleigh,0.134730623617575,0.484420539261,Δo > Δ,1,7,1,11
26015050,edf_tukey,logncf,0.1351403165705028,0.484420539261,Δo > Δ,1,7,1,12
26027200,edf_chegodayev,genlogistic,0.0721086937220292,0.5865427407550001,Δo > Δ,1,5,1,1
26027200,edf_jenkinson,genlogistic,0.0727971144847995,0.5865427407550001,Δo > Δ,1,5,1,2
26027200,edf_beard,genlogistic,0.0727971144847995,0.5865427407550001,Δo > Δ,1,5,1,3
26027200,edf_filliben,genlogistic,0.0733167983784097,0.5865427407550001,Δo > Δ,1,5,1,4
26027200,edf_tukey,genlogistic,0.0744235085368441,0.5865427407550001,Δo > Δ,1,5,1,5
26027200,edf_blom,laplace_asymmetric,0.0763786143897571,0.5865427407550001,Δo > Δ,1,5,1,6
26027200,edf_adamowski,genlogistic,0.0768929884032092,0.5865427407550001,Δo > Δ,1,5,1,7
26027200,edf_cunnane,laplace_asymmetric,0.0782101162212589,0.5865427407550001,Δo > Δ,1,5,1,8
26027200,edf_gringorten,laplace_asymmetric,0.0812149239135666,0.5865427407550001,Δo > Δ,1,5,1,9
26027200,edf_hazen,laplace_asymmetric,0.0859024239135666,0.5865427407550001,Δo > Δ,1,5,1,10
26027200,edf_weibull,genlogistic,0.1071960187062395,0.5865427407550001,Δo > Δ,1,5,1,11
26027200,edf_california,truncnorm,0.1452029502411559,0.5865427407550001,Δo > Δ,1,5,1,12
2604500039,edf_hazen,fisk,0.056787383307955,0.530385761606,Δo > Δ,1,6,1,1
2604500039,edf_gringorten,fisk,0.0608401404631843,0.530385761606,Δo > Δ,1,6,1,2
2604500039,edf_cunnane,fisk,0.0640026958079028,0.530385761606,Δo > Δ,1,6,1,3
2604500039,edf_blom,fisk,0.0659381796788705,0.530385761606,Δo > Δ,1,6,1,4
2604500039,edf_tukey,fisk,0.0690960744157126,0.530385761606,Δo > Δ,1,6,1,5
2604500039,edf_filliben,fisk,0.07027439334737,0.530385761606,Δo > Δ,1,6,1,6
2604500039,edf_beard,fisk,0.0709194885565473,0.530385761606,Δo > Δ,1,6,1,7
2604500039,edf_jenkinson,fisk,0.0709194885565473,0.530385761606,Δo > Δ,1,6,1,8
2604500039,edf_chegodayev,fisk,0.0721440183371115,0.530385761606,Δo > Δ,1,6,1,9
2604500039,edf_adamowski,fisk,0.0781536337217269,0.530385761606,Δo > Δ,1,6,1,10
2604500039,edf_weibull,halfnorm,0.1002281372431297,0.530385761606,Δo > Δ,1,6,1,11
2604500039,edf_california,logfatiguelife,0.1278137165040614,0.530385761606,Δo > Δ,1,6,1,12
2604500134,edf_california,logfatiguelife,0.1230685559290772,0.5865427407550001,Δo > Δ,1,5,1,1
2604500134,edf_hazen,lograyleigh,0.1353324717904642,0.5865427407550001,Δo > Δ,1,5,1,2
2604500134,edf_gringorten,lograyleigh,0.1400199717904642,0.5865427407550001,Δo > Δ,1,5,1,3
2604500134,edf_cunnane,lograyleigh,0.1430247794827719,0.5865427407550001,Δo > Δ,1,5,1,4
2604500134,edf_blom,lograyleigh,0.1448562813142737,0.5865427407550001,Δo > Δ,1,5,1,5
2604500134,edf_tukey,lograyleigh,0.1478324717904642,0.5865427407550001,Δo > Δ,1,5,1,6
2604500134,edf_filliben,lograyleigh,0.1489391819488985,0.5865427407550001,Δo > Δ,1,5,1,7
2604500134,edf_jenkinson,lograyleigh,0.1494588658425087,0.5865427407550001,Δo > Δ,1,5,1,8
2604500134,edf_beard,lograyleigh,0.1494588658425087,0.5865427407550001,Δo > Δ,1,5,1,9
2604500134,edf_chegodayev,lograyleigh,0.1501472866052791,0.5865427407550001,Δo > Δ,1,5,1,10
2604500134,edf_adamowski,halfnorm,0.1516949474494315,0.5865427407550001,Δo > Δ,1,5,1,11
2604500134,edf_weibull,halfnorm,0.1516949474494315,0.5865427407550001,Δo > Δ,1,5,1,12
26055100,edf_weibull,pearson3,0.1168688572011663,0.5865427407550001,Δo > Δ,1,5,1,1
26055100,edf_adamowski,pearson3,0.1283087704194594,0.5865427407550001,Δo > Δ,1,5,1,2
26055100,edf_jenkinson,logt,0.1291036955295043,0.5865427407550001,Δo > Δ,1,5,1,3
26055100,edf_cunnane,logt,0.1291036955295043,0.5865427407550001,Δo > Δ,1,5,1,4
26055100,edf_tukey,logt,0.1291036955295043,0.5865427407550001,Δo > Δ,1,5,1,5
26055100,edf_blom,logt,0.1291036955295043,0.5865427407550001,Δo > Δ,1,5,1,6
26055100,edf_chegodayev,logt,0.1291036955295043,0.5865427407550001,Δo > Δ,1,5,1,7
26055100,edf_filliben,logt,0.1291036955295043,0.5865427407550001,Δo > Δ,1,5,1,8
26055100,edf_beard,logt,0.1291036955295043,0.5865427407550001,Δo > Δ,1,5,1,9
26055100,edf_gringorten,logt,0.1337737455705352,0.5865427407550001,Δo > Δ,1,5,1,10
26055100,edf_hazen,logt,0.1431487455705353,0.5865427407550001,Δo > Δ,1,5,1,11
26055100,edf_california,laplace_asymmetric,0.1627545334152752,0.5865427407550001,Δo > Δ,1,5,1,12
26055110,edf_hazen,laplace_asymmetric,0.0703929048634133,0.4472608134160001,Δo > Δ,1,8,1,1
26055110,edf_gringorten,laplace_asymmetric,0.0750111314643985,0.4472608134160001,Δo > Δ,1,8,1,2
26055110,edf_adamowski,logjohnsonsu,0.0754617437254898,0.4472608134160001,Δo > Δ,1,8,1,3
26055110,edf_cunnane,laplace_asymmetric,0.0780148560829255,0.4472608134160001,Δo > Δ,1,8,1,4
26055110,edf_chegodayev,logjohnsonsu,0.0789631442857139,0.4472608134160001,Δo > Δ,1,8,1,5
26055110,edf_jenkinson,logjohnsonsu,0.0796734522752582,0.4472608134160001,Δo > Δ,1,8,1,6
26055110,edf_beard,logjohnsonsu,0.0796734522752582,0.4472608134160001,Δo > Δ,1,8,1,7
26055110,edf_blom,laplace_asymmetric,0.0798626018331102,0.4472608134160001,Δo > Δ,1,8,1,8
26055110,edf_filliben,logjohnsonsu,0.0802084122673836,0.4472608134160001,Δo > Δ,1,8,1,9
26055110,edf_tukey,logjohnsonsu,0.0813440966666664,0.4472608134160001,Δo > Δ,1,8,1,10
26055110,edf_weibull,logjohnsonsu,0.0905991042692927,0.4472608134160001,Δo > Δ,1,8,1,11
26055110,edf_california,loglaplace_asymmetric,0.131155952315456,0.4472608134160001,Δo > Δ,1,8,1,12
26055120,edf_hazen,johnsonsu,0.1356542924471914,0.417612680231,Δo > Δ,1,9,1,1
26055120,edf_gringorten,johnsonsu,0.137116280751285,0.417612680231,Δo > Δ,1,9,1,2
26055120,edf_cunnane,johnsonsu,0.1380697513843895,0.417612680231,Δo > Δ,1,9,1,3
26055120,edf_blom,johnsonsu,0.1386572954501944,0.417612680231,Δo > Δ,1,9,1,4
26055120,edf_tukey,johnsonsu,0.1396225464154454,0.417612680231,Δo > Δ,1,9,1,5
26055120,edf_filliben,johnsonsu,0.1399848376213031,0.417612680231,Δo > Δ,1,9,1,6
26055120,edf_beard,johnsonsu,0.1401555954559571,0.417612680231,Δo > Δ,1,9,1,7
26055120,edf_jenkinson,johnsonsu,0.1401555954559571,0.417612680231,Δo > Δ,1,9,1,8
26055120,edf_chegodayev,johnsonsu,0.1403824248348983,0.417612680231,Δo > Δ,1,9,1,9
26055120,edf_adamowski,johnsonsu,0.1415022456635657,0.417612680231,Δo > Δ,1,9,1,10
26055120,edf_weibull,johnsonsu,0.1467654035583026,0.417612680231,Δo > Δ,1,9,1,11
26055120,edf_california,laplace_asymmetric,0.1667171561607152,0.417612680231,Δo > Δ,1,9,1,12
26057030,edf_hazen,genexpon,0.1048453894231675,0.5865427407550001,Δo > Δ,1,5,1,1
26057030,edf_gringorten,genexpon,0.1095328894231675,0.5865427407550001,Δo > Δ,1,5,1,2
26057030,edf_cunnane,exponnorm,0.1148839441377572,0.5865427407550001,Δo > Δ,1,5,1,3
26057030,edf_blom,exponnorm,0.1178835696140044,0.5865427407550001,Δo > Δ,1,5,1,4
26057030,edf_filliben,halfnorm,0.1206783396695138,0.5865427407550001,Δo > Δ,1,5,1,5
26057030,edf_jenkinson,halfnorm,0.1206783396695138,0.5865427407550001,Δo > Δ,1,5,1,6
26057030,edf_tukey,halfnorm,0.1206783396695138,0.5865427407550001,Δo > Δ,1,5,1,7
26057030,edf_adamowski,halfnorm,0.1206783396695138,0.5865427407550001,Δo > Δ,1,5,1,8
26057030,edf_chegodayev,halfnorm,0.1206783396695138,0.5865427407550001,Δo > Δ,1,5,1,9
26057030,edf_beard,halfnorm,0.1206783396695138,0.5865427407550001,Δo > Δ,1,5,1,10
26057030,edf_weibull,halfnorm,0.1206783396695138,0.5865427407550001,Δo > Δ,1,5,1,11
26057030,edf_california,invgauss,0.1453357169834315,0.5865427407550001,Δo > Δ,1,5,1,12
26065501,edf_weibull,halflogistic,0.0958577158179032,0.484420539261,Δo > Δ,1,7,1,1
26065501,edf_adamowski,logt,0.0993946661865444,0.484420539261,Δo > Δ,1,7,1,2
26065501,edf_jenkinson,logt,0.0993946661865444,0.484420539261,Δo > Δ,1,7,1,3
26065501,edf_cunnane,logt,0.0993946661865444,0.484420539261,Δo > Δ,1,7,1,4
26065501,edf_gringorten,logt,0.0993946661865444,0.484420539261,Δo > Δ,1,7,1,5
26065501,edf_tukey,logt,0.0993946661865444,0.484420539261,Δo > Δ,1,7,1,6
26065501,edf_blom,logt,0.0993946661865444,0.484420539261,Δo > Δ,1,7,1,7
26065501,edf_filliben,logt,0.0993946661865444,0.484420539261,Δo > Δ,1,7,1,8
26065501,edf_chegodayev,logt,0.0993946661865444,0.484420539261,Δo > Δ,1,7,1,9
26065501,edf_beard,logt,0.0993946661865444,0.484420539261,Δo > Δ,1,7,1,10
26065501,edf_hazen,logt,0.1026460186367873,0.484420539261,Δo > Δ,1,7,1,11
26065501,edf_california,logbetaprime,0.1428173783539654,0.484420539261,Δo > Δ,1,7,1,12
26065502,edf_hazen,logjohnsonsu,0.0333751710269816,0.530385761606,Δo > Δ,1,6,1,1
26065502,edf_gringorten,pearson3,0.0380029901896173,0.530385761606,Δo > Δ,1,6,1,2
26065502,edf_cunnane,pearson3,0.0399913404634956,0.530385761606,Δo > Δ,1,6,1,3
26065502,edf_blom,pearson3,0.0432171469151085,0.530385761606,Δo > Δ,1,6,1,4
26065502,edf_tukey,logweibull_min,0.0478775310869161,0.530385761606,Δo > Δ,1,6,1,5
26065502,edf_filliben,logweibull_min,0.0498413959730119,0.530385761606,Δo > Δ,1,6,1,6
26065502,edf_beard,logweibull_min,0.050764843411615,0.530385761606,Δo > Δ,1,6,1,7
26065502,edf_jenkinson,logweibull_min,0.050764843411615,0.530385761606,Δo > Δ,1,6,1,8
26065502,edf_chegodayev,logweibull_min,0.0519893731921793,0.530385761606,Δo > Δ,1,6,1,9
26065502,edf_adamowski,logweibull_min,0.0579989885767947,0.530385761606,Δo > Δ,1,6,1,10
26065502,edf_weibull,lognct,0.0777894578750018,0.530385761606,Δo > Δ,1,6,1,11
26065502,edf_california,pearson3,0.1138039822630523,0.530385761606,Δo > Δ,1,6,1,12
26075120,edf_chegodayev,johnsonsu,0.072840287769185,0.4472608134160001,Δo > Δ,1,8,1,1
26075120,edf_adamowski,johnsonsu,0.0728927116102944,0.4472608134160001,Δo > Δ,1,8,1,2
26075120,edf_jenkinson,johnsonsu,0.0729823493670939,0.4472608134160001,Δo > Δ,1,8,1,3
26075120,edf_beard,johnsonsu,0.0729823493670939,0.4472608134160001,Δo > Δ,1,8,1,4
26075120,edf_filliben,johnsonsu,0.0730893413655189,0.4472608134160001,Δo > Δ,1,8,1,5
26075120,edf_tukey,johnsonsu,0.0733164782453755,0.4472608134160001,Δo > Δ,1,8,1,6
26075120,edf_blom,johnsonsu,0.0739225388514361,0.4472608134160001,Δo > Δ,1,8,1,7
26075120,edf_cunnane,johnsonsu,0.074292088001473,0.4472608134160001,Δo > Δ,1,8,1,8
26075120,edf_gringorten,johnsonsu,0.0748928329251784,0.4472608134160001,Δo > Δ,1,8,1,9
26075120,edf_hazen,johnsonsu,0.0758164782453755,0.4472608134160001,Δo > Δ,1,8,1,10
26075120,edf_weibull,logjohnsonsu,0.0819422019843381,0.4472608134160001,Δo > Δ,1,8,1,11
26075120,edf_california,nct,0.1077367686725624,0.4472608134160001,Δo > Δ,1,8,1,12
26075150,edf_hazen,logmielke,0.0980545147396886,0.5865427407550001,Δo > Δ,1,5,1,1
26075150,edf_gringorten,mielke,0.1042775282038196,0.5865427407550001,Δo > Δ,1,5,1,2
26075150,edf_cunnane,mielke,0.110287143588435,0.5865427407550001,Δo > Δ,1,5,1,3
26075150,edf_blom,mielke,0.1139501472514386,0.5865427407550001,Δo > Δ,1,5,1,4
26075150,edf_filliben,invgauss,0.1143105666646191,0.5865427407550001,Δo > Δ,1,5,1,5
26075150,edf_jenkinson,invgauss,0.1143105666646191,0.5865427407550001,Δo > Δ,1,5,1,6
26075150,edf_tukey,invgauss,0.1143105666646191,0.5865427407550001,Δo > Δ,1,5,1,7
26075150,edf_adamowski,invgauss,0.1143105666646191,0.5865427407550001,Δo > Δ,1,5,1,8
26075150,edf_chegodayev,invgauss,0.1143105666646191,0.5865427407550001,Δo > Δ,1,5,1,9
26075150,edf_beard,invgauss,0.1143105666646191,0.5865427407550001,Δo > Δ,1,5,1,10
26075150,edf_weibull,loginvgauss,0.13135230831478,0.5865427407550001,Δo > Δ,1,5,1,11
26075150,edf_california,loginvgauss,0.1470806037484822,0.5865427407550001,Δo > Δ,1,5,1,12
26075501,edf_hazen,loggenlogistic,0.0714539773945859,0.484420539261,Δo > Δ,1,7,1,1
26075501,edf_gringorten,logjohnsonsu,0.0758096412237456,0.484420539261,Δo > Δ,1,7,1,2
26075501,edf_blom,logloggamma,0.0780094507557591,0.484420539261,Δo > Δ,1,7,1,3
26075501,edf_cunnane,logjohnsonsu,0.0789307398504622,0.484420539261,Δo > Δ,1,7,1,4
26075501,edf_tukey,logloggamma,0.0809968796179935,0.484420539261,Δo > Δ,1,7,1,5
26075501,edf_filliben,logloggamma,0.0821695019718786,0.484420539261,Δo > Δ,1,7,1,6
26075501,edf_beard,logloggamma,0.082721442318166,0.484420539261,Δo > Δ,1,7,1,7
26075501,edf_jenkinson,logloggamma,0.082721442318166,0.484420539261,Δo > Δ,1,7,1,8
26075501,edf_chegodayev,logloggamma,0.083453882074996,0.484420539261,Δo > Δ,1,7,1,9
26075501,edf_adamowski,logloggamma,0.0870574856785996,0.484420539261,Δo > Δ,1,7,1,10
26075501,edf_weibull,logloggamma,0.1037241523452663,0.484420539261,Δo > Δ,1,7,1,11
26075501,edf_california,logalpha,0.1211413594225054,0.484420539261,Δo > Δ,1,7,1,12
26085160,edf_adamowski,exponnorm,0.081800639699798,0.5865427407550001,Δo > Δ,1,5,1,1
26085160,edf_chegodayev,exponnorm,0.0836568338787333,0.5865427407550001,Δo > Δ,1,5,1,2
26085160,edf_jenkinson,exponnorm,0.0843452546415035,0.5865427407550001,Δo > Δ,1,5,1,3
26085160,edf_beard,exponnorm,0.0843452546415035,0.5865427407550001,Δo > Δ,1,5,1,4
26085160,edf_filliben,exponnorm,0.0848649385351138,0.5865427407550001,Δo > Δ,1,5,1,5
26085160,edf_tukey,exponnorm,0.0859716486935481,0.5865427407550001,Δo > Δ,1,5,1,6
26085160,edf_blom,logweibull_min,0.0882023845580015,0.5865427407550001,Δo > Δ,1,5,1,7
26085160,edf_cunnane,logweibull_min,0.0882023845580015,0.5865427407550001,Δo > Δ,1,5,1,8
26085160,edf_gringorten,logweibull_min,0.0884322203078327,0.5865427407550001,Δo > Δ,1,5,1,9
26085160,edf_hazen,invgamma,0.0912198779442013,0.5865427407550001,Δo > Δ,1,5,1,10
26085160,edf_weibull,loggenlogistic,0.1021823829290791,0.5865427407550001,Δo > Δ,1,5,1,11
26085160,edf_california,ncf,0.1442465050751688,0.5865427407550001,Δo > Δ,1,5,1,12
26085170,edf_hazen,logjohnsonsu,0.0874912100010097,0.484420539261,Δo > Δ,1,7,1,1
26085170,edf_gringorten,logjohnsonsu,0.0923066193108011,0.484420539261,Δo > Δ,1,7,1,2
26085170,edf_cunnane,logjohnsonsu,0.0954277179375177,0.484420539261,Δo > Δ,1,7,1,3
26085170,edf_blom,logjohnsonsu,0.0973434267497782,0.484420539261,Δo > Δ,1,7,1,4
26085170,edf_tukey,logjohnsonsu,0.1004782229880227,0.484420539261,Δo > Δ,1,7,1,5
26085170,edf_filliben,logjohnsonsu,0.1016508453419078,0.484420539261,Δo > Δ,1,7,1,6
26085170,edf_beard,logjohnsonsu,0.1022027856881952,0.484420539261,Δo > Δ,1,7,1,7
26085170,edf_jenkinson,logjohnsonsu,0.1022027856881952,0.484420539261,Δo > Δ,1,7,1,8
26085170,edf_chegodayev,logjohnsonsu,0.1029352254450252,0.484420539261,Δo > Δ,1,7,1,9
26085170,edf_adamowski,logjohnsonsu,0.1065388290486288,0.484420539261,Δo > Δ,1,7,1,10
26085170,edf_weibull,logjohnsonsu,0.1232054957152954,0.484420539261,Δo > Δ,1,7,1,11
26085170,edf_california,logjohnsonsu,0.1589197814295812,0.484420539261,Δo > Δ,1,7,1,12
26085501,edf_hazen,weibull_min,0.0999999999999838,0.5865427407550001,Δo > Δ,1,5,1,1
26085501,edf_gringorten,weibull_min,0.1093749999999838,0.5865427407550001,Δo > Δ,1,5,1,2
26085501,edf_cunnane,weibull_min,0.1153846153845992,0.5865427407550001,Δo > Δ,1,5,1,3
26085501,edf_blom,weibull_min,0.1190476190476029,0.5865427407550001,Δo > Δ,1,5,1,4
26085501,edf_tukey,weibull_min,0.1249999999999838,0.5865427407550001,Δo > Δ,1,5,1,5
26085501,edf_filliben,weibull_min,0.1272134203168524,0.5865427407550001,Δo > Δ,1,5,1,6
26085501,edf_beard,weibull_min,0.1282527881040731,0.5865427407550001,Δo > Δ,1,5,1,7
26085501,edf_jenkinson,weibull_min,0.1282527881040731,0.5865427407550001,Δo > Δ,1,5,1,8
26085501,edf_chegodayev,weibull_min,0.1296296296296135,0.5865427407550001,Δo > Δ,1,5,1,9
26085501,edf_adamowski,weibull_min,0.1363636363636202,0.5865427407550001,Δo > Δ,1,5,1,10
26085501,edf_california,invgauss,0.1652336208582092,0.5865427407550001,Δo > Δ,1,5,1,11
26085501,edf_weibull,weibull_min,0.1666666666666505,0.5865427407550001,Δo > Δ,1,5,1,12
26095320,edf_hazen,logt,0.1174410748783292,0.5865427407550001,Δo > Δ,1,5,1,1
26095320,edf_gringorten,logt,0.1221285748783291,0.5865427407550001,Δo > Δ,1,5,1,2
26095320,edf_cunnane,logt,0.1251333825706369,0.5865427407550001,Δo > Δ,1,5,1,3
26095320,edf_blom,logt,0.1269648844021387,0.5865427407550001,Δo > Δ,1,5,1,4
26095320,edf_tukey,logt,0.1299410748783291,0.5865427407550001,Δo > Δ,1,5,1,5
26095320,edf_filliben,logt,0.1310477850367635,0.5865427407550001,Δo > Δ,1,5,1,6
26095320,edf_beard,logt,0.1315674689303737,0.5865427407550001,Δo > Δ,1,5,1,7
26095320,edf_jenkinson,logt,0.1315674689303737,0.5865427407550001,Δo > Δ,1,5,1,8
26095320,edf_chegodayev,logt,0.132255889693144,0.5865427407550001,Δo > Δ,1,5,1,9
26095320,edf_weibull,gumbel_l,0.1339069165099796,0.5865427407550001,Δo > Δ,1,5,1,10
26095320,edf_california,logt,0.1340515589827688,0.5865427407550001,Δo > Δ,1,5,1,11
26095320,edf_adamowski,logt,0.1356228930601474,0.5865427407550001,Δo > Δ,1,5,1,12
26105250,edf_hazen,logweibull_min,0.0698248959633995,0.5865427407550001,Δo > Δ,1,5,1,1
26105250,edf_gringorten,logweibull_min,0.0739934835194763,0.5865427407550001,Δo > Δ,1,5,1,2
26105250,edf_cunnane,nct,0.0763589205791702,0.5865427407550001,Δo > Δ,1,5,1,3
26105250,edf_blom,gamma,0.0776800271580615,0.5865427407550001,Δo > Δ,1,5,1,4
26105250,edf_tukey,erlang,0.0800100550467831,0.5865427407550001,Δo > Δ,1,5,1,5
26105250,edf_filliben,erlang,0.0811167652052174,0.5865427407550001,Δo > Δ,1,5,1,6
26105250,edf_beard,erlang,0.0816364490988277,0.5865427407550001,Δo > Δ,1,5,1,7
26105250,edf_jenkinson,erlang,0.0816364490988277,0.5865427407550001,Δo > Δ,1,5,1,8
26105250,edf_chegodayev,erlang,0.0823248698615979,0.5865427407550001,Δo > Δ,1,5,1,9
26105250,edf_adamowski,betaprime,0.0842266462584403,0.5865427407550001,Δo > Δ,1,5,1,10
26105250,edf_weibull,betaprime,0.0973291332957189,0.5865427407550001,Δo > Δ,1,5,1,11
26105250,edf_california,invgauss,0.1340100891067866,0.5865427407550001,Δo > Δ,1,5,1,12
26115090,edf_hazen,weibull_min,0.0812075210678096,0.4472608134160001,Δo > Δ,1,8,1,1
26115090,edf_gringorten,weibull_min,0.0839784570284006,0.4472608134160001,Δo > Δ,1,8,1,2
26115090,edf_adamowski,gumbel_l,0.0847689548926199,0.4472608134160001,Δo > Δ,1,8,1,3
26115090,edf_cunnane,weibull_min,0.0858494673903007,0.4472608134160001,Δo > Δ,1,8,1,4
26115090,edf_chegodayev,gumbel_l,0.0858940438076938,0.4472608134160001,Δo > Δ,1,8,1,5
26115090,edf_jenkinson,gumbel_l,0.0863202286014205,0.4472608134160001,Δo > Δ,1,8,1,6
26115090,edf_beard,gumbel_l,0.0863202286014205,0.4472608134160001,Δo > Δ,1,8,1,7
26115090,edf_filliben,gumbel_l,0.0866412045966957,0.4472608134160001,Δo > Δ,1,8,1,8
26115090,edf_tukey,gumbel_l,0.0873226152362653,0.4472608134160001,Δo > Δ,1,8,1,9
26115090,edf_blom,weibull_min,0.0876972131404855,0.4472608134160001,Δo > Δ,1,8,1,10
26115090,edf_weibull,pearson3,0.0900949484119786,0.4472608134160001,Δo > Δ,1,8,1,11
26115090,edf_california,mielke,0.1149893884060462,0.4472608134160001,Δo > Δ,1,8,1,12
26115501,edf_cunnane,johnsonsu,0.0442591998996199,0.484420539261,Δo > Δ,1,7,1,1
26115501,edf_gringorten,johnsonsu,0.0442591998996199,0.484420539261,Δo > Δ,1,7,1,2
26115501,edf_blom,johnsonsu,0.0442591998996199,0.484420539261,Δo > Δ,1,7,1,3
26115501,edf_hazen,johnsonsu,0.0442591998996199,0.484420539261,Δo > Δ,1,7,1,4
26115501,edf_tukey,johnsonsu,0.0452532829025384,0.484420539261,Δo > Δ,1,7,1,5
26115501,edf_filliben,johnsonsu,0.047012216433366,0.484420539261,Δo > Δ,1,7,1,6
26115501,edf_beard,johnsonsu,0.047840126952797,0.484420539261,Δo > Δ,1,7,1,7
26115501,edf_jenkinson,johnsonsu,0.047840126952797,0.484420539261,Δo > Δ,1,7,1,8
26115501,edf_chegodayev,johnsonsu,0.0489387865880421,0.484420539261,Δo > Δ,1,7,1,9
26115501,edf_adamowski,johnsonsu,0.0543441919934475,0.484420539261,Δo > Δ,1,7,1,10
26115501,edf_weibull,johnsonsu,0.0793441919934475,0.484420539261,Δo > Δ,1,7,1,11
26115501,edf_california,logt,0.0842999616969333,0.484420539261,Δo > Δ,1,7,1,12
2612500124,edf_hazen,norm,0.1146443967046601,0.530385761606,Δo > Δ,1,6,1,1
2612500124,edf_gringorten,norm,0.1195463574889738,0.530385761606,Δo > Δ,1,6,1,2
2612500124,edf_cunnane,norm,0.1227089128336924,0.530385761606,Δo > Δ,1,6,1,3
2612500124,edf_blom,norm,0.1246443967046601,0.530385761606,Δo > Δ,1,6,1,4
2612500124,edf_tukey,norm,0.1278022914415022,0.530385761606,Δo > Δ,1,6,1,5
2612500124,edf_filliben,norm,0.1289806103731597,0.530385761606,Δo > Δ,1,6,1,6
2612500124,edf_beard,norm,0.1295346788363215,0.530385761606,Δo > Δ,1,6,1,7
2612500124,edf_jenkinson,norm,0.1295346788363215,0.530385761606,Δo > Δ,1,6,1,8
2612500124,edf_chegodayev,norm,0.1302693967046601,0.530385761606,Δo > Δ,1,6,1,9
2612500124,edf_adamowski,norm,0.1338751659354293,0.530385761606,Δo > Δ,1,6,1,10
2612500124,edf_weibull,weibull_min,0.1492788367535897,0.530385761606,Δo > Δ,1,6,1,11
2612500124,edf_california,norm,0.1979777300379934,0.530385761606,Δo > Δ,1,6,1,12
2612500130,edf_weibull,fisk,0.1572742512244732,0.5865427407550001,Δo > Δ,1,5,1,1
2612500130,edf_adamowski,mielke,0.1576654587139431,0.5865427407550001,Δo > Δ,1,5,1,2
2612500130,edf_chegodayev,mielke,0.1610324620809465,0.5865427407550001,Δo > Δ,1,5,1,3
2612500130,edf_jenkinson,mielke,0.1617208828437166,0.5865427407550001,Δo > Δ,1,5,1,4
2612500130,edf_beard,mielke,0.1617208828437166,0.5865427407550001,Δo > Δ,1,5,1,5
2612500130,edf_filliben,mielke,0.162240566737327,0.5865427407550001,Δo > Δ,1,5,1,6
2612500130,edf_tukey,mielke,0.1633472768957612,0.5865427407550001,Δo > Δ,1,5,1,7
2612500130,edf_california,mielke,0.1642732940989998,0.5865427407550001,Δo > Δ,1,5,1,8
2612500130,edf_blom,mielke,0.1663234673719517,0.5865427407550001,Δo > Δ,1,5,1,9
2612500130,edf_cunnane,mielke,0.1681549692034535,0.5865427407550001,Δo > Δ,1,5,1,10
2612500130,edf_gringorten,mielke,0.1711597768957612,0.5865427407550001,Δo > Δ,1,5,1,11
2612500130,edf_hazen,mielke,0.1758472768957613,0.5865427407550001,Δo > Δ,1,5,1,12
26125061,edf_hazen,logmielke,0.0648072284947663,0.5865427407550001,Δo > Δ,1,5,1,1
26125061,edf_cunnane,alpha,0.0685455198130897,0.5865427407550001,Δo > Δ,1,5,1,2
26125061,edf_gringorten,alpha,0.0685455198130897,0.5865427407550001,Δo > Δ,1,5,1,3
26125061,edf_blom,alpha,0.0706439448350718,0.5865427407550001,Δo > Δ,1,5,1,4
26125061,edf_tukey,alpha,0.0765963257874527,0.5865427407550001,Δo > Δ,1,5,1,5
26125061,edf_filliben,logmielke,0.0784139386532006,0.5865427407550001,Δo > Δ,1,5,1,6
26125061,edf_beard,logmielke,0.0789336225468109,0.5865427407550001,Δo > Δ,1,5,1,7
26125061,edf_jenkinson,logmielke,0.0789336225468109,0.5865427407550001,Δo > Δ,1,5,1,8
26125061,edf_chegodayev,logmielke,0.079622043309581,0.5865427407550001,Δo > Δ,1,5,1,9
26125061,edf_adamowski,logmielke,0.0829890466765845,0.5865427407550001,Δo > Δ,1,5,1,10
26125061,edf_california,t,0.0901012321812155,0.5865427407550001,Δo > Δ,1,5,1,11
26125061,edf_weibull,logalpha,0.1044891391985864,0.5865427407550001,Δo > Δ,1,5,1,12
26125300,edf_hazen,logjohnsonsu,0.1373567823802874,0.417612680231,Δo > Δ,1,9,1,1
26125300,edf_gringorten,logjohnsonsu,0.1402807589884745,0.417612680231,Δo > Δ,1,9,1,2
26125300,edf_cunnane,logjohnsonsu,0.1421877002546835,0.417612680231,Δo > Δ,1,9,1,3
26125300,edf_blom,logjohnsonsu,0.1433627883862934,0.417612680231,Δo > Δ,1,9,1,4
26125300,edf_tukey,logjohnsonsu,0.1452932903167953,0.417612680231,Δo > Δ,1,9,1,5
26125300,edf_filliben,logjohnsonsu,0.1460178727285107,0.417612680231,Δo > Δ,1,9,1,6
26125300,edf_beard,logjohnsonsu,0.1463593883978187,0.417612680231,Δo > Δ,1,9,1,7
26125300,edf_jenkinson,logjohnsonsu,0.1463593883978187,0.417612680231,Δo > Δ,1,9,1,8
26125300,edf_chegodayev,logjohnsonsu,0.1468130471557011,0.417612680231,Δo > Δ,1,9,1,9
26125300,edf_adamowski,logjohnsonsu,0.1490526888130359,0.417612680231,Δo > Δ,1,9,1,10
26125300,edf_weibull,logjohnsonsu,0.1595790046025096,0.417612680231,Δo > Δ,1,9,1,11
26125300,edf_california,logpearson3,0.1624214240546238,0.417612680231,Δo > Δ,1,9,1,12
26125502,edf_hazen,logfisk,0.0295421780117137,0.5865427407550001,Δo > Δ,1,5,1,1
26125502,edf_gringorten,logfisk,0.0389171780117137,0.5865427407550001,Δo > Δ,1,5,1,2
26125502,edf_cunnane,logfisk,0.0449267933963291,0.5865427407550001,Δo > Δ,1,5,1,3
26125502,edf_blom,logfisk,0.0485897970593327,0.5865427407550001,Δo > Δ,1,5,1,4
26125502,edf_tukey,logfisk,0.0545421780117137,0.5865427407550001,Δo > Δ,1,5,1,5
26125502,edf_filliben,logfisk,0.0567555983285823,0.5865427407550001,Δo > Δ,1,5,1,6
26125502,edf_beard,logfisk,0.0577949661158029,0.5865427407550001,Δo > Δ,1,5,1,7
26125502,edf_jenkinson,logfisk,0.0577949661158029,0.5865427407550001,Δo > Δ,1,5,1,8
26125502,edf_chegodayev,logfisk,0.0591718076413433,0.5865427407550001,Δo > Δ,1,5,1,9
26125502,edf_adamowski,logfisk,0.06590581437535,0.5865427407550001,Δo > Δ,1,5,1,10
26125502,edf_weibull,loglaplace_asymmetric,0.0937164592621894,0.5865427407550001,Δo > Δ,1,5,1,11
26125502,edf_california,rayleigh,0.1196186865992688,0.5865427407550001,Δo > Δ,1,5,1,12
26125504,edf_blom,loghalfnorm,0.0451649620325219,0.484420539261,Δo > Δ,1,7,1,1
26125504,edf_cunnane,loghalfnorm,0.0461228164386522,0.484420539261,Δo > Δ,1,7,1,2
26125504,edf_hazen,logalpha,0.0470768836719457,0.484420539261,Δo > Δ,1,7,1,3
26125504,edf_gringorten,loghalfnorm,0.0476833657520105,0.484420539261,Δo > Δ,1,7,1,4
26125504,edf_tukey,loghalfnorm,0.0496247786127636,0.484420539261,Δo > Δ,1,7,1,5
26125504,edf_filliben,loghalfnorm,0.0513837121435911,0.484420539261,Δo > Δ,1,7,1,6
26125504,edf_beard,loghalfnorm,0.0522116226630221,0.484420539261,Δo > Δ,1,7,1,7
26125504,edf_jenkinson,loghalfnorm,0.0522116226630221,0.484420539261,Δo > Δ,1,7,1,8
26125504,edf_chegodayev,loghalfnorm,0.0533102822982672,0.484420539261,Δo > Δ,1,7,1,9
26125504,edf_adamowski,loghalfnorm,0.0587156877036726,0.484420539261,Δo > Δ,1,7,1,10
26125504,edf_weibull,invgauss,0.0814959548433495,0.484420539261,Δo > Δ,1,7,1,11
26125504,edf_california,fatiguelife,0.1038274439562348,0.484420539261,Δo > Δ,1,7,1,12
26125505,edf_hazen,genlogistic,0.0326078448781462,0.5865427407550001,Δo > Δ,1,5,1,1
26125505,edf_gringorten,laplace_asymmetric,0.0392350412253026,0.5865427407550001,Δo > Δ,1,5,1,2
26125505,edf_cunnane,laplace_asymmetric,0.0432363277912063,0.5865427407550001,Δo > Δ,1,5,1,3
26125505,edf_blom,laplace_asymmetric,0.0468993314542098,0.5865427407550001,Δo > Δ,1,5,1,4
26125505,edf_tukey,laplace_asymmetric,0.0528517124065908,0.5865427407550001,Δo > Δ,1,5,1,5
26125505,edf_filliben,laplace_asymmetric,0.0550651327234593,0.5865427407550001,Δo > Δ,1,5,1,6
26125505,edf_beard,laplace_asymmetric,0.0561045005106799,0.5865427407550001,Δo > Δ,1,5,1,7
26125505,edf_jenkinson,laplace_asymmetric,0.0561045005106799,0.5865427407550001,Δo > Δ,1,5,1,8
26125505,edf_chegodayev,laplace_asymmetric,0.0574813420362204,0.5865427407550001,Δo > Δ,1,5,1,9
26125505,edf_adamowski,laplace_asymmetric,0.0642153487702271,0.5865427407550001,Δo > Δ,1,5,1,10
26125505,edf_weibull,laplace_asymmetric,0.0945183790732574,0.5865427407550001,Δo > Δ,1,5,1,11
26125505,edf_california,genlogistic,0.1326078448781462,0.5865427407550001,Δo > Δ,1,5,1,12
26125506,edf_adamowski,logt,0.0851503828914153,0.484420539261,Δo > Δ,1,7,1,1
26125506,edf_jenkinson,logt,0.0851503828914153,0.484420539261,Δo > Δ,1,7,1,2
26125506,edf_filliben,logt,0.0851503828914153,0.484420539261,Δo > Δ,1,7,1,3
26125506,edf_tukey,logt,0.0851503828914153,0.484420539261,Δo > Δ,1,7,1,4
26125506,edf_chegodayev,logt,0.0851503828914153,0.484420539261,Δo > Δ,1,7,1,5
26125506,edf_blom,logt,0.0851503828914153,0.484420539261,Δo > Δ,1,7,1,6
26125506,edf_beard,logt,0.0851503828914153,0.484420539261,Δo > Δ,1,7,1,7
26125506,edf_cunnane,logt,0.0862075956320671,0.484420539261,Δo > Δ,1,7,1,8
26125506,edf_gringorten,logt,0.0893286942587837,0.484420539261,Δo > Δ,1,7,1,9
26125506,edf_hazen,logt,0.0941441035685751,0.484420539261,Δo > Δ,1,7,1,10
26125506,edf_weibull,logt,0.1029759496528547,0.484420539261,Δo > Δ,1,7,1,11
26125506,edf_california,logt,0.1655726749971465,0.484420539261,Δo > Δ,1,7,1,12
26125507,edf_hazen,johnsonsu,0.0465824730010756,0.5865427407550001,Δo > Δ,1,5,1,1
26125507,edf_gringorten,johnsonsu,0.0504567597266632,0.5865427407550001,Δo > Δ,1,5,1,2
26125507,edf_cunnane,johnsonsu,0.0564663751112786,0.5865427407550001,Δo > Δ,1,5,1,3
26125507,edf_blom,johnsonsu,0.0601293787742823,0.5865427407550001,Δo > Δ,1,5,1,4
26125507,edf_tukey,johnsonsu,0.0660817597266632,0.5865427407550001,Δo > Δ,1,5,1,5
26125507,edf_filliben,johnsonsu,0.0682951800435318,0.5865427407550001,Δo > Δ,1,5,1,6
26125507,edf_beard,johnsonsu,0.0693345478307524,0.5865427407550001,Δo > Δ,1,5,1,7
26125507,edf_jenkinson,johnsonsu,0.0693345478307524,0.5865427407550001,Δo > Δ,1,5,1,8
26125507,edf_chegodayev,johnsonsu,0.0707113893562929,0.5865427407550001,Δo > Δ,1,5,1,9
26125507,edf_adamowski,johnsonsu,0.0774453960902996,0.5865427407550001,Δo > Δ,1,5,1,10
26125507,edf_weibull,johnsonsu,0.1077484263933299,0.5865427407550001,Δo > Δ,1,5,1,11
26125507,edf_california,johnsonsu,0.1410817597266633,0.5865427407550001,Δo > Δ,1,5,1,12
26125508,edf_hazen,mielke,0.0061395006178113,0.484420539261,Δo > Δ,1,7,1,1
26125508,edf_gringorten,mielke,0.0133626145824984,0.484420539261,Δo > Δ,1,7,1,2
26125508,edf_cunnane,mielke,0.0180442625225732,0.484420539261,Δo > Δ,1,7,1,3
26125508,edf_blom,mielke,0.0209178257409641,0.484420539261,Δo > Δ,1,7,1,4
26125508,edf_tukey,mielke,0.0256200200983308,0.484420539261,Δo > Δ,1,7,1,5
26125508,edf_filliben,mielke,0.0273789536291585,0.484420539261,Δo > Δ,1,7,1,6
26125508,edf_beard,mielke,0.0282068641485895,0.484420539261,Δo > Δ,1,7,1,7
26125508,edf_jenkinson,mielke,0.0282068641485895,0.484420539261,Δo > Δ,1,7,1,8
26125508,edf_chegodayev,mielke,0.0293055237838345,0.484420539261,Δo > Δ,1,7,1,9
26125508,edf_adamowski,mielke,0.0347109291892399,0.484420539261,Δo > Δ,1,7,1,10
26125508,edf_weibull,mielke,0.0597109291892399,0.484420539261,Δo > Δ,1,7,1,11
26125508,edf_california,mielke,0.0775680720463828,0.484420539261,Δo > Δ,1,7,1,12
26125509,edf_weibull,logncf,0.1407954210007883,0.5865427407550001,Δo > Δ,1,5,1,1
26125509,edf_california,kstwobign,0.161337735518851,0.5865427407550001,Δo > Δ,1,5,1,2
26125509,edf_adamowski,logncf,0.1710984513038186,0.5865427407550001,Δo > Δ,1,5,1,3
26125509,edf_chegodayev,logncf,0.1778324580378253,0.5865427407550001,Δo > Δ,1,5,1,4
26125509,edf_filliben,logbetaprime,0.1788650037220664,0.5865427407550001,Δo > Δ,1,5,1,5
26125509,edf_gringorten,logbetaprime,0.1788650037220664,0.5865427407550001,Δo > Δ,1,5,1,6
26125509,edf_jenkinson,logbetaprime,0.1788650037220664,0.5865427407550001,Δo > Δ,1,5,1,7
26125509,edf_cunnane,logbetaprime,0.1788650037220664,0.5865427407550001,Δo > Δ,1,5,1,8
26125509,edf_blom,logbetaprime,0.1788650037220664,0.5865427407550001,Δo > Δ,1,5,1,9
26125509,edf_tukey,logbetaprime,0.1788650037220664,0.5865427407550001,Δo > Δ,1,5,1,10
26125509,edf_beard,logbetaprime,0.1788650037220664,0.5865427407550001,Δo > Δ,1,5,1,11
26125509,edf_hazen,logbetaprime,0.1788650037220664,0.5865427407550001,Δo > Δ,1,5,1,12
26125710,edf_gringorten,logjohnsonsu,0.0318446095168177,0.484420539261,Δo > Δ,1,7,1,1
26125710,edf_hazen,logjohnsonsu,0.0319830601731664,0.484420539261,Δo > Δ,1,7,1,2
26125710,edf_cunnane,logjohnsonsu,0.0365262574568926,0.484420539261,Δo > Δ,1,7,1,3
26125710,edf_blom,logjohnsonsu,0.0393998206752833,0.484420539261,Δo > Δ,1,7,1,4
26125710,edf_tukey,logjohnsonsu,0.0441020150326502,0.484420539261,Δo > Δ,1,7,1,5
26125710,edf_filliben,logjohnsonsu,0.0458609485634777,0.484420539261,Δo > Δ,1,7,1,6
26125710,edf_beard,logjohnsonsu,0.0466888590829087,0.484420539261,Δo > Δ,1,7,1,7
26125710,edf_jenkinson,logjohnsonsu,0.0466888590829087,0.484420539261,Δo > Δ,1,7,1,8
26125710,edf_chegodayev,logjohnsonsu,0.0477875187181539,0.484420539261,Δo > Δ,1,7,1,9
26125710,edf_adamowski,logjohnsonsu,0.0531929241235592,0.484420539261,Δo > Δ,1,7,1,10
26125710,edf_weibull,logjohnsonsu,0.0781929241235592,0.484420539261,Δo > Δ,1,7,1,11
26125710,edf_california,logjohnsonsu,0.1034116316017378,0.484420539261,Δo > Δ,1,7,1,12
26127010,edf_california,t,0.1128792397405705,0.530385761606,Δo > Δ,1,6,1,1
26127010,edf_gringorten,t,0.120394994440744,0.530385761606,Δo > Δ,1,6,1,2
26127010,edf_cunnane,t,0.1211273173870209,0.530385761606,Δo > Δ,1,6,1,3
26127010,edf_blom,t,0.1217724786773436,0.530385761606,Δo > Δ,1,6,1,4
26127010,edf_hazen,logfisk,0.122463843636798,0.530385761606,Δo > Δ,1,6,1,5
26127010,edf_tukey,t,0.1228251102562909,0.530385761606,Δo > Δ,1,6,1,6
26127010,edf_filliben,t,0.1232178832335101,0.530385761606,Δo > Δ,1,6,1,7
26127010,edf_jenkinson,t,0.1234025727212307,0.530385761606,Δo > Δ,1,6,1,8
26127010,edf_beard,t,0.1234025727212307,0.530385761606,Δo > Δ,1,6,1,9
26127010,edf_chegodayev,t,0.1236474786773436,0.530385761606,Δo > Δ,1,6,1,10
26127010,edf_weibull,wald,0.1239263240551086,0.530385761606,Δo > Δ,1,6,1,11
26127010,edf_adamowski,t,0.1248494017542667,0.530385761606,Δo > Δ,1,6,1,12
2613500126,edf_hazen,halfnorm,0.0471711549101115,0.530385761606,Δo > Δ,1,6,1,1
2613500126,edf_cunnane,logbetaprime,0.0489994646658552,0.530385761606,Δo > Δ,1,6,1,2
2613500126,edf_blom,logbetaprime,0.050934948536823,0.530385761606,Δo > Δ,1,6,1,3
2613500126,edf_gringorten,logbetaprime,0.0512638975442209,0.530385761606,Δo > Δ,1,6,1,4
2613500126,edf_tukey,logbetaprime,0.0540928432736651,0.530385761606,Δo > Δ,1,6,1,5
2613500126,edf_filliben,logbetaprime,0.0552711622053226,0.530385761606,Δo > Δ,1,6,1,6
2613500126,edf_beard,logbetaprime,0.0558252306684844,0.530385761606,Δo > Δ,1,6,1,7
2613500126,edf_jenkinson,logbetaprime,0.0558252306684844,0.530385761606,Δo > Δ,1,6,1,8
2613500126,edf_chegodayev,logbetaprime,0.056559948536823,0.530385761606,Δo > Δ,1,6,1,9
2613500126,edf_adamowski,logbetaprime,0.0601657177675922,0.530385761606,Δo > Δ,1,6,1,10
2613500126,edf_weibull,logbetaprime,0.0766492342511087,0.530385761606,Δo > Δ,1,6,1,11
2613500126,edf_california,logbetaprime,0.1242682818701563,0.530385761606,Δo > Δ,1,6,1,12
26135300,edf_hazen,weibull_min,0.1515249868589853,0.5865427407550001,Δo > Δ,1,5,1,1
26135300,edf_gringorten,weibull_min,0.1562124868589853,0.5865427407550001,Δo > Δ,1,5,1,2
26135300,edf_jenkinson,gumbel_l,0.1575460516279825,0.5865427407550001,Δo > Δ,1,5,1,3
26135300,edf_adamowski,gumbel_l,0.1575460516279825,0.5865427407550001,Δo > Δ,1,5,1,4
26135300,edf_filliben,gumbel_l,0.1575460516279825,0.5865427407550001,Δo > Δ,1,5,1,5
26135300,edf_tukey,gumbel_l,0.1575460516279825,0.5865427407550001,Δo > Δ,1,5,1,6
26135300,edf_blom,gumbel_l,0.1575460516279825,0.5865427407550001,Δo > Δ,1,5,1,7
26135300,edf_cunnane,gumbel_l,0.1575460516279825,0.5865427407550001,Δo > Δ,1,5,1,8
26135300,edf_chegodayev,gumbel_l,0.1575460516279825,0.5865427407550001,Δo > Δ,1,5,1,9
26135300,edf_beard,gumbel_l,0.1575460516279825,0.5865427407550001,Δo > Δ,1,5,1,10
26135300,edf_california,kstwobign,0.1670380732082526,0.5865427407550001,Δo > Δ,1,5,1,11
26135300,edf_weibull,lognct,0.1694247238430404,0.5865427407550001,Δo > Δ,1,5,1,12
26135320,edf_hazen,logjohnsonsu,0.071995213457975,0.484420539261,Δo > Δ,1,7,1,1
26135320,edf_gringorten,logjohnsonsu,0.0744029181128706,0.484420539261,Δo > Δ,1,7,1,2
26135320,edf_cunnane,logjohnsonsu,0.0759634674262289,0.484420539261,Δo > Δ,1,7,1,3
26135320,edf_blom,logjohnsonsu,0.0769213218323592,0.484420539261,Δo > Δ,1,7,1,4
26135320,edf_tukey,logjohnsonsu,0.0784887199514814,0.484420539261,Δo > Δ,1,7,1,5
26135320,edf_filliben,logjohnsonsu,0.079075031128424,0.484420539261,Δo > Δ,1,7,1,6
26135320,edf_beard,logjohnsonsu,0.0793510013015676,0.484420539261,Δo > Δ,1,7,1,7
26135320,edf_jenkinson,logjohnsonsu,0.0793510013015676,0.484420539261,Δo > Δ,1,7,1,8
26135320,edf_chegodayev,logjohnsonsu,0.0797172211799827,0.484420539261,Δo > Δ,1,7,1,9
26135320,edf_adamowski,logjohnsonsu,0.0828519168318955,0.484420539261,Δo > Δ,1,7,1,10
26135320,edf_weibull,logjohnsonsu,0.1078519168318955,0.484420539261,Δo > Δ,1,7,1,11
26135320,edf_california,logjohnsonsu,0.1434237848865464,0.484420539261,Δo > Δ,1,7,1,12
26135330,edf_hazen,gumbel_l,0.0704182246280169,0.5865427407550001,Δo > Δ,1,5,1,1
26135330,edf_gringorten,gumbel_l,0.074504750661935,0.5865427407550001,Δo > Δ,1,5,1,2
26135330,edf_cunnane,gumbel_l,0.0775095583542427,0.5865427407550001,Δo > Δ,1,5,1,3
26135330,edf_blom,gumbel_l,0.0793410601857446,0.5865427407550001,Δo > Δ,1,5,1,4
26135330,edf_filliben,pearson3,0.0822450932991477,0.5865427407550001,Δo > Δ,1,5,1,5
26135330,edf_jenkinson,pearson3,0.0822450932991477,0.5865427407550001,Δo > Δ,1,5,1,6
26135330,edf_tukey,pearson3,0.0822450932991477,0.5865427407550001,Δo > Δ,1,5,1,7
26135330,edf_adamowski,pearson3,0.0822450932991477,0.5865427407550001,Δo > Δ,1,5,1,8
26135330,edf_chegodayev,pearson3,0.0822450932991477,0.5865427407550001,Δo > Δ,1,5,1,9
26135330,edf_beard,pearson3,0.0822450932991477,0.5865427407550001,Δo > Δ,1,5,1,10
26135330,edf_weibull,gumbel_l,0.1084197326864569,0.5865427407550001,Δo > Δ,1,5,1,11
26135330,edf_california,mielke,0.1396927925972383,0.5865427407550001,Δo > Δ,1,5,1,12
26135501,edf_hazen,loglaplace_asymmetric,0.1154186171078885,0.530385761606,Δo > Δ,1,6,1,1
26135501,edf_gringorten,loglaplace_asymmetric,0.1203205778922022,0.530385761606,Δo > Δ,1,6,1,2
26135501,edf_cunnane,loglaplace_asymmetric,0.1234831332369207,0.530385761606,Δo > Δ,1,6,1,3
26135501,edf_blom,loglaplace_asymmetric,0.1254186171078885,0.530385761606,Δo > Δ,1,6,1,4
26135501,edf_tukey,loglaplace_asymmetric,0.1285765118447306,0.530385761606,Δo > Δ,1,6,1,5
26135501,edf_filliben,loglaplace_asymmetric,0.1297548307763881,0.530385761606,Δo > Δ,1,6,1,6
26135501,edf_beard,loglaplace_asymmetric,0.1303088992395499,0.530385761606,Δo > Δ,1,6,1,7
26135501,edf_jenkinson,loglaplace_asymmetric,0.1303088992395499,0.530385761606,Δo > Δ,1,6,1,8
26135501,edf_chegodayev,loglaplace_asymmetric,0.1310436171078885,0.530385761606,Δo > Δ,1,6,1,9
26135501,edf_adamowski,weibull_min,0.1317478589561565,0.530385761606,Δo > Δ,1,6,1,10
26135501,edf_weibull,weibull_min,0.1464026481703135,0.530385761606,Δo > Δ,1,6,1,11
26135501,edf_california,nakagami,0.166666454142742,0.530385761606,Δo > Δ,1,6,1,12
26135502,edf_weibull,mielke,0.0845455266217047,0.484420539261,Δo > Δ,1,7,1,1
26135502,edf_adamowski,mielke,0.0863491648708529,0.484420539261,Δo > Δ,1,7,1,2
26135502,edf_chegodayev,mielke,0.0896591958320168,0.484420539261,Δo > Δ,1,7,1,3
26135502,edf_jenkinson,mielke,0.0903916355888468,0.484420539261,Δo > Δ,1,7,1,4
26135502,edf_beard,mielke,0.0903916355888468,0.484420539261,Δo > Δ,1,7,1,5
26135502,edf_filliben,mielke,0.0909435759351341,0.484420539261,Δo > Δ,1,7,1,6
26135502,edf_tukey,mielke,0.0921161982890192,0.484420539261,Δo > Δ,1,7,1,7
26135502,edf_blom,mielke,0.0952509945272637,0.484420539261,Δo > Δ,1,7,1,8
26135502,edf_cunnane,mielke,0.0971667033395242,0.484420539261,Δo > Δ,1,7,1,9
26135502,edf_gringorten,mielke,0.1002878019662409,0.484420539261,Δo > Δ,1,7,1,10
26135502,edf_hazen,logfisk,0.1042279447107078,0.484420539261,Δo > Δ,1,7,1,11
26135502,edf_california,logmoyal,0.1400644505956811,0.484420539261,Δo > Δ,1,7,1,12
26135503,edf_hazen,fisk,0.0924275965753157,0.484420539261,Δo > Δ,1,7,1,1
26135503,edf_gringorten,fisk,0.0972430058851071,0.484420539261,Δo > Δ,1,7,1,2
26135503,edf_cunnane,fisk,0.1003641045118237,0.484420539261,Δo > Δ,1,7,1,3
26135503,edf_blom,fisk,0.1022798133240842,0.484420539261,Δo > Δ,1,7,1,4
26135503,edf_tukey,fisk,0.1054146095623287,0.484420539261,Δo > Δ,1,7,1,5
26135503,edf_filliben,fisk,0.1065872319162137,0.484420539261,Δo > Δ,1,7,1,6
26135503,edf_beard,fisk,0.1071391722625011,0.484420539261,Δo > Δ,1,7,1,7
26135503,edf_jenkinson,fisk,0.1071391722625011,0.484420539261,Δo > Δ,1,7,1,8
26135503,edf_chegodayev,fisk,0.1078716120193311,0.484420539261,Δo > Δ,1,7,1,9
26135503,edf_adamowski,lognakagami,0.1089206202030733,0.484420539261,Δo > Δ,1,7,1,10
26135503,edf_california,logfisk,0.122537356925514,0.484420539261,Δo > Δ,1,7,1,11
26135503,edf_weibull,lognakagami,0.1249999999969047,0.484420539261,Δo > Δ,1,7,1,12
26137220,edf_hazen,halfnorm,0.0941799153474526,0.5865427407550001,Δo > Δ,1,5,1,1
26137220,edf_gringorten,halfnorm,0.0988674153474526,0.5865427407550001,Δo > Δ,1,5,1,2
26137220,edf_cunnane,halfnorm,0.1018722230397603,0.5865427407550001,Δo > Δ,1,5,1,3
26137220,edf_blom,halfnorm,0.1037037248712621,0.5865427407550001,Δo > Δ,1,5,1,4
26137220,edf_tukey,halfnorm,0.1066799153474526,0.5865427407550001,Δo > Δ,1,5,1,5
26137220,edf_filliben,halfnorm,0.1077866255058868,0.5865427407550001,Δo > Δ,1,5,1,6
26137220,edf_beard,halfnorm,0.1083063093994972,0.5865427407550001,Δo > Δ,1,5,1,7
26137220,edf_jenkinson,halfnorm,0.1083063093994972,0.5865427407550001,Δo > Δ,1,5,1,8
26137220,edf_chegodayev,halfnorm,0.1089947301622673,0.5865427407550001,Δo > Δ,1,5,1,9
26137220,edf_adamowski,halfnorm,0.1123617335292707,0.5865427407550001,Δo > Δ,1,5,1,10
26137220,edf_weibull,halfnorm,0.1275132486807859,0.5865427407550001,Δo > Δ,1,5,1,11
26137220,edf_california,loglaplace_asymmetric,0.1429762853927454,0.5865427407550001,Δo > Δ,1,5,1,12
2614500112,edf_tukey,alpha,0.0894531563761699,0.5865427407550001,Δo > Δ,1,5,1,1
2614500112,edf_blom,alpha,0.0898875643244515,0.5865427407550001,Δo > Δ,1,5,1,2
2614500112,edf_filliben,alpha,0.0905598665346042,0.5865427407550001,Δo > Δ,1,5,1,3
2614500112,edf_jenkinson,alpha,0.0910795504282144,0.5865427407550001,Δo > Δ,1,5,1,4
2614500112,edf_beard,alpha,0.0910795504282144,0.5865427407550001,Δo > Δ,1,5,1,5
2614500112,edf_cunnane,alpha,0.0917190661559533,0.5865427407550001,Δo > Δ,1,5,1,6
2614500112,edf_chegodayev,alpha,0.0917679711909847,0.5865427407550001,Δo > Δ,1,5,1,7
2614500112,edf_gringorten,alpha,0.094723873848261,0.5865427407550001,Δo > Δ,1,5,1,8
2614500112,edf_adamowski,alpha,0.0951349745579881,0.5865427407550001,Δo > Δ,1,5,1,9
2614500112,edf_hazen,invweibull,0.096968413867494,0.5865427407550001,Δo > Δ,1,5,1,10
2614500112,edf_weibull,alpha,0.1102864897095032,0.5865427407550001,Δo > Δ,1,5,1,11
2614500112,edf_california,alpha,0.1517376716844422,0.5865427407550001,Δo > Δ,1,5,1,12
26145090,edf_hazen,genlogistic,0.1037710865174762,0.4472608134160001,Δo > Δ,1,8,1,1
26145090,edf_gringorten,genlogistic,0.1065420224780674,0.4472608134160001,Δo > Δ,1,8,1,2
26145090,edf_cunnane,genlogistic,0.1083442572491835,0.4472608134160001,Δo > Δ,1,8,1,3
26145090,edf_blom,genlogistic,0.1094529046992943,0.4472608134160001,Δo > Δ,1,8,1,4
26145090,edf_tukey,genlogistic,0.1112710865174762,0.4472608134160001,Δo > Δ,1,8,1,5
26145090,edf_filliben,genlogistic,0.1119524971570458,0.4472608134160001,Δo > Δ,1,8,1,6
26145090,edf_beard,genlogistic,0.112273473152321,0.4472608134160001,Δo > Δ,1,8,1,7
26145090,edf_jenkinson,genlogistic,0.112273473152321,0.4472608134160001,Δo > Δ,1,8,1,8
26145090,edf_chegodayev,genlogistic,0.1126996579460476,0.4472608134160001,Δo > Δ,1,8,1,9
26145090,edf_adamowski,genlogistic,0.1148004982821821,0.4472608134160001,Δo > Δ,1,8,1,10
26145090,edf_weibull,genlogistic,0.1246044198508095,0.4472608134160001,Δo > Δ,1,8,1,11
26145090,edf_california,johnsonsu,0.157825559642538,0.4472608134160001,Δo > Δ,1,8,1,12
26145501,edf_weibull,logncf,0.0860653424692539,0.5865427407550001,Δo > Δ,1,5,1,1
26145501,edf_hazen,nakagami,0.1049241306156987,0.5865427407550001,Δo > Δ,1,5,1,2
26145501,edf_adamowski,logncf,0.1073641198327387,0.5865427407550001,Δo > Δ,1,5,1,3
26145501,edf_gringorten,nakagami,0.1093746015469771,0.5865427407550001,Δo > Δ,1,5,1,4
26145501,edf_chegodayev,logncf,0.1140981265667454,0.5865427407550001,Δo > Δ,1,5,1,5
26145501,edf_cunnane,nakagami,0.1153842169315924,0.5865427407550001,Δo > Δ,1,5,1,6
26145501,edf_jenkinson,logncf,0.1154749680922858,0.5865427407550001,Δo > Δ,1,5,1,7
26145501,edf_beard,logncf,0.1154749680922858,0.5865427407550001,Δo > Δ,1,5,1,8
26145501,edf_filliben,logncf,0.1165143358795064,0.5865427407550001,Δo > Δ,1,5,1,9
26145501,edf_tukey,logncf,0.118727756196375,0.5865427407550001,Δo > Δ,1,5,1,10
26145501,edf_blom,nakagami,0.1190472205945961,0.5865427407550001,Δo > Δ,1,5,1,11
26145501,edf_california,loginvgauss,0.1423524502141681,0.5865427407550001,Δo > Δ,1,5,1,12
26145503,edf_hazen,weibull_min,0.0500902457628618,0.530385761606,Δo > Δ,1,6,1,1
26145503,edf_gringorten,weibull_min,0.0551441200151063,0.530385761606,Δo > Δ,1,6,1,2
26145503,edf_cunnane,logrice,0.0596877323518332,0.530385761606,Δo > Δ,1,6,1,3
26145503,edf_blom,rayleigh,0.0604782126413223,0.530385761606,Δo > Δ,1,6,1,4
26145503,edf_tukey,genlogistic,0.0618712906078756,0.530385761606,Δo > Δ,1,6,1,5
26145503,edf_filliben,genlogistic,0.0622640635850948,0.530385761606,Δo > Δ,1,6,1,6
26145503,edf_beard,genlogistic,0.0624487530728155,0.530385761606,Δo > Δ,1,6,1,7
26145503,edf_jenkinson,genlogistic,0.0624487530728155,0.530385761606,Δo > Δ,1,6,1,8
26145503,edf_chegodayev,genlogistic,0.0626936590289283,0.530385761606,Δo > Δ,1,6,1,9
26145503,edf_adamowski,nct,0.0665515329911707,0.530385761606,Δo > Δ,1,6,1,10
26145503,edf_weibull,lognct,0.0683259532737544,0.530385761606,Δo > Δ,1,6,1,11
26145503,edf_california,laplace_asymmetric,0.1161721347469579,0.530385761606,Δo > Δ,1,6,1,12
26145504,edf_chegodayev,logweibull_min,0.1072672200297584,0.484420539261,Δo > Δ,1,7,1,1
26145504,edf_adamowski,logweibull_min,0.1078801180661997,0.484420539261,Δo > Δ,1,7,1,2
26145504,edf_jenkinson,logweibull_min,0.1083658796650035,0.484420539261,Δo > Δ,1,7,1,3
26145504,edf_beard,logweibull_min,0.1083658796650035,0.484420539261,Δo > Δ,1,7,1,4
26145504,edf_filliben,logweibull_min,0.1091937901844345,0.484420539261,Δo > Δ,1,7,1,5
26145504,edf_tukey,logweibull_min,0.1109527237152621,0.484420539261,Δo > Δ,1,7,1,6
26145504,edf_blom,logweibull_min,0.1156549180726289,0.484420539261,Δo > Δ,1,7,1,7
26145504,edf_cunnane,logweibull_min,0.1185284812910196,0.484420539261,Δo > Δ,1,7,1,8
26145504,edf_gringorten,logweibull_min,0.1232101292310945,0.484420539261,Δo > Δ,1,7,1,9
26145504,edf_weibull,lognakagami,0.1249854316804597,0.484420539261,Δo > Δ,1,7,1,10
26145504,edf_hazen,logweibull_min,0.1304332431957816,0.484420539261,Δo > Δ,1,7,1,11
26145504,edf_california,logpareto,0.1467355539405505,0.484420539261,Δo > Δ,1,7,1,12
26145505,edf_gringorten,logloggamma,0.0753543654721027,0.530385761606,Δo > Δ,1,6,1,1
26145505,edf_hazen,logloggamma,0.0769883524002073,0.530385761606,Δo > Δ,1,6,1,2
26145505,edf_cunnane,logloggamma,0.0772291598566081,0.530385761606,Δo > Δ,1,6,1,3
26145505,edf_blom,logloggamma,0.0791646437275759,0.530385761606,Δo > Δ,1,6,1,4
26145505,edf_tukey,logloggamma,0.082322538464418,0.530385761606,Δo > Δ,1,6,1,5
26145505,edf_filliben,logloggamma,0.0835008573960755,0.530385761606,Δo > Δ,1,6,1,6
26145505,edf_beard,logloggamma,0.0840549258592373,0.530385761606,Δo > Δ,1,6,1,7
26145505,edf_jenkinson,logloggamma,0.0840549258592373,0.530385761606,Δo > Δ,1,6,1,8
26145505,edf_chegodayev,logloggamma,0.0847896437275759,0.530385761606,Δo > Δ,1,6,1,9
26145505,edf_adamowski,logloggamma,0.0883954129583451,0.530385761606,Δo > Δ,1,6,1,10
26145505,edf_weibull,logloggamma,0.1048789294418616,0.530385761606,Δo > Δ,1,6,1,11
26145505,edf_california,logerlang,0.1250150771858749,0.530385761606,Δo > Δ,1,6,1,12
26145506,edf_hazen,fisk,0.0729165587561174,0.5865427407550001,Δo > Δ,1,5,1,1
26145506,edf_gringorten,fisk,0.0741645146225066,0.5865427407550001,Δo > Δ,1,5,1,2
26145506,edf_cunnane,pearson3,0.0781625256740852,0.5865427407550001,Δo > Δ,1,5,1,3
26145506,edf_chegodayev,logpearson3,0.0797991580041541,0.5865427407550001,Δo > Δ,1,5,1,4
26145506,edf_blom,pearson3,0.079994027505587,0.5865427407550001,Δo > Δ,1,5,1,5
26145506,edf_jenkinson,logpearson3,0.0802785647163624,0.5865427407550001,Δo > Δ,1,5,1,6
26145506,edf_beard,logpearson3,0.0802785647163624,0.5865427407550001,Δo > Δ,1,5,1,7
26145506,edf_filliben,logpearson3,0.0807982486099728,0.5865427407550001,Δo > Δ,1,5,1,8
26145506,edf_tukey,logpearson3,0.081904958768407,0.5865427407550001,Δo > Δ,1,5,1,9
26145506,edf_adamowski,logpearson3,0.083489386663053,0.5865427407550001,Δo > Δ,1,5,1,10
26145506,edf_weibull,pearson3,0.1124481237726378,0.5865427407550001,Δo > Δ,1,5,1,11
26145506,edf_california,ncf,0.1430607556025519,0.5865427407550001,Δo > Δ,1,5,1,12
26145507,edf_gringorten,logexponnorm,0.0488902251836669,0.5865427407550001,Δo > Δ,1,5,1,1
26145507,edf_cunnane,logexponnorm,0.0506115095194282,0.5865427407550001,Δo > Δ,1,5,1,2
26145507,edf_hazen,logfisk,0.0531670565224267,0.5865427407550001,Δo > Δ,1,5,1,3
26145507,edf_blom,logexponnorm,0.0542745131824319,0.5865427407550001,Δo > Δ,1,5,1,4
26145507,edf_adamowski,logbetaprime,0.0588505525464809,0.5865427407550001,Δo > Δ,1,5,1,5
26145507,edf_tukey,logexponnorm,0.0602268941348128,0.5865427407550001,Δo > Δ,1,5,1,6
26145507,edf_chegodayev,logbetaprime,0.0622175559134843,0.5865427407550001,Δo > Δ,1,5,1,7
26145507,edf_filliben,logexponnorm,0.0624403144516814,0.5865427407550001,Δo > Δ,1,5,1,8
26145507,edf_weibull,logbetaprime,0.0629014864569055,0.5865427407550001,Δo > Δ,1,5,1,9
26145507,edf_jenkinson,logbetaprime,0.0629059766762544,0.5865427407550001,Δo > Δ,1,5,1,10
26145507,edf_beard,logbetaprime,0.0629059766762544,0.5865427407550001,Δo > Δ,1,5,1,11
26145507,edf_california,logfatiguelife,0.1482806249080691,0.5865427407550001,Δo > Δ,1,5,1,12
26147140,edf_adamowski,logfisk,0.1222853206346586,0.5865427407550001,Δo > Δ,1,5,1,1
26147140,edf_chegodayev,logfisk,0.1256523240016621,0.5865427407550001,Δo > Δ,1,5,1,2
26147140,edf_jenkinson,logfisk,0.1263407447644322,0.5865427407550001,Δo > Δ,1,5,1,3
26147140,edf_beard,logfisk,0.1263407447644322,0.5865427407550001,Δo > Δ,1,5,1,4
26147140,edf_filliben,logfisk,0.1268604286580426,0.5865427407550001,Δo > Δ,1,5,1,5
26147140,edf_tukey,logfisk,0.1279671388164768,0.5865427407550001,Δo > Δ,1,5,1,6
26147140,edf_blom,logfisk,0.1309433292926673,0.5865427407550001,Δo > Δ,1,5,1,7
26147140,edf_cunnane,loggumbel_l,0.132013254601137,0.5865427407550001,Δo > Δ,1,5,1,8
26147140,edf_gringorten,loggumbel_l,0.1332193733005783,0.5865427407550001,Δo > Δ,1,5,1,9
26147140,edf_hazen,loggumbel_l,0.1379068733005783,0.5865427407550001,Δo > Δ,1,5,1,10
26147140,edf_weibull,logfisk,0.1400990398249211,0.5865427407550001,Δo > Δ,1,5,1,11
26147140,edf_california,kstwobign,0.1544068564123895,0.5865427407550001,Δo > Δ,1,5,1,12
2615500122,edf_hazen,halfnorm,0.1029182218501595,0.5865427407550001,Δo > Δ,1,5,1,1
2615500122,edf_gringorten,halfnorm,0.1076057218501595,0.5865427407550001,Δo > Δ,1,5,1,2
2615500122,edf_weibull,logncf,0.1082999747761662,0.5865427407550001,Δo > Δ,1,5,1,3
2615500122,edf_cunnane,halfnorm,0.1106105295424672,0.5865427407550001,Δo > Δ,1,5,1,4
2615500122,edf_blom,halfnorm,0.112442031373969,0.5865427407550001,Δo > Δ,1,5,1,5
2615500122,edf_tukey,halfnorm,0.1154182218501595,0.5865427407550001,Δo > Δ,1,5,1,6
2615500122,edf_filliben,halfnorm,0.1165249320085937,0.5865427407550001,Δo > Δ,1,5,1,7
2615500122,edf_jenkinson,halfnorm,0.1170446159022041,0.5865427407550001,Δo > Δ,1,5,1,8
2615500122,edf_beard,halfnorm,0.1170446159022041,0.5865427407550001,Δo > Δ,1,5,1,9
2615500122,edf_chegodayev,halfnorm,0.1177330366649742,0.5865427407550001,Δo > Δ,1,5,1,10
2615500122,edf_adamowski,halfnorm,0.1211000400319776,0.5865427407550001,Δo > Δ,1,5,1,11
2615500122,edf_california,invgauss,0.1435497448593205,0.5865427407550001,Δo > Δ,1,5,1,12
26155150,edf_blom,logweibull_min,0.1208246505612907,0.5865427407550001,Δo > Δ,1,5,1,1
26155150,edf_cunnane,logweibull_min,0.1244876542242943,0.5865427407550001,Δo > Δ,1,5,1,2
26155150,edf_tukey,logweibull_min,0.1249977838064346,0.5865427407550001,Δo > Δ,1,5,1,3
26155150,edf_hazen,loginvweibull,0.1254810524708208,0.5865427407550001,Δo > Δ,1,5,1,4
26155150,edf_filliben,logweibull_min,0.1272112041233032,0.5865427407550001,Δo > Δ,1,5,1,5
26155150,edf_jenkinson,logweibull_min,0.1282505719105238,0.5865427407550001,Δo > Δ,1,5,1,6
26155150,edf_beard,logweibull_min,0.1282505719105238,0.5865427407550001,Δo > Δ,1,5,1,7
26155150,edf_chegodayev,logweibull_min,0.1296274134360642,0.5865427407550001,Δo > Δ,1,5,1,8
26155150,edf_gringorten,loginvweibull,0.1301685524708208,0.5865427407550001,Δo > Δ,1,5,1,9
26155150,edf_california,alpha,0.1345543100470002,0.5865427407550001,Δo > Δ,1,5,1,10
26155150,edf_adamowski,logweibull_min,0.136361420170071,0.5865427407550001,Δo > Δ,1,5,1,11
26155150,edf_weibull,loginvweibull,0.1588143858041542,0.5865427407550001,Δo > Δ,1,5,1,12
26155170,edf_hazen,logalpha,0.032615623424192,0.5865427407550001,Δo > Δ,1,5,1,1
26155170,edf_gringorten,logalpha,0.041990623424192,0.5865427407550001,Δo > Δ,1,5,1,2
26155170,edf_cunnane,logalpha,0.0480002388088073,0.5865427407550001,Δo > Δ,1,5,1,3
26155170,edf_blom,logalpha,0.051663242471811,0.5865427407550001,Δo > Δ,1,5,1,4
26155170,edf_tukey,logalpha,0.0576156234241919,0.5865427407550001,Δo > Δ,1,5,1,5
26155170,edf_filliben,logalpha,0.0598290437410605,0.5865427407550001,Δo > Δ,1,5,1,6
26155170,edf_beard,logalpha,0.0608684115282812,0.5865427407550001,Δo > Δ,1,5,1,7
26155170,edf_jenkinson,logalpha,0.0608684115282812,0.5865427407550001,Δo > Δ,1,5,1,8
26155170,edf_chegodayev,logalpha,0.0622452530538216,0.5865427407550001,Δo > Δ,1,5,1,9
26155170,edf_adamowski,logalpha,0.0689792597878283,0.5865427407550001,Δo > Δ,1,5,1,10
26155170,edf_weibull,logalpha,0.0992822900908586,0.5865427407550001,Δo > Δ,1,5,1,11
26155170,edf_california,logmoyal,0.1281867898686717,0.5865427407550001,Δo > Δ,1,5,1,12
26155220,edf_hazen,johnsonsu,0.1210783586290837,0.530385761606,Δo > Δ,1,6,1,1
26155220,edf_gringorten,johnsonsu,0.1259803194133975,0.530385761606,Δo > Δ,1,6,1,2
26155220,edf_cunnane,johnsonsu,0.129142874758116,0.530385761606,Δo > Δ,1,6,1,3
26155220,edf_blom,johnsonsu,0.1310783586290838,0.530385761606,Δo > Δ,1,6,1,4
26155220,edf_tukey,johnsonsu,0.1342362533659258,0.530385761606,Δo > Δ,1,6,1,5
26155220,edf_filliben,johnsonsu,0.1354145722975834,0.530385761606,Δo > Δ,1,6,1,6
26155220,edf_beard,johnsonsu,0.1359686407607452,0.530385761606,Δo > Δ,1,6,1,7
26155220,edf_jenkinson,johnsonsu,0.1359686407607452,0.530385761606,Δo > Δ,1,6,1,8
26155220,edf_chegodayev,johnsonsu,0.1367033586290837,0.530385761606,Δo > Δ,1,6,1,9
26155220,edf_adamowski,johnsonsu,0.140309127859853,0.530385761606,Δo > Δ,1,6,1,10
26155220,edf_weibull,johnsonsu,0.1567926443433694,0.530385761606,Δo > Δ,1,6,1,11
26155220,edf_california,nakagami,0.1770366386990184,0.530385761606,Δo > Δ,1,6,1,12
26155240,edf_hazen,logmielke,0.045301672125828,0.5865427407550001,Δo > Δ,1,5,1,1
26155240,edf_gringorten,logmielke,0.0546766721258281,0.5865427407550001,Δo > Δ,1,5,1,2
26155240,edf_cunnane,logmielke,0.0606862875104435,0.5865427407550001,Δo > Δ,1,5,1,3
26155240,edf_blom,logbetaprime,0.06182257575542,0.5865427407550001,Δo > Δ,1,5,1,4
26155240,edf_california,t,0.062388652305688,0.5865427407550001,Δo > Δ,1,5,1,5
26155240,edf_tukey,logf,0.0651005284415007,0.5865427407550001,Δo > Δ,1,5,1,6
26155240,edf_filliben,loginvweibull,0.0663689829829746,0.5865427407550001,Δo > Δ,1,5,1,7
26155240,edf_jenkinson,loginvweibull,0.0674083507701952,0.5865427407550001,Δo > Δ,1,5,1,8
26155240,edf_beard,loginvweibull,0.0674083507701952,0.5865427407550001,Δo > Δ,1,5,1,9
26155240,edf_chegodayev,alpha,0.0681456131107439,0.5865427407550001,Δo > Δ,1,5,1,10
26155240,edf_adamowski,alpha,0.0739099375117008,0.5865427407550001,Δo > Δ,1,5,1,11
26155240,edf_weibull,alpha,0.1042129678147311,0.5865427407550001,Δo > Δ,1,5,1,12
26155250,edf_adamowski,weibull_min,0.1601085715586777,0.484420539261,Δo > Δ,1,7,1,1
26155250,edf_weibull,weibull_min,0.1601085715586777,0.484420539261,Δo > Δ,1,7,1,2
26155250,edf_chegodayev,weibull_min,0.1636796870616695,0.484420539261,Δo > Δ,1,7,1,3
26155250,edf_jenkinson,weibull_min,0.1647783466969147,0.484420539261,Δo > Δ,1,7,1,4
26155250,edf_beard,weibull_min,0.1647783466969147,0.484420539261,Δo > Δ,1,7,1,5
26155250,edf_filliben,weibull_min,0.1656062572163457,0.484420539261,Δo > Δ,1,7,1,6
26155250,edf_tukey,weibull_min,0.1673651907471732,0.484420539261,Δo > Δ,1,7,1,7
26155250,edf_blom,weibull_min,0.1720673851045401,0.484420539261,Δo > Δ,1,7,1,8
26155250,edf_cunnane,weibull_min,0.1749409483229308,0.484420539261,Δo > Δ,1,7,1,9
26155250,edf_gringorten,weibull_min,0.1796225962630057,0.484420539261,Δo > Δ,1,7,1,10
26155250,edf_hazen,weibull_min,0.1868457102276928,0.484420539261,Δo > Δ,1,7,1,11
26155250,edf_california,nakagami,0.1877049708678793,0.484420539261,Δo > Δ,1,7,1,12
26155260,edf_hazen,weibull_min,0.0550333143353782,0.5865427407550001,Δo > Δ,1,5,1,1
26155260,edf_gringorten,weibull_min,0.0575835980337703,0.5865427407550001,Δo > Δ,1,5,1,2
26155260,edf_cunnane,weibull_min,0.060588405726078,0.5865427407550001,Δo > Δ,1,5,1,3
26155260,edf_filliben,loglaplace_asymmetric,0.0614786540797496,0.5865427407550001,Δo > Δ,1,5,1,4
26155260,edf_blom,loglaplace_asymmetric,0.0614786540797496,0.5865427407550001,Δo > Δ,1,5,1,5
26155260,edf_tukey,loglaplace_asymmetric,0.0614786540797496,0.5865427407550001,Δo > Δ,1,5,1,6
26155260,edf_beard,loglaplace_asymmetric,0.0614786540797496,0.5865427407550001,Δo > Δ,1,5,1,7
26155260,edf_jenkinson,loglaplace_asymmetric,0.0614786540797496,0.5865427407550001,Δo > Δ,1,5,1,8
26155260,edf_chegodayev,loglaplace_asymmetric,0.0621292424303349,0.5865427407550001,Δo > Δ,1,5,1,9
26155260,edf_adamowski,loglaplace_asymmetric,0.0683267189682339,0.5865427407550001,Δo > Δ,1,5,1,10
26155260,edf_weibull,loglaplace_asymmetric,0.0986297492712642,0.5865427407550001,Δo > Δ,1,5,1,11
26155260,edf_california,pearson3,0.1390675359144563,0.5865427407550001,Δo > Δ,1,5,1,12
26155270,edf_hazen,lognakagami,0.1001119999068906,0.5865427407550001,Δo > Δ,1,5,1,1
26155270,edf_gringorten,lognakagami,0.1090803572035208,0.5865427407550001,Δo > Δ,1,5,1,2
26155270,edf_cunnane,lognakagami,0.1150899725881361,0.5865427407550001,Δo > Δ,1,5,1,3
26155270,edf_blom,lognakagami,0.1187529762511398,0.5865427407550001,Δo > Δ,1,5,1,4
26155270,edf_tukey,lognakagami,0.1247053572035207,0.5865427407550001,Δo > Δ,1,5,1,5
26155270,edf_california,t,0.1259300455808957,0.5865427407550001,Δo > Δ,1,5,1,6
26155270,edf_filliben,lognakagami,0.1269187775203893,0.5865427407550001,Δo > Δ,1,5,1,7
26155270,edf_jenkinson,lognakagami,0.12795814530761,0.5865427407550001,Δo > Δ,1,5,1,8
26155270,edf_beard,lognakagami,0.12795814530761,0.5865427407550001,Δo > Δ,1,5,1,9
26155270,edf_chegodayev,lognakagami,0.1293349868331504,0.5865427407550001,Δo > Δ,1,5,1,10
26155270,edf_weibull,loghalflogistic,0.1354960650427505,0.5865427407550001,Δo > Δ,1,5,1,11
26155270,edf_adamowski,lognakagami,0.1360689935671571,0.5865427407550001,Δo > Δ,1,5,1,12
26155502,edf_cunnane,lograyleigh,0.100968376595501,0.530385761606,Δo > Δ,1,6,1,1
26155502,edf_adamowski,halfnorm,0.1018553476588225,0.530385761606,Δo > Δ,1,6,1,2
26155502,edf_blom,lograyleigh,0.1029038604664688,0.530385761606,Δo > Δ,1,6,1,3
26155502,edf_gringorten,lograyleigh,0.1039151815354951,0.530385761606,Δo > Δ,1,6,1,4
26155502,edf_chegodayev,halfnorm,0.1054611168895918,0.530385761606,Δo > Δ,1,6,1,5
26155502,edf_weibull,halfnorm,0.1054740014125807,0.530385761606,Δo > Δ,1,6,1,6
26155502,edf_hazen,logpearson3,0.105657490361153,0.530385761606,Δo > Δ,1,6,1,7
26155502,edf_tukey,lograyleigh,0.1060617552033109,0.530385761606,Δo > Δ,1,6,1,8
26155502,edf_beard,halfnorm,0.1061958347579304,0.530385761606,Δo > Δ,1,6,1,9
26155502,edf_jenkinson,halfnorm,0.1061958347579304,0.530385761606,Δo > Δ,1,6,1,10
26155502,edf_filliben,halfnorm,0.1067499032210922,0.530385761606,Δo > Δ,1,6,1,11
26155502,edf_california,logf,0.1666638964587402,0.530385761606,Δo > Δ,1,6,1,12
26155503,edf_hazen,logloggamma,0.0270334377677766,0.530385761606,Δo > Δ,1,6,1,1
26155503,edf_gringorten,logloggamma,0.0334706187083486,0.530385761606,Δo > Δ,1,6,1,2
26155503,edf_blom,mielke,0.0341788861186276,0.530385761606,Δo > Δ,1,6,1,3
26155503,edf_cunnane,mielke,0.0348240474089502,0.530385761606,Δo > Δ,1,6,1,4
26155503,edf_tukey,mielke,0.0377075122566038,0.530385761606,Δo > Δ,1,6,1,5
26155503,edf_filliben,mielke,0.0396713771426997,0.530385761606,Δo > Δ,1,6,1,6
26155503,edf_beard,mielke,0.0405948245813027,0.530385761606,Δo > Δ,1,6,1,7
26155503,edf_jenkinson,mielke,0.0405948245813027,0.530385761606,Δo > Δ,1,6,1,8
26155503,edf_chegodayev,mielke,0.041819354361867,0.530385761606,Δo > Δ,1,6,1,9
26155503,edf_adamowski,mielke,0.0478289697464824,0.530385761606,Δo > Δ,1,6,1,10
26155503,edf_weibull,mielke,0.0753014972190099,0.530385761606,Δo > Δ,1,6,1,11
26155503,edf_california,fisk,0.104289137016465,0.530385761606,Δo > Δ,1,6,1,12
26157190,edf_chegodayev,logexponnorm,0.0840627409149307,0.5865427407550001,Δo > Δ,1,5,1,1
26157190,edf_adamowski,logexponnorm,0.0842117872310748,0.5865427407550001,Δo > Δ,1,5,1,2
26157190,edf_jenkinson,logexponnorm,0.0847511616777008,0.5865427407550001,Δo > Δ,1,5,1,3
26157190,edf_beard,logexponnorm,0.0847511616777008,0.5865427407550001,Δo > Δ,1,5,1,4
26157190,edf_filliben,logexponnorm,0.0852708455713112,0.5865427407550001,Δo > Δ,1,5,1,5
26157190,edf_tukey,logexponnorm,0.0863775557297454,0.5865427407550001,Δo > Δ,1,5,1,6
26157190,edf_blom,logexponnorm,0.0893537462059359,0.5865427407550001,Δo > Δ,1,5,1,7
26157190,edf_cunnane,logexponnorm,0.0911852480374377,0.5865427407550001,Δo > Δ,1,5,1,8
26157190,edf_gringorten,logexponnorm,0.0941900557297454,0.5865427407550001,Δo > Δ,1,5,1,9
26157190,edf_hazen,logexponnorm,0.0988775557297454,0.5865427407550001,Δo > Δ,1,5,1,10
26157190,edf_weibull,alpha,0.1087013089990305,0.5865427407550001,Δo > Δ,1,5,1,11
26157190,edf_california,logfatiguelife,0.1490146987100372,0.5865427407550001,Δo > Δ,1,5,1,12
26165501,edf_adamowski,nakagami,0.1153845934796817,0.530385761606,Δo > Δ,1,6,1,1
26165501,edf_chegodayev,nakagami,0.1207358164201499,0.530385761606,Δo > Δ,1,6,1,2
26165501,edf_jenkinson,nakagami,0.1219603462007142,0.530385761606,Δo > Δ,1,6,1,3
26165501,edf_beard,nakagami,0.1219603462007142,0.530385761606,Δo > Δ,1,6,1,4
26165501,edf_filliben,nakagami,0.1228837936393172,0.530385761606,Δo > Δ,1,6,1,5
26165501,edf_tukey,nakagami,0.1248476585254131,0.530385761606,Δo > Δ,1,6,1,6
26165501,edf_blom,nakagami,0.13011081642015,0.530385761606,Δo > Δ,1,6,1,7
26165501,edf_hazen,weibull_min,0.1332600036239497,0.530385761606,Δo > Δ,1,6,1,8
26165501,edf_cunnane,nakagami,0.1333366228717627,0.530385761606,Δo > Δ,1,6,1,9
26165501,edf_gringorten,weibull_min,0.1348939905520543,0.530385761606,Δo > Δ,1,6,1,10
26165501,edf_california,logfatiguelife,0.1415563254649376,0.530385761606,Δo > Δ,1,6,1,11
26165501,edf_weibull,nakagami,0.1428571209522091,0.530385761606,Δo > Δ,1,6,1,12
26175501,edf_weibull,logbetaprime,0.0651860616782674,0.484420539261,Δo > Δ,1,7,1,1
26175501,edf_hazen,lognct,0.0696574906282881,0.484420539261,Δo > Δ,1,7,1,2
26175501,edf_gringorten,lognct,0.0720651952831837,0.484420539261,Δo > Δ,1,7,1,3
26175501,edf_cunnane,lognct,0.073625744596542,0.484420539261,Δo > Δ,1,7,1,4
26175501,edf_blom,lognct,0.0745835990026723,0.484420539261,Δo > Δ,1,7,1,5
26175501,edf_tukey,lognct,0.0761509971217946,0.484420539261,Δo > Δ,1,7,1,6
26175501,edf_filliben,lognct,0.0767373082987371,0.484420539261,Δo > Δ,1,7,1,7
26175501,edf_jenkinson,lognct,0.0770132784718808,0.484420539261,Δo > Δ,1,7,1,8
26175501,edf_beard,lognct,0.0770132784718808,0.484420539261,Δo > Δ,1,7,1,9
26175501,edf_chegodayev,lognct,0.0773794983502958,0.484420539261,Δo > Δ,1,7,1,10
26175501,edf_adamowski,lognct,0.0791813001520976,0.484420539261,Δo > Δ,1,7,1,11
26175501,edf_california,exponnorm,0.1270203983333875,0.484420539261,Δo > Δ,1,7,1,12
26177030,edf_california,f,0.1058376123663762,0.484420539261,Δo > Δ,1,7,1,1
26177030,edf_weibull,loggumbel_r,0.1146574349061002,0.484420539261,Δo > Δ,1,7,1,2
26177030,edf_hazen,fisk,0.115981029094842,0.484420539261,Δo > Δ,1,7,1,3
26177030,edf_gringorten,fisk,0.1183887337497377,0.484420539261,Δo > Δ,1,7,1,4
26177030,edf_cunnane,fisk,0.119949283063096,0.484420539261,Δo > Δ,1,7,1,5
26177030,edf_blom,fisk,0.1209071374692263,0.484420539261,Δo > Δ,1,7,1,6
26177030,edf_filliben,pareto,0.1214819952700529,0.484420539261,Δo > Δ,1,7,1,7
26177030,edf_adamowski,pareto,0.1214819952700529,0.484420539261,Δo > Δ,1,7,1,8
26177030,edf_chegodayev,pareto,0.1214819952700529,0.484420539261,Δo > Δ,1,7,1,9
26177030,edf_tukey,pareto,0.1214819952700529,0.484420539261,Δo > Δ,1,7,1,10
26177030,edf_jenkinson,pareto,0.1214819952700529,0.484420539261,Δo > Δ,1,7,1,11
26177030,edf_beard,pareto,0.1214819952700529,0.484420539261,Δo > Δ,1,7,1,12
26180180,edf_adamowski,invgauss,0.0769902922013224,0.484420539261,Δo > Δ,1,7,1,1
26180180,edf_jenkinson,invgamma,0.0781483228798433,0.484420539261,Δo > Δ,1,7,1,2
26180180,edf_filliben,invgamma,0.0781483228798433,0.484420539261,Δo > Δ,1,7,1,3
26180180,edf_tukey,invgamma,0.0781483228798433,0.484420539261,Δo > Δ,1,7,1,4
26180180,edf_chegodayev,invgamma,0.0781483228798433,0.484420539261,Δo > Δ,1,7,1,5
26180180,edf_blom,invgamma,0.0781483228798433,0.484420539261,Δo > Δ,1,7,1,6
26180180,edf_beard,invgamma,0.0781483228798433,0.484420539261,Δo > Δ,1,7,1,7
26180180,edf_cunnane,invgamma,0.0791166159190543,0.484420539261,Δo > Δ,1,7,1,8
26180180,edf_gringorten,invgamma,0.0822377145457709,0.484420539261,Δo > Δ,1,7,1,9
26180180,edf_hazen,chi2,0.0843099137560598,0.484420539261,Δo > Δ,1,7,1,10
26180180,edf_weibull,chi2,0.0849934713472486,0.484420539261,Δo > Δ,1,7,1,11
26180180,edf_california,kstwobign,0.1118779205399691,0.484420539261,Δo > Δ,1,7,1,12
26180250,edf_california,gamma,0.147755159403222,0.5865427407550001,Δo > Δ,1,5,1,1
26180250,edf_adamowski,fisk,0.1780672878920809,0.5865427407550001,Δo > Δ,1,5,1,2
26180250,edf_jenkinson,fisk,0.1780672878920809,0.5865427407550001,Δo > Δ,1,5,1,3
26180250,edf_cunnane,fisk,0.1780672878920809,0.5865427407550001,Δo > Δ,1,5,1,4
26180250,edf_gringorten,fisk,0.1780672878920809,0.5865427407550001,Δo > Δ,1,5,1,5
26180250,edf_tukey,fisk,0.1780672878920809,0.5865427407550001,Δo > Δ,1,5,1,6
26180250,edf_blom,fisk,0.1780672878920809,0.5865427407550001,Δo > Δ,1,5,1,7
26180250,edf_filliben,fisk,0.1780672878920809,0.5865427407550001,Δo > Δ,1,5,1,8
26180250,edf_chegodayev,fisk,0.1780672878920809,0.5865427407550001,Δo > Δ,1,5,1,9
26180250,edf_beard,fisk,0.1780672878920809,0.5865427407550001,Δo > Δ,1,5,1,10
26180250,edf_weibull,fisk,0.1780672878920809,0.5865427407550001,Δo > Δ,1,5,1,11
26180250,edf_hazen,fisk,0.1780672878920809,0.5865427407550001,Δo > Δ,1,5,1,12
26185050,edf_gringorten,nakagami,0.1102329250714513,0.484420539261,Δo > Δ,1,7,1,1
26185050,edf_cunnane,nakagami,0.1116647377109519,0.484420539261,Δo > Δ,1,7,1,2
26185050,edf_blom,nakagami,0.1135804465232124,0.484420539261,Δo > Δ,1,7,1,3
26185050,edf_tukey,nakagami,0.1167152427614569,0.484420539261,Δo > Δ,1,7,1,4
26185050,edf_hazen,nakagami,0.1174560390361384,0.484420539261,Δo > Δ,1,7,1,5
26185050,edf_filliben,nakagami,0.117887865115342,0.484420539261,Δo > Δ,1,7,1,6
26185050,edf_beard,nakagami,0.1184398054616294,0.484420539261,Δo > Δ,1,7,1,7
26185050,edf_jenkinson,nakagami,0.1184398054616294,0.484420539261,Δo > Δ,1,7,1,8
26185050,edf_chegodayev,nakagami,0.1191722452184594,0.484420539261,Δo > Δ,1,7,1,9
26185050,edf_adamowski,ncf,0.1225103094783572,0.484420539261,Δo > Δ,1,7,1,10
26185050,edf_weibull,ncf,0.1249998169171114,0.484420539261,Δo > Δ,1,7,1,11
26185050,edf_california,mielke,0.1428569330802767,0.484420539261,Δo > Δ,1,7,1,12
26185501,edf_adamowski,laplace_asymmetric,0.0682093988875594,0.484420539261,Δo > Δ,1,7,1,1
26185501,edf_chegodayev,laplace_asymmetric,0.071813002491163,0.484420539261,Δo > Δ,1,7,1,2
26185501,edf_jenkinson,laplace_asymmetric,0.072545442247993,0.484420539261,Δo > Δ,1,7,1,3
26185501,edf_beard,laplace_asymmetric,0.072545442247993,0.484420539261,Δo > Δ,1,7,1,4
26185501,edf_hazen,t,0.0726666712935516,0.484420539261,Δo > Δ,1,7,1,5
26185501,edf_filliben,laplace_asymmetric,0.0730973825942804,0.484420539261,Δo > Δ,1,7,1,6
26185501,edf_tukey,laplace_asymmetric,0.0742700049481655,0.484420539261,Δo > Δ,1,7,1,7
26185501,edf_gringorten,t,0.0750743759484472,0.484420539261,Δo > Δ,1,7,1,8
26185501,edf_cunnane,t,0.0766349252618056,0.484420539261,Δo > Δ,1,7,1,9
26185501,edf_blom,laplace_asymmetric,0.07740480118641,0.484420539261,Δo > Δ,1,7,1,10
26185501,edf_weibull,johnsonsu,0.085642934309038,0.484420539261,Δo > Δ,1,7,1,11
26185501,edf_california,laplace_asymmetric,0.106970641060451,0.484420539261,Δo > Δ,1,7,1,12
26187040,edf_cunnane,fisk,0.1360548325648907,0.530385761606,Δo > Δ,1,6,1,1
26187040,edf_blom,fisk,0.1366999938552133,0.530385761606,Δo > Δ,1,6,1,2
26187040,edf_gringorten,fisk,0.137595616112642,0.530385761606,Δo > Δ,1,6,1,3
26187040,edf_tukey,fisk,0.1377526254341606,0.530385761606,Δo > Δ,1,6,1,4
26187040,edf_filliben,fisk,0.1381453984113798,0.530385761606,Δo > Δ,1,6,1,5
26187040,edf_jenkinson,fisk,0.1383300878991005,0.530385761606,Δo > Δ,1,6,1,6
26187040,edf_beard,fisk,0.1383300878991005,0.530385761606,Δo > Δ,1,6,1,7
26187040,edf_chegodayev,fisk,0.1385749938552133,0.530385761606,Δo > Δ,1,6,1,8
26187040,edf_adamowski,fisk,0.1397769169321364,0.530385761606,Δo > Δ,1,6,1,9
26187040,edf_california,fatiguelife,0.1398627149413098,0.530385761606,Δo > Δ,1,6,1,10
26187040,edf_hazen,pearson3,0.1431833426036548,0.530385761606,Δo > Δ,1,6,1,11
26187040,edf_weibull,fisk,0.1452714224266419,0.530385761606,Δo > Δ,1,6,1,12
26195502,edf_california,loglogistic,0.1952024776102969,0.5865427407550001,Δo > Δ,1,5,1,1
26195502,edf_weibull,logbetaprime,0.2028608883057062,0.5865427407550001,Δo > Δ,1,5,1,2
26195502,edf_adamowski,logbetaprime,0.2331639186087365,0.5865427407550001,Δo > Δ,1,5,1,3
26195502,edf_cunnane,fisk,0.2355377928748253,0.5865427407550001,Δo > Δ,1,5,1,4
26195502,edf_gringorten,fisk,0.2355377928748253,0.5865427407550001,Δo > Δ,1,5,1,5
26195502,edf_tukey,fisk,0.2355377928748253,0.5865427407550001,Δo > Δ,1,5,1,6
26195502,edf_jenkinson,fisk,0.2355377928748253,0.5865427407550001,Δo > Δ,1,5,1,7
26195502,edf_filliben,fisk,0.2355377928748253,0.5865427407550001,Δo > Δ,1,5,1,8
26195502,edf_chegodayev,fisk,0.2355377928748253,0.5865427407550001,Δo > Δ,1,5,1,9
26195502,edf_blom,fisk,0.2355377928748253,0.5865427407550001,Δo > Δ,1,5,1,10
26195502,edf_beard,fisk,0.2355377928748253,0.5865427407550001,Δo > Δ,1,5,1,11
26195502,edf_hazen,fisk,0.2355377928748253,0.5865427407550001,Δo > Δ,1,5,1,12
26205501,edf_hazen,invweibull,0.1117866897251501,0.484420539261,Δo > Δ,1,7,1,1
26205501,edf_weibull,halflogistic,0.1132102137882653,0.484420539261,Δo > Δ,1,7,1,2
26205501,edf_gringorten,invweibull,0.1141943943800459,0.484420539261,Δo > Δ,1,7,1,3
26205501,edf_cunnane,invweibull,0.1157549436934042,0.484420539261,Δo > Δ,1,7,1,4
26205501,edf_blom,invweibull,0.1167127980995343,0.484420539261,Δo > Δ,1,7,1,5
26205501,edf_tukey,invweibull,0.1182801962186567,0.484420539261,Δo > Δ,1,7,1,6
26205501,edf_filliben,invweibull,0.1188665073955992,0.484420539261,Δo > Δ,1,7,1,7
26205501,edf_jenkinson,invweibull,0.1191424775687428,0.484420539261,Δo > Δ,1,7,1,8
26205501,edf_beard,invweibull,0.1191424775687428,0.484420539261,Δo > Δ,1,7,1,9
26205501,edf_chegodayev,invweibull,0.1195086974471579,0.484420539261,Δo > Δ,1,7,1,10
26205501,edf_adamowski,invweibull,0.1213104992489597,0.484420539261,Δo > Δ,1,7,1,11
26205501,edf_california,invweibull,0.1374088989875198,0.484420539261,Δo > Δ,1,7,1,12
26207080,edf_gringorten,halfnorm,0.1145230962484032,0.5865427407550001,Δo > Δ,1,5,1,1
26207080,edf_hazen,halfnorm,0.1150649653565825,0.5865427407550001,Δo > Δ,1,5,1,2
26207080,edf_cunnane,halfnorm,0.1175279039407109,0.5865427407550001,Δo > Δ,1,5,1,3
26207080,edf_blom,halfnorm,0.1193594057722127,0.5865427407550001,Δo > Δ,1,5,1,4
26207080,edf_tukey,halfnorm,0.1223355962484032,0.5865427407550001,Δo > Δ,1,5,1,5
26207080,edf_filliben,halfnorm,0.1234423064068375,0.5865427407550001,Δo > Δ,1,5,1,6
26207080,edf_beard,halfnorm,0.1239619903004478,0.5865427407550001,Δo > Δ,1,5,1,7
26207080,edf_jenkinson,halfnorm,0.1239619903004478,0.5865427407550001,Δo > Δ,1,5,1,8
26207080,edf_chegodayev,halfnorm,0.124650411063218,0.5865427407550001,Δo > Δ,1,5,1,9
26207080,edf_adamowski,halfnorm,0.1280174144302214,0.5865427407550001,Δo > Δ,1,5,1,10
26207080,edf_weibull,halfnorm,0.1431689295817365,0.5865427407550001,Δo > Δ,1,5,1,11
26207080,edf_california,f,0.1990189768359512,0.5865427407550001,Δo > Δ,1,5,1,12
26215501,edf_cunnane,logweibull_min,0.0967741935321761,0.530385761606,Δo > Δ,1,6,1,1
26215501,edf_gringorten,logweibull_min,0.0985880878568545,0.530385761606,Δo > Δ,1,6,1,2
26215501,edf_blom,logweibull_min,0.099999999983789,0.530385761606,Δo > Δ,1,6,1,3
26215501,edf_tukey,logweibull_min,0.1052631578785258,0.530385761606,Δo > Δ,1,6,1,4
26215501,edf_hazen,logweibull_min,0.1067580224973775,0.530385761606,Δo > Δ,1,6,1,5
26215501,edf_filliben,logweibull_min,0.1072270227646216,0.530385761606,Δo > Δ,1,6,1,6
26215501,edf_beard,logweibull_min,0.1081504702032247,0.530385761606,Δo > Δ,1,6,1,7
26215501,edf_jenkinson,logweibull_min,0.1081504702032247,0.530385761606,Δo > Δ,1,6,1,8
26215501,edf_chegodayev,logweibull_min,0.109374999983789,0.530385761606,Δo > Δ,1,6,1,9
26215501,edf_adamowski,nakagami,0.1153832963531481,0.530385761606,Δo > Δ,1,6,1,10
26215501,edf_california,loginvgauss,0.1161556705542733,0.530385761606,Δo > Δ,1,6,1,11
26215501,edf_weibull,f,0.1388945514418382,0.530385761606,Δo > Δ,1,6,1,12
26217010,edf_hazen,fisk,0.0876222153444212,0.530385761606,Δo > Δ,1,6,1,1
26217010,edf_gringorten,lognakagami,0.091503267789823,0.530385761606,Δo > Δ,1,6,1,2
26217010,edf_cunnane,fisk,0.0956867314734536,0.530385761606,Δo > Δ,1,6,1,3
26217010,edf_blom,fisk,0.0976222153444212,0.530385761606,Δo > Δ,1,6,1,4
26217010,edf_tukey,fisk,0.1007801100812634,0.530385761606,Δo > Δ,1,6,1,5
26217010,edf_filliben,fisk,0.1019584290129208,0.530385761606,Δo > Δ,1,6,1,6
26217010,edf_beard,fisk,0.1025124974760826,0.530385761606,Δo > Δ,1,6,1,7
26217010,edf_jenkinson,fisk,0.1025124974760826,0.530385761606,Δo > Δ,1,6,1,8
26217010,edf_chegodayev,fisk,0.1032472153444212,0.530385761606,Δo > Δ,1,6,1,9
26217010,edf_adamowski,fisk,0.1068529845751905,0.530385761606,Δo > Δ,1,6,1,10
26217010,edf_weibull,fisk,0.1233365010587069,0.530385761606,Δo > Δ,1,6,1,11
26217010,edf_california,logexponnorm,0.1458952842210993,0.530385761606,Δo > Δ,1,6,1,12
26225060,edf_hazen,laplace_asymmetric,0.0398965081060003,0.5865427407550001,Δo > Δ,1,5,1,1
26225060,edf_gringorten,laplace_asymmetric,0.0459437665795444,0.5865427407550001,Δo > Δ,1,5,1,2
26225060,edf_cunnane,laplace_asymmetric,0.0519533819641597,0.5865427407550001,Δo > Δ,1,5,1,3
26225060,edf_blom,laplace_asymmetric,0.0556163856271634,0.5865427407550001,Δo > Δ,1,5,1,4
26225060,edf_tukey,genlogistic,0.0610697380087596,0.5865427407550001,Δo > Δ,1,5,1,5
26225060,edf_filliben,genlogistic,0.0632831583256282,0.5865427407550001,Δo > Δ,1,5,1,6
26225060,edf_beard,genlogistic,0.0643225261128489,0.5865427407550001,Δo > Δ,1,5,1,7
26225060,edf_jenkinson,genlogistic,0.0643225261128489,0.5865427407550001,Δo > Δ,1,5,1,8
26225060,edf_chegodayev,genlogistic,0.0656993676383893,0.5865427407550001,Δo > Δ,1,5,1,9
26225060,edf_adamowski,genlogistic,0.072433374372396,0.5865427407550001,Δo > Δ,1,5,1,10
26225060,edf_weibull,genlogistic,0.1027364046754263,0.5865427407550001,Δo > Δ,1,5,1,11
26225060,edf_california,laplace_asymmetric,0.1365687665795444,0.5865427407550001,Δo > Δ,1,5,1,12
26237040,edf_california,t,0.0546871260195673,0.484420539261,Δo > Δ,1,7,1,1
26237040,edf_weibull,invgamma,0.085800502084931,0.484420539261,Δo > Δ,1,7,1,2
26237040,edf_blom,mielke,0.0888993336397257,0.484420539261,Δo > Δ,1,7,1,3
26237040,edf_cunnane,mielke,0.089857188045856,0.484420539261,Δo > Δ,1,7,1,4
26237040,edf_adamowski,logt,0.0900820560940032,0.484420539261,Δo > Δ,1,7,1,5
26237040,edf_tukey,mielke,0.0909090909090903,0.484420539261,Δo > Δ,1,7,1,6
26237040,edf_gringorten,mielke,0.0914177373592143,0.484420539261,Δo > Δ,1,7,1,7
26237040,edf_chegodayev,logt,0.091883857895805,0.484420539261,Δo > Δ,1,7,1,8
26237040,edf_beard,logt,0.0922500777742201,0.484420539261,Δo > Δ,1,7,1,9
26237040,edf_jenkinson,logt,0.0922500777742201,0.484420539261,Δo > Δ,1,7,1,10
26237040,edf_filliben,logt,0.0925260479473637,0.484420539261,Δo > Δ,1,7,1,11
26237040,edf_hazen,mielke,0.0938254420141099,0.484420539261,Δo > Δ,1,7,1,12
26247010,edf_hazen,ncf,0.0359316222965149,0.5865427407550001,Δo > Δ,1,5,1,1
26247010,edf_gringorten,ncf,0.0453066222965149,0.5865427407550001,Δo > Δ,1,5,1,2
26247010,edf_cunnane,ncf,0.0513162376811303,0.5865427407550001,Δo > Δ,1,5,1,3
26247010,edf_blom,ncf,0.054979241344134,0.5865427407550001,Δo > Δ,1,5,1,4
26247010,edf_tukey,ncf,0.0609316222965149,0.5865427407550001,Δo > Δ,1,5,1,5
26247010,edf_filliben,ncf,0.0631450426133835,0.5865427407550001,Δo > Δ,1,5,1,6
26247010,edf_beard,ncf,0.0641844104006041,0.5865427407550001,Δo > Δ,1,5,1,7
26247010,edf_jenkinson,ncf,0.0641844104006041,0.5865427407550001,Δo > Δ,1,5,1,8
26247010,edf_chegodayev,ncf,0.0655612519261445,0.5865427407550001,Δo > Δ,1,5,1,9
26247010,edf_adamowski,ncf,0.0722952586601513,0.5865427407550001,Δo > Δ,1,5,1,10
26247010,edf_weibull,ncf,0.1025982889631816,0.5865427407550001,Δo > Δ,1,5,1,11
26247010,edf_california,halflogistic,0.1334816108705289,0.5865427407550001,Δo > Δ,1,5,1,12
26247020,edf_hazen,logweibull_min,0.0484034729436247,0.5865427407550001,Δo > Δ,1,5,1,1
26247020,edf_gringorten,logjohnsonsu,0.0522638410647728,0.5865427407550001,Δo > Δ,1,5,1,2
26247020,edf_cunnane,logweibull_min,0.0561194268105167,0.5865427407550001,Δo > Δ,1,5,1,3
26247020,edf_blom,logweibull_min,0.0597824304735204,0.5865427407550001,Δo > Δ,1,5,1,4
26247020,edf_tukey,halfnorm,0.0633085619025083,0.5865427407550001,Δo > Δ,1,5,1,5
26247020,edf_filliben,halfnorm,0.0635328897769273,0.5865427407550001,Δo > Δ,1,5,1,6
26247020,edf_beard,halfnorm,0.0645722575641479,0.5865427407550001,Δo > Δ,1,5,1,7
26247020,edf_jenkinson,halfnorm,0.0645722575641479,0.5865427407550001,Δo > Δ,1,5,1,8
26247020,edf_chegodayev,halfnorm,0.0659490990896884,0.5865427407550001,Δo > Δ,1,5,1,9
26247020,edf_adamowski,halfnorm,0.0726831058236952,0.5865427407550001,Δo > Δ,1,5,1,10
26247020,edf_weibull,ncf,0.1014695511687915,0.5865427407550001,Δo > Δ,1,5,1,11
26247020,edf_california,ncf,0.1174630265841111,0.5865427407550001,Δo > Δ,1,5,1,12
26255030,edf_hazen,loginvweibull,0.0347732722022006,0.5865427407550001,Δo > Δ,1,5,1,1
26255030,edf_gringorten,loginvweibull,0.0441482722022006,0.5865427407550001,Δo > Δ,1,5,1,2
26255030,edf_cunnane,loginvweibull,0.0501578875868159,0.5865427407550001,Δo > Δ,1,5,1,3
26255030,edf_blom,loginvweibull,0.0538208912498196,0.5865427407550001,Δo > Δ,1,5,1,4
26255030,edf_tukey,loginvweibull,0.0597732722022005,0.5865427407550001,Δo > Δ,1,5,1,5
26255030,edf_filliben,loginvweibull,0.0619866925190691,0.5865427407550001,Δo > Δ,1,5,1,6
26255030,edf_beard,loginvweibull,0.0630260603062898,0.5865427407550001,Δo > Δ,1,5,1,7
26255030,edf_jenkinson,loginvweibull,0.0630260603062898,0.5865427407550001,Δo > Δ,1,5,1,8
26255030,edf_chegodayev,loginvweibull,0.0644029018318302,0.5865427407550001,Δo > Δ,1,5,1,9
26255030,edf_adamowski,loginvweibull,0.0711369085658369,0.5865427407550001,Δo > Δ,1,5,1,10
26255030,edf_weibull,loginvweibull,0.1014399388688672,0.5865427407550001,Δo > Δ,1,5,1,11
26255030,edf_california,loginvweibull,0.1347732722022006,0.5865427407550001,Δo > Δ,1,5,1,12
2633500119,edf_hazen,gumbel_r,0.1050788123020342,0.5865427407550001,Δo > Δ,1,5,1,1
2633500119,edf_gringorten,gumbel_r,0.1097663123020342,0.5865427407550001,Δo > Δ,1,5,1,2
2633500119,edf_cunnane,gumbel_r,0.112771119994342,0.5865427407550001,Δo > Δ,1,5,1,3
2633500119,edf_blom,gumbel_r,0.1146026218258438,0.5865427407550001,Δo > Δ,1,5,1,4
2633500119,edf_tukey,gumbel_r,0.1175788123020342,0.5865427407550001,Δo > Δ,1,5,1,5
2633500119,edf_filliben,gumbel_r,0.1186855224604685,0.5865427407550001,Δo > Δ,1,5,1,6
2633500119,edf_beard,gumbel_r,0.1192052063540789,0.5865427407550001,Δo > Δ,1,5,1,7
2633500119,edf_jenkinson,gumbel_r,0.1192052063540789,0.5865427407550001,Δo > Δ,1,5,1,8
2633500119,edf_chegodayev,gumbel_r,0.119893627116849,0.5865427407550001,Δo > Δ,1,5,1,9
2633500119,edf_adamowski,gumbel_r,0.1232606304838524,0.5865427407550001,Δo > Δ,1,5,1,10
2633500119,edf_weibull,gumbel_r,0.1384121456353676,0.5865427407550001,Δo > Δ,1,5,1,11
2633500119,edf_california,loggumbel_r,0.1861221336775594,0.5865427407550001,Δo > Δ,1,5,1,12
2633700150,edf_filliben,laplace_asymmetric,0.0846186722191028,0.530385761606,Δo > Δ,1,6,1,1
2633700150,edf_tukey,laplace_asymmetric,0.084672529688124,0.530385761606,Δo > Δ,1,6,1,2
2633700150,edf_jenkinson,laplace_asymmetric,0.0851727406822646,0.530385761606,Δo > Δ,1,6,1,3
2633700150,edf_beard,laplace_asymmetric,0.0851727406822646,0.530385761606,Δo > Δ,1,6,1,4
2633700150,edf_chegodayev,laplace_asymmetric,0.0859074585506032,0.530385761606,Δo > Δ,1,6,1,5
2633700150,edf_blom,laplace_asymmetric,0.0878304244249661,0.530385761606,Δo > Δ,1,6,1,6
2633700150,edf_adamowski,laplace_asymmetric,0.0895132277813724,0.530385761606,Δo > Δ,1,6,1,7
2633700150,edf_cunnane,laplace_asymmetric,0.0897659082959337,0.530385761606,Δo > Δ,1,6,1,8
2633700150,edf_weibull,genlogistic,0.0906543804044613,0.530385761606,Δo > Δ,1,6,1,9
2633700150,edf_gringorten,laplace_asymmetric,0.0929284636406523,0.530385761606,Δo > Δ,1,6,1,10
2633700150,edf_hazen,laplace_asymmetric,0.0978304244249661,0.530385761606,Δo > Δ,1,6,1,11
2633700150,edf_california,loglaplace_asymmetric,0.1349194330913766,0.530385761606,Δo > Δ,1,6,1,12
2636700098,edf_hazen,fisk,0.0985475724023232,0.530385761606,Δo > Δ,1,6,1,1
2636700098,edf_gringorten,ncf,0.1009798813593328,0.530385761606,Δo > Δ,1,6,1,2
2636700098,edf_cunnane,ncf,0.102034066474239,0.530385761606,Δo > Δ,1,6,1,3
2636700098,edf_blom,ncf,0.1026792277645617,0.530385761606,Δo > Δ,1,6,1,4
2636700098,edf_tukey,ncf,0.103731859343509,0.530385761606,Δo > Δ,1,6,1,5
2636700098,edf_filliben,ncf,0.1041246323207282,0.530385761606,Δo > Δ,1,6,1,6
2636700098,edf_beard,ncf,0.1043093218084488,0.530385761606,Δo > Δ,1,6,1,7
2636700098,edf_jenkinson,ncf,0.1043093218084488,0.530385761606,Δo > Δ,1,6,1,8
2636700098,edf_chegodayev,ncf,0.1045542277645616,0.530385761606,Δo > Δ,1,6,1,9
2636700098,edf_adamowski,ncf,0.1057561508414848,0.530385761606,Δo > Δ,1,6,1,10
2636700098,edf_weibull,logfisk,0.1173974339577942,0.530385761606,Δo > Δ,1,6,1,11
2636700098,edf_california,loglaplace,0.1287875494727602,0.530385761606,Δo > Δ,1,6,1,12
27015290,edf_hazen,alpha,0.0348040411501463,0.5865427407550001,Δo > Δ,1,5,1,1
27015290,edf_gringorten,alpha,0.0441790411501463,0.5865427407550001,Δo > Δ,1,5,1,2
27015290,edf_cunnane,alpha,0.0501886565347616,0.5865427407550001,Δo > Δ,1,5,1,3
27015290,edf_blom,alpha,0.0538516601977653,0.5865427407550001,Δo > Δ,1,5,1,4
27015290,edf_tukey,alpha,0.0598040411501463,0.5865427407550001,Δo > Δ,1,5,1,5
27015290,edf_filliben,alpha,0.0620174614670148,0.5865427407550001,Δo > Δ,1,5,1,6
27015290,edf_beard,alpha,0.0630568292542355,0.5865427407550001,Δo > Δ,1,5,1,7
27015290,edf_jenkinson,alpha,0.0630568292542355,0.5865427407550001,Δo > Δ,1,5,1,8
27015290,edf_chegodayev,alpha,0.0644336707797759,0.5865427407550001,Δo > Δ,1,5,1,9
27015290,edf_adamowski,alpha,0.0711676775137826,0.5865427407550001,Δo > Δ,1,5,1,10
27015290,edf_weibull,alpha,0.1014707078168129,0.5865427407550001,Δo > Δ,1,5,1,11
27015290,edf_california,alpha,0.1348040411501463,0.5865427407550001,Δo > Δ,1,5,1,12
27015310,edf_weibull,logchi2,0.1666666636237292,0.5865427407550001,Δo > Δ,1,5,1,1
27015310,edf_adamowski,logncf,0.1705366545666367,0.5865427407550001,Δo > Δ,1,5,1,2
27015310,edf_filliben,logncf,0.1705366545666367,0.5865427407550001,Δo > Δ,1,5,1,3
27015310,edf_jenkinson,logncf,0.1705366545666367,0.5865427407550001,Δo > Δ,1,5,1,4
27015310,edf_chegodayev,logncf,0.1705366545666367,0.5865427407550001,Δo > Δ,1,5,1,5
27015310,edf_tukey,logncf,0.1705366545666367,0.5865427407550001,Δo > Δ,1,5,1,6
27015310,edf_beard,logncf,0.1705366545666367,0.5865427407550001,Δo > Δ,1,5,1,7
27015310,edf_blom,logncf,0.1710853632910473,0.5865427407550001,Δo > Δ,1,5,1,8
27015310,edf_cunnane,logncf,0.1747483669540508,0.5865427407550001,Δo > Δ,1,5,1,9
27015310,edf_california,loghypsecant,0.1801959958040849,0.5865427407550001,Δo > Δ,1,5,1,10
27015310,edf_gringorten,logncf,0.1807579823386662,0.5865427407550001,Δo > Δ,1,5,1,11
27015310,edf_hazen,logncf,0.1901329823386663,0.5865427407550001,Δo > Δ,1,5,1,12
27015320,edf_blom,genlogistic,0.0571758936649892,0.5865427407550001,Δo > Δ,1,5,1,1
27015320,edf_cunnane,genlogistic,0.059007395496491,0.5865427407550001,Δo > Δ,1,5,1,2
27015320,edf_hazen,gumbel_l,0.0595257724171449,0.5865427407550001,Δo > Δ,1,5,1,3
27015320,edf_tukey,genlogistic,0.0604984120010082,0.5865427407550001,Δo > Δ,1,5,1,4
27015320,edf_gringorten,genlogistic,0.0620122031887987,0.5865427407550001,Δo > Δ,1,5,1,5
27015320,edf_filliben,genlogistic,0.0627118323178768,0.5865427407550001,Δo > Δ,1,5,1,6
27015320,edf_beard,genlogistic,0.0637512001050974,0.5865427407550001,Δo > Δ,1,5,1,7
27015320,edf_jenkinson,genlogistic,0.0637512001050974,0.5865427407550001,Δo > Δ,1,5,1,8
27015320,edf_chegodayev,genlogistic,0.0651280416306378,0.5865427407550001,Δo > Δ,1,5,1,9
27015320,edf_adamowski,genlogistic,0.0718620483646445,0.5865427407550001,Δo > Δ,1,5,1,10
27015320,edf_weibull,mielke,0.0953370995091825,0.5865427407550001,Δo > Δ,1,5,1,11
27015320,edf_california,weibull_min,0.1424677314515861,0.5865427407550001,Δo > Δ,1,5,1,12
27015330,edf_hazen,loggibrat,0.0714285714285714,0.484420539261,Δo > Δ,1,7,1,1
27015330,edf_california,logt,0.0765402393589734,0.484420539261,Δo > Δ,1,7,1,2
27015330,edf_gringorten,loggibrat,0.0786516853932584,0.484420539261,Δo > Δ,1,7,1,3
27015330,edf_cunnane,loggibrat,0.0833333333333333,0.484420539261,Δo > Δ,1,7,1,4
27015330,edf_blom,loggibrat,0.0862068965517241,0.484420539261,Δo > Δ,1,7,1,5
27015330,edf_tukey,johnsonsu,0.0891114585935319,0.484420539261,Δo > Δ,1,7,1,6
27015330,edf_filliben,johnsonsu,0.0896977697704745,0.484420539261,Δo > Δ,1,7,1,7
27015330,edf_jenkinson,johnsonsu,0.0899737399436181,0.484420539261,Δo > Δ,1,7,1,8
27015330,edf_beard,johnsonsu,0.0899737399436181,0.484420539261,Δo > Δ,1,7,1,9
27015330,edf_chegodayev,johnsonsu,0.0903399598220332,0.484420539261,Δo > Δ,1,7,1,10
27015330,edf_adamowski,johnsonsu,0.092141761623835,0.484420539261,Δo > Δ,1,7,1,11
27015330,edf_weibull,logfisk,0.0976769547853302,0.484420539261,Δo > Δ,1,7,1,12
2702500107,edf_hazen,logjohnsonsu,0.0747322333526281,0.530385761606,Δo > Δ,1,6,1,1
2702500107,edf_gringorten,logjohnsonsu,0.0796341941369418,0.530385761606,Δo > Δ,1,6,1,2
2702500107,edf_cunnane,logjohnsonsu,0.0827967494816603,0.530385761606,Δo > Δ,1,6,1,3
2702500107,edf_blom,logjohnsonsu,0.0847322333526281,0.530385761606,Δo > Δ,1,6,1,4
2702500107,edf_tukey,logjohnsonsu,0.0878901280894702,0.530385761606,Δo > Δ,1,6,1,5
2702500107,edf_filliben,logjohnsonsu,0.0890684470211277,0.530385761606,Δo > Δ,1,6,1,6
2702500107,edf_beard,logjohnsonsu,0.0896225154842895,0.530385761606,Δo > Δ,1,6,1,7
2702500107,edf_jenkinson,logjohnsonsu,0.0896225154842895,0.530385761606,Δo > Δ,1,6,1,8
2702500107,edf_chegodayev,logjohnsonsu,0.0903572333526281,0.530385761606,Δo > Δ,1,6,1,9
2702500107,edf_adamowski,logjohnsonsu,0.0939630025833973,0.530385761606,Δo > Δ,1,6,1,10
2702500107,edf_weibull,logfisk,0.1040748167893402,0.530385761606,Δo > Δ,1,6,1,11
2702500107,edf_california,t,0.1565841216435204,0.530385761606,Δo > Δ,1,6,1,12
27037010,edf_hazen,logncf,0.0765192109564208,0.4472608134160001,Δo > Δ,1,8,1,1
27037010,edf_gringorten,lograyleigh,0.0800094825066866,0.4472608134160001,Δo > Δ,1,8,1,2
27037010,edf_cunnane,lograyleigh,0.0830132071252135,0.4472608134160001,Δo > Δ,1,8,1,3
27037010,edf_adamowski,loginvweibull,0.0839204152786952,0.4472608134160001,Δo > Δ,1,8,1,4
27037010,edf_blom,lograyleigh,0.0848609528753984,0.4472608134160001,Δo > Δ,1,8,1,5
27037010,edf_chegodayev,fisk,0.0857238867892728,0.4472608134160001,Δo > Δ,1,8,1,6
27037010,edf_beard,fisk,0.0858659483871817,0.4472608134160001,Δo > Δ,1,8,1,7
27037010,edf_jenkinson,fisk,0.0858659483871817,0.4472608134160001,Δo > Δ,1,8,1,8
27037010,edf_filliben,fisk,0.0859729403856067,0.4472608134160001,Δo > Δ,1,8,1,9
27037010,edf_tukey,fisk,0.0862000772654633,0.4472608134160001,Δo > Δ,1,8,1,10
27037010,edf_weibull,loginvweibull,0.0883697881047476,0.4472608134160001,Δo > Δ,1,8,1,11
27037010,edf_california,loglaplace_asymmetric,0.103970029093775,0.4472608134160001,Δo > Δ,1,8,1,12
28010070,edf_weibull,logfisk,0.04082352234382,0.186810366970217,Δo > Δ,1,53,1,1
28010070,edf_adamowski,fisk,0.0421964768750741,0.186810366970217,Δo > Δ,1,53,1,2
28010070,edf_hazen,loggenlogistic,0.0426930594610373,0.186810366970217,Δo > Δ,1,53,1,3
28010070,edf_gringorten,loggenlogistic,0.0427356827845198,0.186810366970217,Δo > Δ,1,53,1,4
28010070,edf_cunnane,loggenlogistic,0.0427639915081361,0.186810366970217,Δo > Δ,1,53,1,5
28010070,edf_blom,loggenlogistic,0.0427816412663344,0.186810366970217,Δo > Δ,1,53,1,6
28010070,edf_tukey,loggenlogistic,0.0428109839893391,0.186810366970217,Δo > Δ,1,53,1,7
28010070,edf_filliben,loggenlogistic,0.0428221101956541,0.186810366970217,Δo > Δ,1,53,1,8
28010070,edf_chegodayev,fisk,0.0428265304296262,0.186810366970217,Δo > Δ,1,53,1,9
28010070,edf_jenkinson,loggenlogistic,0.0428273758964204,0.186810366970217,Δo > Δ,1,53,1,10
28010070,edf_beard,loggenlogistic,0.0428273758964204,0.186810366970217,Δo > Δ,1,53,1,11
28010070,edf_california,loglogistic,0.044619894500871,0.186810366970217,Δo > Δ,1,53,1,12
2801700088,edf_filliben,moyal,0.099236759313797,0.5865427407550001,Δo > Δ,1,5,1,1
2801700088,edf_jenkinson,moyal,0.1002528797954718,0.5865427407550001,Δo > Δ,1,5,1,2
2801700088,edf_beard,moyal,0.1002528797954718,0.5865427407550001,Δo > Δ,1,5,1,3
2801700088,edf_tukey,moyal,0.1003434694722313,0.5865427407550001,Δo > Δ,1,5,1,4
2801700088,edf_chegodayev,moyal,0.1016297213210122,0.5865427407550001,Δo > Δ,1,5,1,5
2801700088,edf_blom,moyal,0.1033196599484218,0.5865427407550001,Δo > Δ,1,5,1,6
2801700088,edf_adamowski,logweibull_min,0.1041802913620314,0.5865427407550001,Δo > Δ,1,5,1,7
2801700088,edf_cunnane,moyal,0.1051511617799236,0.5865427407550001,Δo > Δ,1,5,1,8
2801700088,edf_weibull,nct,0.107709804955428,0.5865427407550001,Δo > Δ,1,5,1,9
2801700088,edf_gringorten,moyal,0.1081559694722313,0.5865427407550001,Δo > Δ,1,5,1,10
2801700088,edf_hazen,moyal,0.1128434694722313,0.5865427407550001,Δo > Δ,1,5,1,11
2801700088,edf_california,logalpha,0.1627348932829276,0.5865427407550001,Δo > Δ,1,5,1,12
28020080,edf_weibull,logweibull_min,0.0469468548304704,0.1817376445004486,Δo > Δ,1,56,1,1
28020080,edf_tukey,gamma,0.0483538971532314,0.1817376445004486,Δo > Δ,1,56,1,2
28020080,edf_filliben,gamma,0.0484386679597403,0.1817376445004486,Δo > Δ,1,56,1,3
28020080,edf_jenkinson,gamma,0.048478789315671,0.1817376445004486,Δo > Δ,1,56,1,4
28020080,edf_beard,gamma,0.048478789315671,0.1817376445004486,Δo > Δ,1,56,1,5
28020080,edf_chegodayev,gamma,0.0485322512595724,0.1817376445004486,Δo > Δ,1,56,1,6
28020080,edf_blom,erlang,0.0487305619189617,0.1817376445004486,Δo > Δ,1,56,1,7
28020080,edf_adamowski,gamma,0.0487989932416222,0.1817376445004486,Δo > Δ,1,56,1,8
28020080,edf_cunnane,erlang,0.0490864338050827,0.1817376445004486,Δo > Δ,1,56,1,9
28020080,edf_gringorten,erlang,0.0496571478063459,0.1817376445004486,Δo > Δ,1,56,1,10
28020080,edf_hazen,fatiguelife,0.0500857448624783,0.1817376445004486,Δo > Δ,1,56,1,11
28020080,edf_california,logmaxwell,0.0521213666009635,0.1817376445004486,Δo > Δ,1,56,1,12
28020150,edf_weibull,loggompertz,0.0546818702005759,0.1942857142857143,Δo > Δ,1,49,1,1
28020150,edf_adamowski,loggompertz,0.0575101530288588,0.1942857142857143,Δo > Δ,1,49,1,2
28020150,edf_chegodayev,loggompertz,0.0580826799171751,0.1942857142857143,Δo > Δ,1,49,1,3
28020150,edf_jenkinson,loggompertz,0.0581974635582106,0.1942857142857143,Δo > Δ,1,49,1,4
28020150,edf_beard,loggompertz,0.0581974635582106,0.1942857142857143,Δo > Δ,1,49,1,5
28020150,edf_filliben,loggompertz,0.0582836123255633,0.1942857142857143,Δo > Δ,1,49,1,6
28020150,edf_tukey,loggompertz,0.0584656539843597,0.1942857142857143,Δo > Δ,1,49,1,7
28020150,edf_blom,loggompertz,0.0589458295914389,0.1942857142857143,Δo > Δ,1,49,1,8
28020150,edf_cunnane,loggompertz,0.0592347157290313,0.1942857142857143,Δo > Δ,1,49,1,9
28020150,edf_gringorten,loggompertz,0.0596981568455271,0.1942857142857143,Δo > Δ,1,49,1,10
28020150,edf_hazen,loggompertz,0.0603961559148617,0.1942857142857143,Δo > Δ,1,49,1,11
28020150,edf_california,loggompertz,0.0637877123129088,0.1942857142857143,Δo > Δ,1,49,1,12
28020230,edf_california,laplace_asymmetric,0.0681525844225807,0.186810366970217,Δo > Δ,1,53,1,1
28020230,edf_hazen,laplace_asymmetric,0.0775865466867317,0.186810366970217,Δo > Δ,1,53,1,2
28020230,edf_gringorten,laplace_asymmetric,0.078311143185936,0.186810366970217,Δo > Δ,1,53,1,3
28020230,edf_cunnane,laplace_asymmetric,0.0787923914874126,0.186810366970217,Δo > Δ,1,53,1,4
28020230,edf_blom,laplace_asymmetric,0.079092437376784,0.186810366970217,Δo > Δ,1,53,1,5
28020230,edf_tukey,laplace_asymmetric,0.0795912636678638,0.186810366970217,Δo > Δ,1,53,1,6
28020230,edf_filliben,laplace_asymmetric,0.0797804091752188,0.186810366970217,Δo > Δ,1,53,1,7
28020230,edf_jenkinson,laplace_asymmetric,0.079869926088246,0.186810366970217,Δo > Δ,1,53,1,8
28020230,edf_beard,laplace_asymmetric,0.079869926088246,0.186810366970217,Δo > Δ,1,53,1,9
28020230,edf_chegodayev,laplace_asymmetric,0.07998920374277,0.186810366970217,Δo > Δ,1,53,1,10
28020230,edf_adamowski,laplace_asymmetric,0.0805842543220693,0.186810366970217,Δo > Δ,1,53,1,11
28020230,edf_weibull,laplace_asymmetric,0.083526448853049,0.186810366970217,Δo > Δ,1,53,1,12
28020310,edf_weibull,logt,0.101635905570082,0.1962990915244727,Δo > Δ,1,48,1,1
28020310,edf_california,logt,0.1036088143283771,0.1962990915244727,Δo > Δ,1,48,1,2
28020310,edf_adamowski,logt,0.1036818521846109,0.1962990915244727,Δo > Δ,1,48,1,3
28020310,edf_chegodayev,logt,0.1041717559078792,0.1962990915244727,Δo > Δ,1,48,1,4
28020310,edf_jenkinson,logt,0.1042699796804237,0.1962990915244727,Δo > Δ,1,48,1,5
28020310,edf_beard,logt,0.1042699796804237,0.1962990915244727,Δo > Δ,1,48,1,6
28020310,edf_filliben,logt,0.1043437008205739,0.1962990915244727,Δo > Δ,1,48,1,7
28020310,edf_tukey,logt,0.1044994846055138,0.1962990915244727,Δo > Δ,1,48,1,8
28020310,edf_blom,logt,0.1049104190346724,0.1962990915244727,Δo > Δ,1,48,1,9
28020310,edf_cunnane,logt,0.1051576617410126,0.1962990915244727,Δo > Δ,1,48,1,10
28020310,edf_gringorten,logt,0.1055543187844343,0.1962990915244727,Δo > Δ,1,48,1,11
28020310,edf_hazen,logt,0.1061517834560886,0.1962990915244727,Δo > Δ,1,48,1,12
28020420,edf_california,loggompertz,0.0729477710753653,0.1942857142857143,Δo > Δ,1,49,1,1
28020420,edf_hazen,loggompertz,0.0787981838707557,0.1942857142857143,Δo > Δ,1,49,1,2
28020420,edf_gringorten,loggompertz,0.0791471834054231,0.1942857142857143,Δo > Δ,1,49,1,3
28020420,edf_cunnane,loggompertz,0.079378903963671,0.1942857142857143,Δo > Δ,1,49,1,4
28020420,edf_blom,loggompertz,0.0795233470324672,0.1942857142857143,Δo > Δ,1,49,1,5
28020420,edf_tukey,loggompertz,0.0797634348360067,0.1942857142857143,Δo > Δ,1,49,1,6
28020420,edf_filliben,loggompertz,0.079854455665405,0.1942857142857143,Δo > Δ,1,49,1,7
28020420,edf_jenkinson,loggompertz,0.0798975300490812,0.1942857142857143,Δo > Δ,1,49,1,8
28020420,edf_beard,loggompertz,0.0798975300490812,0.1942857142857143,Δo > Δ,1,49,1,9
28020420,edf_chegodayev,loggompertz,0.079954921869599,0.1942857142857143,Δo > Δ,1,49,1,10
28020420,edf_adamowski,loggompertz,0.0802411853137572,0.1942857142857143,Δo > Δ,1,49,1,11
28020420,edf_weibull,loggompertz,0.0816553267278986,0.1942857142857143,Δo > Δ,1,49,1,12
28020440,edf_california,lograyleigh,0.0466301475268105,0.1741301567087385,Δo > Δ,1,61,1,1
28020440,edf_adamowski,lograyleigh,0.0517949543195207,0.1741301567087385,Δo > Δ,1,61,1,2
28020440,edf_hazen,logmaxwell,0.0519143600514577,0.1741301567087385,Δo > Δ,1,61,1,3
28020440,edf_chegodayev,lograyleigh,0.0519406151004227,0.1741301567087385,Δo > Δ,1,61,1,4
28020440,edf_jenkinson,lograyleigh,0.0520520584187589,0.1741301567087385,Δo > Δ,1,61,1,5
28020440,edf_beard,lograyleigh,0.0520520584187589,0.1741301567087385,Δo > Δ,1,61,1,6
28020440,edf_filliben,lograyleigh,0.0521356885794268,0.1741301567087385,Δo > Δ,1,61,1,7
28020440,edf_tukey,lograyleigh,0.0523123754743074,0.1741301567087385,Δo > Δ,1,61,1,8
28020440,edf_gringorten,logmaxwell,0.0526224537773181,0.1741301567087385,Δo > Δ,1,61,1,9
28020440,edf_blom,lograyleigh,0.0527782139836242,0.1741301567087385,Δo > Δ,1,61,1,10
28020440,edf_cunnane,lograyleigh,0.0530583260284421,0.1741301567087385,Δo > Δ,1,61,1,11
28020440,edf_weibull,invweibull,0.054643352714114,0.1741301567087385,Δo > Δ,1,61,1,12
28020460,edf_california,invweibull,0.0957956259504528,0.2123963161685042,Δo > Δ,1,41,1,1
28020460,edf_weibull,loginvweibull,0.1038085403786639,0.2123963161685042,Δo > Δ,1,41,1,2
28020460,edf_hazen,nakagami,0.1045196573632539,0.2123963161685042,Δo > Δ,1,41,1,3
28020460,edf_cunnane,weibull_min,0.1046644488309793,0.2123963161685042,Δo > Δ,1,41,1,4
28020460,edf_blom,weibull_min,0.1046644488309793,0.2123963161685042,Δo > Δ,1,41,1,5
28020460,edf_jenkinson,weibull_min,0.1046644488309793,0.2123963161685042,Δo > Δ,1,41,1,6
28020460,edf_filliben,weibull_min,0.1046644488309793,0.2123963161685042,Δo > Δ,1,41,1,7
28020460,edf_gringorten,weibull_min,0.1046644488309793,0.2123963161685042,Δo > Δ,1,41,1,8
28020460,edf_tukey,weibull_min,0.1046644488309793,0.2123963161685042,Δo > Δ,1,41,1,9
28020460,edf_chegodayev,weibull_min,0.1046644488309793,0.2123963161685042,Δo > Δ,1,41,1,10
28020460,edf_beard,weibull_min,0.1046644488309793,0.2123963161685042,Δo > Δ,1,41,1,11
28020460,edf_adamowski,weibull_min,0.1048251606092876,0.2123963161685042,Δo > Δ,1,41,1,12
28020600,edf_adamowski,loggenlogistic,0.0563717242722505,0.2150348808914498,Δo > Δ,1,40,1,1
28020600,edf_chegodayev,mielke,0.0564020388636359,0.2150348808914498,Δo > Δ,1,40,1,2
28020600,edf_jenkinson,mielke,0.0565062469070257,0.2150348808914498,Δo > Δ,1,40,1,3
28020600,edf_beard,mielke,0.0565062469070257,0.2150348808914498,Δo > Δ,1,40,1,4
28020600,edf_filliben,mielke,0.0565844707077122,0.2150348808914498,Δo > Δ,1,40,1,5
28020600,edf_tukey,mielke,0.056749800912568,0.2150348808914498,Δo > Δ,1,40,1,6
28020600,edf_blom,mielke,0.057186123483278,0.2150348808914498,Δo > Δ,1,40,1,7
28020600,edf_cunnane,mielke,0.0574487853293272,0.2150348808914498,Δo > Δ,1,40,1,8
28020600,edf_gringorten,mielke,0.0578704060393365,0.2150348808914498,Δo > Δ,1,40,1,9
28020600,edf_weibull,loggenlogistic,0.0580278519446383,0.2150348808914498,Δo > Δ,1,40,1,10
28020600,edf_hazen,mielke,0.0585059992596755,0.2150348808914498,Δo > Δ,1,40,1,11
28020600,edf_california,genlogistic,0.0630305133832728,0.2150348808914498,Δo > Δ,1,40,1,12
2802500079,edf_hazen,rayleigh,0.0445347523436492,0.530385761606,Δo > Δ,1,6,1,1
2802500079,edf_gringorten,rayleigh,0.0494367131279629,0.530385761606,Δo > Δ,1,6,1,2
2802500079,edf_cunnane,rayleigh,0.0525992684726814,0.530385761606,Δo > Δ,1,6,1,3
2802500079,edf_blom,rayleigh,0.0545347523436492,0.530385761606,Δo > Δ,1,6,1,4
2802500079,edf_chegodayev,invgauss,0.0566472659048905,0.530385761606,Δo > Δ,1,6,1,5
2802500079,edf_jenkinson,invgauss,0.0568266231537655,0.530385761606,Δo > Δ,1,6,1,6
2802500079,edf_beard,invgauss,0.0568266231537655,0.530385761606,Δo > Δ,1,6,1,7
2802500079,edf_filliben,invgauss,0.0570113126414861,0.530385761606,Δo > Δ,1,6,1,8
2802500079,edf_tukey,invgauss,0.0574040856187053,0.530385761606,Δo > Δ,1,6,1,9
2802500079,edf_adamowski,invgauss,0.062656881289506,0.530385761606,Δo > Δ,1,6,1,10
2802500079,edf_weibull,logmielke,0.085707413523572,0.530385761606,Δo > Δ,1,6,1,11
2802500079,edf_california,loginvweibull,0.115140099514831,0.530385761606,Δo > Δ,1,6,1,12
28025070,edf_california,laplace_asymmetric,0.0442410168476985,0.1962990915244727,Δo > Δ,1,48,1,1
28025070,edf_hazen,logmaxwell,0.0509296296462041,0.1962990915244727,Δo > Δ,1,48,1,2
28025070,edf_gringorten,logmaxwell,0.0514720532493606,0.1962990915244727,Δo > Δ,1,48,1,3
28025070,edf_cunnane,logmaxwell,0.0520066779600598,0.1962990915244727,Δo > Δ,1,48,1,4
28025070,edf_blom,logmaxwell,0.0523399181294748,0.1962990915244727,Δo > Δ,1,48,1,5
28025070,edf_tukey,logmaxwell,0.0528937862731232,0.1962990915244727,Δo > Δ,1,48,1,6
28025070,edf_filliben,logmaxwell,0.0531037557223902,0.1962990915244727,Δo > Δ,1,48,1,7
28025070,edf_jenkinson,logmaxwell,0.0532031189982448,0.1962990915244727,Δo > Δ,1,48,1,8
28025070,edf_beard,logmaxwell,0.0532031189982448,0.1962990915244727,Δo > Δ,1,48,1,9
28025070,edf_chegodayev,logmaxwell,0.0533355075612393,0.1962990915244727,Δo > Δ,1,48,1,10
28025070,edf_adamowski,logmaxwell,0.0539958125795576,0.1962990915244727,Δo > Δ,1,48,1,11
28025070,edf_weibull,lograyleigh,0.0553754302010597,0.1962990915244727,Δo > Δ,1,48,1,12
28025080,edf_california,logkstwobign,0.0838574282580905,0.2123963161685042,Δo > Δ,1,41,1,1
28025080,edf_hazen,loginvweibull,0.0880498948454807,0.2123963161685042,Δo > Δ,1,41,1,2
28025080,edf_gringorten,loginvweibull,0.0886904946366926,0.2123963161685042,Δo > Δ,1,41,1,3
28025080,edf_cunnane,loginvweibull,0.0891154880256843,0.2123963161685042,Δo > Δ,1,41,1,4
28025080,edf_blom,loginvweibull,0.0893802717856137,0.2123963161685042,Δo > Δ,1,41,1,5
28025080,edf_tukey,loginvweibull,0.0898201544835609,0.2123963161685042,Δo > Δ,1,41,1,6
28025080,edf_filliben,loginvweibull,0.0899868451952815,0.2123963161685042,Δo > Δ,1,41,1,7
28025080,edf_jenkinson,loginvweibull,0.0900657149070162,0.2123963161685042,Δo > Δ,1,41,1,8
28025080,edf_beard,loginvweibull,0.0900657149070162,0.2123963161685042,Δo > Δ,1,41,1,9
28025080,edf_chegodayev,loginvweibull,0.0901707856196057,0.2123963161685042,Δo > Δ,1,41,1,10
28025080,edf_adamowski,loginvweibull,0.0906946200879138,0.2123963161685042,Δo > Δ,1,41,1,11
28025080,edf_weibull,loginvweibull,0.0932763756817176,0.2123963161685042,Δo > Δ,1,41,1,12
28025090,edf_california,kstwobign,0.0708629080787351,0.2050277143128792,Δo > Δ,1,44,1,1
28025090,edf_weibull,loginvweibull,0.0733323348383139,0.2050277143128792,Δo > Δ,1,44,1,2
28025090,edf_adamowski,loginvweibull,0.0758497244325084,0.2050277143128792,Δo > Δ,1,44,1,3
28025090,edf_chegodayev,loginvweibull,0.0768872788408494,0.2050277143128792,Δo > Δ,1,44,1,4
28025090,edf_jenkinson,loginvweibull,0.0770953508154828,0.2050277143128792,Δo > Δ,1,44,1,5
28025090,edf_beard,loginvweibull,0.0770953508154828,0.2050277143128792,Δo > Δ,1,44,1,6
28025090,edf_filliben,loginvweibull,0.0772515279090316,0.2050277143128792,Δo > Δ,1,44,1,7
28025090,edf_tukey,loginvweibull,0.0775815821667316,0.2050277143128792,Δo > Δ,1,44,1,8
28025090,edf_blom,loginvweibull,0.0784524032873297,0.2050277143128792,Δo > Δ,1,44,1,9
28025090,edf_hazen,maxwell,0.0788596434616195,0.2050277143128792,Δo > Δ,1,44,1,10
28025090,edf_cunnane,loginvweibull,0.0789764721065132,0.2050277143128792,Δo > Δ,1,44,1,11
28025090,edf_gringorten,maxwell,0.0793232550993018,0.2050277143128792,Δo > Δ,1,44,1,12
28025120,edf_gringorten,weibull_min,0.0697352715759508,0.5865427407550001,Δo > Δ,1,5,1,1
28025120,edf_hazen,weibull_min,0.0744227715759508,0.5865427407550001,Δo > Δ,1,5,1,2
28025120,edf_cunnane,weibull_min,0.0752908011432682,0.5865427407550001,Δo > Δ,1,5,1,3
28025120,edf_chegodayev,gumbel_l,0.0779804788566592,0.5865427407550001,Δo > Δ,1,5,1,4
28025120,edf_beard,gumbel_l,0.0786688996194293,0.5865427407550001,Δo > Δ,1,5,1,5
28025120,edf_jenkinson,gumbel_l,0.0786688996194293,0.5865427407550001,Δo > Δ,1,5,1,6
28025120,edf_blom,weibull_min,0.0789538048062718,0.5865427407550001,Δo > Δ,1,5,1,7
28025120,edf_filliben,gumbel_l,0.0791885835130397,0.5865427407550001,Δo > Δ,1,5,1,8
28025120,edf_tukey,gumbel_l,0.0802952936714739,0.5865427407550001,Δo > Δ,1,5,1,9
28025120,edf_adamowski,gumbel_l,0.0839141786245976,0.5865427407550001,Δo > Δ,1,5,1,10
28025120,edf_weibull,gumbel_l,0.1142172089276279,0.5865427407550001,Δo > Δ,1,5,1,11
28025120,edf_california,mielke,0.1473256088082137,0.5865427407550001,Δo > Δ,1,5,1,12
28025130,edf_hazen,fisk,0.1092665941128253,0.5865427407550001,Δo > Δ,1,5,1,1
28025130,edf_adamowski,logncf,0.113029018821395,0.5865427407550001,Δo > Δ,1,5,1,2
28025130,edf_weibull,logncf,0.113029018821395,0.5865427407550001,Δo > Δ,1,5,1,3
28025130,edf_gringorten,fisk,0.1139540941128253,0.5865427407550001,Δo > Δ,1,5,1,4
28025130,edf_filliben,logfisk,0.115717007864652,0.5865427407550001,Δo > Δ,1,5,1,5
28025130,edf_tukey,logfisk,0.115717007864652,0.5865427407550001,Δo > Δ,1,5,1,6
28025130,edf_jenkinson,logfisk,0.115717007864652,0.5865427407550001,Δo > Δ,1,5,1,7
28025130,edf_cunnane,logfisk,0.115717007864652,0.5865427407550001,Δo > Δ,1,5,1,8
28025130,edf_chegodayev,logfisk,0.115717007864652,0.5865427407550001,Δo > Δ,1,5,1,9
28025130,edf_blom,logfisk,0.115717007864652,0.5865427407550001,Δo > Δ,1,5,1,10
28025130,edf_beard,logfisk,0.115717007864652,0.5865427407550001,Δo > Δ,1,5,1,11
28025130,edf_california,invgauss,0.1525007592549588,0.5865427407550001,Δo > Δ,1,5,1,12
28025502,edf_hazen,logmielke,0.0219631332376268,0.484420539261,Δo > Δ,1,7,1,1
28025502,edf_gringorten,logmielke,0.0287603946481174,0.484420539261,Δo > Δ,1,7,1,2
28025502,edf_cunnane,logmielke,0.0334420425881923,0.484420539261,Δo > Δ,1,7,1,3
28025502,edf_jenkinson,mielke,0.0357191431350094,0.484420539261,Δo > Δ,1,7,1,4
28025502,edf_filliben,mielke,0.0357191431350094,0.484420539261,Δo > Δ,1,7,1,5
28025502,edf_tukey,mielke,0.0357191431350094,0.484420539261,Δo > Δ,1,7,1,6
28025502,edf_blom,mielke,0.0357191431350094,0.484420539261,Δo > Δ,1,7,1,7
28025502,edf_adamowski,mielke,0.0357191431350094,0.484420539261,Δo > Δ,1,7,1,8
28025502,edf_chegodayev,mielke,0.0357191431350094,0.484420539261,Δo > Δ,1,7,1,9
28025502,edf_beard,mielke,0.0357191431350094,0.484420539261,Δo > Δ,1,7,1,10
28025502,edf_weibull,mielke,0.0569129521721977,0.484420539261,Δo > Δ,1,7,1,11
28025502,edf_california,mielke,0.0747700950293405,0.484420539261,Δo > Δ,1,7,1,12
28035010,edf_hazen,halfnorm,0.0428231308985693,0.1885980667165779,Δo > Δ,1,52,1,1
28035010,edf_gringorten,halfnorm,0.0438193526353896,0.1885980667165779,Δo > Δ,1,52,1,2
28035010,edf_cunnane,weibull_min,0.0441036770985334,0.1885980667165779,Δo > Δ,1,52,1,3
28035010,edf_blom,weibull_min,0.0442228360198702,0.1885980667165779,Δo > Δ,1,52,1,4
28035010,edf_tukey,weibull_min,0.0444209282394173,0.1885980667165779,Δo > Δ,1,52,1,5
28035010,edf_filliben,weibull_min,0.0444960379695635,0.1885980667165779,Δo > Δ,1,52,1,6
28035010,edf_beard,weibull_min,0.0445315845651895,0.1885980667165779,Δo > Δ,1,52,1,7
28035010,edf_jenkinson,weibull_min,0.0445315845651895,0.1885980667165779,Δo > Δ,1,52,1,8
28035010,edf_chegodayev,weibull_min,0.0445789483687506,0.1885980667165779,Δo > Δ,1,52,1,9
28035010,edf_adamowski,weibull_min,0.0448152260859444,0.1885980667165779,Δo > Δ,1,52,1,10
28035010,edf_california,weibull_min,0.045273535028138,0.1885980667165779,Δo > Δ,1,52,1,11
28035010,edf_weibull,weibull_min,0.045983240461506,0.1885980667165779,Δo > Δ,1,52,1,12
28035040,edf_gringorten,mielke,0.0515405063905606,0.2050277143128792,Δo > Δ,1,44,1,1
28035040,edf_weibull,pearson3,0.0516896279307292,0.2050277143128792,Δo > Δ,1,44,1,2
28035040,edf_hazen,mielke,0.0516950436031213,0.2050277143128792,Δo > Δ,1,44,1,3
28035040,edf_cunnane,loggenlogistic,0.0519596274576615,0.2050277143128792,Δo > Δ,1,44,1,4
28035040,edf_blom,loggenlogistic,0.0523303102809864,0.2050277143128792,Δo > Δ,1,44,1,5
28035040,edf_tukey,loggenlogistic,0.0529462569272631,0.2050277143128792,Δo > Δ,1,44,1,6
28035040,edf_filliben,loggenlogistic,0.053179709938807,0.2050277143128792,Δo > Δ,1,44,1,7
28035040,edf_jenkinson,loggenlogistic,0.0532901766635123,0.2050277143128792,Δo > Δ,1,44,1,8
28035040,edf_beard,loggenlogistic,0.0532901766635123,0.2050277143128792,Δo > Δ,1,44,1,9
28035040,edf_chegodayev,loggenlogistic,0.0534373495236189,0.2050277143128792,Δo > Δ,1,44,1,10
28035040,edf_adamowski,pearson3,0.0535607752156005,0.2050277143128792,Δo > Δ,1,44,1,11
28035040,edf_california,logweibull_min,0.0568885186812729,0.2050277143128792,Δo > Δ,1,44,1,12
28035060,edf_cunnane,fisk,0.0802618433998072,0.5865427407550001,Δo > Δ,1,5,1,1
28035060,edf_blom,fisk,0.0839248470628109,0.5865427407550001,Δo > Δ,1,5,1,2
28035060,edf_gringorten,fisk,0.0849707374458265,0.5865427407550001,Δo > Δ,1,5,1,3
28035060,edf_hazen,pearson3,0.0894662044671313,0.5865427407550001,Δo > Δ,1,5,1,4
28035060,edf_tukey,fisk,0.0898772280151918,0.5865427407550001,Δo > Δ,1,5,1,5
28035060,edf_filliben,fisk,0.0920906483320604,0.5865427407550001,Δo > Δ,1,5,1,6
28035060,edf_beard,fisk,0.0931300161192811,0.5865427407550001,Δo > Δ,1,5,1,7
28035060,edf_jenkinson,fisk,0.0931300161192811,0.5865427407550001,Δo > Δ,1,5,1,8
28035060,edf_chegodayev,fisk,0.0945068576448215,0.5865427407550001,Δo > Δ,1,5,1,9
28035060,edf_adamowski,fisk,0.1012408643788282,0.5865427407550001,Δo > Δ,1,5,1,10
28035060,edf_weibull,pearson3,0.1227995378004647,0.5865427407550001,Δo > Δ,1,5,1,11
28035060,edf_california,gumbel_l,0.1471131252854575,0.5865427407550001,Δo > Δ,1,5,1,12
28035070,edf_hazen,alpha,0.0996413464265018,0.5865427407550001,Δo > Δ,1,5,1,1
28035070,edf_gringorten,alpha,0.1043288464265017,0.5865427407550001,Δo > Δ,1,5,1,2
28035070,edf_cunnane,alpha,0.1073336541188094,0.5865427407550001,Δo > Δ,1,5,1,3
28035070,edf_blom,alpha,0.1091651559503112,0.5865427407550001,Δo > Δ,1,5,1,4
28035070,edf_tukey,alpha,0.1121413464265017,0.5865427407550001,Δo > Δ,1,5,1,5
28035070,edf_filliben,alpha,0.113248056584936,0.5865427407550001,Δo > Δ,1,5,1,6
28035070,edf_beard,alpha,0.1137677404785463,0.5865427407550001,Δo > Δ,1,5,1,7
28035070,edf_jenkinson,alpha,0.1137677404785463,0.5865427407550001,Δo > Δ,1,5,1,8
28035070,edf_chegodayev,alpha,0.1144561612413166,0.5865427407550001,Δo > Δ,1,5,1,9
28035070,edf_adamowski,alpha,0.1178231646083199,0.5865427407550001,Δo > Δ,1,5,1,10
28035070,edf_weibull,alpha,0.1329746797598351,0.5865427407550001,Δo > Δ,1,5,1,11
28035070,edf_california,alpha,0.1404495730525008,0.5865427407550001,Δo > Δ,1,5,1,12
28040310,edf_weibull,loglaplace_asymmetric,0.0903895761232065,0.2073980556523423,Δo > Δ,1,43,1,1
28040310,edf_adamowski,loglaplace_asymmetric,0.093524372361451,0.2073980556523423,Δo > Δ,1,43,1,2
28040310,edf_california,logmoyal,0.0935796690468688,0.2073980556523423,Δo > Δ,1,43,1,3
28040310,edf_chegodayev,loglaplace_asymmetric,0.0941599992484685,0.2073980556523423,Δo > Δ,1,43,1,4
28040310,edf_jenkinson,loglaplace_asymmetric,0.0942874762866667,0.2073980556523423,Δo > Δ,1,43,1,5
28040310,edf_beard,loglaplace_asymmetric,0.0942874762866667,0.2073980556523423,Δo > Δ,1,43,1,6
28040310,edf_filliben,loglaplace_asymmetric,0.0943831612305929,0.2073980556523423,Δo > Δ,1,43,1,7
28040310,edf_tukey,loglaplace_asymmetric,0.0945853803190107,0.2073980556523423,Δo > Δ,1,43,1,8
28040310,edf_blom,loglaplace_asymmetric,0.0951189507947777,0.2073980556523423,Δo > Δ,1,43,1,9
28040310,edf_cunnane,loglaplace_asymmetric,0.0954400811737116,0.2073980556523423,Δo > Δ,1,43,1,10
28040310,edf_gringorten,loglaplace_asymmetric,0.0959554388319264,0.2073980556523423,Δo > Δ,1,43,1,11
28040310,edf_hazen,loglaplace_asymmetric,0.0967320708377943,0.2073980556523423,Δo > Δ,1,43,1,12
28040350,edf_hazen,weibull_min,0.0311709472392445,0.1904380914278093,Δo > Δ,1,51,1,1
28040350,edf_gringorten,weibull_min,0.0318126831252478,0.1904380914278093,Δo > Δ,1,51,1,2
28040350,edf_cunnane,weibull_min,0.0324239898545123,0.1904380914278093,Δo > Δ,1,51,1,3
28040350,edf_blom,rice,0.0326413759486961,0.1904380914278093,Δo > Δ,1,51,1,4
28040350,edf_tukey,rice,0.0327997541558548,0.1904380914278093,Δo > Δ,1,51,1,5
28040350,edf_filliben,rice,0.0328598031305343,0.1904380914278093,Δo > Δ,1,51,1,6
28040350,edf_beard,rice,0.0328882215467745,0.1904380914278093,Δo > Δ,1,51,1,7
28040350,edf_jenkinson,rice,0.0328882215467745,0.1904380914278093,Δo > Δ,1,51,1,8
28040350,edf_chegodayev,rice,0.0329260869670125,0.1904380914278093,Δo > Δ,1,51,1,9
28040350,edf_adamowski,rice,0.0333223201316166,0.1904380914278093,Δo > Δ,1,51,1,10
28040350,edf_weibull,rice,0.0370564500793388,0.1904380914278093,Δo > Δ,1,51,1,11
28040350,edf_california,ncf,0.0400338590495538,0.1904380914278093,Δo > Δ,1,51,1,12
28045040,edf_hazen,logweibull_min,0.1071715264730782,0.5865427407550001,Δo > Δ,1,5,1,1
28045040,edf_gringorten,logweibull_min,0.1118590264730782,0.5865427407550001,Δo > Δ,1,5,1,2
28045040,edf_cunnane,logweibull_min,0.1153844875608014,0.5865427407550001,Δo > Δ,1,5,1,3
28045040,edf_blom,invgamma,0.1185123713347858,0.5865427407550001,Δo > Δ,1,5,1,4
28045040,edf_tukey,invgamma,0.1214885618109763,0.5865427407550001,Δo > Δ,1,5,1,5
28045040,edf_filliben,invgamma,0.1225952719694106,0.5865427407550001,Δo > Δ,1,5,1,6
28045040,edf_beard,invgamma,0.1231149558630209,0.5865427407550001,Δo > Δ,1,5,1,7
28045040,edf_jenkinson,invgamma,0.1231149558630209,0.5865427407550001,Δo > Δ,1,5,1,8
28045040,edf_chegodayev,invgamma,0.1238033766257912,0.5865427407550001,Δo > Δ,1,5,1,9
28045040,edf_adamowski,invgamma,0.1271703799927945,0.5865427407550001,Δo > Δ,1,5,1,10
28045040,edf_weibull,f,0.1285966713599645,0.5865427407550001,Δo > Δ,1,5,1,11
28045040,edf_california,alpha,0.1428343550959755,0.5865427407550001,Δo > Δ,1,5,1,12
28045501,edf_hazen,logmielke,0.0056414866300234,0.530385761606,Δo > Δ,1,6,1,1
28045501,edf_gringorten,logmielke,0.0138114212705463,0.530385761606,Δo > Δ,1,6,1,2
28045501,edf_cunnane,logmielke,0.0190823468450772,0.530385761606,Δo > Δ,1,6,1,3
28045501,edf_blom,logmielke,0.0223081532966901,0.530385761606,Δo > Δ,1,6,1,4
28045501,edf_tukey,logmielke,0.0275713111914269,0.530385761606,Δo > Δ,1,6,1,5
28045501,edf_filliben,logmielke,0.0295351760775227,0.530385761606,Δo > Δ,1,6,1,6
28045501,edf_beard,logmielke,0.0304586235161258,0.530385761606,Δo > Δ,1,6,1,7
28045501,edf_jenkinson,logmielke,0.0304586235161258,0.530385761606,Δo > Δ,1,6,1,8
28045501,edf_chegodayev,logmielke,0.0316831532966901,0.530385761606,Δo > Δ,1,6,1,9
28045501,edf_adamowski,logmielke,0.0376927686813055,0.530385761606,Δo > Δ,1,6,1,10
28045501,edf_weibull,logmielke,0.0651652961538329,0.530385761606,Δo > Δ,1,6,1,11
28045501,edf_california,logmielke,0.0889748199633567,0.530385761606,Δo > Δ,1,6,1,12
2805500075,edf_hazen,loggumbel_r,0.1769109332819973,0.5865427407550001,Δo > Δ,1,5,1,1
2805500075,edf_gringorten,loggumbel_r,0.1815984332819973,0.5865427407550001,Δo > Δ,1,5,1,2
2805500075,edf_cunnane,loggumbel_r,0.184603240974305,0.5865427407550001,Δo > Δ,1,5,1,3
2805500075,edf_blom,loggumbel_r,0.1864347428058068,0.5865427407550001,Δo > Δ,1,5,1,4
2805500075,edf_tukey,loggumbel_r,0.1894109332819973,0.5865427407550001,Δo > Δ,1,5,1,5
2805500075,edf_filliben,loggumbel_r,0.1905176434404316,0.5865427407550001,Δo > Δ,1,5,1,6
2805500075,edf_beard,loggumbel_r,0.1910373273340418,0.5865427407550001,Δo > Δ,1,5,1,7
2805500075,edf_jenkinson,loggumbel_r,0.1910373273340418,0.5865427407550001,Δo > Δ,1,5,1,8
2805500075,edf_chegodayev,loggumbel_r,0.1917257480968122,0.5865427407550001,Δo > Δ,1,5,1,9
2805500075,edf_adamowski,loggumbel_r,0.1950927514638155,0.5865427407550001,Δo > Δ,1,5,1,10
2805500075,edf_weibull,loggumbel_r,0.2102442666153307,0.5865427407550001,Δo > Δ,1,5,1,11
2805500075,edf_california,loggumbel_r,0.2504965133417329,0.5865427407550001,Δo > Δ,1,5,1,12
29004520,edf_gringorten,johnsonsu,0.0325958353686715,0.4472608134160001,Δo > Δ,1,8,1,1
29004520,edf_hazen,invgamma,0.0346468095088534,0.4472608134160001,Δo > Δ,1,8,1,2
29004520,edf_cunnane,invgamma,0.0361711997527559,0.4472608134160001,Δo > Δ,1,8,1,3
29004520,edf_blom,invgamma,0.0381697982342466,0.4472608134160001,Δo > Δ,1,8,1,4
29004520,edf_tukey,exponnorm,0.0401312174147501,0.4472608134160001,Δo > Δ,1,8,1,5
29004520,edf_filliben,exponnorm,0.0417211755737459,0.4472608134160001,Δo > Δ,1,8,1,6
29004520,edf_beard,exponnorm,0.0424701195627215,0.4472608134160001,Δo > Δ,1,8,1,7
29004520,edf_jenkinson,exponnorm,0.0424701195627215,0.4472608134160001,Δo > Δ,1,8,1,8
29004520,edf_chegodayev,exponnorm,0.0434645507480835,0.4472608134160001,Δo > Δ,1,8,1,9
29004520,edf_adamowski,exponnorm,0.0483665115323972,0.4472608134160001,Δo > Δ,1,8,1,10
29004520,edf_weibull,laplace_asymmetric,0.0682697109381131,0.4472608134160001,Δo > Δ,1,8,1,11
29004520,edf_california,laplace_asymmetric,0.082158599827002,0.4472608134160001,Δo > Δ,1,8,1,12
29015000,edf_hazen,logncf,0.0915504293471311,0.5865427407550001,Δo > Δ,1,5,1,1
29015000,edf_gringorten,logncf,0.1009254293471312,0.5865427407550001,Δo > Δ,1,5,1,2
29015000,edf_cunnane,logncf,0.1069350447317465,0.5865427407550001,Δo > Δ,1,5,1,3
29015000,edf_blom,logncf,0.1105980483947502,0.5865427407550001,Δo > Δ,1,5,1,4
29015000,edf_tukey,logncf,0.1165504293471311,0.5865427407550001,Δo > Δ,1,5,1,5
29015000,edf_california,fatiguelife,0.1168025810725565,0.5865427407550001,Δo > Δ,1,5,1,6
29015000,edf_filliben,logncf,0.1187638496639997,0.5865427407550001,Δo > Δ,1,5,1,7
29015000,edf_jenkinson,logncf,0.1198032174512204,0.5865427407550001,Δo > Δ,1,5,1,8
29015000,edf_beard,logncf,0.1198032174512204,0.5865427407550001,Δo > Δ,1,5,1,9
29015000,edf_chegodayev,logncf,0.1211800589767608,0.5865427407550001,Δo > Δ,1,5,1,10
29015000,edf_adamowski,logncf,0.1279140657107675,0.5865427407550001,Δo > Δ,1,5,1,11
29015000,edf_weibull,logncf,0.1582170960137978,0.5865427407550001,Δo > Δ,1,5,1,12
2901500072,edf_weibull,loggumbel_r,0.1957082264762585,0.5865427407550001,Δo > Δ,1,5,1,1
2901500072,edf_adamowski,loggumbel_r,0.2108597416277737,0.5865427407550001,Δo > Δ,1,5,1,2
2901500072,edf_chegodayev,loggumbel_r,0.214226744994777,0.5865427407550001,Δo > Δ,1,5,1,3
2901500072,edf_jenkinson,loggumbel_r,0.2149151657575473,0.5865427407550001,Δo > Δ,1,5,1,4
2901500072,edf_beard,loggumbel_r,0.2149151657575473,0.5865427407550001,Δo > Δ,1,5,1,5
2901500072,edf_filliben,loggumbel_r,0.2154348496511576,0.5865427407550001,Δo > Δ,1,5,1,6
2901500072,edf_tukey,loggumbel_r,0.2165415598095919,0.5865427407550001,Δo > Δ,1,5,1,7
2901500072,edf_blom,loggumbel_r,0.2195177502857824,0.5865427407550001,Δo > Δ,1,5,1,8
2901500072,edf_cunnane,loggumbel_r,0.2213492521172842,0.5865427407550001,Δo > Δ,1,5,1,9
2901500072,edf_gringorten,loggumbel_r,0.2243540598095919,0.5865427407550001,Δo > Δ,1,5,1,10
2901500072,edf_hazen,loggumbel_r,0.2290415598095919,0.5865427407550001,Δo > Δ,1,5,1,11
2901500072,edf_california,loggumbel_r,0.329041559809592,0.5865427407550001,Δo > Δ,1,5,1,12
29015040,edf_cunnane,loglaplace_asymmetric,0.0615101504561657,0.5865427407550001,Δo > Δ,1,5,1,1
29015040,edf_gringorten,loglaplace_asymmetric,0.0615101504561657,0.5865427407550001,Δo > Δ,1,5,1,2
29015040,edf_blom,loglaplace_asymmetric,0.0615101504561657,0.5865427407550001,Δo > Δ,1,5,1,3
29015040,edf_hazen,loglaplace_asymmetric,0.0615101504561657,0.5865427407550001,Δo > Δ,1,5,1,4
29015040,edf_tukey,loglaplace_asymmetric,0.0647592302986271,0.5865427407550001,Δo > Δ,1,5,1,5
29015040,edf_jenkinson,loggenlogistic,0.0659672796753131,0.5865427407550001,Δo > Δ,1,5,1,6
29015040,edf_chegodayev,loggenlogistic,0.0659672796753131,0.5865427407550001,Δo > Δ,1,5,1,7
29015040,edf_filliben,loggenlogistic,0.0659672796753131,0.5865427407550001,Δo > Δ,1,5,1,8
29015040,edf_beard,loggenlogistic,0.0659672796753131,0.5865427407550001,Δo > Δ,1,5,1,9
29015040,edf_adamowski,mielke,0.0677427768034149,0.5865427407550001,Δo > Δ,1,5,1,10
29015040,edf_weibull,logncf,0.0782346855909126,0.5865427407550001,Δo > Δ,1,5,1,11
29015040,edf_california,genexpon,0.1277080226325613,0.5865427407550001,Δo > Δ,1,5,1,12
29035000,edf_california,t,0.0936059125258436,0.484420539261,Δo > Δ,1,7,1,1
29035000,edf_chegodayev,lognakagami,0.0978576366525867,0.484420539261,Δo > Δ,1,7,1,2
29035000,edf_hazen,logfisk,0.0979557149427913,0.484420539261,Δo > Δ,1,7,1,3
29035000,edf_jenkinson,lognakagami,0.0982238565310018,0.484420539261,Δo > Δ,1,7,1,4
29035000,edf_beard,lognakagami,0.0982238565310018,0.484420539261,Δo > Δ,1,7,1,5
29035000,edf_filliben,lognakagami,0.0984998267041454,0.484420539261,Δo > Δ,1,7,1,6
29035000,edf_tukey,lognakagami,0.099086137881088,0.484420539261,Δo > Δ,1,7,1,7
29035000,edf_adamowski,lognakagami,0.0999999983703346,0.484420539261,Δo > Δ,1,7,1,8
29035000,edf_blom,lognakagami,0.1006535360002103,0.484420539261,Δo > Δ,1,7,1,9
29035000,edf_cunnane,lognakagami,0.1016113904063404,0.484420539261,Δo > Δ,1,7,1,10
29035000,edf_gringorten,logfisk,0.1027711242525827,0.484420539261,Δo > Δ,1,7,1,11
29035000,edf_weibull,lognakagami,0.1249999983703346,0.484420539261,Δo > Δ,1,7,1,12
29035080,edf_weibull,moyal,0.1031364261751379,0.484420539261,Δo > Δ,1,7,1,1
29035080,edf_adamowski,moyal,0.1114697595084713,0.484420539261,Δo > Δ,1,7,1,2
29035080,edf_california,loglaplace_asymmetric,0.1124422026015089,0.484420539261,Δo > Δ,1,7,1,3
29035080,edf_chegodayev,moyal,0.1132715613102731,0.484420539261,Δo > Δ,1,7,1,4
29035080,edf_jenkinson,moyal,0.1136377811886881,0.484420539261,Δo > Δ,1,7,1,5
29035080,edf_beard,moyal,0.1136377811886881,0.484420539261,Δo > Δ,1,7,1,6
29035080,edf_filliben,moyal,0.1139137513618318,0.484420539261,Δo > Δ,1,7,1,7
29035080,edf_tukey,moyal,0.1145000625387743,0.484420539261,Δo > Δ,1,7,1,8
29035080,edf_blom,moyal,0.1160674606578965,0.484420539261,Δo > Δ,1,7,1,9
29035080,edf_cunnane,moyal,0.1170253150640268,0.484420539261,Δo > Δ,1,7,1,10
29035080,edf_gringorten,moyal,0.1185858643773851,0.484420539261,Δo > Δ,1,7,1,11
29035080,edf_hazen,moyal,0.1209935690322808,0.484420539261,Δo > Δ,1,7,1,12
29035200,edf_hazen,logexponnorm,0.0760625077676153,0.4472608134160001,Δo > Δ,1,8,1,1
29035200,edf_gringorten,logexponnorm,0.0791071245412134,0.4472608134160001,Δo > Δ,1,8,1,2
29035200,edf_cunnane,logt,0.0811744866844186,0.4472608134160001,Δo > Δ,1,8,1,3
29035200,edf_blom,logloggamma,0.0824233498604191,0.4472608134160001,Δo > Δ,1,8,1,4
29035200,edf_tukey,logloggamma,0.0848421879066159,0.4472608134160001,Δo > Δ,1,8,1,5
29035200,edf_filliben,logloggamma,0.0859778723058986,0.4472608134160001,Δo > Δ,1,8,1,6
29035200,edf_beard,logloggamma,0.086512832298024,0.4472608134160001,Δo > Δ,1,8,1,7
29035200,edf_jenkinson,logloggamma,0.086512832298024,0.4472608134160001,Δo > Δ,1,8,1,8
29035200,edf_chegodayev,logloggamma,0.0872231402875683,0.4472608134160001,Δo > Δ,1,8,1,9
29035200,edf_adamowski,logloggamma,0.0907245408477924,0.4472608134160001,Δo > Δ,1,8,1,10
29035200,edf_weibull,wald,0.102107185166878,0.4472608134160001,Δo > Δ,1,8,1,11
29035200,edf_california,chi2,0.1249078564293602,0.4472608134160001,Δo > Δ,1,8,1,12
29045000,edf_adamowski,mielke,0.0779153335059438,0.530385761606,Δo > Δ,1,6,1,1
29045000,edf_weibull,mielke,0.0805008198908892,0.530385761606,Δo > Δ,1,6,1,2
29045000,edf_chegodayev,mielke,0.081521102736713,0.530385761606,Δo > Δ,1,6,1,3
29045000,edf_jenkinson,mielke,0.0822558206050516,0.530385761606,Δo > Δ,1,6,1,4
29045000,edf_beard,mielke,0.0822558206050516,0.530385761606,Δo > Δ,1,6,1,5
29045000,edf_filliben,mielke,0.0828098890682134,0.530385761606,Δo > Δ,1,6,1,6
29045000,edf_tukey,mielke,0.083988207999871,0.530385761606,Δo > Δ,1,6,1,7
29045000,edf_blom,mielke,0.087146102736713,0.530385761606,Δo > Δ,1,6,1,8
29045000,edf_cunnane,mielke,0.0890815866076808,0.530385761606,Δo > Δ,1,6,1,9
29045000,edf_gringorten,mielke,0.0922441419523993,0.530385761606,Δo > Δ,1,6,1,10
29045000,edf_hazen,mielke,0.097146102736713,0.530385761606,Δo > Δ,1,6,1,11
29045000,edf_california,logt,0.1131261423354438,0.530385761606,Δo > Δ,1,6,1,12
29045190,edf_tukey,logfatiguelife,0.0534988814228364,0.484420539261,Δo > Δ,1,7,1,1
29045190,edf_filliben,logfatiguelife,0.0546159976521092,0.484420539261,Δo > Δ,1,7,1,2
29045190,edf_blom,logfatiguelife,0.0550662795419587,0.484420539261,Δo > Δ,1,7,1,3
29045190,edf_adamowski,logmielke,0.0552170482495193,0.484420539261,Δo > Δ,1,7,1,4
29045190,edf_jenkinson,logjohnsonsu,0.055226165826324,0.484420539261,Δo > Δ,1,7,1,5
29045190,edf_beard,logjohnsonsu,0.055226165826324,0.484420539261,Δo > Δ,1,7,1,6
29045190,edf_cunnane,alpha,0.0556682426849213,0.484420539261,Δo > Δ,1,7,1,7
29045190,edf_chegodayev,loginvgauss,0.0558202156603759,0.484420539261,Δo > Δ,1,7,1,8
29045190,edf_gringorten,alpha,0.0564749696943956,0.484420539261,Δo > Δ,1,7,1,9
29045190,edf_hazen,alpha,0.0588826743492915,0.484420539261,Δo > Δ,1,7,1,10
29045190,edf_weibull,logalpha,0.0763555888869884,0.484420539261,Δo > Δ,1,7,1,11
29045190,edf_california,logt,0.088983795322507,0.484420539261,Δo > Δ,1,7,1,12
29047000,edf_hazen,nakagami,0.0714265306773409,0.484420539261,Δo > Δ,1,7,1,1
29047000,edf_gringorten,nakagami,0.0786496446420279,0.484420539261,Δo > Δ,1,7,1,2
29047000,edf_cunnane,nakagami,0.0833312925821028,0.484420539261,Δo > Δ,1,7,1,3
29047000,edf_blom,nakagami,0.0862048558004936,0.484420539261,Δo > Δ,1,7,1,4
29047000,edf_tukey,nakagami,0.0909070501578604,0.484420539261,Δo > Δ,1,7,1,5
29047000,edf_filliben,nakagami,0.092665983688688,0.484420539261,Δo > Δ,1,7,1,6
29047000,edf_beard,nakagami,0.0934938942081191,0.484420539261,Δo > Δ,1,7,1,7
29047000,edf_jenkinson,nakagami,0.0934938942081191,0.484420539261,Δo > Δ,1,7,1,8
29047000,edf_chegodayev,nakagami,0.0945925538433641,0.484420539261,Δo > Δ,1,7,1,9
29047000,edf_adamowski,nakagami,0.0999979592487695,0.484420539261,Δo > Δ,1,7,1,10
29047000,edf_california,logfatiguelife,0.1235048855469089,0.484420539261,Δo > Δ,1,7,1,11
29047000,edf_weibull,nakagami,0.1249979592487695,0.484420539261,Δo > Δ,1,7,1,12
29047070,edf_blom,johnsonsu,0.0515726638831872,0.4472608134160001,Δo > Δ,1,8,1,1
29047070,edf_tukey,johnsonsu,0.0529997964008612,0.4472608134160001,Δo > Δ,1,8,1,2
29047070,edf_cunnane,johnsonsu,0.0534204096333719,0.4472608134160001,Δo > Δ,1,8,1,3
29047070,edf_filliben,johnsonsu,0.054135480800144,0.4472608134160001,Δo > Δ,1,8,1,4
29047070,edf_jenkinson,johnsonsu,0.0546704407922694,0.4472608134160001,Δo > Δ,1,8,1,5
29047070,edf_beard,johnsonsu,0.0546704407922694,0.4472608134160001,Δo > Δ,1,8,1,6
29047070,edf_chegodayev,johnsonsu,0.0553807487818137,0.4472608134160001,Δo > Δ,1,8,1,7
29047070,edf_gringorten,johnsonsu,0.0564241342518989,0.4472608134160001,Δo > Δ,1,8,1,8
29047070,edf_adamowski,johnsonsu,0.0588821493420378,0.4472608134160001,Δo > Δ,1,8,1,9
29047070,edf_hazen,johnsonsu,0.0610423608528842,0.4472608134160001,Δo > Δ,1,8,1,10
29047070,edf_weibull,loglogistic,0.0762413203833012,0.4472608134160001,Δo > Δ,1,8,1,11
29047070,edf_california,loglaplace_asymmetric,0.0970577565819815,0.4472608134160001,Δo > Δ,1,8,1,12
29065000,edf_adamowski,johnsonsu,0.0701164739264956,0.530385761606,Δo > Δ,1,6,1,1
29065000,edf_chegodayev,johnsonsu,0.0724885246084017,0.530385761606,Δo > Δ,1,6,1,2
29065000,edf_jenkinson,johnsonsu,0.0732232424767403,0.530385761606,Δo > Δ,1,6,1,3
29065000,edf_beard,johnsonsu,0.0732232424767403,0.530385761606,Δo > Δ,1,6,1,4
29065000,edf_filliben,johnsonsu,0.0737773109399021,0.530385761606,Δo > Δ,1,6,1,5
29065000,edf_tukey,johnsonsu,0.0749556298715595,0.530385761606,Δo > Δ,1,6,1,6
29065000,edf_blom,johnsonsu,0.0781135246084017,0.530385761606,Δo > Δ,1,6,1,7
29065000,edf_cunnane,johnsonsu,0.0800490084793693,0.530385761606,Δo > Δ,1,6,1,8
29065000,edf_gringorten,johnsonsu,0.0832115638240879,0.530385761606,Δo > Δ,1,6,1,9
29065000,edf_hazen,johnsonsu,0.0881135246084017,0.530385761606,Δo > Δ,1,6,1,10
29065000,edf_weibull,johnsonsu,0.0975890013990231,0.530385761606,Δo > Δ,1,6,1,11
29065000,edf_california,t,0.098320537218678,0.530385761606,Δo > Δ,1,6,1,12
29065120,edf_hazen,lognakagami,0.1082973209848009,0.5865427407550001,Δo > Δ,1,5,1,1
29065120,edf_gringorten,lognakagami,0.1129848209848009,0.5865427407550001,Δo > Δ,1,5,1,2
29065120,edf_cunnane,lognakagami,0.1159896286771086,0.5865427407550001,Δo > Δ,1,5,1,3
29065120,edf_blom,lognakagami,0.1190416573230677,0.5865427407550001,Δo > Δ,1,5,1,4
29065120,edf_tukey,lognakagami,0.1249940382754486,0.5865427407550001,Δo > Δ,1,5,1,5
29065120,edf_filliben,lognakagami,0.1272074585923172,0.5865427407550001,Δo > Δ,1,5,1,6
29065120,edf_beard,lognakagami,0.1282468263795378,0.5865427407550001,Δo > Δ,1,5,1,7
29065120,edf_jenkinson,lognakagami,0.1282468263795378,0.5865427407550001,Δo > Δ,1,5,1,8
29065120,edf_chegodayev,lognakagami,0.1296236679050783,0.5865427407550001,Δo > Δ,1,5,1,9
29065120,edf_adamowski,nakagami,0.136344237565618,0.5865427407550001,Δo > Δ,1,5,1,10
29065120,edf_california,loginvgauss,0.1430993878610108,0.5865427407550001,Δo > Δ,1,5,1,11
29065120,edf_weibull,ncf,0.1595858658566581,0.5865427407550001,Δo > Δ,1,5,1,12
29065130,edf_hazen,mielke,0.0499030551769534,0.530385761606,Δo > Δ,1,6,1,1
29065130,edf_gringorten,mielke,0.0548050159612671,0.530385761606,Δo > Δ,1,6,1,2
29065130,edf_cunnane,mielke,0.0579675713059857,0.530385761606,Δo > Δ,1,6,1,3
29065130,edf_blom,mielke,0.0599030551769534,0.530385761606,Δo > Δ,1,6,1,4
29065130,edf_tukey,mielke,0.0630609499137955,0.530385761606,Δo > Δ,1,6,1,5
29065130,edf_filliben,mielke,0.0642392688454531,0.530385761606,Δo > Δ,1,6,1,6
29065130,edf_beard,mielke,0.0647933373086149,0.530385761606,Δo > Δ,1,6,1,7
29065130,edf_jenkinson,mielke,0.0647933373086149,0.530385761606,Δo > Δ,1,6,1,8
29065130,edf_chegodayev,mielke,0.0655280551769534,0.530385761606,Δo > Δ,1,6,1,9
29065130,edf_adamowski,mielke,0.0691338244077227,0.530385761606,Δo > Δ,1,6,1,10
29065130,edf_weibull,mielke,0.0856173408912391,0.530385761606,Δo > Δ,1,6,1,11
29065130,edf_california,mielke,0.1332363885102868,0.530385761606,Δo > Δ,1,6,1,12
29065501,edf_hazen,logfisk,0.0992869739297627,0.5865427407550001,Δo > Δ,1,5,1,1
29065501,edf_gringorten,logfisk,0.1039744739297626,0.5865427407550001,Δo > Δ,1,5,1,2
29065501,edf_cunnane,logfisk,0.1069792816220703,0.5865427407550001,Δo > Δ,1,5,1,3
29065501,edf_blom,logfisk,0.1088107834535722,0.5865427407550001,Δo > Δ,1,5,1,4
29065501,edf_tukey,logfisk,0.1117869739297626,0.5865427407550001,Δo > Δ,1,5,1,5
29065501,edf_filliben,logfisk,0.112893684088197,0.5865427407550001,Δo > Δ,1,5,1,6
29065501,edf_beard,logfisk,0.1134133679818072,0.5865427407550001,Δo > Δ,1,5,1,7
29065501,edf_jenkinson,logfisk,0.1134133679818072,0.5865427407550001,Δo > Δ,1,5,1,8
29065501,edf_chegodayev,logfisk,0.1141017887445775,0.5865427407550001,Δo > Δ,1,5,1,9
29065501,edf_adamowski,logfisk,0.1174687921115809,0.5865427407550001,Δo > Δ,1,5,1,10
29065501,edf_weibull,logbetaprime,0.1295024995850286,0.5865427407550001,Δo > Δ,1,5,1,11
29065501,edf_california,genlogistic,0.1411559574502482,0.5865427407550001,Δo > Δ,1,5,1,12
29067060,edf_hazen,pareto,0.0833333333333332,0.530385761606,Δo > Δ,1,6,1,1
29067060,edf_gringorten,invgamma,0.0858343677083804,0.530385761606,Δo > Δ,1,6,1,2
29067060,edf_cunnane,invgamma,0.0868885528232866,0.530385761606,Δo > Δ,1,6,1,3
29067060,edf_blom,invgamma,0.0875337141136093,0.530385761606,Δo > Δ,1,6,1,4
29067060,edf_tukey,invgamma,0.0885863456925566,0.530385761606,Δo > Δ,1,6,1,5
29067060,edf_filliben,invgamma,0.0889791186697758,0.530385761606,Δo > Δ,1,6,1,6
29067060,edf_beard,invgamma,0.0891638081574964,0.530385761606,Δo > Δ,1,6,1,7
29067060,edf_jenkinson,invgamma,0.0891638081574964,0.530385761606,Δo > Δ,1,6,1,8
29067060,edf_chegodayev,invgamma,0.0894087141136092,0.530385761606,Δo > Δ,1,6,1,9
29067060,edf_adamowski,invgamma,0.0906106371905324,0.530385761606,Δo > Δ,1,6,1,10
29067060,edf_weibull,invgamma,0.0994669911971024,0.530385761606,Δo > Δ,1,6,1,11
29067060,edf_california,invgamma,0.1232765150066262,0.530385761606,Δo > Δ,1,6,1,12
29067150,edf_tukey,logt,0.0805066229137777,0.530385761606,Δo > Δ,1,6,1,1
29067150,edf_blom,logt,0.0808415497111287,0.530385761606,Δo > Δ,1,6,1,2
29067150,edf_cunnane,logt,0.0814867110014514,0.530385761606,Δo > Δ,1,6,1,3
29067150,edf_filliben,logt,0.0824704877998735,0.530385761606,Δo > Δ,1,6,1,4
29067150,edf_gringorten,logt,0.0825408961163576,0.530385761606,Δo > Δ,1,6,1,5
29067150,edf_jenkinson,logt,0.0833939352384766,0.530385761606,Δo > Δ,1,6,1,6
29067150,edf_beard,logt,0.0833939352384766,0.530385761606,Δo > Δ,1,6,1,7
29067150,edf_chegodayev,logt,0.0846184650190409,0.530385761606,Δo > Δ,1,6,1,8
29067150,edf_hazen,logt,0.0867525023007987,0.530385761606,Δo > Δ,1,6,1,9
29067150,edf_adamowski,logt,0.0906280804036563,0.530385761606,Δo > Δ,1,6,1,10
29067150,edf_weibull,logpearson3,0.1104789177664679,0.530385761606,Δo > Δ,1,6,1,11
29067150,edf_california,laplace_asymmetric,0.1222836165187064,0.530385761606,Δo > Δ,1,6,1,12
31095030,edf_hazen,pearson3,0.0818937730250097,0.484420539261,Δo > Δ,1,7,1,1
31095030,edf_gringorten,pearson3,0.0866185277750297,0.484420539261,Δo > Δ,1,7,1,2
31095030,edf_cunnane,pearson3,0.0897396264017463,0.484420539261,Δo > Δ,1,7,1,3
31095030,edf_blom,pearson3,0.0916553352140068,0.484420539261,Δo > Δ,1,7,1,4
31095030,edf_filliben,logpearson3,0.092886462288281,0.484420539261,Δo > Δ,1,7,1,5
31095030,edf_jenkinson,logpearson3,0.092886462288281,0.484420539261,Δo > Δ,1,7,1,6
31095030,edf_tukey,logpearson3,0.092886462288281,0.484420539261,Δo > Δ,1,7,1,7
31095030,edf_adamowski,logpearson3,0.092886462288281,0.484420539261,Δo > Δ,1,7,1,8
31095030,edf_chegodayev,logpearson3,0.092886462288281,0.484420539261,Δo > Δ,1,7,1,9
31095030,edf_beard,logpearson3,0.092886462288281,0.484420539261,Δo > Δ,1,7,1,10
31095030,edf_weibull,fisk,0.0992417032758461,0.484420539261,Δo > Δ,1,7,1,11
31095030,edf_california,alpha,0.1160514206249664,0.484420539261,Δo > Δ,1,7,1,12
3206500045,edf_chegodayev,loggumbel_l,0.1085575014813411,0.5865427407550001,Δo > Δ,1,5,1,1
3206500045,edf_jenkinson,loggumbel_l,0.1092459222441114,0.5865427407550001,Δo > Δ,1,5,1,2
3206500045,edf_beard,loggumbel_l,0.1092459222441114,0.5865427407550001,Δo > Δ,1,5,1,3
3206500045,edf_filliben,loggumbel_l,0.1097656061377216,0.5865427407550001,Δo > Δ,1,5,1,4
3206500045,edf_tukey,loggumbel_l,0.110872316296156,0.5865427407550001,Δo > Δ,1,5,1,5
3206500045,edf_adamowski,loggumbel_l,0.112476367658147,0.5865427407550001,Δo > Δ,1,5,1,6
3206500045,edf_blom,loggumbel_l,0.1138485067723464,0.5865427407550001,Δo > Δ,1,5,1,7
3206500045,edf_cunnane,loggumbel_l,0.1156800086038483,0.5865427407550001,Δo > Δ,1,5,1,8
3206500045,edf_gringorten,gumbel_r,0.1167249773390883,0.5865427407550001,Δo > Δ,1,5,1,9
3206500045,edf_hazen,gumbel_r,0.1167249773390883,0.5865427407550001,Δo > Δ,1,5,1,10
3206500045,edf_weibull,gumbel_r,0.1345306466225202,0.5865427407550001,Δo > Δ,1,5,1,11
3206500045,edf_california,gumbel_r,0.1678639799558536,0.5865427407550001,Δo > Δ,1,5,1,12
3206500058,edf_gringorten,mielke,0.0020788414235543,0.530385761606,Δo > Δ,1,6,1,1
3206500058,edf_cunnane,mielke,0.0031920841509765,0.530385761606,Δo > Δ,1,6,1,2
3206500058,edf_blom,mielke,0.0064178906025894,0.530385761606,Δo > Δ,1,6,1,3
3206500058,edf_hazen,mielke,0.0102487760640772,0.530385761606,Δo > Δ,1,6,1,4
3206500058,edf_tukey,mielke,0.0116810484973262,0.530385761606,Δo > Δ,1,6,1,5
3206500058,edf_filliben,mielke,0.0136449133834221,0.530385761606,Δo > Δ,1,6,1,6
3206500058,edf_beard,mielke,0.0145683608220251,0.530385761606,Δo > Δ,1,6,1,7
3206500058,edf_jenkinson,mielke,0.0145683608220251,0.530385761606,Δo > Δ,1,6,1,8
3206500058,edf_chegodayev,mielke,0.0157928906025894,0.530385761606,Δo > Δ,1,6,1,9
3206500058,edf_adamowski,mielke,0.0218025059872048,0.530385761606,Δo > Δ,1,6,1,10
3206500058,edf_weibull,mielke,0.0492750334597323,0.530385761606,Δo > Δ,1,6,1,11
3206500058,edf_california,logt,0.0529455155848085,0.530385761606,Δo > Δ,1,6,1,12
3206500059,edf_weibull,loggumbel_l,0.1137999386799701,0.5865427407550001,Δo > Δ,1,5,1,1
3206500059,edf_adamowski,loggumbel_l,0.1214341873284801,0.5865427407550001,Δo > Δ,1,5,1,2
3206500059,edf_chegodayev,loggumbel_l,0.1248011906954835,0.5865427407550001,Δo > Δ,1,5,1,3
3206500059,edf_jenkinson,loggumbel_l,0.1254896114582537,0.5865427407550001,Δo > Δ,1,5,1,4
3206500059,edf_beard,loggumbel_l,0.1254896114582537,0.5865427407550001,Δo > Δ,1,5,1,5
3206500059,edf_filliben,loggumbel_l,0.126009295351864,0.5865427407550001,Δo > Δ,1,5,1,6
3206500059,edf_tukey,loggumbel_l,0.1271160055102983,0.5865427407550001,Δo > Δ,1,5,1,7
3206500059,edf_blom,loggumbel_l,0.1300921959864888,0.5865427407550001,Δo > Δ,1,5,1,8
3206500059,edf_cunnane,loggumbel_l,0.1319236978179906,0.5865427407550001,Δo > Δ,1,5,1,9
3206500059,edf_gringorten,loggumbel_l,0.1349285055102983,0.5865427407550001,Δo > Δ,1,5,1,10
3206500059,edf_hazen,loggumbel_l,0.1396160055102983,0.5865427407550001,Δo > Δ,1,5,1,11
3206500059,edf_california,loggumbel_l,0.156160428584746,0.5865427407550001,Δo > Δ,1,5,1,12
33035010,edf_hazen,laplace_asymmetric,0.0367957293615734,0.530385761606,Δo > Δ,1,6,1,1
33035010,edf_gringorten,laplace_asymmetric,0.0386954390497333,0.530385761606,Δo > Δ,1,6,1,2
33035010,edf_cunnane,laplace_asymmetric,0.0439663646242642,0.530385761606,Δo > Δ,1,6,1,3
33035010,edf_blom,laplace_asymmetric,0.0471921710758771,0.530385761606,Δo > Δ,1,6,1,4
33035010,edf_tukey,laplace_asymmetric,0.0524553289706139,0.530385761606,Δo > Δ,1,6,1,5
33035010,edf_filliben,laplace_asymmetric,0.0544191938567097,0.530385761606,Δo > Δ,1,6,1,6
33035010,edf_beard,laplace_asymmetric,0.0553426412953128,0.530385761606,Δo > Δ,1,6,1,7
33035010,edf_jenkinson,laplace_asymmetric,0.0553426412953128,0.530385761606,Δo > Δ,1,6,1,8
33035010,edf_chegodayev,laplace_asymmetric,0.0565671710758771,0.530385761606,Δo > Δ,1,6,1,9
33035010,edf_adamowski,laplace_asymmetric,0.0625767864604925,0.530385761606,Δo > Δ,1,6,1,10
33035010,edf_weibull,laplace_asymmetric,0.0900493139330199,0.530385761606,Δo > Δ,1,6,1,11
33035010,edf_california,laplace_asymmetric,0.1138588377425437,0.530385761606,Δo > Δ,1,6,1,12
35017020,edf_gringorten,rayleigh,0.0963208854539502,0.4472608134160001,Δo > Δ,1,8,1,1
35017020,edf_cunnane,rayleigh,0.097071422080609,0.4472608134160001,Δo > Δ,1,8,1,2
35017020,edf_hazen,rayleigh,0.0972445307741474,0.4472608134160001,Δo > Δ,1,8,1,3
35017020,edf_blom,rayleigh,0.0981800695307198,0.4472608134160001,Δo > Δ,1,8,1,4
35017020,edf_tukey,rayleigh,0.0999982513489016,0.4472608134160001,Δo > Δ,1,8,1,5
35017020,edf_filliben,rayleigh,0.1006796619884712,0.4472608134160001,Δo > Δ,1,8,1,6
35017020,edf_beard,rayleigh,0.1010006379837464,0.4472608134160001,Δo > Δ,1,8,1,7
35017020,edf_jenkinson,rayleigh,0.1010006379837464,0.4472608134160001,Δo > Δ,1,8,1,8
35017020,edf_chegodayev,rayleigh,0.101426822777473,0.4472608134160001,Δo > Δ,1,8,1,9
35017020,edf_adamowski,rayleigh,0.1035276631136075,0.4472608134160001,Δo > Δ,1,8,1,10
35017020,edf_weibull,rayleigh,0.1133315846822349,0.4472608134160001,Δo > Δ,1,8,1,11
35017020,edf_california,expon,0.1250009650199033,0.4472608134160001,Δo > Δ,1,8,1,12
35020300,edf_cunnane,loggumbel_l,0.0670740611426758,0.5865427407550001,Δo > Δ,1,5,1,1
35020300,edf_filliben,loggumbel_l,0.0670740611426758,0.5865427407550001,Δo > Δ,1,5,1,2
35020300,edf_tukey,loggumbel_l,0.0670740611426758,0.5865427407550001,Δo > Δ,1,5,1,3
35020300,edf_gringorten,loggumbel_l,0.0670740611426758,0.5865427407550001,Δo > Δ,1,5,1,4
35020300,edf_blom,loggumbel_l,0.0670740611426758,0.5865427407550001,Δo > Δ,1,5,1,5
35020300,edf_hazen,loggumbel_l,0.0670740611426758,0.5865427407550001,Δo > Δ,1,5,1,6
35020300,edf_beard,loggumbel_l,0.0674066392467254,0.5865427407550001,Δo > Δ,1,5,1,7
35020300,edf_jenkinson,loggumbel_l,0.0674066392467254,0.5865427407550001,Δo > Δ,1,5,1,8
35020300,edf_chegodayev,loggumbel_l,0.0687834807722658,0.5865427407550001,Δo > Δ,1,5,1,9
35020300,edf_adamowski,loggumbel_l,0.0755174875062725,0.5865427407550001,Δo > Δ,1,5,1,10
35020300,edf_weibull,loggumbel_l,0.1058205178093028,0.5865427407550001,Δo > Δ,1,5,1,11
35020300,edf_california,loggumbel_l,0.1670740611426758,0.5865427407550001,Δo > Δ,1,5,1,12
3502500135,edf_hazen,lognakagami,0.0999999608858178,0.5865427407550001,Δo > Δ,1,5,1,1
3502500135,edf_gringorten,logalpha,0.1063258805255186,0.5865427407550001,Δo > Δ,1,5,1,2
3502500135,edf_cunnane,logalpha,0.1093306882178263,0.5865427407550001,Δo > Δ,1,5,1,3
3502500135,edf_blom,logalpha,0.1111621900493281,0.5865427407550001,Δo > Δ,1,5,1,4
3502500135,edf_tukey,logalpha,0.1141383805255186,0.5865427407550001,Δo > Δ,1,5,1,5
3502500135,edf_filliben,logalpha,0.1152450906839529,0.5865427407550001,Δo > Δ,1,5,1,6
3502500135,edf_beard,logalpha,0.1157647745775631,0.5865427407550001,Δo > Δ,1,5,1,7
3502500135,edf_jenkinson,logalpha,0.1157647745775631,0.5865427407550001,Δo > Δ,1,5,1,8
3502500135,edf_chegodayev,logalpha,0.1164531953403334,0.5865427407550001,Δo > Δ,1,5,1,9
3502500135,edf_adamowski,logalpha,0.1198201987073368,0.5865427407550001,Δo > Δ,1,5,1,10
3502500135,edf_weibull,logalpha,0.1349717138588519,0.5865427407550001,Δo > Δ,1,5,1,11
3502500135,edf_california,loginvgauss,0.143568151044817,0.5865427407550001,Δo > Δ,1,5,1,12
35025080,edf_hazen,fisk,0.0726948277582981,0.5865427407550001,Δo > Δ,1,5,1,1
35025080,edf_gringorten,fisk,0.0773823277582981,0.5865427407550001,Δo > Δ,1,5,1,2
35025080,edf_cunnane,fisk,0.0803871354506058,0.5865427407550001,Δo > Δ,1,5,1,3
35025080,edf_blom,fisk,0.0822186372821076,0.5865427407550001,Δo > Δ,1,5,1,4
35025080,edf_tukey,fisk,0.0851948277582981,0.5865427407550001,Δo > Δ,1,5,1,5
35025080,edf_filliben,fisk,0.0863015379167324,0.5865427407550001,Δo > Δ,1,5,1,6
35025080,edf_beard,fisk,0.0868212218103426,0.5865427407550001,Δo > Δ,1,5,1,7
35025080,edf_jenkinson,fisk,0.0868212218103426,0.5865427407550001,Δo > Δ,1,5,1,8
35025080,edf_chegodayev,fisk,0.087509642573113,0.5865427407550001,Δo > Δ,1,5,1,9
35025080,edf_adamowski,fisk,0.0923019559472239,0.5865427407550001,Δo > Δ,1,5,1,10
35025080,edf_weibull,logpearson3,0.1123918684321184,0.5865427407550001,Δo > Δ,1,5,1,11
35025080,edf_california,laplace_asymmetric,0.1341822515678647,0.5865427407550001,Δo > Δ,1,5,1,12
35025090,edf_hazen,logt,0.0724176321773121,0.4472608134160001,Δo > Δ,1,8,1,1
35025090,edf_gringorten,logt,0.0751885681379032,0.4472608134160001,Δo > Δ,1,8,1,2
35025090,edf_cunnane,logt,0.0769908029090193,0.4472608134160001,Δo > Δ,1,8,1,3
35025090,edf_blom,logt,0.0780994503591303,0.4472608134160001,Δo > Δ,1,8,1,4
35025090,edf_adamowski,hypsecant,0.0798230331455248,0.4472608134160001,Δo > Δ,1,8,1,5
35025090,edf_tukey,logt,0.079917632177312,0.4472608134160001,Δo > Δ,1,8,1,6
35025090,edf_filliben,logt,0.0805990428168818,0.4472608134160001,Δo > Δ,1,8,1,7
35025090,edf_jenkinson,logt,0.080920018812157,0.4472608134160001,Δo > Δ,1,8,1,8
35025090,edf_beard,logt,0.080920018812157,0.4472608134160001,Δo > Δ,1,8,1,9
35025090,edf_chegodayev,logt,0.0813462036058835,0.4472608134160001,Δo > Δ,1,8,1,10
35025090,edf_weibull,hypsecant,0.0844131990541244,0.4472608134160001,Δo > Δ,1,8,1,11
35025090,edf_california,laplace_asymmetric,0.1044195414000681,0.4472608134160001,Δo > Δ,1,8,1,12
35025110,edf_hazen,maxwell,0.0563464744009641,0.5865427407550001,Δo > Δ,1,5,1,1
35025110,edf_gringorten,maxwell,0.0610339744009641,0.5865427407550001,Δo > Δ,1,5,1,2
35025110,edf_cunnane,maxwell,0.0640387820932718,0.5865427407550001,Δo > Δ,1,5,1,3
35025110,edf_blom,maxwell,0.0658702839247736,0.5865427407550001,Δo > Δ,1,5,1,4
35025110,edf_tukey,maxwell,0.0688464744009641,0.5865427407550001,Δo > Δ,1,5,1,5
35025110,edf_filliben,maxwell,0.0699531845593984,0.5865427407550001,Δo > Δ,1,5,1,6
35025110,edf_beard,maxwell,0.0704728684530087,0.5865427407550001,Δo > Δ,1,5,1,7
35025110,edf_jenkinson,maxwell,0.0704728684530087,0.5865427407550001,Δo > Δ,1,5,1,8
35025110,edf_chegodayev,maxwell,0.071161289215779,0.5865427407550001,Δo > Δ,1,5,1,9
35025110,edf_adamowski,maxwell,0.0745282925827823,0.5865427407550001,Δo > Δ,1,5,1,10
35025110,edf_weibull,maxwell,0.0919756833613193,0.5865427407550001,Δo > Δ,1,5,1,11
35025110,edf_california,loginvweibull,0.1285544059227737,0.5865427407550001,Δo > Δ,1,5,1,12
35025501,edf_cunnane,laplace_asymmetric,0.056156710792089,0.5865427407550001,Δo > Δ,1,5,1,1
35025501,edf_gringorten,laplace_asymmetric,0.057409068570247,0.5865427407550001,Δo > Δ,1,5,1,2
35025501,edf_blom,laplace_asymmetric,0.0598197144550926,0.5865427407550001,Δo > Δ,1,5,1,3
35025501,edf_hazen,laplace_asymmetric,0.062096568570247,0.5865427407550001,Δo > Δ,1,5,1,4
35025501,edf_tukey,fisk,0.0632116168216312,0.5865427407550001,Δo > Δ,1,5,1,5
35025501,edf_filliben,exponnorm,0.0636987924121741,0.5865427407550001,Δo > Δ,1,5,1,6
35025501,edf_beard,exponnorm,0.0647381601993947,0.5865427407550001,Δo > Δ,1,5,1,7
35025501,edf_jenkinson,exponnorm,0.0647381601993947,0.5865427407550001,Δo > Δ,1,5,1,8
35025501,edf_chegodayev,exponnorm,0.0661150017249351,0.5865427407550001,Δo > Δ,1,5,1,9
35025501,edf_adamowski,nct,0.0713905852098096,0.5865427407550001,Δo > Δ,1,5,1,10
35025501,edf_weibull,nct,0.1016936155128399,0.5865427407550001,Δo > Δ,1,5,1,11
35025501,edf_california,laplace_asymmetric,0.1424970800119547,0.5865427407550001,Δo > Δ,1,5,1,12
35027001,edf_hazen,logfisk,0.0481334888039168,0.4472608134160001,Δo > Δ,1,8,1,1
35027001,edf_gringorten,logweibull_min,0.0487096375637783,0.4472608134160001,Δo > Δ,1,8,1,2
35027001,edf_cunnane,logweibull_min,0.0517133621823052,0.4472608134160001,Δo > Δ,1,8,1,3
35027001,edf_blom,logweibull_min,0.0535611079324901,0.4472608134160001,Δo > Δ,1,8,1,4
35027001,edf_tukey,logf,0.0546660724489142,0.4472608134160001,Δo > Δ,1,8,1,5
35027001,edf_filliben,logf,0.0551981508464247,0.4472608134160001,Δo > Δ,1,8,1,6
35027001,edf_beard,logf,0.0557331108385501,0.4472608134160001,Δo > Δ,1,8,1,7
35027001,edf_jenkinson,logf,0.0557331108385501,0.4472608134160001,Δo > Δ,1,8,1,8
35027001,edf_chegodayev,logf,0.0564434188280944,0.4472608134160001,Δo > Δ,1,8,1,9
35027001,edf_adamowski,logf,0.0599448193883185,0.4472608134160001,Δo > Δ,1,8,1,10
35027001,edf_weibull,rayleigh,0.0729000278153267,0.4472608134160001,Δo > Δ,1,8,1,11
35027001,edf_california,loglaplace_asymmetric,0.0912439002177634,0.4472608134160001,Δo > Δ,1,8,1,12
35027100,edf_gringorten,loggenlogistic,0.0498077367868803,0.530385761606,Δo > Δ,1,6,1,1
35027100,edf_cunnane,nct,0.052265504902234,0.530385761606,Δo > Δ,1,6,1,2
35027100,edf_blom,nct,0.0529106661925566,0.530385761606,Δo > Δ,1,6,1,3
35027100,edf_hazen,loggenlogistic,0.0537546839297201,0.530385761606,Δo > Δ,1,6,1,4
35027100,edf_tukey,nct,0.0569054443211032,0.530385761606,Δo > Δ,1,6,1,5
35027100,edf_jenkinson,loghalfnorm,0.0584986604002365,0.530385761606,Δo > Δ,1,6,1,6
35027100,edf_beard,loghalfnorm,0.0584986604002365,0.530385761606,Δo > Δ,1,6,1,7
35027100,edf_chegodayev,loghalfnorm,0.0586562246260546,0.530385761606,Δo > Δ,1,6,1,8
35027100,edf_filliben,nct,0.0588693092071991,0.530385761606,Δo > Δ,1,6,1,9
35027100,edf_california,t,0.0620703945784745,0.530385761606,Δo > Δ,1,6,1,10
35027100,edf_adamowski,loghalfnorm,0.0646658400106701,0.530385761606,Δo > Δ,1,6,1,11
35027100,edf_weibull,loginvweibull,0.0860404357978963,0.530385761606,Δo > Δ,1,6,1,12
35027510,edf_california,t,0.0588056161425533,0.484420539261,Δo > Δ,1,7,1,1
35027510,edf_cunnane,nct,0.0616263015826314,0.484420539261,Δo > Δ,1,7,1,2
35027510,edf_blom,nct,0.0616529287590502,0.484420539261,Δo > Δ,1,7,1,3
35027510,edf_gringorten,nct,0.0631868508959897,0.484420539261,Δo > Δ,1,7,1,4
35027510,edf_tukey,nct,0.0647877249972948,0.484420539261,Δo > Δ,1,7,1,5
35027510,edf_hazen,nct,0.0655945555508855,0.484420539261,Δo > Δ,1,7,1,6
35027510,edf_filliben,nct,0.0659603473511798,0.484420539261,Δo > Δ,1,7,1,7
35027510,edf_jenkinson,nct,0.0665122876974672,0.484420539261,Δo > Δ,1,7,1,8
35027510,edf_beard,nct,0.0665122876974672,0.484420539261,Δo > Δ,1,7,1,9
35027510,edf_chegodayev,nct,0.0672447274542972,0.484420539261,Δo > Δ,1,7,1,10
35027510,edf_adamowski,nct,0.0708483310579007,0.484420539261,Δo > Δ,1,7,1,11
35027510,edf_weibull,loggenlogistic,0.0832647536519238,0.484420539261,Δo > Δ,1,7,1,12
3503500062,edf_hazen,nakagami,0.1130932323695014,0.5865427407550001,Δo > Δ,1,5,1,1
3503500062,edf_gringorten,nakagami,0.1177807323695013,0.5865427407550001,Δo > Δ,1,5,1,2
3503500062,edf_cunnane,nakagami,0.120785540061809,0.5865427407550001,Δo > Δ,1,5,1,3
3503500062,edf_blom,nakagami,0.1226170418933109,0.5865427407550001,Δo > Δ,1,5,1,4
3503500062,edf_tukey,nakagami,0.1255932323695013,0.5865427407550001,Δo > Δ,1,5,1,5
3503500062,edf_filliben,nakagami,0.1266999425279357,0.5865427407550001,Δo > Δ,1,5,1,6
3503500062,edf_beard,nakagami,0.1272196264215459,0.5865427407550001,Δo > Δ,1,5,1,7
3503500062,edf_jenkinson,nakagami,0.1272196264215459,0.5865427407550001,Δo > Δ,1,5,1,8
3503500062,edf_chegodayev,nakagami,0.1279080471843162,0.5865427407550001,Δo > Δ,1,5,1,9
3503500062,edf_adamowski,nakagami,0.1329565106116575,0.5865427407550001,Δo > Δ,1,5,1,10
3503500062,edf_california,loginvgauss,0.1447226724901081,0.5865427407550001,Δo > Δ,1,5,1,11
3503500062,edf_weibull,nakagami,0.1632595409146878,0.5865427407550001,Δo > Δ,1,5,1,12
35035100,edf_hazen,mielke,0.0056498202109971,0.5865427407550001,Δo > Δ,1,5,1,1
35035100,edf_gringorten,mielke,0.0150248202109971,0.5865427407550001,Δo > Δ,1,5,1,2
35035100,edf_cunnane,mielke,0.0210344355956125,0.5865427407550001,Δo > Δ,1,5,1,3
35035100,edf_blom,mielke,0.0246974392586162,0.5865427407550001,Δo > Δ,1,5,1,4
35035100,edf_tukey,mielke,0.0306498202109971,0.5865427407550001,Δo > Δ,1,5,1,5
35035100,edf_filliben,mielke,0.0328632405278657,0.5865427407550001,Δo > Δ,1,5,1,6
35035100,edf_beard,mielke,0.0339026083150863,0.5865427407550001,Δo > Δ,1,5,1,7
35035100,edf_jenkinson,mielke,0.0339026083150863,0.5865427407550001,Δo > Δ,1,5,1,8
35035100,edf_chegodayev,mielke,0.0352794498406267,0.5865427407550001,Δo > Δ,1,5,1,9
35035100,edf_adamowski,mielke,0.0420134565746335,0.5865427407550001,Δo > Δ,1,5,1,10
35035100,edf_weibull,mielke,0.0723164868776638,0.5865427407550001,Δo > Δ,1,5,1,11
35035100,edf_california,mielke,0.1056498202109971,0.5865427407550001,Δo > Δ,1,5,1,12
35035110,edf_hazen,halfnorm,0.0961194902786368,0.5865427407550001,Δo > Δ,1,5,1,1
35035110,edf_adamowski,logbetaprime,0.0961847674587704,0.5865427407550001,Δo > Δ,1,5,1,2
35035110,edf_jenkinson,logbetaprime,0.0961847674587704,0.5865427407550001,Δo > Δ,1,5,1,3
35035110,edf_cunnane,logbetaprime,0.0961847674587704,0.5865427407550001,Δo > Δ,1,5,1,4
35035110,edf_tukey,logbetaprime,0.0961847674587704,0.5865427407550001,Δo > Δ,1,5,1,5
35035110,edf_blom,logbetaprime,0.0961847674587704,0.5865427407550001,Δo > Δ,1,5,1,6
35035110,edf_chegodayev,logbetaprime,0.0961847674587704,0.5865427407550001,Δo > Δ,1,5,1,7
35035110,edf_filliben,logbetaprime,0.0961847674587704,0.5865427407550001,Δo > Δ,1,5,1,8
35035110,edf_weibull,logbetaprime,0.0961847674587704,0.5865427407550001,Δo > Δ,1,5,1,9
35035110,edf_beard,logbetaprime,0.0961847674587704,0.5865427407550001,Δo > Δ,1,5,1,10
35035110,edf_gringorten,halfnorm,0.1008069902786368,0.5865427407550001,Δo > Δ,1,5,1,11
35035110,edf_california,logbetaprime,0.1186477228300662,0.5865427407550001,Δo > Δ,1,5,1,12
35035130,edf_chegodayev,logjohnsonsu,0.0675179700955039,0.484420539261,Δo > Δ,1,7,1,1
35035130,edf_jenkinson,logjohnsonsu,0.0678841899739191,0.484420539261,Δo > Δ,1,7,1,2
35035130,edf_beard,logjohnsonsu,0.0678841899739191,0.484420539261,Δo > Δ,1,7,1,3
35035130,edf_filliben,logjohnsonsu,0.0681601601470627,0.484420539261,Δo > Δ,1,7,1,4
35035130,edf_tukey,logjohnsonsu,0.0687464713240052,0.484420539261,Δo > Δ,1,7,1,5
35035130,edf_blom,logjohnsonsu,0.0703138694431275,0.484420539261,Δo > Δ,1,7,1,6
35035130,edf_adamowski,logjohnsonsu,0.0711594694066743,0.484420539261,Δo > Δ,1,7,1,7
35035130,edf_cunnane,logjohnsonsu,0.0712717238492577,0.484420539261,Δo > Δ,1,7,1,8
35035130,edf_gringorten,logjohnsonsu,0.0728322731626159,0.484420539261,Δo > Δ,1,7,1,9
35035130,edf_hazen,logjohnsonsu,0.0752399778175118,0.484420539261,Δo > Δ,1,7,1,10
35035130,edf_weibull,logjohnsonsu,0.0961594694066744,0.484420539261,Δo > Δ,1,7,1,11
35035130,edf_california,loglaplace_asymmetric,0.1403574986000857,0.484420539261,Δo > Δ,1,7,1,12
35037100,edf_gringorten,alpha,0.0327453078640133,0.484420539261,Δo > Δ,1,7,1,1
35037100,edf_hazen,alpha,0.0351005993379893,0.484420539261,Δo > Δ,1,7,1,2
35037100,edf_cunnane,alpha,0.0358664064907299,0.484420539261,Δo > Δ,1,7,1,3
35037100,edf_blom,alpha,0.0377821153029904,0.484420539261,Δo > Δ,1,7,1,4
35037100,edf_tukey,nct,0.0403150655079622,0.484420539261,Δo > Δ,1,7,1,5
35037100,edf_filliben,nct,0.0420739990387899,0.484420539261,Δo > Δ,1,7,1,6
35037100,edf_beard,alpha,0.0426414742414074,0.484420539261,Δo > Δ,1,7,1,7
35037100,edf_jenkinson,alpha,0.0426414742414074,0.484420539261,Δo > Δ,1,7,1,8
35037100,edf_chegodayev,alpha,0.0433739139982374,0.484420539261,Δo > Δ,1,7,1,9
35037100,edf_adamowski,alpha,0.0484302143210192,0.484420539261,Δo > Δ,1,7,1,10
35037100,edf_weibull,ncf,0.0653536386462681,0.484420539261,Δo > Δ,1,7,1,11
35037100,edf_california,t,0.067140243577789,0.484420539261,Δo > Δ,1,7,1,12
3505500061,edf_adamowski,logfisk,0.0972332289640121,0.530385761606,Δo > Δ,1,6,1,1
3505500061,edf_hazen,invweibull,0.0972573893446538,0.530385761606,Δo > Δ,1,6,1,2
3505500061,edf_gringorten,loggumbel_l,0.1004631754888073,0.530385761606,Δo > Δ,1,6,1,3
3505500061,edf_chegodayev,logfisk,0.1008389981947813,0.530385761606,Δo > Δ,1,6,1,4
3505500061,edf_beard,logfisk,0.1015737160631199,0.530385761606,Δo > Δ,1,6,1,5
3505500061,edf_jenkinson,logfisk,0.1015737160631199,0.530385761606,Δo > Δ,1,6,1,6
3505500061,edf_filliben,logfisk,0.1021277845262817,0.530385761606,Δo > Δ,1,6,1,7
3505500061,edf_tukey,logfisk,0.1033061034579392,0.530385761606,Δo > Δ,1,6,1,8
3505500061,edf_cunnane,loggumbel_l,0.1036257308335258,0.530385761606,Δo > Δ,1,6,1,9
3505500061,edf_blom,loggumbel_l,0.1055612147044935,0.530385761606,Δo > Δ,1,6,1,10
3505500061,edf_weibull,logfisk,0.1155121193712516,0.530385761606,Δo > Δ,1,6,1,11
3505500061,edf_california,loglaplace_asymmetric,0.124314064735418,0.530385761606,Δo > Δ,1,6,1,12
3507500046,edf_hazen,pearson3,0.0451256155661445,0.5865427407550001,Δo > Δ,1,5,1,1
3507500046,edf_gringorten,pearson3,0.0540670671664299,0.5865427407550001,Δo > Δ,1,5,1,2
3507500046,edf_cunnane,pearson3,0.0600766825510452,0.5865427407550001,Δo > Δ,1,5,1,3
3507500046,edf_blom,gumbel_l,0.0620076854661298,0.5865427407550001,Δo > Δ,1,5,1,4
3507500046,edf_tukey,gumbel_l,0.0674379123266907,0.5865427407550001,Δo > Δ,1,5,1,5
3507500046,edf_filliben,gumbel_l,0.0696513326435593,0.5865427407550001,Δo > Δ,1,5,1,6
3507500046,edf_beard,gumbel_l,0.0706907004307799,0.5865427407550001,Δo > Δ,1,5,1,7
3507500046,edf_jenkinson,gumbel_l,0.0706907004307799,0.5865427407550001,Δo > Δ,1,5,1,8
3507500046,edf_chegodayev,gumbel_l,0.0720675419563203,0.5865427407550001,Δo > Δ,1,5,1,9
3507500046,edf_adamowski,gumbel_l,0.0788015486903271,0.5865427407550001,Δo > Δ,1,5,1,10
3507500046,edf_weibull,gumbel_l,0.1091045789933574,0.5865427407550001,Δo > Δ,1,5,1,11
3507500046,edf_california,logloggamma,0.135723731793434,0.5865427407550001,Δo > Δ,1,5,1,12
35075070,edf_hazen,fisk,0.0827849114579132,0.530385761606,Δo > Δ,1,6,1,1
35075070,edf_gringorten,fisk,0.087686872242227,0.530385761606,Δo > Δ,1,6,1,2
35075070,edf_cunnane,fisk,0.0908494275869455,0.530385761606,Δo > Δ,1,6,1,3
35075070,edf_blom,fisk,0.0927849114579132,0.530385761606,Δo > Δ,1,6,1,4
35075070,edf_tukey,fisk,0.0959428061947553,0.530385761606,Δo > Δ,1,6,1,5
35075070,edf_filliben,fisk,0.0971211251264128,0.530385761606,Δo > Δ,1,6,1,6
35075070,edf_beard,fisk,0.0976751935895745,0.530385761606,Δo > Δ,1,6,1,7
35075070,edf_jenkinson,fisk,0.0976751935895745,0.530385761606,Δo > Δ,1,6,1,8
35075070,edf_chegodayev,fisk,0.0984099114579132,0.530385761606,Δo > Δ,1,6,1,9
35075070,edf_adamowski,fisk,0.1020156806886825,0.530385761606,Δo > Δ,1,6,1,10
35075070,edf_weibull,logpearson3,0.1134584529684855,0.530385761606,Δo > Δ,1,6,1,11
35075070,edf_california,laplace_asymmetric,0.1204308247964024,0.530385761606,Δo > Δ,1,6,1,12
35075080,edf_hazen,logpearson3,0.0575517328240493,0.530385761606,Δo > Δ,1,6,1,1
35075080,edf_gringorten,logfisk,0.059279620108507,0.530385761606,Δo > Δ,1,6,1,2
35075080,edf_cunnane,logfisk,0.0645505456830379,0.530385761606,Δo > Δ,1,6,1,3
35075080,edf_blom,logpearson3,0.0675517328240493,0.530385761606,Δo > Δ,1,6,1,4
35075080,edf_tukey,logpearson3,0.0707096275608915,0.530385761606,Δo > Δ,1,6,1,5
35075080,edf_filliben,logpearson3,0.0718879464925489,0.530385761606,Δo > Δ,1,6,1,6
35075080,edf_adamowski,logjohnsonsu,0.0723427716318741,0.530385761606,Δo > Δ,1,6,1,7
35075080,edf_jenkinson,logpearson3,0.0724420149557106,0.530385761606,Δo > Δ,1,6,1,8
35075080,edf_beard,logpearson3,0.0724420149557106,0.530385761606,Δo > Δ,1,6,1,9
35075080,edf_chegodayev,logpearson3,0.0731767328240493,0.530385761606,Δo > Δ,1,6,1,10
35075080,edf_weibull,logpearson3,0.094870263551701,0.530385761606,Δo > Δ,1,6,1,11
35075080,edf_california,loglaplace_asymmetric,0.1090001710694582,0.530385761606,Δo > Δ,1,6,1,12
35085060,edf_hazen,rayleigh,0.0851232274054412,0.530385761606,Δo > Δ,1,6,1,1
35085060,edf_gringorten,rayleigh,0.090025188189755,0.530385761606,Δo > Δ,1,6,1,2
35085060,edf_cunnane,rayleigh,0.0931877435344735,0.530385761606,Δo > Δ,1,6,1,3
35085060,edf_blom,rayleigh,0.0951232274054413,0.530385761606,Δo > Δ,1,6,1,4
35085060,edf_tukey,rayleigh,0.0982811221422833,0.530385761606,Δo > Δ,1,6,1,5
35085060,edf_filliben,rayleigh,0.0994594410739409,0.530385761606,Δo > Δ,1,6,1,6
35085060,edf_beard,rayleigh,0.1000135095371027,0.530385761606,Δo > Δ,1,6,1,7
35085060,edf_jenkinson,rayleigh,0.1000135095371027,0.530385761606,Δo > Δ,1,6,1,8
35085060,edf_adamowski,logjohnsonsu,0.1000759976207127,0.530385761606,Δo > Δ,1,6,1,9
35085060,edf_chegodayev,rayleigh,0.1007482274054412,0.530385761606,Δo > Δ,1,6,1,10
35085060,edf_weibull,logjohnsonsu,0.1083212463397423,0.530385761606,Δo > Δ,1,6,1,11
35085060,edf_california,loggamma,0.1298643854592023,0.530385761606,Δo > Δ,1,6,1,12
35085060,edf_california,loggamma,0.1298643854592023,0.530385761606,Δo > Δ,1,6,1,13
35085070,edf_hazen,hypsecant,0.0350291037920906,0.530385761606,Δo > Δ,1,6,1,1
35085070,edf_gringorten,hypsecant,0.0431990384326135,0.530385761606,Δo > Δ,1,6,1,2
35085070,edf_blom,fisk,0.0476522811032712,0.530385761606,Δo > Δ,1,6,1,3
35085070,edf_cunnane,logistic,0.0482223763320766,0.530385761606,Δo > Δ,1,6,1,4
35085070,edf_tukey,fisk,0.0517190739761778,0.530385761606,Δo > Δ,1,6,1,5
35085070,edf_filliben,fisk,0.0536829388622736,0.530385761606,Δo > Δ,1,6,1,6
35085070,edf_beard,fisk,0.0546063863008767,0.530385761606,Δo > Δ,1,6,1,7
35085070,edf_jenkinson,fisk,0.0546063863008767,0.530385761606,Δo > Δ,1,6,1,8
35085070,edf_chegodayev,fisk,0.0558309160814409,0.530385761606,Δo > Δ,1,6,1,9
35085070,edf_adamowski,fisk,0.0618405314660563,0.530385761606,Δo > Δ,1,6,1,10
35085070,edf_weibull,fisk,0.0893130589385838,0.530385761606,Δo > Δ,1,6,1,11
35085070,edf_california,fisk,0.1131225827481076,0.530385761606,Δo > Δ,1,6,1,12
35085080,edf_california,truncnorm,0.1136255116653466,0.530385761606,Δo > Δ,1,6,1,1
35085080,edf_hazen,fisk,0.1225516763673568,0.530385761606,Δo > Δ,1,6,1,2
35085080,edf_gringorten,fisk,0.1274536371516705,0.530385761606,Δo > Δ,1,6,1,3
35085080,edf_cunnane,fisk,0.1306161924963891,0.530385761606,Δo > Δ,1,6,1,4
35085080,edf_blom,fisk,0.1325516763673568,0.530385761606,Δo > Δ,1,6,1,5
35085080,edf_tukey,fisk,0.1357095711041989,0.530385761606,Δo > Δ,1,6,1,6
35085080,edf_filliben,fisk,0.1368878900358564,0.530385761606,Δo > Δ,1,6,1,7
35085080,edf_jenkinson,fisk,0.1374419584990182,0.530385761606,Δo > Δ,1,6,1,8
35085080,edf_beard,fisk,0.1374419584990182,0.530385761606,Δo > Δ,1,6,1,9
35085080,edf_chegodayev,fisk,0.1381766763673568,0.530385761606,Δo > Δ,1,6,1,10
35085080,edf_adamowski,fisk,0.141782445598126,0.530385761606,Δo > Δ,1,6,1,11
35085080,edf_weibull,logpearson3,0.1515531401068563,0.530385761606,Δo > Δ,1,6,1,12
35095120,edf_adamowski,johnsonsu,0.0830084965509732,0.530385761606,Δo > Δ,1,6,1,1
35095120,edf_chegodayev,johnsonsu,0.0866142657817424,0.530385761606,Δo > Δ,1,6,1,2
35095120,edf_jenkinson,johnsonsu,0.0873489836500811,0.530385761606,Δo > Δ,1,6,1,3
35095120,edf_beard,johnsonsu,0.0873489836500811,0.530385761606,Δo > Δ,1,6,1,4
35095120,edf_filliben,johnsonsu,0.0879030521132429,0.530385761606,Δo > Δ,1,6,1,5
35095120,edf_tukey,johnsonsu,0.0890813710449003,0.530385761606,Δo > Δ,1,6,1,6
35095120,edf_blom,johnsonsu,0.0922392657817424,0.530385761606,Δo > Δ,1,6,1,7
35095120,edf_cunnane,johnsonsu,0.0941747496527101,0.530385761606,Δo > Δ,1,6,1,8
35095120,edf_gringorten,johnsonsu,0.0973373049974286,0.530385761606,Δo > Δ,1,6,1,9
35095120,edf_weibull,johnsonsu,0.0981860274703636,0.530385761606,Δo > Δ,1,6,1,10
35095120,edf_hazen,johnsonsu,0.1022392657817424,0.530385761606,Δo > Δ,1,6,1,11
35095120,edf_california,loglaplace,0.154076976170129,0.530385761606,Δo > Δ,1,6,1,12
35095130,edf_hazen,logloggamma,0.0411131484778247,0.4472608134160001,Δo > Δ,1,8,1,1
35095130,edf_gringorten,logloggamma,0.0457313750788099,0.4472608134160001,Δo > Δ,1,8,1,2
35095130,edf_cunnane,logloggamma,0.0487350996973369,0.4472608134160001,Δo > Δ,1,8,1,3
35095130,edf_blom,logloggamma,0.0505828454475217,0.4472608134160001,Δo > Δ,1,8,1,4
35095130,edf_tukey,invgauss,0.0517572196921111,0.4472608134160001,Δo > Δ,1,8,1,5
35095130,edf_filliben,invgauss,0.0519843565719677,0.4472608134160001,Δo > Δ,1,8,1,6
35095130,edf_beard,invgauss,0.0520913485703927,0.4472608134160001,Δo > Δ,1,8,1,7
35095130,edf_jenkinson,invgauss,0.0520913485703927,0.4472608134160001,Δo > Δ,1,8,1,8
35095130,edf_chegodayev,invgauss,0.0522334101683016,0.4472608134160001,Δo > Δ,1,8,1,9
35095130,edf_adamowski,invgauss,0.0529336902803464,0.4472608134160001,Δo > Δ,1,8,1,10
35095130,edf_weibull,logkstwobign,0.0725047056092691,0.4472608134160001,Δo > Δ,1,8,1,11
35095130,edf_california,johnsonsu,0.0968457759986855,0.4472608134160001,Δo > Δ,1,8,1,12
35105050,edf_gringorten,weibull_min,0.0523091034375862,0.5865427407550001,Δo > Δ,1,5,1,1
35105050,edf_hazen,weibull_min,0.0523091034375862,0.5865427407550001,Δo > Δ,1,5,1,2
35105050,edf_cunnane,weibull_min,0.0538491034072639,0.5865427407550001,Δo > Δ,1,5,1,3
35105050,edf_blom,weibull_min,0.0557559655858152,0.5865427407550001,Δo > Δ,1,5,1,4
35105050,edf_tukey,weibull_min,0.0617083465381961,0.5865427407550001,Δo > Δ,1,5,1,5
35105050,edf_jenkinson,pearson3,0.0622271366242382,0.5865427407550001,Δo > Δ,1,5,1,6
35105050,edf_beard,pearson3,0.0622271366242382,0.5865427407550001,Δo > Δ,1,5,1,7
35105050,edf_filliben,pearson3,0.0622271366242382,0.5865427407550001,Δo > Δ,1,5,1,8
35105050,edf_chegodayev,pearson3,0.0629410932824187,0.5865427407550001,Δo > Δ,1,5,1,9
35105050,edf_adamowski,pearson3,0.0696751000164254,0.5865427407550001,Δo > Δ,1,5,1,10
35105050,edf_weibull,johnsonsu,0.0999778754186455,0.5865427407550001,Δo > Δ,1,5,1,11
35105050,edf_california,pearson3,0.1375881881821867,0.5865427407550001,Δo > Δ,1,5,1,12
35160000,edf_tukey,alpha,0.0669173324095336,0.484420539261,Δo > Δ,1,7,1,1
35160000,edf_filliben,alpha,0.0680899547634187,0.484420539261,Δo > Δ,1,7,1,2
35160000,edf_jenkinson,alpha,0.068641895109706,0.484420539261,Δo > Δ,1,7,1,3
35160000,edf_beard,alpha,0.068641895109706,0.484420539261,Δo > Δ,1,7,1,4
35160000,edf_chegodayev,alpha,0.0693743348665361,0.484420539261,Δo > Δ,1,7,1,5
35160000,edf_blom,alpha,0.0696036245061391,0.484420539261,Δo > Δ,1,7,1,6
35160000,edf_hazen,logfisk,0.0702002386010983,0.484420539261,Δo > Δ,1,7,1,7
35160000,edf_cunnane,alpha,0.0724771877245298,0.484420539261,Δo > Δ,1,7,1,8
35160000,edf_adamowski,alpha,0.0729779384701396,0.484420539261,Δo > Δ,1,7,1,9
35160000,edf_gringorten,logfisk,0.0734280870791522,0.484420539261,Δo > Δ,1,7,1,10
35160000,edf_weibull,alpha,0.0896446051368063,0.484420539261,Δo > Δ,1,7,1,11
35160000,edf_california,logfatiguelife,0.1196499296475536,0.484420539261,Δo > Δ,1,7,1,12
35160020,edf_hazen,logloggamma,0.1557623096361598,0.4472608134160001,Δo > Δ,1,8,1,1
35160020,edf_gringorten,logloggamma,0.158533245596751,0.4472608134160001,Δo > Δ,1,8,1,2
35160020,edf_cunnane,logloggamma,0.1603354803678672,0.4472608134160001,Δo > Δ,1,8,1,3
35160020,edf_blom,logloggamma,0.161444127817978,0.4472608134160001,Δo > Δ,1,8,1,4
35160020,edf_tukey,logloggamma,0.1632623096361598,0.4472608134160001,Δo > Δ,1,8,1,5
35160020,edf_filliben,logloggamma,0.1639437202757294,0.4472608134160001,Δo > Δ,1,8,1,6
35160020,edf_beard,logloggamma,0.1642646962710046,0.4472608134160001,Δo > Δ,1,8,1,7
35160020,edf_jenkinson,logloggamma,0.1642646962710046,0.4472608134160001,Δo > Δ,1,8,1,8
35160020,edf_chegodayev,logloggamma,0.1646908810647313,0.4472608134160001,Δo > Δ,1,8,1,9
35160020,edf_adamowski,logloggamma,0.1667917214008657,0.4472608134160001,Δo > Δ,1,8,1,10
35160020,edf_weibull,logloggamma,0.1765956429694931,0.4472608134160001,Δo > Δ,1,8,1,11
35160020,edf_california,nakagami,0.1912248489588775,0.4472608134160001,Δo > Δ,1,8,1,12
35165000,edf_gringorten,johnsonsu,0.0361385380276516,0.4472608134160001,Δo > Δ,1,8,1,1
35165000,edf_cunnane,johnsonsu,0.0379407727987678,0.4472608134160001,Δo > Δ,1,8,1,2
35165000,edf_blom,johnsonsu,0.0390494202488788,0.4472608134160001,Δo > Δ,1,8,1,3
35165000,edf_hazen,johnsonsu,0.0405748509802792,0.4472608134160001,Δo > Δ,1,8,1,4
35165000,edf_tukey,johnsonsu,0.0408676020670605,0.4472608134160001,Δo > Δ,1,8,1,5
35165000,edf_filliben,johnsonsu,0.0415490127066302,0.4472608134160001,Δo > Δ,1,8,1,6
35165000,edf_beard,johnsonsu,0.04212731405618,0.4472608134160001,Δo > Δ,1,8,1,7
35165000,edf_jenkinson,johnsonsu,0.04212731405618,0.4472608134160001,Δo > Δ,1,8,1,8
35165000,edf_chegodayev,johnsonsu,0.043121745241542,0.4472608134160001,Δo > Δ,1,8,1,9
35165000,edf_adamowski,johnsonsu,0.0480237060258557,0.4472608134160001,Δo > Δ,1,8,1,10
35165000,edf_california,t,0.067245911529342,0.4472608134160001,Δo > Δ,1,8,1,11
35165000,edf_weibull,johnsonsu,0.0708995230193197,0.4472608134160001,Δo > Δ,1,8,1,12
35167000,edf_hazen,logjohnsonsu,0.0644924238982936,0.4472608134160001,Δo > Δ,1,8,1,1
35167000,edf_gringorten,johnsonsu,0.0655702226474436,0.4472608134160001,Δo > Δ,1,8,1,2
35167000,edf_cunnane,johnsonsu,0.0675052390202758,0.4472608134160001,Δo > Δ,1,8,1,3
35167000,edf_blom,johnsonsu,0.0693529847704607,0.4472608134160001,Δo > Δ,1,8,1,4
35167000,edf_tukey,johnsonsu,0.0723832878007636,0.4472608134160001,Δo > Δ,1,8,1,5
35167000,edf_filliben,johnsonsu,0.0735189722000464,0.4472608134160001,Δo > Δ,1,8,1,6
35167000,edf_beard,johnsonsu,0.0740539321921718,0.4472608134160001,Δo > Δ,1,8,1,7
35167000,edf_jenkinson,johnsonsu,0.0740539321921718,0.4472608134160001,Δo > Δ,1,8,1,8
35167000,edf_chegodayev,johnsonsu,0.0747642401817161,0.4472608134160001,Δo > Δ,1,8,1,9
35167000,edf_adamowski,johnsonsu,0.0782656407419402,0.4472608134160001,Δo > Δ,1,8,1,10
35167000,edf_weibull,alpha,0.085319692884742,0.4472608134160001,Δo > Δ,1,8,1,11
35167000,edf_california,logwald,0.125,0.4472608134160001,Δo > Δ,1,8,1,12
35167010,edf_tukey,logjohnsonsu,0.1093212252881089,0.484420539261,Δo > Δ,1,7,1,1
35167010,edf_hazen,gumbel_l,0.1098514810350384,0.484420539261,Δo > Δ,1,7,1,2
35167010,edf_filliben,logjohnsonsu,0.1100122599260871,0.484420539261,Δo > Δ,1,7,1,3
35167010,edf_jenkinson,logjohnsonsu,0.1105642002723745,0.484420539261,Δo > Δ,1,7,1,4
35167010,edf_beard,logjohnsonsu,0.1105642002723745,0.484420539261,Δo > Δ,1,7,1,5
35167010,edf_blom,logjohnsonsu,0.1108886234072312,0.484420539261,Δo > Δ,1,7,1,6
35167010,edf_chegodayev,logjohnsonsu,0.1112966400292045,0.484420539261,Δo > Δ,1,7,1,7
35167010,edf_cunnane,logjohnsonsu,0.1118464778133614,0.484420539261,Δo > Δ,1,7,1,8
35167010,edf_gringorten,logjohnsonsu,0.1134070271267198,0.484420539261,Δo > Δ,1,7,1,9
35167010,edf_adamowski,logjohnsonsu,0.1149002436328081,0.484420539261,Δo > Δ,1,7,1,10
35167010,edf_weibull,logjohnsonsu,0.1315669102994748,0.484420539261,Δo > Δ,1,7,1,11
35167010,edf_california,logmielke,0.1748567548301983,0.484420539261,Δo > Δ,1,7,1,12
35167020,edf_california,t,0.0776040814010331,0.484420539261,Δo > Δ,1,7,1,1
35167020,edf_chegodayev,invweibull,0.0937070368179917,0.484420539261,Δo > Δ,1,7,1,2
35167020,edf_cunnane,nct,0.0939779378205646,0.484420539261,Δo > Δ,1,7,1,3
35167020,edf_jenkinson,invweibull,0.0940732566964067,0.484420539261,Δo > Δ,1,7,1,4
35167020,edf_beard,invweibull,0.0940732566964067,0.484420539261,Δo > Δ,1,7,1,5
35167020,edf_filliben,invweibull,0.0943492268695504,0.484420539261,Δo > Δ,1,7,1,6
35167020,edf_adamowski,invweibull,0.0946783896863012,0.484420539261,Δo > Δ,1,7,1,7
35167020,edf_tukey,logncf,0.0947354946283314,0.484420539261,Δo > Δ,1,7,1,8
35167020,edf_blom,invgamma,0.095056646864613,0.484420539261,Δo > Δ,1,7,1,9
35167020,edf_gringorten,nct,0.0955384871339229,0.484420539261,Δo > Δ,1,7,1,10
35167020,edf_hazen,nct,0.0979461917888186,0.484420539261,Δo > Δ,1,7,1,11
35167020,edf_weibull,loginvweibull,0.1059279122348033,0.484420539261,Δo > Δ,1,7,1,12
35185010,edf_blom,johnsonsu,0.1312821031019158,0.530385761606,Δo > Δ,1,6,1,1
35185010,edf_tukey,johnsonsu,0.1314320914376257,0.530385761606,Δo > Δ,1,6,1,2
35185010,edf_cunnane,johnsonsu,0.1319272643922384,0.530385761606,Δo > Δ,1,6,1,3
35185010,edf_filliben,johnsonsu,0.1326104103692832,0.530385761606,Δo > Δ,1,6,1,4
35185010,edf_gringorten,johnsonsu,0.1329814495071446,0.530385761606,Δo > Δ,1,6,1,5
35185010,edf_jenkinson,johnsonsu,0.133164478832445,0.530385761606,Δo > Δ,1,6,1,6
35185010,edf_beard,johnsonsu,0.133164478832445,0.530385761606,Δo > Δ,1,6,1,7
35185010,edf_chegodayev,johnsonsu,0.1338991967007836,0.530385761606,Δo > Δ,1,6,1,8
35185010,edf_hazen,johnsonsu,0.1346154364352492,0.530385761606,Δo > Δ,1,6,1,9
35185010,edf_adamowski,johnsonsu,0.1375049659315528,0.530385761606,Δo > Δ,1,6,1,10
35185010,edf_weibull,johnsonsu,0.1539884824150693,0.530385761606,Δo > Δ,1,6,1,11
35185010,edf_california,ncf,0.1680772682974274,0.530385761606,Δo > Δ,1,6,1,12
3518700145,edf_chegodayev,laplace,0.0780499959851445,0.5865427407550001,Δo > Δ,1,5,1,1
3518700145,edf_jenkinson,laplace,0.0787384167479147,0.5865427407550001,Δo > Δ,1,5,1,2
3518700145,edf_beard,laplace,0.0787384167479147,0.5865427407550001,Δo > Δ,1,5,1,3
3518700145,edf_filliben,laplace,0.079258100641525,0.5865427407550001,Δo > Δ,1,5,1,4
3518700145,edf_tukey,laplace,0.0803648107999593,0.5865427407550001,Δo > Δ,1,5,1,5
3518700145,edf_adamowski,laplace,0.0832823268423152,0.5865427407550001,Δo > Δ,1,5,1,6
3518700145,edf_blom,laplace,0.0833410012761498,0.5865427407550001,Δo > Δ,1,5,1,7
3518700145,edf_cunnane,laplace,0.0851725031076516,0.5865427407550001,Δo > Δ,1,5,1,8
3518700145,edf_gringorten,laplace,0.0881773107999593,0.5865427407550001,Δo > Δ,1,5,1,9
3518700145,edf_hazen,johnsonsu,0.0887078684547386,0.5865427407550001,Δo > Δ,1,5,1,10
3518700145,edf_weibull,genlogistic,0.1063467863358061,0.5865427407550001,Δo > Δ,1,5,1,11
3518700145,edf_california,logt,0.1370202198393596,0.5865427407550001,Δo > Δ,1,5,1,12
35195020,edf_cunnane,loggumbel_r,0.2028996217419443,0.5865427407550001,Δo > Δ,1,5,1,1
35195020,edf_jenkinson,loggumbel_r,0.2028996217419443,0.5865427407550001,Δo > Δ,1,5,1,2
35195020,edf_filliben,loggumbel_r,0.2028996217419443,0.5865427407550001,Δo > Δ,1,5,1,3
35195020,edf_gringorten,loggumbel_r,0.2028996217419443,0.5865427407550001,Δo > Δ,1,5,1,4
35195020,edf_blom,loggumbel_r,0.2028996217419443,0.5865427407550001,Δo > Δ,1,5,1,5
35195020,edf_tukey,loggumbel_r,0.2028996217419443,0.5865427407550001,Δo > Δ,1,5,1,6
35195020,edf_chegodayev,loggumbel_r,0.2028996217419443,0.5865427407550001,Δo > Δ,1,5,1,7
35195020,edf_beard,loggumbel_r,0.2028996217419443,0.5865427407550001,Δo > Δ,1,5,1,8
35195020,edf_hazen,loggumbel_r,0.2028996217419443,0.5865427407550001,Δo > Δ,1,5,1,9
35195020,edf_adamowski,loggumbel_r,0.2033349237307651,0.5865427407550001,Δo > Δ,1,5,1,10
35195020,edf_weibull,loggumbel_r,0.2184864388822802,0.5865427407550001,Δo > Δ,1,5,1,11
35195020,edf_california,loggumbel_r,0.3028996217419443,0.5865427407550001,Δo > Δ,1,5,1,12
35195060,edf_weibull,logncf,0.0737479132202802,0.530385761606,Δo > Δ,1,6,1,1
35195060,edf_hazen,fisk,0.0898930081596284,0.530385761606,Δo > Δ,1,6,1,2
35195060,edf_gringorten,fisk,0.0947949689439422,0.530385761606,Δo > Δ,1,6,1,3
35195060,edf_adamowski,logncf,0.0969264947624324,0.530385761606,Δo > Δ,1,6,1,4
35195060,edf_cunnane,fisk,0.0979575242886607,0.530385761606,Δo > Δ,1,6,1,5
35195060,edf_blom,fisk,0.0998930081596284,0.530385761606,Δo > Δ,1,6,1,6
35195060,edf_chegodayev,logncf,0.1029361101470478,0.530385761606,Δo > Δ,1,6,1,7
35195060,edf_tukey,fisk,0.1030509028964705,0.530385761606,Δo > Δ,1,6,1,8
35195060,edf_beard,logncf,0.1041606399276121,0.530385761606,Δo > Δ,1,6,1,9
35195060,edf_jenkinson,logncf,0.1041606399276121,0.530385761606,Δo > Δ,1,6,1,10
35195060,edf_filliben,fisk,0.104229221828128,0.530385761606,Δo > Δ,1,6,1,11
35195060,edf_california,logkstwobign,0.119171371820771,0.530385761606,Δo > Δ,1,6,1,12
3519700092,edf_gringorten,invgamma,0.0740038184567369,0.530385761606,Δo > Δ,1,6,1,1
3519700092,edf_cunnane,invgamma,0.0748888446415447,0.530385761606,Δo > Δ,1,6,1,2
3519700092,edf_blom,invgamma,0.0755340059318674,0.530385761606,Δo > Δ,1,6,1,3
3519700092,edf_tukey,invgamma,0.0765866375108147,0.530385761606,Δo > Δ,1,6,1,4
3519700092,edf_filliben,invgamma,0.0769794104880339,0.530385761606,Δo > Δ,1,6,1,5
3519700092,edf_jenkinson,invgamma,0.0771640999757545,0.530385761606,Δo > Δ,1,6,1,6
3519700092,edf_beard,invgamma,0.0771640999757545,0.530385761606,Δo > Δ,1,6,1,7
3519700092,edf_chegodayev,invgamma,0.0774090059318673,0.530385761606,Δo > Δ,1,6,1,8
3519700092,edf_hazen,f,0.0784070963440534,0.530385761606,Δo > Δ,1,6,1,9
3519700092,edf_adamowski,invgamma,0.0786109290087905,0.530385761606,Δo > Δ,1,6,1,10
3519700092,edf_weibull,loginvweibull,0.0988454251786479,0.530385761606,Δo > Δ,1,6,1,11
3519700092,edf_california,logalpha,0.1110755190668604,0.530385761606,Δo > Δ,1,6,1,12
35197020,edf_cunnane,gumbel_r,0.0735181053166864,0.5865427407550001,Δo > Δ,1,5,1,1
35197020,edf_filliben,gumbel_r,0.0735181053166864,0.5865427407550001,Δo > Δ,1,5,1,2
35197020,edf_tukey,gumbel_r,0.0735181053166864,0.5865427407550001,Δo > Δ,1,5,1,3
35197020,edf_gringorten,gumbel_r,0.0735181053166864,0.5865427407550001,Δo > Δ,1,5,1,4
35197020,edf_blom,gumbel_r,0.0735181053166864,0.5865427407550001,Δo > Δ,1,5,1,5
35197020,edf_hazen,gumbel_r,0.0735181053166864,0.5865427407550001,Δo > Δ,1,5,1,6
35197020,edf_beard,gumbel_r,0.0744239991296161,0.5865427407550001,Δo > Δ,1,5,1,7
35197020,edf_jenkinson,gumbel_r,0.0744239991296161,0.5865427407550001,Δo > Δ,1,5,1,8
35197020,edf_chegodayev,gumbel_r,0.0758008406551565,0.5865427407550001,Δo > Δ,1,5,1,9
35197020,edf_adamowski,gumbel_r,0.0825348473891632,0.5865427407550001,Δo > Δ,1,5,1,10
35197020,edf_weibull,gumbel_r,0.1128378776921935,0.5865427407550001,Δo > Δ,1,5,1,11
35197020,edf_california,loggumbel_l,0.1494747217482473,0.5865427407550001,Δo > Δ,1,5,1,12
35215020,edf_gringorten,pearson3,0.0678597761244902,0.530385761606,Δo > Δ,1,6,1,1
35215020,edf_cunnane,pearson3,0.0685869310921766,0.530385761606,Δo > Δ,1,6,1,2
35215020,edf_blom,pearson3,0.0692320923824992,0.530385761606,Δo > Δ,1,6,1,3
35215020,edf_hazen,logweibull_min,0.0692447696773073,0.530385761606,Δo > Δ,1,6,1,4
35215020,edf_tukey,pearson3,0.0702847239614465,0.530385761606,Δo > Δ,1,6,1,5
35215020,edf_filliben,pearson3,0.0706774969386657,0.530385761606,Δo > Δ,1,6,1,6
35215020,edf_beard,pearson3,0.0708621864263864,0.530385761606,Δo > Δ,1,6,1,7
35215020,edf_jenkinson,pearson3,0.0708621864263864,0.530385761606,Δo > Δ,1,6,1,8
35215020,edf_chegodayev,pearson3,0.0711070923824992,0.530385761606,Δo > Δ,1,6,1,9
35215020,edf_adamowski,pearson3,0.0723090154594223,0.530385761606,Δo > Δ,1,6,1,10
35215020,edf_weibull,loggenlogistic,0.0911708180537025,0.530385761606,Δo > Δ,1,6,1,11
35215020,edf_california,logpearson3,0.1225555302419037,0.530385761606,Δo > Δ,1,6,1,12
35215030,edf_adamowski,logjohnsonsu,0.0697090185608398,0.530385761606,Δo > Δ,1,6,1,1
35215030,edf_chegodayev,logjohnsonsu,0.0733147877916091,0.530385761606,Δo > Δ,1,6,1,2
35215030,edf_jenkinson,logjohnsonsu,0.0740495056599478,0.530385761606,Δo > Δ,1,6,1,3
35215030,edf_beard,logjohnsonsu,0.0740495056599478,0.530385761606,Δo > Δ,1,6,1,4
35215030,edf_filliben,logjohnsonsu,0.0746035741231095,0.530385761606,Δo > Δ,1,6,1,5
35215030,edf_tukey,logjohnsonsu,0.075781893054767,0.530385761606,Δo > Δ,1,6,1,6
35215030,edf_california,t,0.0774446447616793,0.530385761606,Δo > Δ,1,6,1,7
35215030,edf_blom,logjohnsonsu,0.0789397877916091,0.530385761606,Δo > Δ,1,6,1,8
35215030,edf_cunnane,logjohnsonsu,0.0808752716625768,0.530385761606,Δo > Δ,1,6,1,9
35215030,edf_gringorten,logjohnsonsu,0.0840378270072953,0.530385761606,Δo > Δ,1,6,1,10
35215030,edf_hazen,logt,0.0868280653950102,0.530385761606,Δo > Δ,1,6,1,11
35215030,edf_weibull,logjohnsonsu,0.0967546876887371,0.530385761606,Δo > Δ,1,6,1,12
35217010,edf_chegodayev,nakagami,0.1141619103065246,0.530385761606,Δo > Δ,1,6,1,1
35217010,edf_jenkinson,nakagami,0.1148966281748631,0.530385761606,Δo > Δ,1,6,1,2
35217010,edf_beard,nakagami,0.1148966281748631,0.530385761606,Δo > Δ,1,6,1,3
35217010,edf_adamowski,nakagami,0.1153841489758212,0.530385761606,Δo > Δ,1,6,1,4
35217010,edf_filliben,nakagami,0.1154506966380249,0.530385761606,Δo > Δ,1,6,1,5
35217010,edf_tukey,nakagami,0.1166290155696825,0.530385761606,Δo > Δ,1,6,1,6
35217010,edf_blom,nakagami,0.1197869103065246,0.530385761606,Δo > Δ,1,6,1,7
35217010,edf_cunnane,nakagami,0.1217223941774923,0.530385761606,Δo > Δ,1,6,1,8
35217010,edf_gringorten,nakagami,0.1248849495222109,0.530385761606,Δo > Δ,1,6,1,9
35217010,edf_hazen,nakagami,0.1320167114584636,0.530385761606,Δo > Δ,1,6,1,10
35217010,edf_weibull,nakagami,0.1428566764483486,0.530385761606,Δo > Δ,1,6,1,11
35217010,edf_california,loglaplace_asymmetric,0.1539568117365756,0.530385761606,Δo > Δ,1,6,1,12
35217030,edf_cunnane,invgamma,0.0803198288771356,0.530385761606,Δo > Δ,1,6,1,1
35217030,edf_blom,invgamma,0.0809649901674582,0.530385761606,Δo > Δ,1,6,1,2
35217030,edf_gringorten,invgamma,0.0815434027953892,0.530385761606,Δo > Δ,1,6,1,3
35217030,edf_tukey,invgamma,0.0820176217464055,0.530385761606,Δo > Δ,1,6,1,4
35217030,edf_filliben,invgamma,0.0824103947236247,0.530385761606,Δo > Δ,1,6,1,5
35217030,edf_jenkinson,invgamma,0.0825950842113454,0.530385761606,Δo > Δ,1,6,1,6
35217030,edf_beard,invgamma,0.0825950842113454,0.530385761606,Δo > Δ,1,6,1,7
35217030,edf_chegodayev,invgamma,0.0828399901674582,0.530385761606,Δo > Δ,1,6,1,8
35217030,edf_hazen,logpareto,0.0833333333333331,0.530385761606,Δo > Δ,1,6,1,9
35217030,edf_adamowski,invgamma,0.0840419132443813,0.530385761606,Δo > Δ,1,6,1,10
35217030,edf_weibull,loginvweibull,0.0983503019899642,0.530385761606,Δo > Δ,1,6,1,11
35217030,edf_california,f,0.1225523984848987,0.530385761606,Δo > Δ,1,6,1,12
35217060,edf_california,loginvgauss,0.1475665126909612,0.5865427407550001,Δo > Δ,1,5,1,1
35217060,edf_hazen,logf,0.1615288043445665,0.5865427407550001,Δo > Δ,1,5,1,2
35217060,edf_weibull,logweibull_min,0.1634699818451924,0.5865427407550001,Δo > Δ,1,5,1,3
35217060,edf_gringorten,logf,0.1662163043445664,0.5865427407550001,Δo > Δ,1,5,1,4
35217060,edf_adamowski,f,0.1667613707532615,0.5865427407550001,Δo > Δ,1,5,1,5
35217060,edf_cunnane,logf,0.1692211120368741,0.5865427407550001,Δo > Δ,1,5,1,6
35217060,edf_blom,logf,0.171052613868376,0.5865427407550001,Δo > Δ,1,5,1,7
35217060,edf_chegodayev,f,0.1734953774872683,0.5865427407550001,Δo > Δ,1,5,1,8
35217060,edf_tukey,logf,0.1740288043445664,0.5865427407550001,Δo > Δ,1,5,1,9
35217060,edf_jenkinson,f,0.1748722190128088,0.5865427407550001,Δo > Δ,1,5,1,10
35217060,edf_beard,f,0.1748722190128088,0.5865427407550001,Δo > Δ,1,5,1,11
35217060,edf_filliben,logf,0.1751355145030008,0.5865427407550001,Δo > Δ,1,5,1,12
35217090,edf_hazen,johnsonsu,0.0377891431808355,0.530385761606,Δo > Δ,1,6,1,1
35217090,edf_gringorten,logjohnsonsu,0.0418838452122015,0.530385761606,Δo > Δ,1,6,1,2
35217090,edf_cunnane,logjohnsonsu,0.0471547707867324,0.530385761606,Δo > Δ,1,6,1,3
35217090,edf_blom,logjohnsonsu,0.0503805772383452,0.530385761606,Δo > Δ,1,6,1,4
35217090,edf_tukey,logjohnsonsu,0.055643735133082,0.530385761606,Δo > Δ,1,6,1,5
35217090,edf_filliben,logjohnsonsu,0.0576076000191779,0.530385761606,Δo > Δ,1,6,1,6
35217090,edf_beard,logjohnsonsu,0.0585310474577809,0.530385761606,Δo > Δ,1,6,1,7
35217090,edf_jenkinson,logjohnsonsu,0.0585310474577809,0.530385761606,Δo > Δ,1,6,1,8
35217090,edf_chegodayev,logjohnsonsu,0.0597555772383452,0.530385761606,Δo > Δ,1,6,1,9
35217090,edf_adamowski,logjohnsonsu,0.0657651926229606,0.530385761606,Δo > Δ,1,6,1,10
35217090,edf_weibull,logjohnsonsu,0.0932377200954881,0.530385761606,Δo > Δ,1,6,1,11
35217090,edf_california,logjohnsonsu,0.1123483668798757,0.530385761606,Δo > Δ,1,6,1,12
35225030,edf_hazen,mielke,0.092812656842895,0.5865427407550001,Δo > Δ,1,5,1,1
35225030,edf_gringorten,mielke,0.1021876568428952,0.5865427407550001,Δo > Δ,1,5,1,2
35225030,edf_filliben,logmielke,0.1054474158630394,0.5865427407550001,Δo > Δ,1,5,1,3
35225030,edf_cunnane,logmielke,0.1054474158630394,0.5865427407550001,Δo > Δ,1,5,1,4
35225030,edf_blom,logmielke,0.1054474158630394,0.5865427407550001,Δo > Δ,1,5,1,5
35225030,edf_tukey,logmielke,0.1054474158630394,0.5865427407550001,Δo > Δ,1,5,1,6
35225030,edf_chegodayev,logmielke,0.1054474158630394,0.5865427407550001,Δo > Δ,1,5,1,7
35225030,edf_jenkinson,logmielke,0.1054474158630394,0.5865427407550001,Δo > Δ,1,5,1,8
35225030,edf_beard,logmielke,0.1054474158630394,0.5865427407550001,Δo > Δ,1,5,1,9
35225030,edf_adamowski,logmielke,0.1082586487065379,0.5865427407550001,Δo > Δ,1,5,1,10
35225030,edf_weibull,pearson3,0.1170840184498381,0.5865427407550001,Δo > Δ,1,5,1,11
35225030,edf_california,mielke,0.15587012506185,0.5865427407550001,Δo > Δ,1,5,1,12
35235010,edf_gringorten,logf,0.0768255754332469,0.5865427407550001,Δo > Δ,1,5,1,1
35235010,edf_hazen,logf,0.0768255754332469,0.5865427407550001,Δo > Δ,1,5,1,2
35235010,edf_cunnane,logf,0.0790041120018486,0.5865427407550001,Δo > Δ,1,5,1,3
35235010,edf_blom,logf,0.0808356138333504,0.5865427407550001,Δo > Δ,1,5,1,4
35235010,edf_tukey,invgamma,0.0827907924716742,0.5865427407550001,Δo > Δ,1,5,1,5
35235010,edf_filliben,invgamma,0.0827907924716742,0.5865427407550001,Δo > Δ,1,5,1,6
35235010,edf_chegodayev,invgamma,0.0827907924716742,0.5865427407550001,Δo > Δ,1,5,1,7
35235010,edf_jenkinson,invgamma,0.0827907924716742,0.5865427407550001,Δo > Δ,1,5,1,8
35235010,edf_beard,invgamma,0.0827907924716742,0.5865427407550001,Δo > Δ,1,5,1,9
35235010,edf_adamowski,invgamma,0.0834706320188479,0.5865427407550001,Δo > Δ,1,5,1,10
35235010,edf_weibull,loginvgamma,0.112265025992598,0.5865427407550001,Δo > Δ,1,5,1,11
35235010,edf_california,alpha,0.1388041907581519,0.5865427407550001,Δo > Δ,1,5,1,12
35235040,edf_hazen,logjohnsonsu,0.0801306391009283,0.484420539261,Δo > Δ,1,7,1,1
35235040,edf_gringorten,logjohnsonsu,0.0849460484107197,0.484420539261,Δo > Δ,1,7,1,2
35235040,edf_cunnane,logjohnsonsu,0.0880671470374363,0.484420539261,Δo > Δ,1,7,1,3
35235040,edf_blom,logjohnsonsu,0.0899828558496968,0.484420539261,Δo > Δ,1,7,1,4
35235040,edf_tukey,logjohnsonsu,0.0931176520879413,0.484420539261,Δo > Δ,1,7,1,5
35235040,edf_filliben,logjohnsonsu,0.0942902744418264,0.484420539261,Δo > Δ,1,7,1,6
35235040,edf_beard,logjohnsonsu,0.0948422147881138,0.484420539261,Δo > Δ,1,7,1,7
35235040,edf_jenkinson,logjohnsonsu,0.0948422147881138,0.484420539261,Δo > Δ,1,7,1,8
35235040,edf_chegodayev,logjohnsonsu,0.0955746545449438,0.484420539261,Δo > Δ,1,7,1,9
35235040,edf_adamowski,logjohnsonsu,0.0991782581485474,0.484420539261,Δo > Δ,1,7,1,10
35235040,edf_weibull,logjohnsonsu,0.115844924815214,0.484420539261,Δo > Δ,1,7,1,11
35235040,edf_california,mielke,0.1428492346494313,0.484420539261,Δo > Δ,1,7,1,12
35235050,edf_california,t,0.0518301921775249,0.484420539261,Δo > Δ,1,7,1,1
35235050,edf_hazen,logmoyal,0.0520083455995818,0.484420539261,Δo > Δ,1,7,1,2
35235050,edf_gringorten,logmoyal,0.0568237549093732,0.484420539261,Δo > Δ,1,7,1,3
35235050,edf_chegodayev,loghalflogistic,0.0590059096580142,0.484420539261,Δo > Δ,1,7,1,4
35235050,edf_adamowski,loghalflogistic,0.0591886465703336,0.484420539261,Δo > Δ,1,7,1,5
35235050,edf_beard,loghalflogistic,0.0593721295364292,0.484420539261,Δo > Δ,1,7,1,6
35235050,edf_jenkinson,loghalflogistic,0.0593721295364292,0.484420539261,Δo > Δ,1,7,1,7
35235050,edf_filliben,loghalflogistic,0.0596480997095729,0.484420539261,Δo > Δ,1,7,1,8
35235050,edf_cunnane,logmoyal,0.0599448535360898,0.484420539261,Δo > Δ,1,7,1,9
35235050,edf_tukey,loghalflogistic,0.0602344108865154,0.484420539261,Δo > Δ,1,7,1,10
35235050,edf_blom,loghalflogistic,0.0618018090056377,0.484420539261,Δo > Δ,1,7,1,11
35235050,edf_weibull,ncf,0.0833312123904722,0.484420539261,Δo > Δ,1,7,1,12
35237030,edf_hazen,gumbel_l,0.1711145876191931,0.5865427407550001,Δo > Δ,1,5,1,1
35237030,edf_gringorten,gumbel_l,0.1758020876191931,0.5865427407550001,Δo > Δ,1,5,1,2
35237030,edf_cunnane,gumbel_l,0.1788068953115008,0.5865427407550001,Δo > Δ,1,5,1,3
35237030,edf_blom,gumbel_l,0.1806383971430026,0.5865427407550001,Δo > Δ,1,5,1,4
35237030,edf_tukey,gumbel_l,0.1836145876191931,0.5865427407550001,Δo > Δ,1,5,1,5
35237030,edf_filliben,gumbel_l,0.1847212977776274,0.5865427407550001,Δo > Δ,1,5,1,6
35237030,edf_beard,gumbel_l,0.1852409816712377,0.5865427407550001,Δo > Δ,1,5,1,7
35237030,edf_jenkinson,gumbel_l,0.1852409816712377,0.5865427407550001,Δo > Δ,1,5,1,8
35237030,edf_chegodayev,gumbel_l,0.1859294024340079,0.5865427407550001,Δo > Δ,1,5,1,9
35237030,edf_adamowski,gumbel_l,0.1892964058010113,0.5865427407550001,Δo > Δ,1,5,1,10
35237030,edf_weibull,gumbel_l,0.2044479209525264,0.5865427407550001,Δo > Δ,1,5,1,11
35237030,edf_california,loggumbel_r,0.2386362614724948,0.5865427407550001,Δo > Δ,1,5,1,12
36015020,edf_tukey,pearson3,0.055545175287489,0.530385761606,Δo > Δ,1,6,1,1
36015020,edf_gringorten,genlogistic,0.055717958601281,0.530385761606,Δo > Δ,1,6,1,2
36015020,edf_filliben,pearson3,0.0564774891432563,0.530385761606,Δo > Δ,1,6,1,3
36015020,edf_cunnane,genlogistic,0.0567721437161872,0.530385761606,Δo > Δ,1,6,1,4
36015020,edf_blom,weibull_min,0.0571007486007429,0.530385761606,Δo > Δ,1,6,1,5
36015020,edf_jenkinson,pearson3,0.0574009365818594,0.530385761606,Δo > Δ,1,6,1,6
36015020,edf_beard,pearson3,0.0574009365818594,0.530385761606,Δo > Δ,1,6,1,7
36015020,edf_chegodayev,johnsonsu,0.0582237683397734,0.530385761606,Δo > Δ,1,6,1,8
36015020,edf_hazen,fisk,0.0595600515271785,0.530385761606,Δo > Δ,1,6,1,9
36015020,edf_adamowski,genlogistic,0.0604942280834329,0.530385761606,Δo > Δ,1,6,1,10
36015020,edf_weibull,genlogistic,0.0855706728450861,0.530385761606,Δo > Δ,1,6,1,11
36015020,edf_california,laplace_asymmetric,0.1124009633083238,0.530385761606,Δo > Δ,1,6,1,12
36015501,edf_california,kstwobign,0.1806789983415902,0.5865427407550001,Δo > Δ,1,5,1,1
36015501,edf_weibull,logchi2,0.2209047315080972,0.5865427407550001,Δo > Δ,1,5,1,2
36015501,edf_adamowski,fisk,0.2254499429351169,0.5865427407550001,Δo > Δ,1,5,1,3
36015501,edf_cunnane,fisk,0.2254499429351169,0.5865427407550001,Δo > Δ,1,5,1,4
36015501,edf_gringorten,fisk,0.2254499429351169,0.5865427407550001,Δo > Δ,1,5,1,5
36015501,edf_tukey,fisk,0.2254499429351169,0.5865427407550001,Δo > Δ,1,5,1,6
36015501,edf_jenkinson,fisk,0.2254499429351169,0.5865427407550001,Δo > Δ,1,5,1,7
36015501,edf_filliben,fisk,0.2254499429351169,0.5865427407550001,Δo > Δ,1,5,1,8
36015501,edf_chegodayev,fisk,0.2254499429351169,0.5865427407550001,Δo > Δ,1,5,1,9
36015501,edf_blom,fisk,0.2254499429351169,0.5865427407550001,Δo > Δ,1,5,1,10
36015501,edf_beard,fisk,0.2254499429351169,0.5865427407550001,Δo > Δ,1,5,1,11
36015501,edf_hazen,fisk,0.2254499429351169,0.5865427407550001,Δo > Δ,1,5,1,12
3602700101,edf_hazen,mielke,0.1151968674792327,0.530385761606,Δo > Δ,1,6,1,1
3602700101,edf_gringorten,mielke,0.1168308544073373,0.530385761606,Δo > Δ,1,6,1,2
3602700101,edf_cunnane,mielke,0.1178850395222435,0.530385761606,Δo > Δ,1,6,1,3
3602700101,edf_california,invgauss,0.117920060878514,0.530385761606,Δo > Δ,1,6,1,4
3602700101,edf_blom,mielke,0.118530200812566,0.530385761606,Δo > Δ,1,6,1,5
3602700101,edf_tukey,mielke,0.1195828323915134,0.530385761606,Δo > Δ,1,6,1,6
3602700101,edf_filliben,mielke,0.1199756053687325,0.530385761606,Δo > Δ,1,6,1,7
3602700101,edf_jenkinson,mielke,0.1201602948564531,0.530385761606,Δo > Δ,1,6,1,8
3602700101,edf_beard,mielke,0.1201602948564531,0.530385761606,Δo > Δ,1,6,1,9
3602700101,edf_chegodayev,mielke,0.120405200812566,0.530385761606,Δo > Δ,1,6,1,10
3602700101,edf_adamowski,mielke,0.1216071238894891,0.530385761606,Δo > Δ,1,6,1,11
3602700101,edf_weibull,mielke,0.1271016293839946,0.530385761606,Δo > Δ,1,6,1,12
3701500114,edf_chegodayev,logbetaprime,0.0747795547533897,0.530385761606,Δo > Δ,1,6,1,1
3701500114,edf_jenkinson,logbetaprime,0.0750244607095025,0.530385761606,Δo > Δ,1,6,1,2
3701500114,edf_beard,logbetaprime,0.0750244607095025,0.530385761606,Δo > Δ,1,6,1,3
3701500114,edf_filliben,logbetaprime,0.0752091501972231,0.530385761606,Δo > Δ,1,6,1,4
3701500114,edf_tukey,logbetaprime,0.0756019231744423,0.530385761606,Δo > Δ,1,6,1,5
3701500114,edf_adamowski,logf,0.0764349508818832,0.530385761606,Δo > Δ,1,6,1,6
3701500114,edf_blom,logbetaprime,0.0766545547533896,0.530385761606,Δo > Δ,1,6,1,7
3701500114,edf_cunnane,logbetaprime,0.0772997160437123,0.530385761606,Δo > Δ,1,6,1,8
3701500114,edf_gringorten,logbetaprime,0.0783539011586185,0.530385761606,Δo > Δ,1,6,1,9
3701500114,edf_hazen,logbetaprime,0.079987888086723,0.530385761606,Δo > Δ,1,6,1,10
3701500114,edf_weibull,logpearson3,0.094836649846474,0.530385761606,Δo > Δ,1,6,1,11
3701500114,edf_california,logkstwobign,0.1320128672355388,0.530385761606,Δo > Δ,1,6,1,12
37015030,edf_weibull,logbetaprime,0.09924253359217,0.530385761606,Δo > Δ,1,6,1,1
37015030,edf_adamowski,logbetaprime,0.1267150610646975,0.530385761606,Δo > Δ,1,6,1,2
37015030,edf_chegodayev,logbetaprime,0.1327246764493129,0.530385761606,Δo > Δ,1,6,1,3
37015030,edf_hazen,gompertz,0.1338309812510966,0.530385761606,Δo > Δ,1,6,1,4
37015030,edf_jenkinson,logbetaprime,0.1339492062298772,0.530385761606,Δo > Δ,1,6,1,5
37015030,edf_beard,logbetaprime,0.1339492062298772,0.530385761606,Δo > Δ,1,6,1,6
37015030,edf_filliben,logbetaprime,0.1348726536684802,0.530385761606,Δo > Δ,1,6,1,7
37015030,edf_gringorten,gompertz,0.1354649681792011,0.530385761606,Δo > Δ,1,6,1,8
37015030,edf_cunnane,gompertz,0.1365191532941073,0.530385761606,Δo > Δ,1,6,1,9
37015030,edf_tukey,logbetaprime,0.1368365185545761,0.530385761606,Δo > Δ,1,6,1,10
37015030,edf_blom,gompertz,0.13716431458443,0.530385761606,Δo > Δ,1,6,1,11
37015030,edf_california,logkstwobign,0.1563256422790856,0.530385761606,Δo > Δ,1,6,1,12
37017040,edf_hazen,loglaplace_asymmetric,0.0411997434305779,0.5865427407550001,Δo > Δ,1,5,1,1
37017040,edf_gringorten,logfisk,0.0415707943598403,0.5865427407550001,Δo > Δ,1,5,1,2
37017040,edf_cunnane,logfisk,0.0475804097444556,0.5865427407550001,Δo > Δ,1,5,1,3
37017040,edf_blom,logfisk,0.0512434134074593,0.5865427407550001,Δo > Δ,1,5,1,4
37017040,edf_tukey,logfisk,0.0571957943598402,0.5865427407550001,Δo > Δ,1,5,1,5
37017040,edf_filliben,logfisk,0.0594092146767088,0.5865427407550001,Δo > Δ,1,5,1,6
37017040,edf_beard,logfisk,0.0604485824639295,0.5865427407550001,Δo > Δ,1,5,1,7
37017040,edf_jenkinson,logfisk,0.0604485824639295,0.5865427407550001,Δo > Δ,1,5,1,8
37017040,edf_chegodayev,logfisk,0.0618254239894699,0.5865427407550001,Δo > Δ,1,5,1,9
37017040,edf_adamowski,logfisk,0.0685594307234766,0.5865427407550001,Δo > Δ,1,5,1,10
37017040,edf_weibull,logfisk,0.0988624610265069,0.5865427407550001,Δo > Δ,1,5,1,11
37017040,edf_california,logbetaprime,0.1372952293913144,0.5865427407550001,Δo > Δ,1,5,1,12
37045010,edf_gringorten,weibull_min,0.1093749999999998,0.5865427407550001,Δo > Δ,1,5,1,1
37045010,edf_hazen,logfisk,0.1124695210288124,0.5865427407550001,Δo > Δ,1,5,1,2
37045010,edf_cunnane,weibull_min,0.1153846153846152,0.5865427407550001,Δo > Δ,1,5,1,3
37045010,edf_blom,weibull_min,0.1190476190476188,0.5865427407550001,Δo > Δ,1,5,1,4
37045010,edf_tukey,logfisk,0.1249695210288124,0.5865427407550001,Δo > Δ,1,5,1,5
37045010,edf_filliben,logfisk,0.1260762311872467,0.5865427407550001,Δo > Δ,1,5,1,6
37045010,edf_beard,logfisk,0.126595915080857,0.5865427407550001,Δo > Δ,1,5,1,7
37045010,edf_jenkinson,logfisk,0.126595915080857,0.5865427407550001,Δo > Δ,1,5,1,8
37045010,edf_chegodayev,logkstwobign,0.1269234444158853,0.5865427407550001,Δo > Δ,1,5,1,9
37045010,edf_adamowski,logkstwobign,0.1271227348659237,0.5865427407550001,Δo > Δ,1,5,1,10
37045010,edf_california,alpha,0.1327959980700735,0.5865427407550001,Δo > Δ,1,5,1,11
37045010,edf_weibull,logkstwobign,0.1422742500174388,0.5865427407550001,Δo > Δ,1,5,1,12
42077020,edf_cunnane,t,0.103397223805239,0.484420539261,Δo > Δ,1,7,1,1
42077020,edf_gringorten,t,0.103397223805239,0.484420539261,Δo > Δ,1,7,1,2
42077020,edf_hazen,t,0.103397223805239,0.484420539261,Δo > Δ,1,7,1,3
42077020,edf_blom,nct,0.1042672470031998,0.484420539261,Δo > Δ,1,7,1,4
42077020,edf_tukey,nct,0.1058346451223221,0.484420539261,Δo > Δ,1,7,1,5
42077020,edf_filliben,nct,0.1064209562992646,0.484420539261,Δo > Δ,1,7,1,6
42077020,edf_beard,nct,0.1066969264724083,0.484420539261,Δo > Δ,1,7,1,7
42077020,edf_jenkinson,nct,0.1066969264724083,0.484420539261,Δo > Δ,1,7,1,8
42077020,edf_chegodayev,nct,0.1070631463508233,0.484420539261,Δo > Δ,1,7,1,9
42077020,edf_adamowski,nct,0.1088649481526251,0.484420539261,Δo > Δ,1,7,1,10
42077020,edf_weibull,logmielke,0.1189365170730645,0.484420539261,Δo > Δ,1,7,1,11
42077020,edf_california,f,0.1424073150642349,0.484420539261,Δo > Δ,1,7,1,12
44015060,edf_weibull,laplace_asymmetric,0.0900726530629716,0.417612680231,Δo > Δ,1,9,1,1
44015060,edf_adamowski,logistic,0.0939363658810059,0.417612680231,Δo > Δ,1,9,1,2
44015060,edf_filliben,logistic,0.0939363658810059,0.417612680231,Δo > Δ,1,9,1,3
44015060,edf_jenkinson,logistic,0.0939363658810059,0.417612680231,Δo > Δ,1,9,1,4
44015060,edf_chegodayev,logistic,0.0939363658810059,0.417612680231,Δo > Δ,1,9,1,5
44015060,edf_tukey,logistic,0.0939363658810059,0.417612680231,Δo > Δ,1,9,1,6
44015060,edf_beard,logistic,0.0939363658810059,0.417612680231,Δo > Δ,1,9,1,7
44015060,edf_blom,logistic,0.0942532352067379,0.417612680231,Δo > Δ,1,9,1,8
44015060,edf_cunnane,logistic,0.0954283233383477,0.417612680231,Δo > Δ,1,9,1,9
44015060,edf_gringorten,logistic,0.0973352646045567,0.417612680231,Δo > Δ,1,9,1,10
44015060,edf_hazen,weibull_min,0.0998312916410058,0.417612680231,Δo > Δ,1,9,1,11
44015060,edf_california,invgamma,0.1053047713956005,0.417612680231,Δo > Δ,1,9,1,12
44015070,edf_hazen,logjohnsonsu,0.12154719072101,0.484420539261,Δo > Δ,1,7,1,1
44015070,edf_gringorten,logjohnsonsu,0.1239548953759056,0.484420539261,Δo > Δ,1,7,1,2
44015070,edf_cunnane,logjohnsonsu,0.1255154446892639,0.484420539261,Δo > Δ,1,7,1,3
44015070,edf_blom,logjohnsonsu,0.1264732990953942,0.484420539261,Δo > Δ,1,7,1,4
44015070,edf_tukey,logjohnsonsu,0.1280406972145165,0.484420539261,Δo > Δ,1,7,1,5
44015070,edf_filliben,logjohnsonsu,0.128627008391459,0.484420539261,Δo > Δ,1,7,1,6
44015070,edf_beard,logjohnsonsu,0.1289029785646027,0.484420539261,Δo > Δ,1,7,1,7
44015070,edf_jenkinson,logjohnsonsu,0.1289029785646027,0.484420539261,Δo > Δ,1,7,1,8
44015070,edf_chegodayev,logjohnsonsu,0.1292691984430177,0.484420539261,Δo > Δ,1,7,1,9
44015070,edf_adamowski,logjohnsonsu,0.1310710002448195,0.484420539261,Δo > Δ,1,7,1,10
44015070,edf_weibull,gumbel_r,0.1373927099372365,0.484420539261,Δo > Δ,1,7,1,11
44015070,edf_california,wald,0.154105397767074,0.484420539261,Δo > Δ,1,7,1,12
44017070,edf_jenkinson,johnsonsu,0.0776389343843637,0.5865427407550001,Δo > Δ,1,5,1,1
44017070,edf_beard,johnsonsu,0.0776389343843637,0.5865427407550001,Δo > Δ,1,5,1,2
44017070,edf_filliben,johnsonsu,0.0781572316335296,0.5865427407550001,Δo > Δ,1,5,1,3
44017070,edf_chegodayev,johnsonsu,0.0790157759099042,0.5865427407550001,Δo > Δ,1,5,1,4
44017070,edf_tukey,johnsonsu,0.0792639417919639,0.5865427407550001,Δo > Δ,1,5,1,5
44017070,edf_blom,johnsonsu,0.0822401322681544,0.5865427407550001,Δo > Δ,1,5,1,6
44017070,edf_cunnane,johnsonsu,0.0840716340996562,0.5865427407550001,Δo > Δ,1,5,1,7
44017070,edf_adamowski,johnsonsu,0.0857497826439109,0.5865427407550001,Δo > Δ,1,5,1,8
44017070,edf_gringorten,johnsonsu,0.0870764417919639,0.5865427407550001,Δo > Δ,1,5,1,9
44017070,edf_hazen,johnsonsu,0.0917639417919639,0.5865427407550001,Δo > Δ,1,5,1,10
44017070,edf_weibull,johnsonsu,0.1160528129469412,0.5865427407550001,Δo > Δ,1,5,1,11
44017070,edf_california,mielke,0.139507491658392,0.5865427407550001,Δo > Δ,1,5,1,12
44017110,edf_hazen,gumbel_l,0.1788709995189818,0.5865427407550001,Δo > Δ,1,5,1,1
44017110,edf_gringorten,gumbel_l,0.1835584995189818,0.5865427407550001,Δo > Δ,1,5,1,2
44017110,edf_cunnane,gumbel_l,0.1865633072112895,0.5865427407550001,Δo > Δ,1,5,1,3
44017110,edf_blom,gumbel_l,0.1883948090427913,0.5865427407550001,Δo > Δ,1,5,1,4
44017110,edf_tukey,gumbel_l,0.1913709995189818,0.5865427407550001,Δo > Δ,1,5,1,5
44017110,edf_filliben,gumbel_l,0.1924777096774161,0.5865427407550001,Δo > Δ,1,5,1,6
44017110,edf_beard,gumbel_l,0.1929973935710264,0.5865427407550001,Δo > Δ,1,5,1,7
44017110,edf_jenkinson,gumbel_l,0.1929973935710264,0.5865427407550001,Δo > Δ,1,5,1,8
44017110,edf_chegodayev,gumbel_l,0.1936858143337966,0.5865427407550001,Δo > Δ,1,5,1,9
44017110,edf_adamowski,gumbel_l,0.1970528177008,0.5865427407550001,Δo > Δ,1,5,1,10
44017110,edf_weibull,gumbel_l,0.2122043328523151,0.5865427407550001,Δo > Δ,1,5,1,11
44017110,edf_california,gumbel_l,0.2788709995189818,0.5865427407550001,Δo > Δ,1,5,1,12
44017120,edf_hazen,nakagami,0.0833333016482325,0.530385761606,Δo > Δ,1,6,1,1
44017120,edf_gringorten,nakagami,0.0915032362887554,0.530385761606,Δo > Δ,1,6,1,2
44017120,edf_cunnane,nakagami,0.0967741618632862,0.530385761606,Δo > Δ,1,6,1,3
44017120,edf_blom,nakagami,0.0999999683148992,0.530385761606,Δo > Δ,1,6,1,4
44017120,edf_tukey,logfisk,0.1026676617799883,0.530385761606,Δo > Δ,1,6,1,5
44017120,edf_filliben,logfisk,0.1030604347572075,0.530385761606,Δo > Δ,1,6,1,6
44017120,edf_beard,logfisk,0.1032451242449281,0.530385761606,Δo > Δ,1,6,1,7
44017120,edf_jenkinson,logfisk,0.1032451242449281,0.530385761606,Δo > Δ,1,6,1,8
44017120,edf_chegodayev,logfisk,0.1034900302010409,0.530385761606,Δo > Δ,1,6,1,9
44017120,edf_adamowski,logfisk,0.1046919532779641,0.530385761606,Δo > Δ,1,6,1,10
44017120,edf_weibull,logfisk,0.1122915112436564,0.530385761606,Δo > Δ,1,6,1,11
44017120,edf_california,invgauss,0.1199956151049566,0.530385761606,Δo > Δ,1,6,1,12
44035040,edf_hazen,loglaplace_asymmetric,0.0405918781723153,0.5865427407550001,Δo > Δ,1,5,1,1
44035040,edf_gringorten,exponnorm,0.046594924336389,0.5865427407550001,Δo > Δ,1,5,1,2
44035040,edf_cunnane,exponnorm,0.0513583284163161,0.5865427407550001,Δo > Δ,1,5,1,3
44035040,edf_blom,exponnorm,0.0550213320793198,0.5865427407550001,Δo > Δ,1,5,1,4
44035040,edf_tukey,loggenlogistic,0.0602109864220801,0.5865427407550001,Δo > Δ,1,5,1,5
44035040,edf_filliben,loggenlogistic,0.0624244067389486,0.5865427407550001,Δo > Δ,1,5,1,6
44035040,edf_beard,loggenlogistic,0.0634637745261693,0.5865427407550001,Δo > Δ,1,5,1,7
44035040,edf_jenkinson,loggenlogistic,0.0634637745261693,0.5865427407550001,Δo > Δ,1,5,1,8
44035040,edf_chegodayev,loggenlogistic,0.0648406160517097,0.5865427407550001,Δo > Δ,1,5,1,9
44035040,edf_adamowski,loggenlogistic,0.0715746227857164,0.5865427407550001,Δo > Δ,1,5,1,10
44035040,edf_weibull,loggenlogistic,0.1018776530887467,0.5865427407550001,Δo > Δ,1,5,1,11
44035040,edf_california,loglaplace_asymmetric,0.1405918781723154,0.5865427407550001,Δo > Δ,1,5,1,12
44035050,edf_gringorten,laplace_asymmetric,0.1192466898581504,0.4472608134160001,Δo > Δ,1,8,1,1
44035050,edf_cunnane,laplace_asymmetric,0.1210489246292665,0.4472608134160001,Δo > Δ,1,8,1,2
44035050,edf_blom,laplace_asymmetric,0.1221575720793773,0.4472608134160001,Δo > Δ,1,8,1,3
44035050,edf_hazen,laplace_asymmetric,0.1225410401039484,0.4472608134160001,Δo > Δ,1,8,1,4
44035050,edf_tukey,laplace_asymmetric,0.1239757538975592,0.4472608134160001,Δo > Δ,1,8,1,5
44035050,edf_filliben,laplace_asymmetric,0.1246571645371288,0.4472608134160001,Δo > Δ,1,8,1,6
44035050,edf_beard,laplace_asymmetric,0.124978140532404,0.4472608134160001,Δo > Δ,1,8,1,7
44035050,edf_jenkinson,laplace_asymmetric,0.124978140532404,0.4472608134160001,Δo > Δ,1,8,1,8
44035050,edf_chegodayev,laplace_asymmetric,0.1254043253261306,0.4472608134160001,Δo > Δ,1,8,1,9
44035050,edf_adamowski,laplace_asymmetric,0.1275051656622651,0.4472608134160001,Δo > Δ,1,8,1,10
44035050,edf_weibull,gumbel_l,0.1296772418462958,0.4472608134160001,Δo > Δ,1,8,1,11
44035050,edf_california,chi2,0.1675039367813964,0.4472608134160001,Δo > Δ,1,8,1,12
44035501,edf_gringorten,nakagami,0.0915032679724639,0.530385761606,Δo > Δ,1,6,1,1
44035501,edf_hazen,nakagami,0.0927517332343724,0.530385761606,Δo > Δ,1,6,1,2
44035501,edf_weibull,loginvweibull,0.0936579158527017,0.530385761606,Δo > Δ,1,6,1,3
44035501,edf_cunnane,nakagami,0.0967741935469947,0.530385761606,Δo > Δ,1,6,1,4
44035501,edf_adamowski,loginvweibull,0.0991524213472072,0.530385761606,Δo > Δ,1,6,1,5
44035501,edf_blom,nakagami,0.0999999999986076,0.530385761606,Δo > Δ,1,6,1,6
44035501,edf_chegodayev,loginvweibull,0.1003543444241303,0.530385761606,Δo > Δ,1,6,1,7
44035501,edf_jenkinson,loginvweibull,0.1005992503802432,0.530385761606,Δo > Δ,1,6,1,8
44035501,edf_beard,loginvweibull,0.1005992503802432,0.530385761606,Δo > Δ,1,6,1,9
44035501,edf_filliben,loginvweibull,0.1007839398679638,0.530385761606,Δo > Δ,1,6,1,10
44035501,edf_tukey,loginvweibull,0.101176712845183,0.530385761606,Δo > Δ,1,6,1,11
44035501,edf_california,invgauss,0.1323103177046275,0.530385761606,Δo > Δ,1,6,1,12
44037040,edf_cunnane,johnsonsu,0.0463350710043155,0.484420539261,Δo > Δ,1,7,1,1
44037040,edf_blom,johnsonsu,0.0463693976934132,0.484420539261,Δo > Δ,1,7,1,2
44037040,edf_gringorten,invgamma,0.0472253957613793,0.484420539261,Δo > Δ,1,7,1,3
44037040,edf_tukey,johnsonsu,0.047965974159053,0.484420539261,Δo > Δ,1,7,1,4
44037040,edf_hazen,exponnorm,0.0497180729215713,0.484420539261,Δo > Δ,1,7,1,5
44037040,edf_filliben,johnsonsu,0.0497249076898806,0.484420539261,Δo > Δ,1,7,1,6
44037040,edf_beard,johnsonsu,0.0505528182093117,0.484420539261,Δo > Δ,1,7,1,7
44037040,edf_jenkinson,johnsonsu,0.0505528182093117,0.484420539261,Δo > Δ,1,7,1,8
44037040,edf_chegodayev,invgamma,0.051648134176306,0.484420539261,Δo > Δ,1,7,1,9
44037040,edf_adamowski,invgamma,0.056122591237313,0.484420539261,Δo > Δ,1,7,1,10
44037040,edf_weibull,exponnorm,0.0789946836324634,0.484420539261,Δo > Δ,1,7,1,11
44037040,edf_california,betaprime,0.1037679901589134,0.484420539261,Δo > Δ,1,7,1,12
44037080,edf_hazen,logmielke,0.0064654644932371,0.5865427407550001,Δo > Δ,1,5,1,1
44037080,edf_gringorten,logmielke,0.0158404644932371,0.5865427407550001,Δo > Δ,1,5,1,2
44037080,edf_cunnane,logmielke,0.0218500798778525,0.5865427407550001,Δo > Δ,1,5,1,3
44037080,edf_blom,logmielke,0.0255130835408562,0.5865427407550001,Δo > Δ,1,5,1,4
44037080,edf_tukey,logmielke,0.0314654644932371,0.5865427407550001,Δo > Δ,1,5,1,5
44037080,edf_filliben,logmielke,0.0336788848101057,0.5865427407550001,Δo > Δ,1,5,1,6
44037080,edf_beard,logmielke,0.0347182525973263,0.5865427407550001,Δo > Δ,1,5,1,7
44037080,edf_jenkinson,logmielke,0.0347182525973263,0.5865427407550001,Δo > Δ,1,5,1,8
44037080,edf_chegodayev,logmielke,0.0360950941228667,0.5865427407550001,Δo > Δ,1,5,1,9
44037080,edf_adamowski,logmielke,0.0428291008568735,0.5865427407550001,Δo > Δ,1,5,1,10
44037080,edf_weibull,logmielke,0.0731321311599038,0.5865427407550001,Δo > Δ,1,5,1,11
44037080,edf_california,logmielke,0.1064654644932371,0.5865427407550001,Δo > Δ,1,5,1,12
44055010,edf_adamowski,loggumbel_r,0.271545919581758,0.5865427407550001,Δo > Δ,1,5,1,1
44055010,edf_cunnane,loggumbel_r,0.271545919581758,0.5865427407550001,Δo > Δ,1,5,1,2
44055010,edf_jenkinson,loggumbel_r,0.271545919581758,0.5865427407550001,Δo > Δ,1,5,1,3
44055010,edf_filliben,loggumbel_r,0.271545919581758,0.5865427407550001,Δo > Δ,1,5,1,4
44055010,edf_gringorten,loggumbel_r,0.271545919581758,0.5865427407550001,Δo > Δ,1,5,1,5
44055010,edf_tukey,loggumbel_r,0.271545919581758,0.5865427407550001,Δo > Δ,1,5,1,6
44055010,edf_blom,loggumbel_r,0.271545919581758,0.5865427407550001,Δo > Δ,1,5,1,7
44055010,edf_chegodayev,loggumbel_r,0.271545919581758,0.5865427407550001,Δo > Δ,1,5,1,8
44055010,edf_beard,loggumbel_r,0.271545919581758,0.5865427407550001,Δo > Δ,1,5,1,9
44055010,edf_weibull,loggumbel_r,0.271545919581758,0.5865427407550001,Δo > Δ,1,5,1,10
44055010,edf_hazen,loggumbel_r,0.271545919581758,0.5865427407550001,Δo > Δ,1,5,1,11
44055010,edf_california,loggumbel_r,0.371545919581758,0.5865427407550001,Δo > Δ,1,5,1,12
46015030,edf_hazen,nakagami,0.1039113048346288,0.5865427407550001,Δo > Δ,1,5,1,1
46015030,edf_gringorten,nakagami,0.1093073033861894,0.5865427407550001,Δo > Δ,1,5,1,2
46015030,edf_cunnane,nakagami,0.1153169187708047,0.5865427407550001,Δo > Δ,1,5,1,3
46015030,edf_blom,nakagami,0.1189799224338084,0.5865427407550001,Δo > Δ,1,5,1,4
46015030,edf_tukey,nakagami,0.1249323033861894,0.5865427407550001,Δo > Δ,1,5,1,5
46015030,edf_filliben,nakagami,0.1271457237030579,0.5865427407550001,Δo > Δ,1,5,1,6
46015030,edf_beard,nakagami,0.1281850914902786,0.5865427407550001,Δo > Δ,1,5,1,7
46015030,edf_jenkinson,nakagami,0.1281850914902786,0.5865427407550001,Δo > Δ,1,5,1,8
46015030,edf_chegodayev,nakagami,0.129561933015819,0.5865427407550001,Δo > Δ,1,5,1,9
46015030,edf_adamowski,nakagami,0.1362959397498257,0.5865427407550001,Δo > Δ,1,5,1,10
46015030,edf_california,fatiguelife,0.1488677632634622,0.5865427407550001,Δo > Δ,1,5,1,11
46015030,edf_weibull,wald,0.1572493347749602,0.5865427407550001,Δo > Δ,1,5,1,12
47015100,edf_hazen,logf,0.0455015613205533,0.530385761606,Δo > Δ,1,6,1,1
47015100,edf_gringorten,loginvgamma,0.0464483685789322,0.530385761606,Δo > Δ,1,6,1,2
47015100,edf_cunnane,loginvgamma,0.0517192941534631,0.530385761606,Δo > Δ,1,6,1,3
47015100,edf_blom,loginvgamma,0.054945100605076,0.530385761606,Δo > Δ,1,6,1,4
47015100,edf_tukey,loginvgamma,0.0602082584998128,0.530385761606,Δo > Δ,1,6,1,5
47015100,edf_filliben,loginvgamma,0.0621721233859087,0.530385761606,Δo > Δ,1,6,1,6
47015100,edf_beard,loginvgamma,0.0630955708245117,0.530385761606,Δo > Δ,1,6,1,7
47015100,edf_jenkinson,loginvgamma,0.0630955708245117,0.530385761606,Δo > Δ,1,6,1,8
47015100,edf_chegodayev,loginvgamma,0.064320100605076,0.530385761606,Δo > Δ,1,6,1,9
47015100,edf_adamowski,loginvgamma,0.0703297159896914,0.530385761606,Δo > Δ,1,6,1,10
47015100,edf_weibull,loginvgamma,0.0978022434622189,0.530385761606,Δo > Δ,1,6,1,11
47015100,edf_california,logt,0.11190327911026,0.530385761606,Δo > Δ,1,6,1,12
47017070,edf_hazen,halflogistic,0.0754980926322335,0.530385761606,Δo > Δ,1,6,1,1
47017070,edf_adamowski,halfnorm,0.0755060094841861,0.530385761606,Δo > Δ,1,6,1,2
47017070,edf_blom,pearson3,0.0778526397071961,0.530385761606,Δo > Δ,1,6,1,3
47017070,edf_tukey,pearson3,0.0785666743480776,0.530385761606,Δo > Δ,1,6,1,4
47017070,edf_chegodayev,halfnorm,0.0791117787149554,0.530385761606,Δo > Δ,1,6,1,5
47017070,edf_filliben,pearson3,0.0797449932797352,0.530385761606,Δo > Δ,1,6,1,6
47017070,edf_cunnane,pearson3,0.0797881235781637,0.530385761606,Δo > Δ,1,6,1,7
47017070,edf_jenkinson,halfnorm,0.0798464965832941,0.530385761606,Δo > Δ,1,6,1,8
47017070,edf_beard,halfnorm,0.0798464965832941,0.530385761606,Δo > Δ,1,6,1,9
47017070,edf_gringorten,halflogistic,0.0804000534165473,0.530385761606,Δo > Δ,1,6,1,10
47017070,edf_weibull,halfnorm,0.0991043681570535,0.530385761606,Δo > Δ,1,6,1,11
47017070,edf_california,t,0.1143666091179873,0.530385761606,Δo > Δ,1,6,1,12
47017110,edf_adamowski,loginvgauss,0.0823901911977009,0.5865427407550001,Δo > Δ,1,5,1,1
47017110,edf_chegodayev,loginvgauss,0.0834710469601417,0.5865427407550001,Δo > Δ,1,5,1,2
47017110,edf_jenkinson,loginvgauss,0.0841594677229118,0.5865427407550001,Δo > Δ,1,5,1,3
47017110,edf_beard,loginvgauss,0.0841594677229118,0.5865427407550001,Δo > Δ,1,5,1,4
47017110,edf_filliben,loginvgauss,0.0846791516165222,0.5865427407550001,Δo > Δ,1,5,1,5
47017110,edf_tukey,loginvgauss,0.0857858617749565,0.5865427407550001,Δo > Δ,1,5,1,6
47017110,edf_blom,invgamma,0.0875099837803603,0.5865427407550001,Δo > Δ,1,5,1,7
47017110,edf_cunnane,invgamma,0.0875099837803603,0.5865427407550001,Δo > Δ,1,5,1,8
47017110,edf_gringorten,f,0.0884972891349488,0.5865427407550001,Δo > Δ,1,5,1,9
47017110,edf_hazen,logjohnsonsu,0.090626344161851,0.5865427407550001,Δo > Δ,1,5,1,10
47017110,edf_weibull,alpha,0.1036934222113221,0.5865427407550001,Δo > Δ,1,5,1,11
47017110,edf_california,invgauss,0.1620516915051481,0.5865427407550001,Δo > Δ,1,5,1,12
48015040,edf_california,t,0.0740589553523497,0.484420539261,Δo > Δ,1,7,1,1
48015040,edf_chegodayev,logfisk,0.0772226105267043,0.484420539261,Δo > Δ,1,7,1,2
48015040,edf_beard,logfisk,0.0775888304051194,0.484420539261,Δo > Δ,1,7,1,3
48015040,edf_jenkinson,logfisk,0.0775888304051194,0.484420539261,Δo > Δ,1,7,1,4
48015040,edf_adamowski,fisk,0.0777239201873724,0.484420539261,Δo > Δ,1,7,1,5
48015040,edf_filliben,logfisk,0.077864800578263,0.484420539261,Δo > Δ,1,7,1,6
48015040,edf_tukey,logfisk,0.0784511117552055,0.484420539261,Δo > Δ,1,7,1,7
48015040,edf_blom,logfisk,0.0800185098743279,0.484420539261,Δo > Δ,1,7,1,8
48015040,edf_cunnane,logfisk,0.080976364280458,0.484420539261,Δo > Δ,1,7,1,9
48015040,edf_hazen,loglaplace_asymmetric,0.0818209854758605,0.484420539261,Δo > Δ,1,7,1,10
48015040,edf_gringorten,logfisk,0.0825369135938163,0.484420539261,Δo > Δ,1,7,1,11
48015040,edf_weibull,logpearson3,0.0879873924423874,0.484420539261,Δo > Δ,1,7,1,12
48015050,edf_hazen,logjohnsonsu,0.0383140178945494,0.5865427407550001,Δo > Δ,1,5,1,1
48015050,edf_california,t,0.0438532659915959,0.5865427407550001,Δo > Δ,1,5,1,2
48015050,edf_gringorten,logjohnsonsu,0.0476890178945496,0.5865427407550001,Δo > Δ,1,5,1,3
48015050,edf_cunnane,logjohnsonsu,0.053698633279165,0.5865427407550001,Δo > Δ,1,5,1,4
48015050,edf_blom,logjohnsonsu,0.0573616369421685,0.5865427407550001,Δo > Δ,1,5,1,5
48015050,edf_tukey,logjohnsonsu,0.0633140178945494,0.5865427407550001,Δo > Δ,1,5,1,6
48015050,edf_filliben,logjohnsonsu,0.065527438211418,0.5865427407550001,Δo > Δ,1,5,1,7
48015050,edf_jenkinson,logjohnsonsu,0.0665668059986386,0.5865427407550001,Δo > Δ,1,5,1,8
48015050,edf_beard,logjohnsonsu,0.0665668059986386,0.5865427407550001,Δo > Δ,1,5,1,9
48015050,edf_chegodayev,logjohnsonsu,0.0679436475241791,0.5865427407550001,Δo > Δ,1,5,1,10
48015050,edf_adamowski,logjohnsonsu,0.0746776542581858,0.5865427407550001,Δo > Δ,1,5,1,11
48015050,edf_weibull,logjohnsonsu,0.1049806845612161,0.5865427407550001,Δo > Δ,1,5,1,12
51020011,edf_blom,logexponnorm,0.0574479169923822,0.530385761606,Δo > Δ,1,6,1,1
51020011,edf_cunnane,logexponnorm,0.05938340086335,0.530385761606,Δo > Δ,1,6,1,2
51020011,edf_tukey,logexponnorm,0.0606150778708242,0.530385761606,Δo > Δ,1,6,1,3
51020011,edf_chegodayev,logalpha,0.0613848632895022,0.530385761606,Δo > Δ,1,6,1,4
51020011,edf_jenkinson,logalpha,0.0621195811578407,0.530385761606,Δo > Δ,1,6,1,5
51020011,edf_beard,logalpha,0.0621195811578407,0.530385761606,Δo > Δ,1,6,1,6
51020011,edf_gringorten,logexponnorm,0.0625459562080685,0.530385761606,Δo > Δ,1,6,1,7
51020011,edf_filliben,logexponnorm,0.0625789427569201,0.530385761606,Δo > Δ,1,6,1,8
51020011,edf_adamowski,logalpha,0.0652829238980184,0.530385761606,Δo > Δ,1,6,1,9
51020011,edf_hazen,logexponnorm,0.0674479169923822,0.530385761606,Δo > Δ,1,6,1,10
51020011,edf_weibull,logbetaprime,0.0885273193517962,0.530385761606,Δo > Δ,1,6,1,11
51020011,edf_california,logalpha,0.1165649751800697,0.530385761606,Δo > Δ,1,6,1,12
51025080,edf_hazen,johnsonsu,0.1003906463118091,0.484420539261,Δo > Δ,1,7,1,1
51025080,edf_gringorten,johnsonsu,0.1027983509667047,0.484420539261,Δo > Δ,1,7,1,2
51025080,edf_cunnane,johnsonsu,0.104358900280063,0.484420539261,Δo > Δ,1,7,1,3
51025080,edf_blom,johnsonsu,0.1053167546861933,0.484420539261,Δo > Δ,1,7,1,4
51025080,edf_tukey,johnsonsu,0.1068841528053156,0.484420539261,Δo > Δ,1,7,1,5
51025080,edf_filliben,johnsonsu,0.1074704639822581,0.484420539261,Δo > Δ,1,7,1,6
51025080,edf_beard,johnsonsu,0.1077464341554018,0.484420539261,Δo > Δ,1,7,1,7
51025080,edf_jenkinson,johnsonsu,0.1077464341554018,0.484420539261,Δo > Δ,1,7,1,8
51025080,edf_chegodayev,johnsonsu,0.1081126540338168,0.484420539261,Δo > Δ,1,7,1,9
51025080,edf_adamowski,johnsonsu,0.1099144558356186,0.484420539261,Δo > Δ,1,7,1,10
51025080,edf_weibull,johnsonsu,0.1231360072703328,0.484420539261,Δo > Δ,1,7,1,11
51025080,edf_california,johnsonsu,0.1718192177403805,0.484420539261,Δo > Δ,1,7,1,12
51025090,edf_hazen,fisk,0.101039027688352,0.5865427407550001,Δo > Δ,1,5,1,1
51025090,edf_gringorten,fisk,0.105726527688352,0.5865427407550001,Δo > Δ,1,5,1,2
51025090,edf_cunnane,fisk,0.1087313353806597,0.5865427407550001,Δo > Δ,1,5,1,3
51025090,edf_blom,fisk,0.1105628372121615,0.5865427407550001,Δo > Δ,1,5,1,4
51025090,edf_tukey,fisk,0.113539027688352,0.5865427407550001,Δo > Δ,1,5,1,5
51025090,edf_filliben,fisk,0.1146457378467863,0.5865427407550001,Δo > Δ,1,5,1,6
51025090,edf_beard,fisk,0.1151654217403965,0.5865427407550001,Δo > Δ,1,5,1,7
51025090,edf_jenkinson,fisk,0.1151654217403965,0.5865427407550001,Δo > Δ,1,5,1,8
51025090,edf_chegodayev,fisk,0.1158538425031668,0.5865427407550001,Δo > Δ,1,5,1,9
51025090,edf_adamowski,fisk,0.1192208458701702,0.5865427407550001,Δo > Δ,1,5,1,10
51025090,edf_weibull,fisk,0.1343723610216853,0.5865427407550001,Δo > Δ,1,5,1,11
51025090,edf_california,invgauss,0.1426910778667255,0.5865427407550001,Δo > Δ,1,5,1,12
51027060,edf_adamowski,loggumbel_l,0.1313959957188694,0.5865427407550001,Δo > Δ,1,5,1,1
51027060,edf_weibull,loggumbel_l,0.1329517767641596,0.5865427407550001,Δo > Δ,1,5,1,2
51027060,edf_chegodayev,loggumbel_l,0.1347629990858728,0.5865427407550001,Δo > Δ,1,5,1,3
51027060,edf_jenkinson,loggumbel_l,0.135451419848643,0.5865427407550001,Δo > Δ,1,5,1,4
51027060,edf_beard,loggumbel_l,0.135451419848643,0.5865427407550001,Δo > Δ,1,5,1,5
51027060,edf_filliben,loggumbel_l,0.1359711037422533,0.5865427407550001,Δo > Δ,1,5,1,6
51027060,edf_tukey,loggumbel_l,0.1370778139006876,0.5865427407550001,Δo > Δ,1,5,1,7
51027060,edf_blom,loggumbel_l,0.1400540043768781,0.5865427407550001,Δo > Δ,1,5,1,8
51027060,edf_cunnane,loggumbel_l,0.1418855062083799,0.5865427407550001,Δo > Δ,1,5,1,9
51027060,edf_gringorten,loggumbel_l,0.1448903139006876,0.5865427407550001,Δo > Δ,1,5,1,10
51027060,edf_hazen,gumbel_r,0.147520896907307,0.5865427407550001,Δo > Δ,1,5,1,11
51027060,edf_california,loggumbel_l,0.1571127726594606,0.5865427407550001,Δo > Δ,1,5,1,12
51035020,edf_adamowski,pearson3,0.1033011802650845,0.5865427407550001,Δo > Δ,1,5,1,1
51035020,edf_cunnane,pearson3,0.1033011802650845,0.5865427407550001,Δo > Δ,1,5,1,2
51035020,edf_jenkinson,pearson3,0.1033011802650845,0.5865427407550001,Δo > Δ,1,5,1,3
51035020,edf_filliben,pearson3,0.1033011802650845,0.5865427407550001,Δo > Δ,1,5,1,4
51035020,edf_gringorten,pearson3,0.1033011802650845,0.5865427407550001,Δo > Δ,1,5,1,5
51035020,edf_tukey,pearson3,0.1033011802650845,0.5865427407550001,Δo > Δ,1,5,1,6
51035020,edf_blom,pearson3,0.1033011802650845,0.5865427407550001,Δo > Δ,1,5,1,7
51035020,edf_chegodayev,pearson3,0.1033011802650845,0.5865427407550001,Δo > Δ,1,5,1,8
51035020,edf_beard,pearson3,0.1033011802650845,0.5865427407550001,Δo > Δ,1,5,1,9
51035020,edf_hazen,pearson3,0.1033011802650845,0.5865427407550001,Δo > Δ,1,5,1,10
51035020,edf_weibull,pearson3,0.1164116967906922,0.5865427407550001,Δo > Δ,1,5,1,11
51035020,edf_california,laplace_asymmetric,0.1618694071119976,0.5865427407550001,Δo > Δ,1,5,1,12
51039010,edf_gringorten,laplace_asymmetric,0.0430136326181205,0.530385761606,Δo > Δ,1,6,1,1
51039010,edf_hazen,laplace_asymmetric,0.04475270400897,0.530385761606,Δo > Δ,1,6,1,2
51039010,edf_cunnane,laplace_asymmetric,0.0482845581926514,0.530385761606,Δo > Δ,1,6,1,3
51039010,edf_blom,laplace_asymmetric,0.0515103646442643,0.530385761606,Δo > Δ,1,6,1,4
51039010,edf_tukey,laplace_asymmetric,0.0567735225390011,0.530385761606,Δo > Δ,1,6,1,5
51039010,edf_filliben,laplace_asymmetric,0.0587373874250969,0.530385761606,Δo > Δ,1,6,1,6
51039010,edf_chegodayev,fisk,0.0592149047531821,0.530385761606,Δo > Δ,1,6,1,7
51039010,edf_jenkinson,fisk,0.0592425900588948,0.530385761606,Δo > Δ,1,6,1,8
51039010,edf_beard,fisk,0.0592425900588948,0.530385761606,Δo > Δ,1,6,1,9
51039010,edf_adamowski,fisk,0.0652245201377975,0.530385761606,Δo > Δ,1,6,1,10
51039010,edf_weibull,fisk,0.092697047610325,0.530385761606,Δo > Δ,1,6,1,11
51039010,edf_california,laplace_asymmetric,0.1181770313109309,0.530385761606,Δo > Δ,1,6,1,12
52015050,edf_hazen,logbetaprime,0.0869517527076232,0.530385761606,Δo > Δ,1,6,1,1
52015050,edf_gringorten,logbetaprime,0.0874299952132052,0.530385761606,Δo > Δ,1,6,1,2
52015050,edf_cunnane,logbetaprime,0.0905925505579237,0.530385761606,Δo > Δ,1,6,1,3
52015050,edf_blom,logbetaprime,0.0925280344288915,0.530385761606,Δo > Δ,1,6,1,4
52015050,edf_tukey,logbetaprime,0.0956859291657336,0.530385761606,Δo > Δ,1,6,1,5
52015050,edf_filliben,logbetaprime,0.0968642480973911,0.530385761606,Δo > Δ,1,6,1,6
52015050,edf_beard,logbetaprime,0.0974183165605529,0.530385761606,Δo > Δ,1,6,1,7
52015050,edf_jenkinson,logbetaprime,0.0974183165605529,0.530385761606,Δo > Δ,1,6,1,8
52015050,edf_chegodayev,logbetaprime,0.0981530344288915,0.530385761606,Δo > Δ,1,6,1,9
52015050,edf_adamowski,logbetaprime,0.1017588036596607,0.530385761606,Δo > Δ,1,6,1,10
52015050,edf_weibull,logbetaprime,0.1182423201431772,0.530385761606,Δo > Δ,1,6,1,11
52015050,edf_california,nakagami,0.16666666604987,0.530385761606,Δo > Δ,1,6,1,12
52015501,edf_tukey,logpearson3,0.1186118787693693,0.530385761606,Δo > Δ,1,6,1,1
52015501,edf_filliben,logpearson3,0.1190046517465884,0.530385761606,Δo > Δ,1,6,1,2
52015501,edf_jenkinson,logpearson3,0.1191893412343091,0.530385761606,Δo > Δ,1,6,1,3
52015501,edf_beard,logpearson3,0.1191893412343091,0.530385761606,Δo > Δ,1,6,1,4
52015501,edf_chegodayev,logpearson3,0.1194342471904219,0.530385761606,Δo > Δ,1,6,1,5
52015501,edf_adamowski,logpearson3,0.120636170267345,0.530385761606,Δo > Δ,1,6,1,6
52015501,edf_blom,logpearson3,0.1215187939635181,0.530385761606,Δo > Δ,1,6,1,7
52015501,edf_cunnane,logpearson3,0.1234542778344858,0.530385761606,Δo > Δ,1,6,1,8
52015501,edf_weibull,logpearson3,0.1261306757618505,0.530385761606,Δo > Δ,1,6,1,9
52015501,edf_gringorten,logpearson3,0.1266168331792044,0.530385761606,Δo > Δ,1,6,1,10
52015501,edf_hazen,logpearson3,0.1315187939635181,0.530385761606,Δo > Δ,1,6,1,11
52015501,edf_california,hypsecant,0.1446474174954427,0.530385761606,Δo > Δ,1,6,1,12
52025080,edf_weibull,fisk,0.0819152733275662,0.417612680231,Δo > Δ,1,9,1,1
52025080,edf_adamowski,logjohnsonsu,0.084628776119738,0.417612680231,Δo > Δ,1,9,1,2
52025080,edf_filliben,logfisk,0.0860315764783052,0.417612680231,Δo > Δ,1,9,1,3
52025080,edf_jenkinson,logfisk,0.0860315764783052,0.417612680231,Δo > Δ,1,9,1,4
52025080,edf_chegodayev,logfisk,0.0860315764783052,0.417612680231,Δo > Δ,1,9,1,5
52025080,edf_tukey,logfisk,0.0860315764783052,0.417612680231,Δo > Δ,1,9,1,6
52025080,edf_beard,logfisk,0.0860315764783052,0.417612680231,Δo > Δ,1,9,1,7
52025080,edf_blom,logfisk,0.0866724692150713,0.417612680231,Δo > Δ,1,9,1,8
52025080,edf_cunnane,invweibull,0.0874587531921063,0.417612680231,Δo > Δ,1,9,1,9
52025080,edf_gringorten,invgamma,0.0886480622296567,0.417612680231,Δo > Δ,1,9,1,10
52025080,edf_hazen,alpha,0.0893055755397413,0.417612680231,Δo > Δ,1,9,1,11
52025080,edf_california,erlang,0.1259213226052179,0.417612680231,Δo > Δ,1,9,1,12
52025090,edf_hazen,logt,0.0585761649792758,0.530385761606,Δo > Δ,1,6,1,1
52025090,edf_tukey,johnsonsu,0.0614842588288724,0.530385761606,Δo > Δ,1,6,1,2
52025090,edf_blom,johnsonsu,0.0614947689354459,0.530385761606,Δo > Δ,1,6,1,3
52025090,edf_gringorten,logt,0.0633296918374065,0.530385761606,Δo > Δ,1,6,1,4
52025090,edf_cunnane,johnsonsu,0.0634302528064136,0.530385761606,Δo > Δ,1,6,1,5
52025090,edf_filliben,johnsonsu,0.0634481237149682,0.530385761606,Δo > Δ,1,6,1,6
52025090,edf_beard,johnsonsu,0.0643715711535713,0.530385761606,Δo > Δ,1,6,1,7
52025090,edf_jenkinson,johnsonsu,0.0643715711535713,0.530385761606,Δo > Δ,1,6,1,8
52025090,edf_chegodayev,johnsonsu,0.0655961009341355,0.530385761606,Δo > Δ,1,6,1,9
52025090,edf_adamowski,johnsonsu,0.0716057163187509,0.530385761606,Δo > Δ,1,6,1,10
52025090,edf_weibull,johnsonsu,0.0990782437912784,0.530385761606,Δo > Δ,1,6,1,11
52025090,edf_california,johnsonsu,0.1228877676008022,0.530385761606,Δo > Δ,1,6,1,12
52035040,edf_filliben,logcrystalball,0.0405173569547022,0.417612680231,Δo > Δ,1,9,1,1
52035040,edf_jenkinson,logcrystalball,0.0405251857736413,0.417612680231,Δo > Δ,1,9,1,2
52035040,edf_beard,logcrystalball,0.0405251857736413,0.417612680231,Δo > Δ,1,9,1,3
52035040,edf_chegodayev,logcrystalball,0.041432503289406,0.417612680231,Δo > Δ,1,9,1,4
52035040,edf_tukey,logcrystalball,0.0416042305722752,0.417612680231,Δo > Δ,1,9,1,5
52035040,edf_blom,logcrystalball,0.0444999834680281,0.417612680231,Δo > Δ,1,9,1,6
52035040,edf_adamowski,logcrystalball,0.0459117866040755,0.417612680231,Δo > Δ,1,9,1,7
52035040,edf_cunnane,logcrystalball,0.0462626156654429,0.417612680231,Δo > Δ,1,9,1,8
52035040,edf_gringorten,logcrystalball,0.0491230275647565,0.417612680231,Δo > Δ,1,9,1,9
52035040,edf_hazen,logcrystalball,0.0535089924770372,0.417612680231,Δo > Δ,1,9,1,10
52035040,edf_weibull,logcrystalball,0.0669644181830229,0.417612680231,Δo > Δ,1,9,1,11
52035040,edf_california,logjohnsonsu,0.0858925687778234,0.417612680231,Δo > Δ,1,9,1,12
52040050,edf_adamowski,mielke,0.1389138269497352,0.5865427407550001,Δo > Δ,1,5,1,1
52040050,edf_jenkinson,mielke,0.1389138269497352,0.5865427407550001,Δo > Δ,1,5,1,2
52040050,edf_filliben,mielke,0.1389138269497352,0.5865427407550001,Δo > Δ,1,5,1,3
52040050,edf_tukey,mielke,0.1389138269497352,0.5865427407550001,Δo > Δ,1,5,1,4
52040050,edf_chegodayev,mielke,0.1389138269497352,0.5865427407550001,Δo > Δ,1,5,1,5
52040050,edf_blom,mielke,0.1389138269497352,0.5865427407550001,Δo > Δ,1,5,1,6
52040050,edf_beard,mielke,0.1389138269497352,0.5865427407550001,Δo > Δ,1,5,1,7
52040050,edf_cunnane,mielke,0.1395076804638089,0.5865427407550001,Δo > Δ,1,5,1,8
52040050,edf_hazen,johnsonsu,0.1444889447502035,0.5865427407550001,Δo > Δ,1,5,1,9
52040050,edf_gringorten,mielke,0.1455172958484243,0.5865427407550001,Δo > Δ,1,5,1,10
52040050,edf_weibull,mielke,0.1538337631737839,0.5865427407550001,Δo > Δ,1,5,1,11
52040050,edf_california,logkstwobign,0.1762164738160524,0.5865427407550001,Δo > Δ,1,5,1,12
52045080,edf_adamowski,pearson3,0.1062303168311016,0.5865427407550001,Δo > Δ,1,5,1,1
52045080,edf_chegodayev,pearson3,0.109597320198105,0.5865427407550001,Δo > Δ,1,5,1,2
52045080,edf_jenkinson,pearson3,0.1102857409608752,0.5865427407550001,Δo > Δ,1,5,1,3
52045080,edf_beard,pearson3,0.1102857409608752,0.5865427407550001,Δo > Δ,1,5,1,4
52045080,edf_filliben,pearson3,0.1108054248544855,0.5865427407550001,Δo > Δ,1,5,1,5
52045080,edf_tukey,pearson3,0.1119121350129198,0.5865427407550001,Δo > Δ,1,5,1,6
52045080,edf_blom,pearson3,0.1148883254891103,0.5865427407550001,Δo > Δ,1,5,1,7
52045080,edf_weibull,pearson3,0.1171931400778169,0.5865427407550001,Δo > Δ,1,5,1,8
52045080,edf_cunnane,pearson3,0.1180778369841299,0.5865427407550001,Δo > Δ,1,5,1,9
52045080,edf_gringorten,pearson3,0.1240874523687454,0.5865427407550001,Δo > Δ,1,5,1,10
52045080,edf_hazen,pearson3,0.1334624523687455,0.5865427407550001,Δo > Δ,1,5,1,11
52045080,edf_california,laplace,0.1682732652058489,0.5865427407550001,Δo > Δ,1,5,1,12
5204700100,edf_hazen,gumbel_r,0.0762103615396604,0.5865427407550001,Δo > Δ,1,5,1,1
5204700100,edf_gringorten,gumbel_r,0.0855853615396604,0.5865427407550001,Δo > Δ,1,5,1,2
5204700100,edf_cunnane,gumbel_r,0.0915949769242758,0.5865427407550001,Δo > Δ,1,5,1,3
5204700100,edf_blom,gumbel_r,0.0952579805872795,0.5865427407550001,Δo > Δ,1,5,1,4
5204700100,edf_tukey,gumbel_r,0.1012103615396604,0.5865427407550001,Δo > Δ,1,5,1,5
5204700100,edf_filliben,gumbel_r,0.103423781856529,0.5865427407550001,Δo > Δ,1,5,1,6
5204700100,edf_beard,gumbel_r,0.1044631496437496,0.5865427407550001,Δo > Δ,1,5,1,7
5204700100,edf_jenkinson,gumbel_r,0.1044631496437496,0.5865427407550001,Δo > Δ,1,5,1,8
5204700100,edf_chegodayev,gumbel_r,0.10583999116929,0.5865427407550001,Δo > Δ,1,5,1,9
5204700100,edf_adamowski,gumbel_r,0.1125739979032968,0.5865427407550001,Δo > Δ,1,5,1,10
5204700100,edf_weibull,loggumbel_l,0.118710002102431,0.5865427407550001,Δo > Δ,1,5,1,11
5204700100,edf_california,loggumbel_l,0.1520433354357644,0.5865427407550001,Δo > Δ,1,5,1,12
52050060,edf_hazen,gumbel_r,0.112163724557364,0.5865427407550001,Δo > Δ,1,5,1,1
52050060,edf_gringorten,gumbel_r,0.1168512245573639,0.5865427407550001,Δo > Δ,1,5,1,2
52050060,edf_cunnane,gumbel_r,0.1198560322496716,0.5865427407550001,Δo > Δ,1,5,1,3
52050060,edf_blom,gumbel_r,0.1216875340811735,0.5865427407550001,Δo > Δ,1,5,1,4
52050060,edf_tukey,gumbel_r,0.1246637245573639,0.5865427407550001,Δo > Δ,1,5,1,5
52050060,edf_filliben,gumbel_r,0.1257704347157983,0.5865427407550001,Δo > Δ,1,5,1,6
52050060,edf_beard,gumbel_r,0.1262901186094085,0.5865427407550001,Δo > Δ,1,5,1,7
52050060,edf_jenkinson,gumbel_r,0.1262901186094085,0.5865427407550001,Δo > Δ,1,5,1,8
52050060,edf_chegodayev,gumbel_r,0.1269785393721788,0.5865427407550001,Δo > Δ,1,5,1,9
52050060,edf_adamowski,gumbel_r,0.1303455427391822,0.5865427407550001,Δo > Δ,1,5,1,10
52050060,edf_weibull,gumbel_r,0.1454970578906973,0.5865427407550001,Δo > Δ,1,5,1,11
52050060,edf_california,loggumbel_r,0.1994412217127065,0.5865427407550001,Δo > Δ,1,5,1,12
52050080,edf_chegodayev,laplace_asymmetric,0.1383457743160966,0.5865427407550001,Δo > Δ,1,5,1,1
52050080,edf_adamowski,laplace_asymmetric,0.1385420721762283,0.5865427407550001,Δo > Δ,1,5,1,2
52050080,edf_jenkinson,laplace_asymmetric,0.1390341950788667,0.5865427407550001,Δo > Δ,1,5,1,3
52050080,edf_beard,laplace_asymmetric,0.1390341950788667,0.5865427407550001,Δo > Δ,1,5,1,4
52050080,edf_filliben,laplace_asymmetric,0.1395538789724771,0.5865427407550001,Δo > Δ,1,5,1,5
52050080,edf_tukey,laplace_asymmetric,0.1406605891309114,0.5865427407550001,Δo > Δ,1,5,1,6
52050080,edf_blom,laplace_asymmetric,0.1436367796071018,0.5865427407550001,Δo > Δ,1,5,1,7
52050080,edf_weibull,logt,0.1449560744259527,0.5865427407550001,Δo > Δ,1,5,1,8
52050080,edf_cunnane,logt,0.1451503050120555,0.5865427407550001,Δo > Δ,1,5,1,9
52050080,edf_gringorten,laplace_asymmetric,0.1484730891309114,0.5865427407550001,Δo > Δ,1,5,1,10
52050080,edf_hazen,laplace_asymmetric,0.1531605891309114,0.5865427407550001,Δo > Δ,1,5,1,11
52050080,edf_california,mielke,0.1660905080012341,0.5865427407550001,Δo > Δ,1,5,1,12
52050090,edf_adamowski,loggumbel_l,0.0935820292948534,0.5865427407550001,Δo > Δ,1,5,1,1
52050090,edf_chegodayev,loggumbel_l,0.0969490326618568,0.5865427407550001,Δo > Δ,1,5,1,2
52050090,edf_jenkinson,loggumbel_l,0.0976374534246269,0.5865427407550001,Δo > Δ,1,5,1,3
52050090,edf_beard,loggumbel_l,0.0976374534246269,0.5865427407550001,Δo > Δ,1,5,1,4
52050090,edf_filliben,loggumbel_l,0.0981571373182373,0.5865427407550001,Δo > Δ,1,5,1,5
52050090,edf_tukey,loggumbel_l,0.0992638474766716,0.5865427407550001,Δo > Δ,1,5,1,6
52050090,edf_blom,loggumbel_l,0.102240037952862,0.5865427407550001,Δo > Δ,1,5,1,7
52050090,edf_cunnane,loggumbel_l,0.1040715397843639,0.5865427407550001,Δo > Δ,1,5,1,8
52050090,edf_gringorten,loggumbel_l,0.1070763474766716,0.5865427407550001,Δo > Δ,1,5,1,9
52050090,edf_hazen,loggumbel_l,0.1117638474766716,0.5865427407550001,Δo > Δ,1,5,1,10
52050090,edf_weibull,loggumbel_l,0.1138574241106667,0.5865427407550001,Δo > Δ,1,5,1,11
52050090,edf_california,gumbel_r,0.1911326135645145,0.5865427407550001,Δo > Δ,1,5,1,12
52055090,edf_hazen,johnsonsu,0.0585962849230284,0.5865427407550001,Δo > Δ,1,5,1,1
52055090,edf_gringorten,laplace_asymmetric,0.0599852129083791,0.5865427407550001,Δo > Δ,1,5,1,2
52055090,edf_cunnane,laplace_asymmetric,0.0612332851645471,0.5865427407550001,Δo > Δ,1,5,1,3
52055090,edf_blom,laplace_asymmetric,0.0630647869960489,0.5865427407550001,Δo > Δ,1,5,1,4
52055090,edf_tukey,laplace_asymmetric,0.0660409774722394,0.5865427407550001,Δo > Δ,1,5,1,5
52055090,edf_filliben,laplace_asymmetric,0.0671476876306737,0.5865427407550001,Δo > Δ,1,5,1,6
52055090,edf_beard,laplace_asymmetric,0.067667371524284,0.5865427407550001,Δo > Δ,1,5,1,7
52055090,edf_jenkinson,laplace_asymmetric,0.067667371524284,0.5865427407550001,Δo > Δ,1,5,1,8
52055090,edf_chegodayev,laplace_asymmetric,0.0683557922870542,0.5865427407550001,Δo > Δ,1,5,1,9
52055090,edf_adamowski,laplace_asymmetric,0.0717227956540576,0.5865427407550001,Δo > Δ,1,5,1,10
52055090,edf_weibull,laplace_asymmetric,0.0963338347683954,0.5865427407550001,Δo > Δ,1,5,1,11
52055090,edf_california,gumbel_l,0.1390089918963483,0.5865427407550001,Δo > Δ,1,5,1,12
52055150,edf_adamowski,logpearson3,0.091399872126719,0.4472608134160001,Δo > Δ,1,8,1,1
52055150,edf_chegodayev,logpearson3,0.0950832804862937,0.4472608134160001,Δo > Δ,1,8,1,2
52055150,edf_jenkinson,logpearson3,0.0960777116716558,0.4472608134160001,Δo > Δ,1,8,1,3
52055150,edf_beard,logpearson3,0.0960777116716558,0.4472608134160001,Δo > Δ,1,8,1,4
52055150,edf_filliben,logpearson3,0.0968266556606313,0.4472608134160001,Δo > Δ,1,8,1,5
52055150,edf_tukey,logpearson3,0.0984166138196271,0.4472608134160001,Δo > Δ,1,8,1,6
52055150,edf_weibull,logpearson3,0.0991634622189503,0.4472608134160001,Δo > Δ,1,8,1,7
52055150,edf_blom,ncf,0.1004937955897087,0.4472608134160001,Δo > Δ,1,8,1,8
52055150,edf_cunnane,ncf,0.1030806396399675,0.4472608134160001,Δo > Δ,1,8,1,9
52055150,edf_gringorten,ncf,0.1072858541059053,0.4472608134160001,Δo > Δ,1,8,1,10
52055150,edf_hazen,fisk,0.1082050672612262,0.4472608134160001,Δo > Δ,1,8,1,11
52055150,edf_california,loglaplace_asymmetric,0.1196914258876535,0.4472608134160001,Δo > Δ,1,8,1,12
52055170,edf_cunnane,johnsonsu,0.0628732614348153,0.417612680231,Δo > Δ,1,9,1,1
52055170,edf_blom,johnsonsu,0.0636316474523528,0.417612680231,Δo > Δ,1,9,1,2
52055170,edf_gringorten,johnsonsu,0.0638267320679197,0.417612680231,Δo > Δ,1,9,1,3
52055170,edf_hazen,johnsonsu,0.0652887203720133,0.417612680231,Δo > Δ,1,9,1,4
52055170,edf_tukey,johnsonsu,0.0665274003481057,0.417612680231,Δo > Δ,1,9,1,5
52055170,edf_filliben,johnsonsu,0.0676142739656787,0.417612680231,Δo > Δ,1,9,1,6
52055170,edf_beard,johnsonsu,0.0681265474696408,0.417612680231,Δo > Δ,1,9,1,7
52055170,edf_jenkinson,johnsonsu,0.0681265474696408,0.417612680231,Δo > Δ,1,9,1,8
52055170,edf_chegodayev,johnsonsu,0.0688070356064643,0.417612680231,Δo > Δ,1,9,1,9
52055170,edf_adamowski,johnsonsu,0.0721664980924665,0.417612680231,Δo > Δ,1,9,1,10
52055170,edf_weibull,logjohnsonsu,0.0772680135531898,0.417612680231,Δo > Δ,1,9,1,11
52055170,edf_california,mielke,0.1051796464895132,0.417612680231,Δo > Δ,1,9,1,12
52055210,edf_adamowski,logjohnsonsu,0.0487530794555568,0.417612680231,Δo > Δ,1,9,1,1
52055210,edf_chegodayev,logjohnsonsu,0.0509927211128916,0.417612680231,Δo > Δ,1,9,1,2
52055210,edf_jenkinson,logjohnsonsu,0.051446379870774,0.417612680231,Δo > Δ,1,9,1,3
52055210,edf_beard,logjohnsonsu,0.051446379870774,0.417612680231,Δo > Δ,1,9,1,4
52055210,edf_filliben,logjohnsonsu,0.0517878955400821,0.417612680231,Δo > Δ,1,9,1,5
52055210,edf_tukey,logjohnsonsu,0.0525124779517974,0.417612680231,Δo > Δ,1,9,1,6
52055210,edf_hazen,laplace_asymmetric,0.0533950086210843,0.417612680231,Δo > Δ,1,9,1,7
52055210,edf_blom,logjohnsonsu,0.0544429798822994,0.417612680231,Δo > Δ,1,9,1,8
52055210,edf_cunnane,logjohnsonsu,0.0556180680139092,0.417612680231,Δo > Δ,1,9,1,9
52055210,edf_gringorten,logjohnsonsu,0.0575250092801182,0.417612680231,Δo > Δ,1,9,1,10
52055210,edf_weibull,logjohnsonsu,0.0698008955480058,0.417612680231,Δo > Δ,1,9,1,11
52055210,edf_california,logjohnsonsu,0.0809120066591169,0.417612680231,Δo > Δ,1,9,1,12
52055220,edf_adamowski,logmielke,0.0805005061925687,0.5865427407550001,Δo > Δ,1,5,1,1
52055220,edf_cunnane,logmielke,0.0805005061925687,0.5865427407550001,Δo > Δ,1,5,1,2
52055220,edf_jenkinson,logmielke,0.0805005061925687,0.5865427407550001,Δo > Δ,1,5,1,3
52055220,edf_filliben,logmielke,0.0805005061925687,0.5865427407550001,Δo > Δ,1,5,1,4
52055220,edf_tukey,logmielke,0.0805005061925687,0.5865427407550001,Δo > Δ,1,5,1,5
52055220,edf_blom,logmielke,0.0805005061925687,0.5865427407550001,Δo > Δ,1,5,1,6
52055220,edf_chegodayev,logmielke,0.0805005061925687,0.5865427407550001,Δo > Δ,1,5,1,7
52055220,edf_beard,logmielke,0.0805005061925687,0.5865427407550001,Δo > Δ,1,5,1,8
52055220,edf_gringorten,logmielke,0.0808596955972533,0.5865427407550001,Δo > Δ,1,5,1,9
52055220,edf_hazen,logmielke,0.0855471955972533,0.5865427407550001,Δo > Δ,1,5,1,10
52055220,edf_weibull,logmielke,0.1057041447174592,0.5865427407550001,Δo > Δ,1,5,1,11
52055220,edf_california,pearson3,0.1484076728004068,0.5865427407550001,Δo > Δ,1,5,1,12
52055230,edf_weibull,logalpha,0.0947366924633333,0.530385761606,Δo > Δ,1,6,1,1
52055230,edf_adamowski,logalpha,0.1073748663885146,0.530385761606,Δo > Δ,1,6,1,2
52055230,edf_chegodayev,logalpha,0.1109806356192838,0.530385761606,Δo > Δ,1,6,1,3
52055230,edf_jenkinson,logalpha,0.1117153534876224,0.530385761606,Δo > Δ,1,6,1,4
52055230,edf_beard,logalpha,0.1117153534876224,0.530385761606,Δo > Δ,1,6,1,5
52055230,edf_filliben,logalpha,0.1122694219507842,0.530385761606,Δo > Δ,1,6,1,6
52055230,edf_tukey,logalpha,0.1134477408824417,0.530385761606,Δo > Δ,1,6,1,7
52055230,edf_blom,logalpha,0.1166056356192838,0.530385761606,Δo > Δ,1,6,1,8
52055230,edf_cunnane,logalpha,0.1185411194902515,0.530385761606,Δo > Δ,1,6,1,9
52055230,edf_gringorten,logpareto,0.1209813257415094,0.530385761606,Δo > Δ,1,6,1,10
52055230,edf_hazen,logpareto,0.122615312669614,0.530385761606,Δo > Δ,1,6,1,11
52055230,edf_california,t,0.1425450213300744,0.530385761606,Δo > Δ,1,6,1,12
52055501,edf_hazen,logfisk,0.0589447661166822,0.484420539261,Δo > Δ,1,7,1,1
52055501,edf_gringorten,logfisk,0.0596907988428834,0.484420539261,Δo > Δ,1,7,1,2
52055501,edf_cunnane,logfisk,0.0628118974696,0.484420539261,Δo > Δ,1,7,1,3
52055501,edf_blom,logfisk,0.0647276062818604,0.484420539261,Δo > Δ,1,7,1,4
52055501,edf_tukey,logfisk,0.067862402520105,0.484420539261,Δo > Δ,1,7,1,5
52055501,edf_filliben,logfisk,0.06903502487399,0.484420539261,Δo > Δ,1,7,1,6
52055501,edf_beard,logfisk,0.0695869652202774,0.484420539261,Δo > Δ,1,7,1,7
52055501,edf_jenkinson,logfisk,0.0695869652202774,0.484420539261,Δo > Δ,1,7,1,8
52055501,edf_chegodayev,logfisk,0.0703194049771074,0.484420539261,Δo > Δ,1,7,1,9
52055501,edf_adamowski,ncf,0.0704318902899571,0.484420539261,Δo > Δ,1,7,1,10
52055501,edf_weibull,ncf,0.0719772687938523,0.484420539261,Δo > Δ,1,7,1,11
52055501,edf_california,invgauss,0.1044460550494061,0.484420539261,Δo > Δ,1,7,1,12
52055502,edf_gringorten,logpearson3,0.0692717287602857,0.530385761606,Δo > Δ,1,6,1,1
52055502,edf_cunnane,logpearson3,0.0703259138751918,0.530385761606,Δo > Δ,1,6,1,2
52055502,edf_blom,logpearson3,0.0709710751655144,0.530385761606,Δo > Δ,1,6,1,3
52055502,edf_hazen,kstwobign,0.071778927036486,0.530385761606,Δo > Δ,1,6,1,4
52055502,edf_tukey,logpearson3,0.0720237067444617,0.530385761606,Δo > Δ,1,6,1,5
52055502,edf_filliben,logpearson3,0.0724164797216809,0.530385761606,Δo > Δ,1,6,1,6
52055502,edf_beard,logpearson3,0.0726011692094015,0.530385761606,Δo > Δ,1,6,1,7
52055502,edf_jenkinson,logpearson3,0.0726011692094015,0.530385761606,Δo > Δ,1,6,1,8
52055502,edf_chegodayev,logpearson3,0.0728460751655144,0.530385761606,Δo > Δ,1,6,1,9
52055502,edf_adamowski,logpearson3,0.0740479982424375,0.530385761606,Δo > Δ,1,6,1,10
52055502,edf_weibull,logncf,0.0881195656115097,0.530385761606,Δo > Δ,1,6,1,11
52055502,edf_california,logerlang,0.126284108995925,0.530385761606,Δo > Δ,1,6,1,12
52057050,edf_hazen,genlogistic,0.1294760742989802,0.5865427407550001,Δo > Δ,1,5,1,1
52057050,edf_gringorten,logbetaprime,0.1333045515103213,0.5865427407550001,Δo > Δ,1,5,1,2
52057050,edf_cunnane,logalpha,0.1362468714786774,0.5865427407550001,Δo > Δ,1,5,1,3
52057050,edf_blom,logalpha,0.1375030722560354,0.5865427407550001,Δo > Δ,1,5,1,4
52057050,edf_tukey,logalpha,0.1404792627322258,0.5865427407550001,Δo > Δ,1,5,1,5
52057050,edf_filliben,logalpha,0.1415859728906601,0.5865427407550001,Δo > Δ,1,5,1,6
52057050,edf_beard,logalpha,0.1421056567842705,0.5865427407550001,Δo > Δ,1,5,1,7
52057050,edf_jenkinson,logalpha,0.1421056567842705,0.5865427407550001,Δo > Δ,1,5,1,8
52057050,edf_chegodayev,logalpha,0.1427940775470406,0.5865427407550001,Δo > Δ,1,5,1,9
52057050,edf_adamowski,logalpha,0.146161080914044,0.5865427407550001,Δo > Δ,1,5,1,10
52057050,edf_weibull,loginvgauss,0.1539032254541956,0.5865427407550001,Δo > Δ,1,5,1,11
52057050,edf_california,invgauss,0.1896535922842818,0.5865427407550001,Δo > Δ,1,5,1,12
52057100,edf_hazen,logjohnsonsu,0.0432495866685171,0.5865427407550001,Δo > Δ,1,5,1,1
52057100,edf_gringorten,logjohnsonsu,0.0526245866685173,0.5865427407550001,Δo > Δ,1,5,1,2
52057100,edf_cunnane,logjohnsonsu,0.0586342020531327,0.5865427407550001,Δo > Δ,1,5,1,3
52057100,edf_blom,logjohnsonsu,0.0622972057161362,0.5865427407550001,Δo > Δ,1,5,1,4
52057100,edf_tukey,logjohnsonsu,0.0682495866685172,0.5865427407550001,Δo > Δ,1,5,1,5
52057100,edf_california,t,0.0684265162820302,0.5865427407550001,Δo > Δ,1,5,1,6
52057100,edf_filliben,logjohnsonsu,0.0704630069853857,0.5865427407550001,Δo > Δ,1,5,1,7
52057100,edf_jenkinson,logjohnsonsu,0.0715023747726063,0.5865427407550001,Δo > Δ,1,5,1,8
52057100,edf_beard,logjohnsonsu,0.0715023747726063,0.5865427407550001,Δo > Δ,1,5,1,9
52057100,edf_chegodayev,logjohnsonsu,0.0728792162981468,0.5865427407550001,Δo > Δ,1,5,1,10
52057100,edf_adamowski,logjohnsonsu,0.0796132230321535,0.5865427407550001,Δo > Δ,1,5,1,11
52057100,edf_weibull,logjohnsonsu,0.1099162533351838,0.5865427407550001,Δo > Δ,1,5,1,12
52077010,edf_hazen,logncf,0.093806067968044,0.530385761606,Δo > Δ,1,6,1,1
52077010,edf_gringorten,logncf,0.0954400548961486,0.530385761606,Δo > Δ,1,6,1,2
52077010,edf_cunnane,logncf,0.0964942400110547,0.530385761606,Δo > Δ,1,6,1,3
52077010,edf_blom,logncf,0.0971394013013774,0.530385761606,Δo > Δ,1,6,1,4
52077010,edf_tukey,logncf,0.0981920328803247,0.530385761606,Δo > Δ,1,6,1,5
52077010,edf_filliben,logncf,0.0985848058575439,0.530385761606,Δo > Δ,1,6,1,6
52077010,edf_beard,logncf,0.0987694953452645,0.530385761606,Δo > Δ,1,6,1,7
52077010,edf_jenkinson,logncf,0.0987694953452645,0.530385761606,Δo > Δ,1,6,1,8
52077010,edf_chegodayev,logncf,0.0990144013013774,0.530385761606,Δo > Δ,1,6,1,9
52077010,edf_adamowski,logncf,0.1002163243783005,0.530385761606,Δo > Δ,1,6,1,10
52077010,edf_weibull,logncf,0.105710829872806,0.530385761606,Δo > Δ,1,6,1,11
52077010,edf_california,loginvgauss,0.1431988629200656,0.530385761606,Δo > Δ,1,6,1,12
53045040,edf_hazen,genlogistic,0.1104900056841524,0.484420539261,Δo > Δ,1,7,1,1
53045040,edf_gringorten,genlogistic,0.1153054149939438,0.484420539261,Δo > Δ,1,7,1,2
53045040,edf_cunnane,genlogistic,0.1184265136206604,0.484420539261,Δo > Δ,1,7,1,3
53045040,edf_blom,genlogistic,0.1203422224329209,0.484420539261,Δo > Δ,1,7,1,4
53045040,edf_tukey,genlogistic,0.1234770186711654,0.484420539261,Δo > Δ,1,7,1,5
53045040,edf_filliben,genlogistic,0.1246496410250505,0.484420539261,Δo > Δ,1,7,1,6
53045040,edf_beard,genlogistic,0.1252015813713379,0.484420539261,Δo > Δ,1,7,1,7
53045040,edf_jenkinson,genlogistic,0.1252015813713379,0.484420539261,Δo > Δ,1,7,1,8
53045040,edf_chegodayev,genlogistic,0.1259340211281679,0.484420539261,Δo > Δ,1,7,1,9
53045040,edf_adamowski,genlogistic,0.1295376247317715,0.484420539261,Δo > Δ,1,7,1,10
53045040,edf_weibull,genlogistic,0.1462042913984382,0.484420539261,Δo > Δ,1,7,1,11
53045040,edf_california,logpearson3,0.1749468790604945,0.484420539261,Δo > Δ,1,7,1,12
53075020,edf_blom,logpearson3,0.0724185886838946,0.5865427407550001,Δo > Δ,1,5,1,1
53075020,edf_tukey,logpearson3,0.0727856901834782,0.5865427407550001,Δo > Δ,1,5,1,2
53075020,edf_hazen,loggumbel_l,0.0730601777035469,0.5865427407550001,Δo > Δ,1,5,1,3
53075020,edf_cunnane,logpearson3,0.0742500905153965,0.5865427407550001,Δo > Δ,1,5,1,4
53075020,edf_gringorten,loggumbel_l,0.0749174829950705,0.5865427407550001,Δo > Δ,1,5,1,5
53075020,edf_filliben,logpearson3,0.0749991105003468,0.5865427407550001,Δo > Δ,1,5,1,6
53075020,edf_beard,logpearson3,0.0760384782875674,0.5865427407550001,Δo > Δ,1,5,1,7
53075020,edf_jenkinson,logpearson3,0.0760384782875674,0.5865427407550001,Δo > Δ,1,5,1,8
53075020,edf_chegodayev,logpearson3,0.0774153198131078,0.5865427407550001,Δo > Δ,1,5,1,9
53075020,edf_adamowski,johnsonsu,0.0836560345875909,0.5865427407550001,Δo > Δ,1,5,1,10
53075020,edf_weibull,johnsonsu,0.0971198658184558,0.5865427407550001,Δo > Δ,1,5,1,11
53075020,edf_california,laplace_asymmetric,0.1251905908908996,0.5865427407550001,Δo > Δ,1,5,1,12
5311500121,edf_jenkinson,laplace_asymmetric,0.0557978589877002,0.530385761606,Δo > Δ,1,6,1,1
5311500121,edf_beard,laplace_asymmetric,0.0557978589877002,0.530385761606,Δo > Δ,1,6,1,2
5311500121,edf_filliben,laplace_asymmetric,0.0559825484754208,0.530385761606,Δo > Δ,1,6,1,3
5311500121,edf_tukey,laplace_asymmetric,0.05637532145264,0.530385761606,Δo > Δ,1,6,1,4
5311500121,edf_chegodayev,laplace_asymmetric,0.0566579676111671,0.530385761606,Δo > Δ,1,6,1,5
5311500121,edf_blom,laplace_asymmetric,0.0574279530315873,0.530385761606,Δo > Δ,1,6,1,6
5311500121,edf_cunnane,laplace_asymmetric,0.0580731143219099,0.530385761606,Δo > Δ,1,6,1,7
5311500121,edf_gringorten,laplace_asymmetric,0.0591272994368161,0.530385761606,Δo > Δ,1,6,1,8
5311500121,edf_hazen,laplace_asymmetric,0.0607612863649206,0.530385761606,Δo > Δ,1,6,1,9
5311500121,edf_adamowski,genlogistic,0.0625359446996354,0.530385761606,Δo > Δ,1,6,1,10
5311500121,edf_weibull,genlogistic,0.0900084721721629,0.530385761606,Δo > Δ,1,6,1,11
5311500121,edf_california,laplace_asymmetric,0.119214525023115,0.530385761606,Δo > Δ,1,6,1,12
53115501,edf_hazen,logncf,0.1403346186935529,0.530385761606,Δo > Δ,1,6,1,1
53115501,edf_gringorten,logncf,0.1419686056216574,0.530385761606,Δo > Δ,1,6,1,2
53115501,edf_cunnane,logncf,0.1430227907365636,0.530385761606,Δo > Δ,1,6,1,3
53115501,edf_blom,logncf,0.1436679520268862,0.530385761606,Δo > Δ,1,6,1,4
53115501,edf_tukey,logncf,0.1447205836058335,0.530385761606,Δo > Δ,1,6,1,5
53115501,edf_filliben,logncf,0.1451133565830527,0.530385761606,Δo > Δ,1,6,1,6
53115501,edf_beard,logncf,0.1452980460707733,0.530385761606,Δo > Δ,1,6,1,7
53115501,edf_jenkinson,logncf,0.1452980460707733,0.530385761606,Δo > Δ,1,6,1,8
53115501,edf_chegodayev,logncf,0.1455429520268862,0.530385761606,Δo > Δ,1,6,1,9
53115501,edf_adamowski,logncf,0.1467448751038093,0.530385761606,Δo > Δ,1,6,1,10
53115501,edf_weibull,logncf,0.1522393805983147,0.530385761606,Δo > Δ,1,6,1,11
53115501,edf_california,logncf,0.2236679520268862,0.530385761606,Δo > Δ,1,6,1,12
53115502,edf_hazen,mielke,0.0731663599728904,0.530385761606,Δo > Δ,1,6,1,1
53115502,edf_gringorten,mielke,0.0780683207572042,0.530385761606,Δo > Δ,1,6,1,2
53115502,edf_cunnane,mielke,0.0812308761019228,0.530385761606,Δo > Δ,1,6,1,3
53115502,edf_blom,mielke,0.0831663599728904,0.530385761606,Δo > Δ,1,6,1,4
53115502,edf_tukey,mielke,0.0863242547097326,0.530385761606,Δo > Δ,1,6,1,5
53115502,edf_filliben,mielke,0.08750257364139,0.530385761606,Δo > Δ,1,6,1,6
53115502,edf_beard,mielke,0.0880566421045517,0.530385761606,Δo > Δ,1,6,1,7
53115502,edf_jenkinson,mielke,0.0880566421045517,0.530385761606,Δo > Δ,1,6,1,8
53115502,edf_chegodayev,mielke,0.0887913599728904,0.530385761606,Δo > Δ,1,6,1,9
53115502,edf_adamowski,mielke,0.0923971292036597,0.530385761606,Δo > Δ,1,6,1,10
53115502,edf_weibull,maxwell,0.107297895872072,0.530385761606,Δo > Δ,1,6,1,11
53115502,edf_california,logkstwobign,0.1274235221454279,0.530385761606,Δo > Δ,1,6,1,12
53119010,edf_hazen,logjohnsonsu,0.0702420914627534,0.5865427407550001,Δo > Δ,1,5,1,1
53119010,edf_gringorten,logjohnsonsu,0.0749295914627534,0.5865427407550001,Δo > Δ,1,5,1,2
53119010,edf_tukey,loglaplace_asymmetric,0.075718402325143,0.5865427407550001,Δo > Δ,1,5,1,3
53119010,edf_cunnane,loglaplace_asymmetric,0.075718402325143,0.5865427407550001,Δo > Δ,1,5,1,4
53119010,edf_blom,loglaplace_asymmetric,0.075718402325143,0.5865427407550001,Δo > Δ,1,5,1,5
53119010,edf_filliben,loglaplace_asymmetric,0.0774521458269068,0.5865427407550001,Δo > Δ,1,5,1,6
53119010,edf_beard,loglaplace_asymmetric,0.0784915136141275,0.5865427407550001,Δo > Δ,1,5,1,7
53119010,edf_jenkinson,loglaplace_asymmetric,0.0784915136141275,0.5865427407550001,Δo > Δ,1,5,1,8
53119010,edf_chegodayev,loglaplace_asymmetric,0.0798683551396679,0.5865427407550001,Δo > Δ,1,5,1,9
53119010,edf_adamowski,loglaplace_asymmetric,0.0866023618736746,0.5865427407550001,Δo > Δ,1,5,1,10
53119010,edf_weibull,ncf,0.1058002978000357,0.5865427407550001,Δo > Δ,1,5,1,11
53119010,edf_california,logkstwobign,0.156139170011768,0.5865427407550001,Δo > Δ,1,5,1,12
54010010,edf_hazen,logjohnsonsu,0.0406526193049119,0.530385761606,Δo > Δ,1,6,1,1
54010010,edf_gringorten,logjohnsonsu,0.0423978313733299,0.530385761606,Δo > Δ,1,6,1,2
54010010,edf_cunnane,logjohnsonsu,0.0476687569478608,0.530385761606,Δo > Δ,1,6,1,3
54010010,edf_blom,logjohnsonsu,0.0508945633994737,0.530385761606,Δo > Δ,1,6,1,4
54010010,edf_tukey,logjohnsonsu,0.0561577212942106,0.530385761606,Δo > Δ,1,6,1,5
54010010,edf_filliben,logjohnsonsu,0.0581215861803064,0.530385761606,Δo > Δ,1,6,1,6
54010010,edf_beard,logjohnsonsu,0.0590450336189095,0.530385761606,Δo > Δ,1,6,1,7
54010010,edf_jenkinson,logjohnsonsu,0.0590450336189095,0.530385761606,Δo > Δ,1,6,1,8
54010010,edf_chegodayev,logjohnsonsu,0.0602695633994737,0.530385761606,Δo > Δ,1,6,1,9
54010010,edf_california,t,0.0628054093002984,0.530385761606,Δo > Δ,1,6,1,10
54010010,edf_adamowski,logjohnsonsu,0.0662791787840891,0.530385761606,Δo > Δ,1,6,1,11
54010010,edf_weibull,logjohnsonsu,0.0937517062566166,0.530385761606,Δo > Δ,1,6,1,12
54025010,edf_weibull,logt,0.3132594297961445,0.484420539261,Δo > Δ,1,7,1,1
54025010,edf_adamowski,logt,0.3382594297961445,0.484420539261,Δo > Δ,1,7,1,2
54025010,edf_chegodayev,logt,0.3436648352015499,0.484420539261,Δo > Δ,1,7,1,3
54025010,edf_jenkinson,logt,0.344763494836795,0.484420539261,Δo > Δ,1,7,1,4
54025010,edf_beard,logt,0.344763494836795,0.484420539261,Δo > Δ,1,7,1,5
54025010,edf_filliben,logt,0.345591405356226,0.484420539261,Δo > Δ,1,7,1,6
54025010,edf_tukey,logt,0.3473503388870536,0.484420539261,Δo > Δ,1,7,1,7
54025010,edf_blom,logt,0.3520525332444204,0.484420539261,Δo > Δ,1,7,1,8
54025010,edf_cunnane,logt,0.3549260964628111,0.484420539261,Δo > Δ,1,7,1,9
54025010,edf_gringorten,logt,0.359607744402886,0.484420539261,Δo > Δ,1,7,1,10
54025010,edf_california,invgamma,0.3596413242899355,0.484420539261,Δo > Δ,1,7,1,11
54025010,edf_hazen,logt,0.3668308583675731,0.484420539261,Δo > Δ,1,7,1,12
54027050,edf_hazen,fisk,0.1059940328229158,0.5865427407550001,Δo > Δ,1,5,1,1
54027050,edf_gringorten,fisk,0.1093749999957267,0.5865427407550001,Δo > Δ,1,5,1,2
54027050,edf_cunnane,fisk,0.1153846153803421,0.5865427407550001,Δo > Δ,1,5,1,3
54027050,edf_blom,fisk,0.1190476190433458,0.5865427407550001,Δo > Δ,1,5,1,4
54027050,edf_tukey,fisk,0.1249999999957267,0.5865427407550001,Δo > Δ,1,5,1,5
54027050,edf_filliben,fisk,0.1272134203125953,0.5865427407550001,Δo > Δ,1,5,1,6
54027050,edf_beard,fisk,0.1282527880998159,0.5865427407550001,Δo > Δ,1,5,1,7
54027050,edf_jenkinson,fisk,0.1282527880998159,0.5865427407550001,Δo > Δ,1,5,1,8
54027050,edf_chegodayev,f,0.1291028247378965,0.5865427407550001,Δo > Δ,1,5,1,9
54027050,edf_adamowski,f,0.1324698281048999,0.5865427407550001,Δo > Δ,1,5,1,10
54027050,edf_weibull,f,0.147621343256415,0.5865427407550001,Δo > Δ,1,5,1,11
54027050,edf_california,logfatiguelife,0.1483216756974315,0.5865427407550001,Δo > Δ,1,5,1,12
54035501,edf_cunnane,laplace_asymmetric,0.0445979890526098,0.484420539261,Δo > Δ,1,7,1,1
54035501,edf_gringorten,laplace_asymmetric,0.046158538365968,0.484420539261,Δo > Δ,1,7,1,2
54035501,edf_blom,laplace_asymmetric,0.0470136136745613,0.484420539261,Δo > Δ,1,7,1,3
54035501,edf_hazen,laplace_asymmetric,0.0485662430208638,0.484420539261,Δo > Δ,1,7,1,4
54035501,edf_tukey,laplace_asymmetric,0.051715808031928,0.484420539261,Δo > Δ,1,7,1,5
54035501,edf_filliben,laplace_asymmetric,0.0534747415627557,0.484420539261,Δo > Δ,1,7,1,6
54035501,edf_beard,laplace_asymmetric,0.0543026520821867,0.484420539261,Δo > Δ,1,7,1,7
54035501,edf_jenkinson,laplace_asymmetric,0.0543026520821867,0.484420539261,Δo > Δ,1,7,1,8
54035501,edf_chegodayev,laplace_asymmetric,0.0554013117174317,0.484420539261,Δo > Δ,1,7,1,9
54035501,edf_adamowski,laplace_asymmetric,0.0608067171228371,0.484420539261,Δo > Δ,1,7,1,10
54035501,edf_weibull,genlogistic,0.084917845630539,0.484420539261,Δo > Δ,1,7,1,11
54035501,edf_california,laplace,0.10929013905487,0.484420539261,Δo > Δ,1,7,1,12
55015010,edf_gringorten,fisk,0.1077568796452184,0.5865427407550001,Δo > Δ,1,5,1,1
55015010,edf_hazen,fisk,0.1077568796452184,0.5865427407550001,Δo > Δ,1,5,1,2
55015010,edf_cunnane,fisk,0.1101579645302713,0.5865427407550001,Δo > Δ,1,5,1,3
55015010,edf_blom,fisk,0.1119894663617732,0.5865427407550001,Δo > Δ,1,5,1,4
55015010,edf_tukey,fisk,0.1149656568379636,0.5865427407550001,Δo > Δ,1,5,1,5
55015010,edf_filliben,fisk,0.116072366996398,0.5865427407550001,Δo > Δ,1,5,1,6
55015010,edf_beard,fisk,0.1165920508900082,0.5865427407550001,Δo > Δ,1,5,1,7
55015010,edf_jenkinson,fisk,0.1165920508900082,0.5865427407550001,Δo > Δ,1,5,1,8
55015010,edf_chegodayev,fisk,0.1172804716527785,0.5865427407550001,Δo > Δ,1,5,1,9
55015010,edf_adamowski,fisk,0.1206474750197819,0.5865427407550001,Δo > Δ,1,5,1,10
55015010,edf_weibull,fisk,0.135798990171297,0.5865427407550001,Δo > Δ,1,5,1,11
55015010,edf_california,kstwobign,0.1523322958778413,0.5865427407550001,Δo > Δ,1,5,1,12
57025020,edf_jenkinson,weibull_min,0.0581435520858684,0.530385761606,Δo > Δ,1,6,1,1
57025020,edf_beard,weibull_min,0.0581435520858684,0.530385761606,Δo > Δ,1,6,1,2
57025020,edf_filliben,weibull_min,0.0581917376497213,0.530385761606,Δo > Δ,1,6,1,3
57025020,edf_tukey,weibull_min,0.0585845106269404,0.530385761606,Δo > Δ,1,6,1,4
57025020,edf_chegodayev,weibull_min,0.0593680818664326,0.530385761606,Δo > Δ,1,6,1,5
57025020,edf_adamowski,genlogistic,0.0595347047159797,0.530385761606,Δo > Δ,1,6,1,6
57025020,edf_blom,weibull_min,0.0596371422058877,0.530385761606,Δo > Δ,1,6,1,7
57025020,edf_cunnane,weibull_min,0.0602823034962104,0.530385761606,Δo > Δ,1,6,1,8
57025020,edf_gringorten,weibull_min,0.0613364886111166,0.530385761606,Δo > Δ,1,6,1,9
57025020,edf_hazen,weibull_min,0.0631252601320762,0.530385761606,Δo > Δ,1,6,1,10
57025020,edf_weibull,loggenlogistic,0.0828726308190058,0.530385761606,Δo > Δ,1,6,1,11
57025020,edf_california,laplace_asymmetric,0.1151505711174741,0.530385761606,Δo > Δ,1,6,1,12
