Station,Date,Value
11017020,2018,135.7
11017020,2019,193.9
11025501,2016,52.2
11025501,2017,72.6
11025501,2018,30.6
11025501,2019,64.2
11025501,2020,41.9
11025501,2021,44.2
11025501,2022,50.7
11025501,2023,0.3
11027030,2019,59.8
11027030,2020,87.6
11027030,2021,74.8
11027030,2022,89
11027030,2023,28.6
11027030,2024,17.6
11027030,2025,13.4
11027070,2003,0
11027070,2006,159.2
11027070,2007,134.5
11027070,2008,94.2
11027070,2009,140
11027070,2010,206.4
11027070,2011,115.7
11027070,2012,174.5
11027070,2013,229.3
11027070,2014,120
11027070,2015,162.8
11027070,2016,200.2
11027070,2017,207.9
11027070,2018,208.8
11030010,2018,122.4
11030010,2019,131
11030010,2020,71.7
11030010,2021,65.6
11030010,2022,0
11030010,2023,0
11030010,2024,4507.546
11030010,2025,654.912
11035010,2025,97.4
11035030,2018,119.6
11035030,2019,183
11035030,2021,125.9
11035030,2024,2743.432
11037030,2006,282
11037030,2007,133.6
11037030,2008,158.5
11037030,2009,119.2
11037030,2010,49.5
11037030,2011,129.8
11037030,2012,168.2
11037030,2013,321.1
11037030,2014,1.4
11037030,2015,0
11045010,2018,648
11045010,2019,648
11045010,2020,156.3
11045010,2021,190.8
11045010,2022,63.3
11045010,2023,81.3
11045010,2024,261.8
11045010,2025,212.6
11047040,2008,87.3
11047040,2009,173.1
11047040,2010,177.6
11047040,2011,183.2
11047040,2012,123.9
11047040,2013,83.6
11047040,2014,75.3
11047040,2015,93.4
11047040,2016,143.8
11047040,2017,62.9
11047040,2018,73.7
11047040,2019,200.4
11047040,2020,117.6
11047040,2021,118.5
11047040,2022,79
11047040,2023,57.3
11047040,2024,76
11050020,2018,84.7
11050020,2019,132.9
11050020,2020,55.1
11057020,2019,139
11057020,2020,164.8
11057020,2021,5
11057020,2022,0.4
11057020,2024,0
11057020,2025,0
11077020,2019,44.4
11077020,2020,10.2
11077020,2022,0.1
11080010,2018,102.3
11080010,2019,190.2
11080010,2020,98.5
11080010,2021,46.1
11080010,2022,136.7
11080010,2023,176
11105020,2005,58.2
11105020,2006,191
11105020,2007,0
11105020,2008,93.6
11105020,2009,119.5
11105020,2010,135.2
11105020,2013,4.1
11105020,2018,108.6
11105020,2019,121.6
11110010,2024,22.8
11110010,2025,32.8
11110110,2024,47
11110110,2025,109.4
11115020,2018,0
11115020,2019,66.4
11115020,2020,16.6
11115040,2024,67.2
11115040,2025,45.2
11115501,2016,63.1
11115501,2017,62.9
11115501,2018,26.5
11117010,2024,42
11117010,2025,39.2
11117040,2019,229.8
11117040,2020,81
11117050,2019,47.6
11117050,2020,68.6
11117050,2021,75
11117050,2022,52.6
11117050,2024,70.8
11117050,2025,106.4
11120040,2018,69.2
11120040,2019,113.2
11135030,2011,74.3
11135030,2012,64.8
11135030,2013,95.7
11135030,2014,75.3
11135030,2015,87.6
11135030,2016,70.3
11135030,2017,73.5
11135030,2018,66.4
11135030,2019,0
11135030,2021,0
11135030,2022,0.2
11135030,2023,0
11159010,2007,90.6
11159010,2008,126.8
11159010,2009,95.2
11159010,2010,131.9
11159010,2011,13.5
11159010,2012,14.6
11159010,2013,85
11159010,2014,151.5
11159010,2015,150.5
11159010,2016,52.5
11159010,2017,56.4
11159010,2018,57.4
11159010,2019,816.6
11159010,2020,0
11159010,2023,0
11175000,2018,104.7
11175000,2019,138
11175000,2021,0
11175000,2022,0
11175000,2023,0
11175000,2024,0
11175000,2025,0
12015060,2017,27.2
12015060,2018,56
12015060,2019,121.6
12015060,2020,66
12015060,2021,128.8
12015100,2005,174
12015100,2011,89
12015100,2012,75
12015100,2013,104.5
12015100,2014,96.4
12015100,2015,103.5
12015100,2016,84.6
12015100,2017,169.3
12015100,2018,81.9
12015100,2019,151.8
12015100,2020,28.3
12015110,2005,138.5
12015110,2006,57.9
12015110,2011,51.1
12015110,2012,110.5
12015110,2013,91.2
12015110,2014,95.8
12015110,2015,76.3
12015110,2016,94.9
12015110,2017,101.7
12015110,2018,68.1
12015110,2019,94.4
12015110,2020,26.7
12015110,2021,109.8
12015110,2022,90.3
12017020,2019,127.2
12017020,2020,3.4
12017020,2021,0
12017020,2022,0
12017020,2023,0
12027010,2019,73
12027010,2020,41
12027010,2021,77.8
12027010,2022,0
12045020,2019,208.8
12045020,2020,15.4
12045020,2024,0.1
13015040,2024,67
13015040,2025,93.4
13027040,2017,109.9
13027040,2018,122.6
13027040,2019,151.8
13027040,2020,76.3
13027040,2023,102.8
13027040,2024,150.3
13027040,2025,462.4
13035501,2015,49.22
13035501,2016,58.78
13035501,2017,103.7
13035501,2018,0.886
13035501,2019,34.5
13035501,2020,65.3
13035501,2021,0
13035501,2022,0
13035501,2023,550.5
13035501,2024,410.6
13035501,2025,237.6
13037040,2011,51.2
13037040,2012,194.2
13055040,2005,60.7
13055040,2006,56.3
13055040,2007,73.2
13055040,2008,75.8
13055040,2009,62.3
13055040,2010,43.5
13055040,2011,84.9
13055040,2012,64
13055040,2013,72.9
13055040,2014,43.3
13055040,2015,57.9
13055040,2016,64.3
13055040,2017,9.8
13057010,2005,71.6
13057010,2006,33.8
13057010,2007,83.1
13057010,2008,66.5
13057010,2009,60.9
13057010,2010,73.5
13057010,2011,84.6
13057010,2012,76.7
13057010,2013,77.7
13057010,2014,35
13057010,2015,47.5
13057010,2016,68.8
13057010,2017,40
13057010,2018,203.5
13057010,2019,60.4
13057010,2020,55.6
13057010,2023,17
13067020,2015,49.65
13067020,2016,69.25
13067020,2017,259.7
13067020,2018,1325
13067020,2019,6.1
13067020,2020,11.6
13067020,2021,2.2
13067020,2022,5.2
13067020,2023,2.5
13067020,2024,19.8
13067020,2025,7.8
13075010,2024,10.6
13075010,2025,40.1
13077060,2019,136.8
13077060,2020,50.4
13077060,2021,64.4
13077060,2022,30.6
13077060,2023,0.2
13077060,2024,83.8
13077060,2025,63
13085030,2017,79.8
13085030,2018,49.2
13085030,2019,92.4
13085050,2005,84.1
13085050,2006,44.3
13085050,2007,42.9
13085050,2008,44.6
13085050,2009,92
13085050,2010,57.2
13095010,2006,27.8
13095010,2007,30.9
13095010,2008,152.2
13095010,2009,98
13095010,2010,177.8
13095010,2011,138.2
13095010,2012,20.5
13095010,2013,119.3
13095010,2014,116.4
13095010,2015,85.3
13095010,2016,91.3
13095010,2017,118
13095010,2018,10.8
14015010,2019,82
14015010,2020,102.8
14015010,2021,77.4
14015010,2023,2.6
14015010,2024,125.6
14015010,2025,53.6
14015020,2014,68.76
14015020,2015,41.39
14015020,2016,74.19
14015020,2017,66.55
14015020,2018,44.45
14015020,2019,52.17
14015080,2019,29.49
14015080,2020,1239.1
14015080,2021,72.04
14015080,2022,144.04
14015080,2023,87.9
14015080,2024,214.6
14015080,2025,227
14017001,2010,73.5
14017001,2012,54.3
14017001,2013,55.2
14017001,2014,2.1
14017001,2015,19.6
14017001,2016,17.1
14017001,2017,78.6
14017001,2018,73.2
14017001,2019,44.2
14017001,2020,5.9
14019030,2009,41.8
14019030,2010,108.1
14019030,2011,111.8
14019030,2012,75.4
14019030,2013,208.8
14019030,2014,204.1
14019030,2015,0
14019030,2016,422.8
14019030,2017,423
14019030,2018,127.6
14019030,2019,7.8
14019030,2020,33.1
14019030,2021,1.2
14019030,2022,5.2
14019030,2023,48.8
14019030,2024,60.2
14019030,2025,0
15015050,2022,27.1
15015050,2023,43.7
15015050,2024,104.6
15015050,2025,14.4
15015060,2019,83.4
15015060,2020,89.6
15015060,2021,61.4
15015060,2022,7.8
15015060,2023,0
15015100,2021,113.2
15015100,2022,204.7
15015100,2023,5.1
15015100,2024,438
15015100,2025,148.2
15015120,2007,74.2
15015120,2008,85.3
15015120,2009,24.9
15015120,2010,64.7
15015120,2011,64.8
15015120,2012,207.2
15015120,2013,51
15015120,2014,49
15015120,2015,81.6
15015120,2016,57.1
15015120,2017,85.8
15015120,2018,112.3
15015120,2019,43.2
15015120,2020,55.5
15015120,2021,18
15015120,2022,71.6
15015120,2023,0.4
15015120,2024,4.4
15015120,2025,12.2
15017030,2019,0
15017030,2020,0
15017030,2021,49.4
15017030,2022,9.5
15017030,2023,17.2
15017030,2024,104.8
15017030,2025,64.2
15017060,2005,124.1
15017060,2006,208.6
15017060,2007,105.1
15017060,2008,136
15017060,2009,72.5
15017060,2010,135.3
15035020,2019,63.2
15035020,2020,10.2
15035020,2022,203.8
15035020,2023,8.2
15035020,2024,122
15035020,2025,67
15065040,2013,60.2
15065040,2014,1.2
15065040,2015,0.4
15065040,2016,3.8
15065040,2017,22.1
15065040,2018,54.5
15065040,2019,84
15065040,2020,32.8
15065040,2021,5.5
15065040,2022,54.3
15065040,2024,228.4
15065040,2025,88.4
15065180,2014,0.6
15065180,2015,36.25
15065180,2016,22.59
15065180,2017,42.61
15065180,2018,33.77
15065180,2019,133.69
15065180,2020,46.7
15065180,2021,88.93
15065180,2022,61.55
15065180,2023,48.1
15065180,2024,168.4
15065180,2025,55.1
15065190,2012,77
15065190,2013,110
15065190,2014,48
15065190,2015,191.5
15065190,2016,288.6
15065190,2017,100.7
15065190,2018,58.8
15065190,2019,2.6
15065190,2020,171.3
15065190,2021,0.5
15065190,2022,228.9
15065190,2023,0.2
15065190,2024,322.4
15065190,2025,38.6
15065501,2015,2.6
15065501,2018,73.706
15065501,2019,13.8
15065501,2020,11.8
15065501,2021,5.5
15065501,2022,11.9
15065501,2023,11.5
15067020,2005,22.7
15067020,2007,132.8
15067020,2008,40.4
15067020,2009,0
15067020,2010,0
15067020,2011,187.2
15067020,2012,200.2
15067020,2013,48.6
15067020,2014,40.5
15067020,2015,51.8
15067020,2016,30.7
15067020,2017,19.1
15067020,2018,79.5
15067020,2019,104.1
15067020,2020,73.9
15067020,2024,11.4
15067020,2025,4.5
15067050,2011,21.3
15067050,2012,1.4
15067150,2010,0
15067150,2011,0
15067150,2012,0
15067150,2013,0
15067200,2011,0
15067200,2012,0
15067200,2013,0
15067210,2011,46.1
15067210,2012,32.5
15067210,2013,4.7
15067220,2011,61.4
15067220,2012,75.7
15067220,2013,72.3
15067220,2014,278.5
15067220,2015,61.1
15067220,2016,87.3
15067220,2017,58.8
15067220,2018,48.9
15067220,2019,0.6
15067220,2024,0
15075150,2011,0
15075150,2012,36.9
15075150,2013,63.1
15075150,2014,13.7
15075150,2015,288.5
15075150,2016,2.4
15075150,2017,1.2
15075150,2018,61.5
15075150,2019,45.6
15075150,2020,0
15075501,2014,64.64
15075501,2015,48.47
15075501,2016,17.39
15075501,2017,26.41
15075501,2018,8.6
15075501,2019,0.4
15075501,2020,0.2
15075501,2021,1.7
15075501,2022,3.4
15075501,2023,0.5
15075501,2024,8
15079010,2017,5.3
15080070,2024,111.2
15080070,2025,13.2
15085030,2022,69.8
15085030,2023,136.9
15085030,2024,299.2
15085030,2025,96
15085050,2005,50.7
15085050,2006,49.7
15085050,2007,34.2
15085050,2008,78.9
15085050,2009,27.8
15085050,2010,27.6
15085050,2011,50.3
15085050,2012,21.2
15085050,2013,14.7
15085050,2014,20.1
15085050,2015,1.9
15085050,2016,27.2
15085050,2017,0
15085050,2018,43.9
15085050,2019,56.9
15085050,2020,6
15085050,2021,7.4
15085050,2022,0.1
15085050,2023,0.7
16015110,2005,4
16015110,2006,54.8
16015110,2007,21.5
16015110,2008,36.5
16015110,2009,45.5
16015110,2010,140.3
16015110,2011,85.1
16015110,2012,26.9
16015110,2013,28
16015110,2014,134.5
16015110,2015,34.1
16015110,2016,26
16015110,2017,29
16015110,2018,16.2
16015110,2019,31.5
16015110,2020,3.4
16015110,2022,56.7
16015110,2023,0.4
16015110,2024,31.2
16015110,2025,2.2
16015120,2011,43.5
16015120,2012,245.8
16015120,2013,274.1
16015120,2014,29.2
16015120,2015,31.7
16015120,2016,57.5
16015120,2017,44
16015120,2018,69.7
16015120,2019,36.9
16015120,2020,45.6
16015120,2021,36.1
16015120,2022,25.2
16015120,2023,17.2
16015120,2024,92.8
16015120,2025,14.8
16015130,2006,6.9
16015130,2007,48.2
16015130,2008,10.2
16015130,2009,60.4
16015130,2010,59.3
16015130,2011,43.7
16015130,2012,12.4
16015130,2013,53.9
16015130,2014,24.8
16015130,2015,33.3
16015130,2016,41.2
16015130,2017,40.6
16015130,2018,69.8
16015130,2019,44.9
16015130,2020,19.7
16015130,2021,42.2
16015130,2022,36.7
16015130,2023,0.1
16015501,2015,22.92
16015501,2016,79.06
16015501,2017,79.69
16015501,2018,78.81
16015501,2019,53.21
16015501,2020,49.56
16015501,2021,12.33
16015501,2022,296
16015501,2023,106.18
16015501,2024,160.52
16015501,2025,95.5
16015502,2016,25.7
16015502,2017,64
16015502,2018,97.1
16015502,2019,113.3
16015502,2020,56
16015502,2021,108.2
16015502,2022,126.5
16015502,2023,69.3
16017010,2019,151.2
16017010,2020,51.8
16017010,2021,84
16017010,2022,1
16017020,2023,75.8
16017020,2024,53.2
16017020,2025,0
16017030,2007,0
16017030,2008,56.9
16017030,2009,22.3
16017030,2010,80.1
16017030,2011,52.1
16017030,2012,0.6
16025040,2019,45.5
16025040,2020,129.1
16025040,2021,170.9
16025040,2022,103.5
16025040,2023,75.1
16025040,2024,334.2
16025040,2025,69.2
16025501,2016,8.8
16025501,2017,39.1
16025501,2018,73.8
16025501,2019,37.1
16025501,2021,39.7
16025501,2022,56.3
16025501,2023,38.8
16025502,2016,32.5
16025502,2017,74.9
16025502,2021,0.1
16025503,2016,27.4
16025503,2017,59.1
16025503,2018,28.3
16025503,2019,58.4
16025503,2020,61.2
16025503,2021,71
16025503,2022,55.3
16025503,2023,97.2
16027060,2019,100
16027060,2020,154
16027060,2021,163.4
16027060,2022,63.6
16027120,2013,36.9
16027120,2014,208.6
16027120,2015,84.8
16027120,2016,43.8
16027120,2017,2.6
16027120,2018,69.7
16027120,2019,50.4
16027120,2024,0.2
16027120,2025,0
16027280,2019,62.6
16027280,2020,55.8
16027280,2022,131.9
16027280,2023,32.4
16027300,2010,87.1
16027300,2011,79.6
16027300,2012,88
16027300,2013,33.9
16027300,2014,47.3
16027300,2015,75.9
16027300,2016,85.1
16027300,2017,66.7
16027300,2018,71.4
16027300,2019,45.1
16027300,2020,4.6
16027300,2021,0.3
16027300,2023,0
16027310,2022,25.2
16027310,2023,34.4
16035010,2017,42
16035010,2018,0.8
16035010,2024,4.9
16035030,2017,32.4
16035030,2018,78.2
16035030,2019,81.6
16035030,2020,73.2
16035030,2021,79.8
16035030,2022,25.2
16035030,2023,3
16035030,2024,133.6
16035030,2025,3.2
16035501,2016,19.7
16035501,2017,85.3
16035501,2018,93.5
16037030,2019,105.4
16037030,2020,37.4
16040050,2019,66.2
16040050,2020,82.4
16040050,2021,58.8
16040050,2022,88
16040050,2023,45
16047010,2019,57
16047010,2020,64.6
16047010,2021,42.2
16047010,2022,35.6
16055120,2006,6.9
16055120,2007,48.2
16055120,2008,10.2
16055120,2009,60.4
16055120,2010,59.3
16055120,2011,43.7
16055120,2016,44.5
16055120,2017,88.6
16055120,2018,73.9
16055120,2019,0.4
16055120,2020,0.4
16055120,2021,3
16055120,2022,0.3
16055120,2023,0
16055120,2024,58.2
16055120,2025,4.1
16055501,2016,54.2
16055501,2017,29.9
16055501,2018,64.9
16055501,2019,70.2
16055501,2020,44
16055501,2021,51.8
16055501,2022,49.6
16055501,2023,32.9
16057030,2006,36.7
16057030,2007,45
16057030,2008,45.7
16057030,2009,34.1
16057030,2010,36.7
16057030,2011,52.7
16057030,2012,49.1
16057030,2013,45.6
16057030,2014,48.8
16057030,2015,87.7
16057030,2016,51.2
16057030,2017,55.4
16057030,2018,42.1
16057030,2019,29.8
16057030,2020,0
16057030,2021,30.3
16057030,2022,6
16057040,2019,134.4
16057040,2020,89.8
17015010,2014,176.4
17015010,2015,68.86
17015010,2016,298.01
17015010,2017,68.95
17015010,2018,78.91
17015010,2019,73.56
17015010,2020,72.1
17015010,2021,43
17015010,2022,104
17015010,2023,153.3
17015010,2024,2537.4
17015010,2025,2763
17017001,2012,24.2
17017001,2013,86.1
17017001,2014,69.5
17017001,2015,7.5
17017001,2016,104.2
17017001,2017,24.6
17017001,2018,24
17017001,2019,10.1
17017001,2020,10.1
17019010,2016,253.2
17019010,2017,224
17019010,2018,418.9
17019010,2019,174.4
17019010,2021,55
17019010,2022,98.6
17019010,2023,0
17019010,2024,0
17019010,2025,0
17025020,2021,78
17025020,2022,67.4
17025020,2023,98.7
17025020,2024,178.6
17025020,2025,344.8
17035010,2007,60.7
17035010,2009,0
17035010,2012,0
17035010,2017,419.2
17035010,2018,557.8
17035010,2019,1543.5
17035010,2020,575.9
21015020,2024,70.8
21015020,2025,33
21015030,2019,16.2
21015030,2020,0
21015030,2021,0
21015030,2022,23.55
21015030,2023,105.18
21015030,2024,101.9
21015030,2025,104.32
21015040,2005,0
21015040,2006,21.6
21015040,2007,12.8
21015040,2008,36.9
21015040,2009,47.9
21015040,2010,46
21015040,2011,39.5
21015040,2012,39.4
21015040,2013,46.1
21015040,2014,34.7
21015040,2015,61.6
21015040,2016,129.6
21015040,2017,32.4
21015040,2018,46.3
21015040,2019,41.7
21015040,2020,25.7
21015040,2021,0.2
21015040,2022,0
21015040,2023,0
21015040,2024,172
21015040,2025,22.2
21015050,2005,52.9
21015050,2006,31.7
21015050,2007,66.9
21015050,2008,64.8
21015050,2009,53.4
21015050,2012,43.8
21015050,2013,92.3
21015050,2014,52.9
21015050,2015,46.2
21015050,2016,36.3
21015050,2017,64
21015050,2018,40.1
21015050,2019,48.9
21015050,2020,25.9
21015050,2021,59.5
21015050,2022,0
21015050,2023,0
21015060,2006,51.3
21015060,2007,53.4
21015060,2008,49.3
21015060,2009,36.5
21015060,2010,29.7
21015060,2011,12.7
21015060,2012,232
21015060,2013,47.8
21015060,2014,54.7
21015060,2015,30.6
21015060,2016,43.5
21015060,2017,54.6
21015060,2018,18.7
21015060,2019,63
21015060,2020,34
21015060,2021,43.3
21015060,2022,24.2
21015060,2023,0
21015060,2024,75.8
21015070,2005,40.4
21015070,2006,52.8
21015070,2007,60.6
21015070,2008,58.2
21015070,2009,43.6
21015070,2010,51
21015070,2011,55.5
21015070,2012,87.3
21015070,2013,35.3
21015070,2014,62.7
21015070,2015,40.6
21015070,2016,48.4
21015070,2017,51.4
21015070,2018,62
21015070,2019,61.2
21015070,2020,28.6
21015070,2021,87.2
21015070,2022,41.9
21015070,2023,46.7
21015501,2016,42.5
21015501,2017,41.6
21015501,2018,40.3
21015501,2019,57
21015502,2016,38.8
21015502,2017,57.1
21015502,2018,31.9
21015502,2019,46.8
21015502,2020,37.2
21015502,2021,26.2
21015502,2022,33.7
21015502,2023,39.8
21017030,2019,54.2
21017030,2020,38.8
21017030,2021,44.4
21017030,2022,20.4
21017030,2023,20
21017030,2024,198.8
21017030,2025,29
21017040,2006,362.9
21017040,2007,275.3
21017040,2008,513.3
21017040,2009,1257.8
21017040,2012,339.6
21017040,2013,243.6
21017040,2014,181.2
21017040,2024,57.4
21017040,2025,75.6
21017080,2006,423.1
21017080,2007,124.8
21017080,2008,605.5
21017080,2009,538.2
21017080,2013,338.4
21025030,2023,72.6
21025030,2024,92.6
21025030,2025,52.7
21035040,2023,55.6
21035040,2024,71.2
21035040,2025,47
21035501,2016,19.9
21035501,2017,28.7
21035501,2018,55.5
21035501,2019,48.8
21035501,2020,17.9
21035501,2021,36.7
21035501,2022,31.2
21037020,2019,64
21037020,2020,56.2
21037020,2021,45.6
21037020,2022,9.4
21037020,2023,3.4
21045010,2023,3.5
21045010,2024,195
21045010,2025,88.7
21045501,2016,25.7
21045501,2017,56.3
21045501,2018,28
21045501,2019,50.1
21045501,2020,41.4
21045501,2021,42
21045501,2022,51.6
21045501,2023,33.4
21047010,2006,910.4
21047010,2007,265.6
21047010,2008,1358.4
21050060,2023,39.8
21050060,2024,45.9
21050060,2025,47.8
21050090,2019,66.6
21050090,2020,71.2
21050090,2021,74.2
21050090,2022,74.4
21050090,2023,20.8
21055020,2024,77.2
21055020,2025,80.8
21055070,2005,32.6
21055070,2006,53.2
21055070,2007,56.9
21055070,2008,55.5
21055070,2009,23.6
21055070,2010,42.5
21055070,2011,46.9
21055070,2012,55.9
21055070,2013,43.8
21055070,2014,50.4
21055070,2015,43
21055070,2016,83.2
21055070,2017,49.8
21055070,2018,37.5
21055070,2019,47.8
21055070,2020,39.2
21055070,2021,0.2
21055070,2022,0.7
21055070,2023,0.1
21055501,2016,13.6
21055501,2017,81.4
21055501,2018,92.9
21055501,2019,71.6
21055501,2020,75.7
21055501,2021,53.8
21055501,2022,46.5
21055501,2023,48.9
21057030,2006,938.4
21057030,2007,533.9
21057030,2008,512.6
21057050,2006,739
21057050,2007,413.8
21057050,2008,623.5
21057050,2009,141.1
21057050,2019,54.6
21057050,2020,50.4
21057050,2021,42.8
21057050,2024,97.6
21057050,2025,44
21057060,2012,204
21057060,2019,107.4
21057060,2020,68.6
21057060,2021,51.2
21057060,2022,78.6
21057060,2023,42
21057060,2024,194
21057060,2025,90.4
21065040,2023,68.1
21065040,2024,57.7
21065040,2025,28.4
21065501,2018,63.5
21065501,2019,56.8
21065501,2020,31.9
21065501,2021,38.5
21065501,2022,33.3
21065501,2023,89.9
21085030,2024,162.8
21085030,2025,168.8
21085501,2016,44.4
21085501,2017,54.2
21085501,2018,53.4
21085501,2019,69.3
21087080,2006,125.1
21087080,2007,226.4
21087080,2008,386.5
21087080,2009,268.8
21087080,2013,0
21087080,2014,0
21087080,2015,103.5
21087080,2016,110.5
21087080,2017,472.4
21087080,2018,616.7
21087080,2019,687.9
21087080,2020,673.2
21095010,2023,18.3
21095010,2024,101
21095010,2025,4
21097070,2006,782.4
21097070,2007,208.8
21097070,2009,186.8
21097070,2010,18.7
21097070,2011,283.3
21097070,2012,630.2
21097070,2013,21.9
21097070,2014,38.5
21097070,2015,33.1
21097070,2016,17.7
21097070,2017,40.4
21097070,2018,27.1
21097070,2019,5.9
21097070,2020,32.2
21097070,2021,13.6
21097070,2022,103
21097070,2023,123
21097070,2024,48.5
21097120,2019,71.4
21097120,2020,105.8
21097120,2021,71.2
21097120,2022,82.6
21097120,2023,63.8
21097120,2024,154.4
21097120,2025,144
21105030,2019,55.8
21105030,2020,92.8
21105030,2021,56
21105030,2022,27.2
21105030,2023,6
21105030,2024,100
21105030,2025,38.4
21105040,2023,59.4
21105040,2024,147.8
21105040,2025,54.8
21105050,2023,40.9
21105050,2024,199.8
21105050,2025,96
21105501,2016,28.1
21105501,2017,38.6
21105501,2018,34
21107020,2019,86.6
21107020,2020,46.8
21107020,2021,34.8
21107020,2022,50.6
21107020,2024,2.4
21115010,2005,85.7
21115010,2006,54.9
21115010,2007,53
21115010,2008,87.3
21115010,2009,82
21115100,2023,1.6
21115100,2024,0.6
21115100,2025,0
21115160,2024,38.2
21115160,2025,90.2
21115170,2005,68.1
21115170,2006,54.3
21115170,2007,4.5
21115170,2008,46.4
21115170,2009,31.6
21115170,2010,21.1
21115170,2011,58.4
21115170,2012,47.5
21115170,2013,68.7
21115170,2014,55
21115170,2015,54.9
21115170,2016,44.6
21115170,2017,53.9
21115170,2018,36.3
21115170,2019,31.5
21115170,2020,0.4
21115170,2021,2.6
21115170,2022,20.6
21115170,2023,5.4
21115180,2005,71.8
21115180,2006,51.4
21115180,2007,68.7
21115180,2008,119.4
21115180,2009,58.2
21115180,2013,10.4
21115180,2014,50.8
21115180,2015,54.3
21115180,2016,66.7
21115180,2017,62.2
21115180,2018,63
21115180,2019,51.5
21115180,2020,44.5
21115180,2021,76.1
21115180,2022,1.1
21115180,2023,1.4
21115180,2024,218.4
21115501,2016,31.7
21115501,2017,55.8
21115501,2018,72
21115501,2019,62.4
21115501,2020,101.8
21115501,2021,65.9
21115501,2022,88.5
21115501,2023,54.3
21117100,2022,56.1
21117100,2023,36.1
21117110,2005,1.1
21117110,2012,27
21117110,2013,52
21117110,2014,71.1
21117110,2015,57.6
21117110,2016,60
21117110,2017,40.5
21117110,2018,34.3
21117110,2019,41.9
21117110,2020,15.5
21117110,2021,41.3
21117110,2022,23.4
21125010,2023,45.4
21125010,2024,93.2
21125010,2025,30.8
21127030,2019,71.4
21127030,2020,81
21127030,2021,110.2
21127030,2022,40.8
21127030,2023,45.6
21127030,2024,78
21127030,2025,107.4
21130050,2023,29.6
21130050,2024,129.8
21130050,2025,57.5
21135020,2023,126.9
21135020,2024,81.4
21135020,2025,75.9
21137010,2012,91.9
21137010,2013,76.8
21137010,2014,68.2
21137010,2015,65.7
21137010,2016,109.9
21137010,2017,364.7
21137010,2018,147.2
21137010,2019,144.7
21137010,2020,56.2
21137010,2021,0
21137010,2023,4.4
21137010,2024,0
21137030,2019,112.8
21137030,2020,75.4
21137030,2021,58.6
21137050,2011,59.4
21137050,2012,84.9
21137050,2013,53.4
21137050,2014,100
21137050,2015,77.3
21137050,2016,75.6
21137050,2017,69.3
21137050,2018,210.5
21137050,2019,201.4
21137050,2020,141.4
21137050,2021,133.6
21137050,2022,142.8
21137050,2023,71.6
21140120,2023,63.7
21140120,2024,108.6
21140120,2025,61
21145080,2019,50.2
21145080,2020,5.6
21145080,2021,0
21145080,2022,0
21145080,2024,97.2
21145080,2025,10.4
21147030,2019,56.4
21147030,2020,49.8
21147030,2021,42
21147030,2022,30
21147030,2023,77
21160260,2013,69.2
21160260,2014,109.8
21160260,2015,0.4
21160260,2016,68.3
21160260,2017,84.4
21160260,2018,53.1
21160260,2019,61
21160260,2020,59.9
21160260,2021,47.8
21160260,2022,0.3
21160260,2023,0.1
21160260,2024,0
21165501,2016,46.2
21165501,2017,107.2
21165501,2018,71.8
21165501,2019,39.6
21165501,2020,117.5
21165501,2021,65.9
21165501,2022,45.1
21165501,2023,64
21165502,2016,24.1
21165502,2017,86.1
21165502,2018,94
21165502,2019,60.7
21165502,2020,35
21167060,2013,38.3
21167060,2014,218.2
21167060,2015,87.5
21167060,2016,44.4
21167060,2017,90.4
21167060,2018,113.4
21167060,2019,54.7
21167060,2020,49.9
21167060,2021,0
21167060,2022,0
21167060,2023,0
21167080,2005,84.7
21167080,2006,64
21167080,2007,65
21167080,2008,75.9
21167080,2009,71.2
21167080,2010,93.9
21167080,2011,50.2
21167080,2012,112.2
21167080,2013,55.7
21167080,2014,47.9
21167080,2015,81.2
21167080,2016,68.4
21167080,2017,62.8
21167080,2018,24
21167080,2019,0.1
21167080,2020,0
21167090,2005,869.4
21167090,2006,652.8
21167090,2007,1261.8
21167090,2008,619.2
21185030,2023,73.1
21185030,2024,108
21185030,2025,47.5
21185080,2023,73.6
21185080,2024,125.8
21185080,2025,97.1
21185090,2005,66.6
21185090,2006,118.2
21185090,2007,62.7
21185090,2008,79.2
21185090,2009,73.6
21185090,2010,59.9
21185090,2011,65.6
21185090,2012,65.1
21185090,2013,38.7
21185090,2014,65.6
21185090,2015,2.8
21185090,2016,1.3
21185090,2017,2.2
21185090,2018,2.4
21185090,2019,18.1
21185090,2020,0.4
21185090,2021,101.9
21185090,2022,89.9
21185090,2023,17.6
21185090,2024,117.8
21185090,2025,73.4
21185501,2016,99.8
21185501,2017,46.8
21185501,2018,73.1
21185501,2019,70.5
21185501,2020,51.7
21185501,2021,65.8
21185501,2022,49.4
21185501,2023,54.5
21187030,2019,97.6
21187030,2020,84.2
21187030,2021,126
21187030,2022,0.4
21187030,2023,0
21195120,2019,65
21195120,2020,75.8
21195120,2021,57.2
21195120,2022,94.6
21195120,2023,52.4
21195120,2024,102.8
21195120,2025,58.6
21195160,2006,33
21195160,2007,43.4
21195160,2008,54.5
21195160,2009,31.4
21195160,2010,42.2
21195160,2011,74.9
21195160,2012,2.9
21195170,2005,0.3
21195170,2006,26.8
21195170,2007,26.9
21195170,2008,32.6
21195170,2009,33.6
21195170,2010,44.6
21195170,2011,52.4
21195170,2012,39.3
21195170,2013,48.5
21195170,2014,40.3
21195170,2015,22.9
21195170,2016,48
21195170,2017,31.1
21195170,2018,28.7
21195170,2019,34.7
21195170,2020,29.5
21195170,2021,30.7
21195170,2022,22.4
21195170,2023,30.4
21195170,2024,48.6
21195170,2025,19.4
21195190,2005,17.6
21195190,2006,58.3
21195190,2007,36.7
21195190,2008,29.9
21195190,2009,21.3
21195190,2010,48.5
21195190,2011,56.2
21195190,2012,26.9
21195190,2013,43.9
21195190,2014,24.1
21195190,2015,20.9
21195190,2016,34
21195190,2017,30.5
21195190,2018,28.4
21195190,2019,19.4
21195190,2020,20.9
21195190,2021,30.6
21195190,2022,46.9
21195190,2023,29.7
21195501,2016,33.5
21195501,2017,25.5
21195501,2018,39.1
21195501,2019,50.7
21195501,2020,92.3
21195502,2015,46.2
21195502,2016,43.2
21195502,2017,60.9
21195502,2018,35.4
21195502,2019,34.7
21195502,2020,46.9
21195502,2021,49.5
21197010,2005,25.4
21197010,2009,27.3
21197010,2010,60.7
21197010,2011,43.2
21197010,2013,49
21197010,2014,35.8
21197010,2015,62
21197010,2016,40.6
21197010,2017,24.9
21197010,2018,37.8
21197010,2019,34.8
21197010,2020,12.6
21197010,2021,44.8
21197010,2022,28.4
21197010,2023,3.1
21197010,2024,53.8
21197010,2025,42.4
21197030,2019,37.2
21197030,2020,33.4
21197080,2019,84.6
21197080,2020,0
21197080,2022,48
21197080,2023,54.8
21197430,2006,89.7
21197430,2007,23
21197430,2008,76
21197430,2009,103.2
21197430,2010,44.6
21197430,2011,6.7
21197430,2012,73.5
21197430,2013,43.4
21197430,2015,33.4
21197430,2016,451
21197430,2017,173.5
21197430,2018,319.8
21201200,2008,18.4
21201200,2009,14.6
21201200,2010,30.8
21201200,2011,49.8
21201200,2012,24.8
21201200,2013,32.7
21201200,2014,18.9
21201200,2015,13.4
21201200,2016,25.5
21201200,2023,0
21201200,2024,20.2
21201200,2025,23.8
21201580,2015,10.9
21201580,2016,18.6
21201580,2023,0
21201580,2024,29.4
21201580,2025,36.9
21201980,2007,49.8
21201980,2008,16.5
21201980,2009,26.7
21201980,2010,35.1
21201980,2011,43.7
21201980,2012,37.7
21201980,2013,49.8
21201980,2014,29.9
21201980,2015,20.1
21201980,2016,26.6
21201980,2023,0
21201980,2024,172.4
21201980,2025,19.7
21202170,2008,26.7
21202170,2009,22.6
21202170,2010,31.6
21202170,2011,21.9
21202170,2012,31.4
21202170,2013,21.5
21202170,2014,24.8
21202170,2015,6.8
21202170,2016,22.5
21202180,2008,29.8
21202180,2009,28.6
21202180,2010,33
21202180,2011,27.9
21202180,2012,22.7
21202180,2013,20.9
21202180,2014,22.3
21202180,2015,15.3
21202180,2016,19.7
21202180,2023,0
21202180,2024,27
21202180,2025,24.2
21202190,2023,1.2
21202190,2024,28
21202190,2025,35
21202200,2008,44.4
21202200,2009,33.2
21202200,2010,43.3
21202200,2011,45
21202200,2012,43.6
21202200,2013,94.4
21202200,2014,22.4
21202200,2015,24.7
21202200,2016,14.1
21202210,2012,16.8
21202210,2013,43.9
21202210,2014,33.1
21202210,2015,24.3
21202210,2016,41.9
21202220,2008,74.8
21202220,2009,51.6
21202220,2010,57.4
21202220,2011,51.3
21202220,2012,37.8
21202220,2013,64.2
21202220,2014,42
21202220,2015,25.3
21202220,2016,19.4
21202220,2023,0.9
21202220,2024,52
21202220,2025,44.6
21202230,2008,33.5
21202230,2009,25.3
21202230,2010,36.9
21202230,2011,27.4
21202230,2012,16.9
21202230,2013,31.3
21202230,2014,21.1
21202230,2015,9.1
21202230,2016,19.9
21202230,2023,1
21202230,2024,23.6
21202230,2025,26.2
21202240,2008,36.1
21202240,2009,56.8
21202240,2010,73.1
21202240,2011,63
21202240,2012,55.1
21202240,2013,72.3
21202240,2014,55.6
21202240,2015,33
21202240,2016,22.9
21202240,2023,0.3
21202240,2024,55.6
21202240,2025,39.6
21202250,2008,35.2
21202250,2009,31.7
21202250,2010,28.3
21202250,2011,28.6
21202250,2012,17.3
21202250,2013,20.7
21202250,2014,15.2
21202250,2015,11.4
21202250,2016,13.4
21202250,2023,1.2
21202250,2024,32
21202250,2025,23.3
21202270,2013,23.5
21202270,2015,739.3
21202270,2016,58.4
21202270,2017,39.1
21205012,2010,32.6
21205012,2011,31.6
21205012,2012,32.6
21205012,2013,41.4
21205012,2014,35.1
21205012,2015,58.3
21205012,2016,45.5
21205012,2017,43.4
21205012,2018,31.2
21205012,2019,30.7
21205012,2020,41.5
21205012,2021,31.7
21205012,2022,31.4
21205012,2023,142
21205012,2024,52.8
21205012,2025,31.2
21205420,2024,70.8
21205420,2025,22.2
21205501,2016,30.9
21205501,2017,32.7
21205501,2018,33
21205502,2016,64.5
21205502,2017,48.2
21205502,2018,53.8
21205502,2019,68.3
21205502,2020,45.5
21205502,2021,55.2
21205502,2022,39.8
21205502,2023,66.1
21205503,2015,1.7
21205503,2016,63.8
21205503,2017,54
21205503,2018,44.9
21205503,2019,44.4
21205503,2020,42.2
21205503,2021,55
21205505,2015,10.7
21205505,2016,40.6
21205505,2017,26.3
21205505,2018,40.2
21205505,2019,22.4
21205505,2020,43.3
21205505,2021,24.7
21205506,2015,11.8
21205506,2016,44.1
21205506,2017,48.6
21205506,2018,34.4
21205506,2019,30
21205506,2020,36
21205506,2021,27.4
21205507,2015,42.2
21205507,2016,44.8
21205507,2017,40.8
21205507,2018,46.1
21205507,2019,45.4
21205507,2020,50.9
21205507,2021,42.3
21205660,2018,47
21205660,2019,99
21205660,2020,41.6
21205660,2021,68.6
21205660,2022,69.4
21205660,2023,45
21205660,2024,104.8
21205660,2025,108.8
21205670,2023,61.6
21205670,2024,62.6
21205670,2025,84.4
21205700,2024,40.6
21205700,2025,29.2
21205710,2017,31.4
21205710,2018,49.1
21205710,2019,53.6
21205710,2020,46.1
21205710,2021,47
21205710,2022,60.3
21205710,2023,47.7
21205710,2024,51.2
21205710,2025,29.6
21205791,2014,31.1
21205791,2015,49.2
21205791,2016,31.2
21205791,2017,40.4
21205791,2018,37.83
21205791,2019,47.87
21205791,2020,38.1
21205791,2021,85.3
21205791,2022,28.01
21205791,2023,36.54
21205791,2024,61.606
21205791,2025,274.316
21205910,2019,36.6
21205910,2020,27
21205910,2021,27.6
21205910,2022,39.8
21205910,2023,17.6
21205910,2024,72.4
21205910,2025,41.2
21205940,2019,54
21205940,2020,29.8
21205940,2021,30
21205940,2022,43
21205940,2023,35.4
21205940,2024,35.2
21205940,2025,22
21205970,2022,0
21205970,2023,6.8
21205970,2024,74.8
21205970,2025,38.3
21206280,2019,31.8
21206280,2020,39.4
21206280,2021,46
21206280,2022,39.8
21206280,2023,34
21206280,2024,22.6
21206280,2025,35.1
21206560,2023,625.5
21206560,2024,69.2
21206560,2025,38.4
21206600,2008,462.4
21206600,2009,511.2
21206600,2010,345.6
21206600,2012,195.8
21206600,2013,110.5
21206600,2014,72.5
21206600,2015,38
21206600,2016,76.7
21206600,2017,24.3
21206600,2018,26.6
21206600,2019,31
21206600,2020,22.8
21206600,2021,21.6
21206600,2022,43
21206600,2023,43.4
21206600,2024,105.4
21206600,2025,52.8
21206620,2017,1.2
21206780,2012,23.4
21206780,2013,45.2
21206780,2014,446.4
21206780,2015,14.5
21206780,2016,9.4
21206780,2023,0.2
21206780,2024,38.2
21206780,2025,29.3
21206790,2005,23
21206790,2006,23.8
21206790,2007,39.8
21206790,2008,22.6
21206790,2009,29.5
21206790,2010,42
21206790,2011,28.2
21206790,2012,51.7
21206790,2013,42.4
21206790,2014,38.5
21206790,2015,43.1
21206790,2016,25.5
21206790,2017,27.9
21206790,2018,26.3
21206790,2019,38.5
21206790,2020,32.3
21206790,2021,38.2
21206790,2022,28.7
21206790,2024,0.1
21206810,2008,50.3
21206810,2009,20.6
21206810,2010,6.1
21206810,2011,32.4
21206810,2012,26.8
21206810,2013,35.3
21206810,2014,23.4
21206810,2015,13.7
21206810,2016,17.2
21206810,2023,0.2
21206810,2024,42.2
21206810,2025,28.7
21206890,2012,35.3
21206890,2013,49.1
21206890,2014,44.7
21206890,2015,50.3
21206890,2016,26.6
21206890,2023,0.3
21206890,2024,104.4
21206890,2025,36.3
21206900,2011,27.3
21206900,2012,43.7
21206900,2015,16.4
21206900,2016,24.6
21206900,2024,29.4
21206900,2025,31.2
21206920,2007,27.2
21206920,2008,29.2
21206920,2009,15.9
21206920,2010,25.3
21206920,2011,28.5
21206920,2012,159.7
21206920,2013,26.7
21206920,2014,28.6
21206920,2015,25.3
21206920,2016,22
21206920,2017,28.4
21206920,2018,19.3
21206920,2019,30.9
21206920,2020,13.9
21206920,2021,20
21206920,2022,34.9
21206920,2023,44.8
21206930,2005,211
21206930,2006,34.4
21206930,2007,24.1
21206930,2008,36.4
21206930,2009,19.4
21206930,2010,36.8
21206930,2011,29.3
21206930,2012,50.1
21206930,2013,34.2
21206930,2014,28.8
21206930,2015,41.7
21206930,2016,35
21206930,2017,35.6
21206930,2018,24.3
21206930,2019,29.8
21206930,2020,35.2
21206930,2021,32.6
21206930,2022,40.2
21206930,2023,24.3
21206940,2004,10.7
21206940,2005,26.8
21206940,2006,119.9
21206940,2007,26.5
21206940,2008,31.2
21206940,2009,32.3
21206940,2010,37.1
21206940,2011,18.2
21206940,2012,29.8
21206940,2013,41.3
21206940,2014,27.6
21206950,2005,19.8
21206950,2006,36.3
21206950,2007,36.4
21206950,2008,28.4
21206950,2009,26
21206950,2010,29.1
21206950,2011,49.7
21206950,2012,35.6
21206950,2013,25
21206950,2014,29.2
21206950,2015,35.1
21206950,2016,50.7
21206950,2017,27.9
21206950,2018,24.8
21206950,2019,47.7
21206950,2020,22.5
21206950,2021,39.9
21206950,2022,0
21206960,2008,73.5
21206960,2009,49.4
21206960,2010,37.6
21206960,2011,39.5
21206960,2012,27.7
21206960,2013,46.1
21206960,2014,32.8
21206960,2015,19.1
21206960,2016,28.2
21206960,2017,34.8
21206960,2018,29.3
21206960,2019,35.4
21206960,2020,31.7
21206960,2021,40.6
21206960,2022,21.2
21206960,2023,20
21206980,2005,40.5
21206980,2006,37.6
21206980,2007,37.5
21206980,2008,34.1
21206980,2009,29.2
21206980,2010,31.1
21206980,2012,50.8
21206980,2013,36.1
21206980,2014,35.4
21206980,2015,28.2
21206980,2016,59.8
21206980,2017,24.4
21206980,2018,43.8
21206980,2019,19.1
21206980,2020,19.2
21206980,2021,9
21206980,2022,24.3
21206980,2023,24.2
21206990,2005,40.5
21206990,2006,29.7
21206990,2007,34.2
21206990,2008,22
21206990,2009,45.5
21206990,2010,51
21206990,2011,35.6
21206990,2012,32.3
21206990,2013,17.6
21206990,2014,11.6
21206990,2015,12.1
21206990,2016,22.2
21206990,2017,29.4
21206990,2018,10.3
21206990,2019,14.4
21206990,2020,22
21206990,2021,24.6
21206990,2022,67.1
21206990,2023,29.5
21206990,2024,0.2
21207702,2015,76.2
21207702,2016,65.9
21207702,2017,40.4
21207702,2018,39.3
21207702,2019,39.5
21207702,2020,42.4
21207702,2021,43.8
21207714,2015,17.3
21207714,2016,580.9
21207714,2017,41
21207714,2018,19.8
21207714,2019,24
21207714,2020,24.5
21207714,2021,14
21208480,2012,6.1
21208480,2013,8.9
21208480,2014,6.9
21208480,2015,4.1
21208480,2016,12.3
21208480,2023,1
21208480,2024,31.4
21208480,2025,27.8
21209170,2015,46.9
21209170,2016,30.7
21209170,2017,26.8
21209170,2018,21.4
21209170,2019,19.2
21209170,2020,23.3
21209170,2021,23.4
21209200,2019,168.8
21209200,2020,84.6
21209200,2021,64.2
21209200,2022,10.5
21209200,2023,29.4
21209200,2024,54.8
21209200,2025,0
21209920,2005,28
21209920,2006,23
21209920,2007,37.3
21209920,2008,43.2
21209920,2009,34.1
21209920,2010,42.7
21209920,2011,42.6
21209920,2012,64.1
21209920,2013,16.3
21209920,2014,15.6
21209920,2015,13.9
21209920,2016,11.1
21209920,2017,9.7
21209920,2018,13.4
21209920,2019,13.1
21209920,2020,20
21209920,2021,13.9
21209920,2022,19.4
21209920,2023,13.9
21209920,2024,104.4
21209920,2025,27.6
21215160,2005,39
21215160,2006,59.2
21215160,2007,47.2
21215160,2008,66
21215160,2009,95.4
21215160,2010,62.8
21215160,2011,80.4
21215160,2012,68.8
21215160,2013,55.3
21215160,2014,56.8
21215160,2015,151.1
21215160,2016,53.7
21215160,2017,65.7
21215160,2018,66.1
21215160,2019,75.5
21215160,2020,0
21215160,2021,77.6
21215160,2022,83.4
21215160,2023,32
21215160,2024,10.8
21215160,2025,0
21215170,2005,42.6
21215170,2006,64.8
21215170,2007,70.9
21215170,2008,76.9
21215170,2009,50.2
21215170,2010,42.9
21215180,2006,35.4
21215180,2007,69.9
21215180,2008,103.1
21215180,2009,55.7
21215180,2010,70.8
21215180,2011,60.8
21215180,2012,55.3
21215180,2013,48.7
21215180,2014,114
21215180,2015,59.9
21215180,2016,28.7
21215180,2017,53.5
21215180,2018,66
21215180,2019,47.2
21215180,2020,44.7
21215180,2021,29.1
21215180,2022,0.7
21215180,2024,73.4
21215180,2025,0.2
21215190,2006,13.7
21215190,2007,19
21215190,2008,27.3
21215190,2009,32.2
21215190,2010,32.4
21215190,2011,34.7
21215190,2012,36.8
21215190,2013,35.7
21215190,2014,32.1
21215190,2015,42.5
21215190,2016,37.2
21215190,2017,46.3
21215190,2018,33.5
21215190,2019,47.1
21215190,2020,20.2
21215190,2021,31.6
21215190,2022,31.1
21215190,2023,40.5
21215190,2024,44
21215190,2025,32.4
21215501,2016,76.1
21215501,2017,86
21215501,2018,76.3
21215501,2019,80.8
21215501,2020,60.4
21215501,2021,54
21215501,2022,51.5
21215501,2023,57.9
21217180,2013,183.5
21217180,2014,93.5
21217180,2015,70.5
21217180,2016,66
21217180,2017,249.8
21217180,2018,9.4
21217180,2019,68
21217180,2020,2.5
21217180,2024,148
21217180,2025,102
21217200,2019,66.6
21227010,2018,45.4
21227010,2019,53.4
21227010,2023,8.6
21227010,2024,37.2
21227010,2025,13.27
21235030,2005,39.3
21235030,2006,39
21235030,2007,38.2
21235030,2008,42.3
21235030,2009,47.4
21235030,2010,45.6
21235030,2011,108
21235030,2012,89.2
21235030,2013,62.1
21235030,2014,59.7
21235030,2015,54.2
21235030,2016,34.6
21235030,2017,35.5
21235030,2018,43.7
21235030,2019,112.7
21235030,2020,24.2
21235030,2021,18.4
21235030,2022,10.7
21235030,2023,25.3
21235030,2024,79.2
21235030,2025,86.2
21237010,2004,65.7
21237010,2005,0.9
21237010,2008,62.8
21237010,2009,39.6
21237010,2010,58.8
21237010,2011,53.4
21237010,2015,295.4
21237010,2016,107.3
21237010,2017,83.4
21237010,2018,1964.6
21237010,2019,492.6
21237010,2020,94.7
21237010,2021,1637.7
21237010,2022,11.5
21237010,2023,6.6
21237010,2024,29.6
21237020,2011,58.5
21237020,2012,57.5
21237020,2013,129.8
21237020,2014,68.2
21237020,2015,72.2
21237020,2016,74.5
21237020,2017,103.2
21237020,2018,69.1
21237020,2019,89.7
21237020,2020,53
21237020,2021,67.7
21237020,2022,67.5
21237020,2023,0
21245140,2025,67.4
21255090,2023,14.4
21255090,2024,69.4
21255090,2025,67.9
21255160,2005,64.2
21255160,2006,54.8
21255160,2007,73.3
21255160,2008,48.3
21255160,2009,99.3
21255160,2010,84.2
21255160,2011,25.3
21255160,2012,571.4
21255160,2013,178.8
21255160,2014,61.9
21255160,2015,76.3
21255160,2016,51.8
21255160,2017,75.1
21255160,2018,84.9
21255160,2019,2.4
21255160,2020,0
21255160,2021,133.1
21255160,2022,59.4
21255160,2023,0
21255170,2005,33.4
21255170,2006,37.8
21255170,2007,29.4
21255170,2008,26.8
21255170,2009,92.5
21255170,2010,51.7
21255170,2011,65.6
21255170,2012,49.4
21255170,2013,230
21255170,2014,56.6
21255170,2015,14.1
21255170,2016,26.7
21255170,2017,67.5
21255170,2018,28.8
21255170,2019,45.6
21255170,2020,16.6
21255170,2024,26.4
21255170,2025,30.6
21255501,2016,39.6
21255501,2018,57.9
21255501,2019,53.5
21255501,2020,82.6
21255501,2021,59.8
21255501,2022,102.9
21255501,2023,98.6
21257070,2019,46.8
21257070,2020,53
21257090,2019,117.6
21257090,2020,87.2
21257090,2021,45.4
21257090,2022,56.6
21257090,2023,6.6
21257100,2019,95.4
21257100,2020,103.4
21257100,2021,0.4
21257100,2022,41.4
21257100,2023,0
21257100,2024,69.2
21257100,2025,81.6
21257120,2005,88
21257120,2006,467.9
21257120,2007,78.1
21257120,2008,66.7
21257120,2009,88.4
21257120,2010,145.8
21257120,2011,126.7
21257120,2012,9.7
21257120,2013,153
21257120,2014,122.2
21257120,2015,45.2
21257120,2016,35.6
21257120,2017,43.7
21257120,2018,43.1
21257120,2019,45
21257120,2022,0
21257120,2023,0
22017020,2024,153.2
22017020,2025,94
22020020,2023,31.2
22020020,2024,46.6
22020020,2025,46.2
22025501,2016,0.1
22025501,2017,20
22025501,2018,63.1
22025501,2019,79.1
22025501,2020,83
22025501,2021,77.4
22025501,2022,62.6
22025501,2023,69.2
22045010,2019,82.2
22045010,2020,90
22045010,2021,52.4
22045010,2024,134.8
22045010,2025,81
22045502,2016,38.6
22045502,2017,49.5
22045502,2018,47.4
22045502,2019,43
22045502,2020,61.9
22045502,2021,67.1
22045502,2022,61.3
22045502,2023,56.6
22055020,2023,69.6
22055020,2024,144.2
22055020,2025,110.8
22057010,2005,175
22057010,2006,57.9
22057010,2007,80.1
22057010,2008,75.9
22057010,2009,49.8
22057010,2010,71.1
22057010,2011,63.4
22057010,2012,82.9
22057010,2013,327.1
22057010,2014,125.7
22057010,2015,54
22057010,2016,70.7
22057010,2017,51
22057010,2018,59.7
22057010,2019,72.3
22057010,2020,61.7
22057010,2021,80.1
22057010,2022,29.6
22057010,2023,43.1
22057060,2019,93.4
22057060,2020,81.4
22057060,2021,75.8
22057060,2022,49.4
22065040,2023,43.5
22065040,2024,46.7
22065040,2025,0
22070030,2023,31.7
22070030,2024,72.8
22070030,2025,51.2
22075050,2009,14.6
22075050,2010,35.7
22075050,2011,34.6
22075050,2012,25.3
22075050,2013,36.9
22075050,2014,32.4
22075050,2015,29
22075050,2016,28.8
22075050,2017,30.2
22075050,2018,23
22075050,2019,25.1
22075050,2020,0
22075050,2021,0
22075050,2022,0
22077030,2024,108.2
22077030,2025,40.2
22077050,2019,72.8
22077050,2020,76.8
22077050,2021,64.2
22077050,2022,0
23015501,2016,15
23015501,2017,35.2
23015501,2018,86.9
23015501,2019,180
23015501,2020,59.2
23017040,2014,151.5
23017040,2015,48.1
23017040,2016,65.2
23017040,2017,75.8
23017040,2018,63.9
23017040,2019,27.7
23017040,2020,2.7
23017040,2024,23.8
23017040,2025,130.6
23020080,2017,14
23025040,2023,101.6
23025040,2024,237.6
23025040,2025,118.8
23025501,2016,61.2
23025501,2017,85.5
23025501,2018,110.8
23025501,2019,89.1
23025501,2020,68.6
23025501,2021,69.9
23025501,2022,51.1
23025501,2023,66.2
23025502,2016,28.6
23025502,2017,16.7
23025502,2018,44.2
23025502,2019,39
23025502,2020,30.1
23025502,2021,46.9
23025502,2022,33.3
23025502,2023,34.5
23035030,2005,50.2
23035030,2006,140.7
23035030,2007,94.7
23035030,2008,114.1
23035030,2009,77.9
23035030,2010,112.7
23035030,2011,178.9
23035030,2012,104.7
23035030,2013,98.6
23035030,2014,71.6
23035030,2015,42.1
23035030,2016,106.7
23035030,2017,51.3
23035030,2018,69
23035030,2019,64.4
23035030,2020,37
23035030,2024,152.2
23035030,2025,79.1
23037010,2005,53.4
23037010,2006,32.1
23037010,2007,85.6
23037010,2008,85.6
23037010,2011,37.6
23037010,2013,78.3
23037010,2014,86.9
23037010,2015,18.2
23037010,2016,45
23037010,2017,42
23037010,2018,10.5
23037010,2019,8.4
23037010,2020,3.5
23037010,2021,68.6
23037010,2022,0.4
23037010,2023,0.2
23037010,2024,0.4
23037010,2025,0.4
23050420,2007,164.7
23050420,2008,94.1
23050420,2009,106.2
23050420,2010,115.3
23050420,2011,120.2
23050420,2012,76.5
23050420,2013,103.3
23050420,2014,87.9
23050420,2015,42.9
23050420,2016,59.7
23050420,2017,27.1
23050420,2018,2168.8
23050420,2019,7.5
23050420,2020,0
23050420,2021,0
23050420,2022,0
23050420,2024,140.4
23050420,2025,228.4
23055501,2016,55.7
23055501,2017,104
23055501,2018,135.4
23055501,2019,85.6
23055502,2016,132.5
23055502,2017,79.9
23055502,2018,95.1
23055502,2019,83.8
23055502,2020,103.1
23055502,2021,160.6
23055502,2022,118.8
23055502,2023,81.2
23057140,2006,0
23057140,2007,72.9
23057140,2008,61.7
23057140,2009,94.4
23057140,2010,128.9
23057140,2011,144.2
23057140,2012,80.2
23057140,2013,104.2
23057140,2024,17.8
23057140,2025,7.1
23065110,2019,117.2
23065110,2020,117.8
23065110,2021,119.4
23065110,2022,80.2
23065110,2023,58.4
23065120,2023,39.8
23065120,2024,69.4
23065120,2025,57.8
23065180,2005,65.7
23065180,2006,54.7
23065180,2007,40.8
23065180,2008,53.1
23065180,2009,56.1
23065180,2010,76.8
23065180,2011,82
23065180,2012,79.6
23065180,2013,53
23065180,2014,127.9
23065180,2015,11.6
23065180,2016,60
23065180,2017,71.7
23065180,2018,74.8
23065180,2019,50.1
23065180,2020,17.1
23065180,2021,2.7
23065180,2022,39.6
23065180,2023,6.7
23065180,2024,149.6
23065180,2025,168.3
23065190,2005,75.3
23065190,2006,69.8
23065190,2007,38.9
23065190,2008,0
23065190,2009,0.5
23065190,2010,58.8
23065190,2011,54.2
23065190,2012,41.1
23065190,2013,367.4
23065190,2014,322.1
23065190,2015,56.8
23065190,2016,33.7
23065190,2017,43
23065190,2018,37.8
23065190,2019,2.3
23065190,2020,0
23065190,2021,0.2
23065190,2022,52.8
23065190,2023,88.4
23065190,2024,0.8
23065190,2025,8.9
23065501,2016,16.6
23065501,2017,54.5
23065501,2018,65.2
23065501,2019,60.5
23065501,2020,43.6
23065501,2021,46.8
23065502,2016,25.8
23065502,2017,41.7
23065502,2018,54.1
23065502,2019,62.4
23065502,2020,6.3
23065503,2016,22.5
23065503,2017,92.3
23065503,2018,89.7
23065503,2019,49.9
23065504,2015,22.9
23065504,2016,47.4
23065504,2017,41.2
23065504,2018,33
23065504,2019,24.4
23065504,2020,39.1
23065504,2021,53
23065505,2015,42.5
23065505,2016,70.6
23065505,2017,79.9
23065505,2018,51.8
23065505,2019,56.4
23065505,2020,35.8
23065505,2021,41.3
23067020,2018,2.4
23067020,2019,49
23067020,2020,66.4
23067020,2022,0
23067020,2023,0
23067040,2019,142.8
23067040,2020,112.4
23067040,2021,101.6
23067040,2022,116.4
23067040,2023,55.6
23067040,2024,206
23067040,2025,60.8
23067050,2024,114.6
23067050,2025,44.8
23067060,2014,62.8
23067060,2015,66.5
23067060,2016,11.3
23067060,2017,26.9
23067060,2018,83.8
23067060,2019,61.8
23067060,2020,55.8
23067060,2021,39.1
23067060,2022,43.2
23067060,2023,7.4
23067060,2024,56.8
23067060,2025,2
23067070,2019,64.2
23067070,2020,78.8
23067070,2021,53.6
23067070,2022,46
23067070,2023,33
23067070,2024,10.8
23067070,2025,13.6
23067080,2019,53.4
23085080,2019,177
23085080,2020,97
23085080,2021,64.8
23085080,2022,58.6
23085080,2023,0
23085080,2024,64.4
23085080,2025,74.2
23085160,2024,82.8
23085160,2025,48.4
23085220,2024,133.8
23085220,2025,154.4
23085260,2005,46.1
23085260,2006,32
23085260,2012,56.5
23085260,2013,107.2
23085260,2014,40.6
23085260,2015,39.8
23085260,2016,14.6
23085260,2017,24.1
23085260,2018,34.1
23085260,2019,62.3
23085260,2020,30
23085260,2021,51.2
23085260,2022,0
23085260,2023,0
23085260,2024,6
23085260,2025,0
23085270,2014,118.96
23085270,2015,27.39
23085270,2016,37.6
23085270,2017,52.857
23085270,2018,51.916
23085270,2019,29.783
23085270,2020,23.955
23085270,2021,48.124
23085270,2022,69.729
23085270,2023,39.149
23085270,2024,137.6
23085270,2025,111.6
23085501,2016,60.4
23085501,2017,89.2
23085501,2018,87
23085501,2019,140.1
23085501,2020,107
23085501,2021,92.2
23085501,2022,64.6
23085501,2023,90.7
23087150,2018,21.4
23087150,2019,48.2
23087150,2020,57
23087150,2021,63
23087150,2022,53.6
23087150,2023,11.2
23087150,2024,50.8
23087150,2025,50.4
23087160,2019,41.4
23087160,2020,46
23087160,2021,0
23087190,2019,141.6
23087190,2020,67.4
23087190,2021,0
23087190,2022,53.4
23087210,2007,86.9
23087210,2008,26.5
23087210,2009,0
23087210,2010,66.3
23087210,2011,149.8
23087210,2012,91.5
23087210,2013,67
23087210,2014,47.4
23087210,2015,63
23087210,2016,56.8
23087210,2017,80.5
23087210,2018,135.5
23087210,2019,168.6
23087210,2020,25.2
23087210,2021,0
23087210,2022,0
23087230,2019,115.8
23087230,2020,108
23087230,2021,87.8
23087230,2022,84.2
23087230,2023,17.8
23087660,2019,49.6
23087660,2020,28.8
23087670,2024,70.2
23087670,2025,64.5
23097030,2017,91.6
23097030,2018,75.4
23097030,2019,106.4
23097030,2020,0
23097030,2021,0
23097030,2022,0
23097030,2023,64.9
23097030,2024,49.7
23097030,2025,0
23105030,2024,21.8
23105030,2025,12.6
23105060,2006,35.3
23105060,2007,80.6
23105060,2008,60
23105060,2009,87.3
23105060,2010,75.2
23105060,2011,3.9
23105060,2012,45
23105060,2013,0.9
23105060,2014,38.4
23105060,2015,90.5
23105060,2016,62.8
23105060,2017,24.1
23105060,2018,64.8
23105070,2006,41.3
23105070,2007,63.1
23105070,2008,42
23105070,2009,103.4
23105070,2010,62.4
23105070,2011,78.1
23105070,2012,46.2
23105070,2013,68.1
23105070,2014,39.8
23105070,2015,17.2
23105070,2016,1.6
23105070,2017,22.4
23105070,2018,20.5
23105070,2019,154.5
23105070,2020,75
23105070,2021,6.4
23105070,2022,45
23105070,2023,0
23105070,2024,0.2
23105070,2025,0
23107020,2019,111.6
23107020,2020,125.2
23107020,2021,89.8
23107020,2022,0
23115010,2022,34.584
23115010,2023,13.38
23115010,2024,2.532
23115010,2025,40.036
23117030,2008,0
23117030,2009,23.4
23117030,2010,25.6
23117030,2011,0
23117030,2012,0
23117030,2013,18.8
23117030,2014,0
23117030,2018,143
23117030,2019,124.8
23117030,2020,2.2
23125080,2024,157.4
23125080,2025,155.2
23125100,2024,50
23125100,2025,75.8
23125120,2024,193.4
23125120,2025,149.6
23125140,2018,52
23125140,2019,92
23125140,2020,96.8
23125140,2021,129.4
23125140,2023,37.8
23125160,2005,68.9
23125160,2006,40
23125160,2007,148.4
23125160,2008,63.3
23125160,2009,54.1
23125160,2010,77.4
23125160,2011,79.1
23125160,2012,103.1
23125160,2013,57.5
23125160,2014,64.5
23125160,2015,70.9
23125160,2016,74.9
23125160,2017,90.3
23125160,2018,66.4
23125160,2019,92.5
23125160,2020,114.7
23125160,2021,56
23125160,2022,45.2
23125170,2005,39
23125170,2006,53.4
23125170,2008,39.6
23125170,2009,47.9
23125170,2010,22.3
23125170,2012,56.8
23125170,2013,64.6
23125170,2014,63.4
23125170,2015,28.8
23125170,2016,37.3
23125170,2017,38
23125170,2018,42
23125170,2019,0
23125170,2020,41.9
23125170,2021,29.4
23125170,2022,4.9
23125170,2024,88.2
23125170,2025,16
23125501,2016,33.9
23125501,2017,78.7
23125501,2018,63.3
23125501,2019,53.1
23125501,2020,77.3
23125501,2021,68.4
23125501,2022,41.9
23125501,2023,35.9
23127020,2009,70.6
23127020,2010,84.4
23127020,2011,281.1
23127020,2012,8576.4
23127020,2013,86.6
23127020,2014,76.1
23127020,2015,74.6
23127020,2016,45.6
23127020,2017,101.3
23127020,2018,73.1
23127020,2019,63.5
23127020,2020,0.8
23127020,2024,10.4
23127020,2025,11
23127050,2024,158.2
23127050,2025,194
23127060,2019,55.4
23127060,2020,67.4
23127060,2021,41.4
23127060,2022,9.4
23127060,2025,0
23145501,2016,45.6
23145501,2024,128
23145501,2025,86
23147020,2024,118
23147020,2025,97.6
23155030,2022,108.639
23155030,2023,91.217
23155030,2024,199.04
23155030,2025,139.689
23157030,2007,70.5
23157030,2008,27.5
23157030,2009,75.5
23157030,2010,133.3
23157030,2011,84.5
23157030,2012,45.8
23157030,2013,195.8
23157030,2014,104.2
23157030,2015,58.6
23157030,2016,86.8
23157030,2017,29.3
23157030,2018,60
23157050,2017,20
23175020,2024,161.8
23175020,2025,150.6
23180070,2017,47.2
23180070,2018,34.6
23180070,2019,140.8
23180070,2020,90.2
23180070,2021,125.4
23180070,2022,127.4
23180070,2023,66.8
23180070,2024,364.4
23180070,2025,80.8
23190130,2019,55.6
23190130,2020,44.8
23190130,2021,33.6
23190130,2022,33.2
23190130,2023,35.6
23190130,2024,98.8
23190130,2025,53
23190380,2024,317.4
23190380,2025,87.9
23190440,2024,123.2
23190440,2025,81.7
23190600,2024,2.6
23190600,2025,0.6
23190700,2017,15.8
23190700,2018,63.4
23190700,2019,88.2
23190700,2020,56.6
23190700,2021,37.8
23190700,2022,79.6
23190700,2023,51.8
23190700,2024,49.6
23190700,2025,60
23195040,2022,5.6
23195040,2024,12.4
23195040,2025,83.9
23195090,2017,19.6
23195090,2018,87.2
23195090,2019,37.2
23195090,2020,37.8
23195090,2021,40.4
23195090,2022,33.4
23195090,2023,1
23195090,2024,13.8
23195090,2025,0
23195110,2019,67.2
23195110,2020,34.1
23195110,2021,47.1
23195110,2023,23.5
23195110,2024,81.4
23195110,2025,56.2
23195190,2005,39
23195190,2006,53.4
23195190,2007,29.4
23195190,2008,39.6
23195190,2009,20.9
23195190,2010,90.9
23195190,2011,78.5
23195190,2012,59.7
23195190,2013,89.8
23195190,2014,55.6
23195200,2019,34.1
23195200,2020,48.2
23195200,2021,40.4
23195200,2022,30.8
23195200,2023,19
23195200,2024,104.2
23195200,2025,32.2
23195230,2005,80.7
23195230,2006,48.4
23195230,2007,27.7
23195230,2008,8.3
23195230,2009,23.6
23195230,2010,42.3
23195230,2012,74.8
23195230,2013,53
23195230,2014,18.5
23195230,2015,55.1
23195230,2016,73.7
23195230,2017,53.506
23195230,2018,7.9
23195230,2019,14
23195230,2020,8.8
23195230,2021,11.4
23195230,2022,4.1
23195230,2023,5.3
23195240,2005,164.8
23195240,2006,80.5
23195240,2007,47.5
23195240,2008,31.7
23195240,2009,26.2
23195240,2016,24.9
23195240,2017,38.1
23195240,2018,34.3
23195240,2019,52.8
23195240,2020,22
23195240,2021,0.3
23195240,2023,25.2
23195240,2024,129.6
23195240,2025,0.6
23195501,2016,30.6
23195501,2019,0.5
23195502,2015,35.75
23195502,2016,63.2
23195502,2017,44.13
23195502,2018,72.39
23195502,2019,65.57
23195502,2020,437.61
23195502,2021,27.36
23195502,2022,2.55
23195502,2023,19.62
23195502,2024,185.3
23195502,2025,133.2
23197370,2024,264
23197370,2025,133.2
23197690,2011,57.2
23197690,2012,45.9
23197690,2013,78.7
23197690,2014,54.6
23197690,2015,38.9
23197690,2016,1722.086
23197690,2017,299.796
23197690,2018,0
23197690,2019,8.99
23197690,2024,115.6
23197690,2025,44.8
23197700,2019,60.8
23197700,2020,7.8
23197700,2021,5
23197700,2022,49.8
23197700,2023,1.8
23205020,2024,82.6
23205020,2025,104.8
23205050,2019,43.6
23205050,2020,75.2
23205050,2021,72.4
23205050,2022,2.8
23205050,2023,0
23207040,2016,0
23207040,2017,0
23217080,2012,69.4
23217080,2013,53.2
23217080,2014,140.4
23217080,2015,145.6
23217080,2016,59.6
23217080,2017,124.6
23217080,2018,87.6
23217080,2019,193.2
23217080,2020,122.8
23217080,2021,279.6
23217080,2022,6.8
23217080,2023,108.8
23217080,2024,10
23217080,2025,0
24010390,2012,23.6
24010390,2013,28.9
24010390,2014,24.6
24010390,2015,12.3
24010390,2016,20.1
24010390,2017,27.8
24010390,2018,28.3
24010390,2019,22.8
24010390,2020,41.7
24010390,2021,15.8
24015110,2005,40.8
24015110,2006,54.6
24015110,2007,38.4
24015110,2008,23.3
24015110,2009,42.2
24015110,2010,54.1
24015110,2011,65.5
24015110,2012,446.9
24015110,2013,115.7
24015110,2014,31.8
24015110,2015,30.1
24015110,2016,38.9
24015110,2017,32.6
24015110,2018,32.5
24015110,2019,22.1
24015110,2020,15.9
24015110,2021,47.4
24015110,2022,20.7
24015110,2023,25.3
24015220,2024,62.4
24015220,2025,31.8
24015300,2019,40
24015300,2020,40
24015300,2021,30.2
24015300,2022,23.6
24015300,2023,0
24015300,2024,65.6
24015300,2025,45.6
24015340,2015,7.8
24015340,2016,254
24015340,2017,28.9
24015340,2018,20.2
24015340,2019,19.8
24015340,2020,26.9
24015340,2021,22.3
24015380,2019,39
24015380,2020,20.8
24015380,2021,31.6
24015380,2022,28
24015380,2023,13.8
24015380,2024,42.4
24015380,2025,32.4
24015501,2016,52
24015501,2017,75
24015501,2018,34.7
24015501,2019,39.3
24015501,2020,54.4
24015501,2021,67.6
24015501,2022,49.3
24015501,2023,83.4
24015502,2016,48.3
24015502,2017,15.2
24015502,2018,0.4
24015503,2016,52.9
24015503,2017,49.8
24015503,2018,58.1
24015503,2019,50.1
24015503,2020,75.6
24015503,2021,44.4
24015503,2022,48.1
24015503,2023,48.9
24015504,2015,7.8
24015504,2016,43.9
24015504,2017,39.1
24015504,2018,74
24015504,2019,96.9
24015504,2020,39.4
24015504,2021,28.3
24015506,2015,6.1
24015506,2016,38.3
24015506,2017,30.5
24015506,2018,213.2
24015506,2019,153
24015506,2020,92.7
24015506,2021,17.7
24015509,2016,48.6
24015509,2017,39.9
24015509,2018,46
24015509,2019,38.8
24015509,2020,64.8
24015509,2021,40.2
24015509,2024,110.8
24015509,2025,91
24015510,2016,60.6
24015510,2017,51.1
24015510,2018,41.5
24015510,2019,73.8
24015510,2020,64.8
24015510,2021,52.5
24015510,2024,93.4
24015510,2025,99.2
24015511,2024,113.2
24015511,2025,79.2
24015512,2024,0
24015513,2016,35
24015514,2024,135.6
24015514,2025,65.6
24015515,2024,132.6
24015515,2025,57.9
24015517,2024,98.2
24015517,2025,47.7
24015518,2024,38
24015518,2025,80.2
24015519,2024,76.4
24015519,2025,21.8
24017330,2012,18.2
24017330,2013,39.3
24017330,2014,27.7
24017330,2015,30
24017330,2016,32.4
24017330,2017,28.5
24017330,2018,33.8
24017330,2019,21.5
24017330,2020,25
24017330,2021,19
24017590,2019,59.6
24017590,2020,100
24017590,2021,69.8
24017590,2022,47.2
24017590,2023,60.8
24017590,2024,90.4
24017590,2025,69.2
24017600,2019,39
24017600,2020,57.6
24017600,2021,217.4
24017600,2022,58.4
24017600,2023,19.4
24017600,2024,119.6
24017600,2025,87.4
24017640,2019,119.4
24017640,2020,82.4
24017640,2021,53.4
24017640,2022,14
24017640,2023,39.2
24017640,2024,134.4
24017640,2025,65.8
24017703,2015,12.7
24017703,2016,37.3
24017703,2017,30.2
24017703,2018,21.4
24017703,2019,27.3
24017703,2020,46.3
24017703,2021,14.5
24017704,2015,6.1
24017704,2016,28.5
24017704,2017,37.4
24017704,2018,23.3
24017704,2019,12.9
24017704,2020,33
24017704,2021,27.5
24017705,2015,35.2
24017705,2016,58.8
24017705,2017,35.7
24017705,2018,19.7
24017705,2019,22.3
24017705,2020,35.2
24017705,2021,27.4
24017706,2015,28.6
24017706,2016,41.5
24017706,2017,36.2
24017706,2018,33.8
24017706,2019,21.8
24017706,2020,31.5
24017706,2021,12.3
24017707,2024,0
24017707,2025,0
24017740,2019,33
24017740,2020,36.2
24017740,2021,42.2
24017740,2022,36.8
24017740,2023,17.6
24017740,2024,71.6
24017740,2025,28.8
24025030,2019,35.2
24025030,2020,40.8
24025030,2021,71.6
24025030,2022,45.6
24025050,2016,54.9
24025050,2017,54
24025050,2018,62.9
24025050,2019,60.8
24025050,2020,40.3
24025050,2021,50.6
24025090,2005,80.7
24025090,2006,72.2
24025090,2007,53.5
24025090,2008,39.7
24025090,2009,34.7
24025090,2010,70.6
24025090,2011,68.7
24025090,2012,65.6
24025090,2013,65.7
24025090,2014,85.1
24025090,2015,62.1
24025090,2016,57.5
24025090,2017,68
24025090,2018,59.2
24025090,2019,122.1
24025090,2020,98.5
24025090,2021,99.3
24025090,2022,100.9
24025090,2023,72.3
24025090,2024,82.8
24025090,2025,104.2
24025501,2016,23.1
24025501,2017,57.1
24025501,2018,45.4
24025501,2019,47.4
24025501,2020,54.7
24025501,2021,51.3
24025501,2022,73.2
24025501,2023,40.3
24025502,2024,134.6
24025502,2025,52.7
24025503,2024,56.6
24025503,2025,48.8
24025504,2016,85.1
24025504,2017,52.8
24025504,2018,57.3
24025504,2019,58.3
24025504,2020,97.4
24025504,2021,63.1
24025504,2024,162.4
24025504,2025,62
24025505,2024,61
24025505,2025,54.1
24025506,2016,0
24025506,2017,0
24025506,2018,0
24025506,2019,1
24025506,2020,91
24025506,2021,77
24027070,2019,59.4
24027070,2020,69.2
24027070,2021,20
24027070,2023,76.4
24027070,2024,297.2
24027070,2025,142
24030350,2017,10
24030680,2017,14.2
24030680,2018,18
24030680,2019,45.4
24030680,2020,45.6
24030680,2021,32.6
24030680,2022,39.2
24030680,2023,22.6
24030950,2017,37.2
24030950,2018,49.2
24030950,2019,55.8
24030950,2020,3
24030950,2021,39
24030950,2022,19.6
24030950,2023,0
24035250,2019,18
24035250,2020,21.6
24035250,2021,0
24035250,2022,0
24035250,2023,0
24035250,2024,76.4
24035250,2025,26
24035340,2020,42.7
24035340,2021,19.7
24035340,2022,30.1
24035340,2023,106.6
24035340,2024,135
24035340,2025,61.7
24035360,2005,38.8
24035360,2006,36
24035360,2007,40.5
24035360,2008,32.9
24035360,2009,37.2
24035360,2010,28.3
24035360,2011,27.1
24035360,2012,28.1
24035360,2013,243.9
24035360,2014,28.2
24035360,2015,25.8
24035360,2016,36.1
24035360,2017,19.7
24035360,2018,29.6
24035360,2019,25.4
24035360,2020,31
24035360,2021,18.3
24035360,2022,18.5
24035360,2023,30
24035360,2024,68.4
24035360,2025,26.8
24035370,2006,18.8
24035370,2007,28.6
24035370,2008,38.9
24035370,2009,41.7
24035370,2010,47.6
24035370,2011,39.6
24035370,2012,55.9
24035370,2013,53.7
24035370,2014,36.4
24035370,2015,35
24035370,2016,46.8
24035370,2017,44.8
24035370,2018,45.7
24035370,2019,51.1
24035370,2020,37.8
24035370,2021,36
24035370,2022,28.6
24035370,2023,36.2
24035370,2024,12.2
24035390,2005,32.1
24035390,2006,97
24035390,2007,40.2
24035390,2008,29.8
24035390,2009,28.5
24035390,2010,48.1
24035390,2011,47.4
24035390,2012,24.9
24035390,2013,34.2
24035390,2014,148.6
24035390,2015,49.3
24035390,2016,34.2
24035390,2017,35.9
24035390,2018,33.7
24035390,2019,48.6
24035390,2020,38
24035390,2021,44.3
24035390,2022,32.6
24035390,2023,32.2
24035410,2008,21.5
24035410,2009,27.2
24035410,2010,33.4
24035410,2011,28.2
24035410,2012,29.8
24035410,2013,54.4
24035410,2014,19.1
24035410,2015,24.3
24035410,2016,27.6
24035410,2017,28.4
24035410,2018,198.4
24035410,2019,20.9
24035410,2020,22.9
24035410,2021,19
24035410,2022,21.3
24035410,2023,31.2
24035410,2024,64.4
24035410,2025,22.6
24035430,2017,28.4
24035430,2018,36.7
24035430,2019,34.5
24035430,2020,22.7
24035430,2021,28.5
24035430,2022,35.9
24035430,2023,10
24035430,2025,98.2
24035501,2017,16.3
24035502,2024,54
24035502,2025,30.3
24035503,2024,51
24035503,2025,59.4
24035505,2024,73.6
24035505,2025,52.9
24035507,2017,28.7
24035507,2018,34.1
24035507,2019,19.3
24035507,2020,40.5
24035507,2021,14.1
24035507,2024,73.8
24035507,2025,33.1
24035508,2024,52.4
24035508,2025,27.9
24035509,2024,75.2
24035509,2025,40.5
24035510,2024,51
24035510,2025,58
24037030,2019,54
24037030,2020,48.4
24037030,2021,27.4
24037030,2022,41.6
24037030,2023,25
24037030,2024,49.6
24037030,2025,53.2
24037080,2019,49.2
24037080,2020,28.4
24037080,2021,21.2
24037080,2022,56
24037080,2023,0
24037190,2019,38.2
24037190,2020,10
24037190,2021,1.2
24037190,2022,42.2
24037190,2023,42.2
24037190,2024,38.8
24037190,2025,38.6
24037290,2019,35.8
24037290,2020,45.2
24037290,2021,40.4
24037290,2022,27.4
24037290,2023,24.8
24037290,2024,56.4
24037290,2025,16.8
24037490,2019,43.2
24037490,2020,42.2
24037490,2021,56.2
24037490,2022,34.8
24037490,2023,17.6
24050070,2024,67.8
24050070,2025,82.6
24055070,2017,70.9
24055070,2018,53.8
24055070,2019,61.3
24055070,2020,69.9
24055070,2021,35.9
24055070,2022,59.7
24055070,2023,60
24055070,2024,409.2
24055070,2025,60.1
24055080,2017,66.5
24055080,2018,71.8
24055080,2019,86.1
24055080,2020,40.4
24055080,2021,85.9
24055080,2022,106.7
24055080,2023,49.7
24055080,2024,1.8
24055080,2025,0.4
24055501,2018,39.5
24055501,2019,106.4
24055501,2020,68.6
24055501,2021,69.7
24055501,2022,65.5
24055501,2023,37.6
24055503,2024,101.6
24055503,2025,36.3
24055504,2024,70.8
24055504,2025,20.1
24057070,2024,0.4
24057070,2025,90.4
24065010,2024,161.8
24065010,2025,154.8
25010010,2021,100.6
25010010,2022,124.6
25010010,2023,51.6
25010010,2024,106.4
25010010,2025,30
25010060,2024,4.8
25015020,2017,10.21
25017010,2017,2.1
25017010,2018,0.8
25017010,2019,34.5
25017010,2020,8.3
25017010,2021,14.1
25017010,2022,0.1
25017010,2023,0
25017010,2024,48
25017010,2025,27.6
25017020,2017,24.2
25017020,2018,1393
25017020,2019,3.5
25017020,2020,0
25017020,2024,85.2
25017020,2025,21.2
25017030,2019,105
25017030,2020,117.4
25017030,2021,92
25017030,2022,89.4
25017030,2023,33.6
25017030,2025,0.2
25020140,2025,1.2
25020430,2017,187.1
25020430,2018,205.7
25020430,2019,43.1
25020430,2020,73.9
25020430,2021,96.6
25020430,2022,16.7
25020430,2023,125.4
25020430,2024,95.4
25020430,2025,37.9
25020440,2019,12.6
25020440,2020,34.7
25020440,2021,13.3
25020440,2022,21.9
25020440,2023,23.6
25020440,2024,34.8
25020440,2025,14
25020470,2017,51.29
25020470,2018,67.87
25020470,2019,67.2
25020470,2020,87.6
25020470,2021,124
25020470,2022,65.2
25020470,2023,18.1
25020470,2024,102
25020470,2025,43.6
25020520,2017,51.97
25020520,2018,75.62
25020600,2017,69.75
25020600,2018,79.95
25020600,2019,715.4
25020600,2020,10.9
25020600,2021,4.4
25020600,2022,9
25020600,2023,83.1
25020600,2024,193.8
25020600,2025,56.3
25021480,2024,157
25021480,2025,177.6
25025000,2017,134.36
25025000,2018,6.69
25025000,2019,12.39
25025000,2020,25.5
25025000,2021,24.07
25025000,2022,0
25025002,2017,49.8
25025002,2018,7.2
25025002,2019,30.7
25025002,2020,68.7
25025002,2022,100.7
25025002,2023,76.5
25025002,2024,223.6
25025002,2025,76.8
25025030,2017,76.1
25025030,2018,63.89
25025030,2019,241.8
25025030,2020,98
25025030,2021,117.9
25025030,2022,78.1
25025030,2023,45.2
25025030,2024,158
25025030,2025,83.7
25025100,2022,652.6
25025100,2023,92.4
25025100,2024,98.4
25025100,2025,76
25025190,2017,3.6
25025190,2018,63.6
25025190,2019,56.2
25025190,2020,3.4
25025190,2021,0
25025190,2024,113
25025190,2025,14.6
25025240,2020,47.7
25025240,2021,85
25025240,2022,136.5
25025240,2023,113.5
25025240,2024,130.5
25025240,2025,13
25025270,2023,34.4
25025270,2024,88
25025270,2025,100
25025280,2017,51.5
25025280,2018,45.4
25025280,2019,46.4
25025280,2020,2.6
25025280,2021,73.7
25025280,2022,46
25025280,2023,78.6
25025280,2024,124.6
25025330,2019,37.8
25025330,2020,65.6
25025330,2022,78.4
25025330,2023,31
25025330,2024,52.2
25025330,2025,0
25025340,2017,75.7
25025340,2018,79.4
25025340,2019,222.9
25025340,2020,70.7
25025340,2021,225.4
25025340,2022,1.6
25025340,2023,0
25025350,2016,0
25025350,2017,48.9
25025350,2018,50.3
25025350,2019,28.8
25025350,2020,39.6
25025350,2021,37.8
25025360,2017,178.68
25025360,2018,329.9
25025360,2019,80.2
25025360,2020,90.8
25025360,2021,14
25025360,2022,131.2
25025360,2023,62.3
25025360,2024,131
25025360,2025,70.9
25025380,2017,106.22
25025380,2018,85.38
25025380,2019,106.4
25025380,2020,62.5
25025380,2021,103.7
25025380,2022,87.6
25025380,2023,43.4
25025380,2024,108.4
25025380,2025,129.3
25027020,2017,434.1
25027020,2018,0
25027020,2022,35.1
25027020,2023,65.2
25027020,2024,105.4
25027020,2025,48.44
25027050,2019,126.2
25027050,2020,27.2
25027050,2021,91.2
25027050,2022,54.6
25027050,2023,1.2
25027050,2024,83.2
25027050,2025,104.8
25027180,2021,68.8
25027180,2022,200
25027180,2023,80.3
25027180,2024,225.4
25027180,2025,88.5
25027200,2017,103.1
25027200,2018,82.4
25027200,2019,202.8
25027200,2020,717.6
25027240,2021,95.2
25027240,2022,138.6
25027240,2023,97.5
25027240,2024,117.5
25027270,2021,142.7
25027270,2022,220
25027270,2023,74.6
25027270,2024,201
25027270,2025,236.2
25027450,2022,56.1
25027450,2023,49.1
25027450,2024,61
25027450,2025,43
25027720,2021,18.3
25027750,2017,92.09
25027750,2018,44.79
25027750,2019,73.4
25027750,2020,0
25027750,2021,2.03
25027750,2022,0
25027750,2023,0
25027760,2017,102.8
25027760,2020,0
25027760,2021,0
25027760,2022,0
25027760,2023,0
25027760,2024,13.1
25027770,2017,94.4
25027770,2018,121.1
25027770,2019,384.6
25027770,2020,122.2
25027770,2021,349.1
25027770,2022,91.1
25027770,2023,79.8
25027770,2024,147.2
25027770,2025,72
25027910,2020,27.2
25027910,2021,134.4
25027910,2022,126.7
25027910,2023,118.7
25027910,2024,315.4
25027910,2025,193.2
26015010,2016,14.2
26015010,2017,58.1
26015010,2018,41.7
26015010,2019,53.1
26015010,2020,17.6
26015010,2021,15
26015010,2022,41.9
26015010,2023,0.2
26015010,2024,0.2
26015010,2025,1
26015030,2016,3.7
26015030,2017,29.9
26015030,2018,35.8
26015030,2019,62.5
26015030,2020,38.8
26015030,2021,10.4
26015030,2022,27
26015030,2023,20.7
26015040,2016,17.5
26015040,2017,51.7
26015040,2018,50.4
26015040,2019,61.8
26015040,2020,50.8
26015040,2021,295.8
26015040,2022,68
26015040,2023,40
26015040,2024,1.8
26015040,2025,0
26015050,2017,19.5
26015050,2018,14.6
26015050,2019,32.9
26015050,2020,29.1
26015050,2021,17.7
26015050,2022,41.4
26015050,2023,33.7
26017060,2019,29.4
26017060,2020,30.6
26017060,2021,27.2
26017060,2022,41.2
26027200,2019,50.2
26027200,2020,57.8
26027200,2021,67.6
26027200,2022,55.4
26027200,2023,22.6
26035100,2017,52.5
26055100,2016,0.1
26055100,2017,45.5
26055100,2018,49.7
26055100,2019,49.2
26055100,2020,44.5
26055100,2021,44.2
26055100,2022,30.1
26055100,2023,0.6
26055100,2024,42.6
26055100,2025,70.7
26055110,2016,0.5
26055110,2017,48.6
26055110,2018,69.5
26055110,2019,60.8
26055110,2020,57.8
26055110,2021,31.9
26055110,2022,39.4
26055110,2023,7.7
26055120,2016,1.4
26055120,2017,58.9
26055120,2018,60.5
26055120,2019,69.9
26055120,2020,64
26055120,2021,34
26055120,2022,22.2
26055120,2023,1.9
26055120,2024,63.8
26055120,2025,36.2
26055501,2017,56.4
26055501,2018,82.8
26057030,2017,0.1
26057030,2018,77.6
26057030,2019,47.8
26057030,2020,239
26057030,2021,364
26057030,2022,233
26065501,2017,70.9
26065501,2018,83.8
26065501,2019,83.7
26065501,2020,112.4
26065501,2021,65.6
26065501,2022,71.9
26065501,2023,81.2
26065502,2017,80.2
26065502,2018,66.3
26065502,2019,70.5
26065502,2020,61
26065502,2021,42.4
26065502,2022,53
26065502,2023,46.8
26075120,2016,0
26075120,2017,69.2
26075120,2018,62.6
26075120,2019,30.4
26075120,2020,51.3
26075120,2021,59.2
26075120,2022,80.5
26075120,2023,9.5
26075120,2024,64
26075120,2025,40.6
26075150,2016,0
26075150,2017,39.366
26075150,2018,42.517
26075150,2019,38.51
26075150,2020,38.265
26075150,2021,27.381
26075150,2022,28.318
26075150,2023,36.295
26075150,2024,267.8
26075150,2025,201.292
26075501,2017,6.4
26075501,2018,13.4
26075501,2019,34.2
26075501,2020,108.6
26075501,2021,58.1
26075501,2022,50.3
26075501,2023,64.4
26085160,2016,0
26085160,2017,127.8
26085160,2018,76.6
26085160,2019,43.7
26085160,2020,45.1
26085160,2024,18.6
26085160,2025,13.6
26085170,2016,0
26085170,2017,39
26085170,2018,34.8
26085170,2019,52
26085170,2020,44.4
26085170,2021,45.9
26085170,2022,15.7
26085170,2024,11.6
26085170,2025,9
26085501,2017,39
26085501,2018,90.8
26085501,2019,94.7
26085501,2020,67.8
26085501,2021,60.4
26085501,2022,69.7
26085501,2023,59.3
26095320,2016,0
26095320,2017,36.1
26095320,2018,57.6
26095320,2019,36.4
26095320,2020,0.4
26095320,2021,39.1
26095320,2022,3.5
26095320,2023,0
26105240,2016,0
26105240,2017,48.6
26105240,2018,52.6
26105240,2019,35.3
26105240,2020,21.7
26105240,2021,0
26105250,2016,1
26105250,2017,76.2
26105250,2018,54.9
26105250,2019,61
26105250,2020,27.8
26105250,2021,39.1
26105250,2022,27.1
26105250,2023,1.2
26105250,2024,44.6
26105250,2025,14.8
26115090,2016,0
26115090,2017,45.2
26115090,2018,34.7
26115090,2019,42.2
26115090,2020,0.2
26115090,2021,30.1
26115090,2022,13.8
26115090,2023,32.8
26115090,2024,48.6
26115090,2025,9.8
26115501,2017,91.3
26115501,2018,43.6
26115501,2019,51.7
26115501,2020,55.6
26115501,2021,60
26115501,2022,50.4
26115501,2023,48.9
26125061,2016,0
26125061,2017,77.903
26125061,2018,50.696
26125061,2019,64.041
26125061,2020,69.332
26125061,2021,43.892
26125061,2022,99.859
26125061,2023,82.367
26125061,2024,307.138
26125061,2025,192.897
26125290,2016,14.3
26125290,2017,84.8
26125290,2018,0
26125300,2016,2.6
26125300,2017,75.2
26125300,2018,38.1
26125300,2019,68.4
26125300,2020,61.9
26125300,2021,61.4
26125300,2022,0.3
26125300,2023,1.4
26125300,2024,143.8
26125300,2025,81.2
26125501,2017,46.8
26125501,2018,37.7
26125502,2017,78.7
26125502,2018,54.9
26125502,2019,103
26125502,2020,71.9
26125502,2021,63.1
26125502,2022,86
26125502,2023,72.4
26125503,2017,59
26125503,2018,57.4
26125503,2019,71.9
26125503,2020,0
26125503,2022,0
26125503,2023,26.5
26125504,2017,62.4
26125504,2018,126.4
26125504,2019,70.1
26125504,2020,73.7
26125504,2021,59.1
26125504,2022,87.9
26125504,2023,80.8
26125505,2017,97.2
26125505,2018,107.4
26125505,2019,81.2
26125505,2020,136.7
26125505,2021,51.7
26125505,2022,51.7
26125505,2023,8
26125506,2017,51.8
26125506,2018,68.8
26125506,2019,82.5
26125506,2020,486.8
26125506,2021,77.8
26125506,2022,59.4
26125506,2023,82.7
26125507,2017,80.7
26125507,2018,62.3
26125507,2019,56.7
26125507,2020,52
26125507,2021,12.3
26125508,2017,124.6
26125508,2018,54.7
26125508,2019,68
26125508,2020,75.6
26125508,2021,54.7
26125508,2022,56.5
26125508,2023,46.4
26125509,2017,32.3
26125509,2018,86.8
26125509,2019,56.1
26125509,2020,81.2
26125509,2021,80
26125509,2022,45.8
26125509,2023,71.7
26125710,2017,83.958
26125710,2018,75.054
26125710,2019,105.354
26125710,2020,80.535
26125710,2021,54.264
26125710,2022,288
26125710,2024,88
26125710,2025,63.2
26125720,2018,188.55
26125720,2019,81.59
26125720,2020,55.25
26125740,2018,76.52
26125740,2019,39.38
26125740,2020,42.32
26125760,2018,104.8
26125760,2019,90.49
26125760,2020,72.76
26127010,2017,295.4
26127010,2018,36.7
26127010,2019,57.8
26127010,2020,63.9
26127010,2021,6.2
26127010,2022,7.8
26127040,2017,66.6
26127040,2018,83.8
26127040,2019,51.9
26127040,2020,4.4
26135290,2016,0
26135290,2017,71.9
26135290,2018,49.9
26135290,2019,41.9
26135300,2017,67
26135300,2018,72.9
26135300,2019,71.4
26135300,2020,42.9
26135300,2021,43.5
26135300,2022,50.2
26135300,2023,35.4
26135320,2016,3.7
26135320,2017,13.6
26135320,2018,20.7
26135320,2019,25.9
26135320,2020,24.8
26135320,2021,664.7
26135320,2022,25.6
26135330,2016,0
26135330,2017,17.3
26135330,2018,19
26135330,2019,15
26135330,2020,11.2
26135330,2021,4
26135501,2017,54.8
26135501,2018,105.6
26135501,2019,72.4
26135501,2020,90.6
26135501,2021,80.6
26135501,2022,56.9
26135501,2023,56
26135502,2017,50.3
26135502,2018,60.7
26135502,2019,78.2
26135502,2020,75.9
26135502,2021,57.3
26135502,2022,57.2
26135502,2023,61.9
26135503,2016,0
26135503,2017,102.8
26135503,2018,66.7
26135503,2019,105.1
26135503,2020,70.4
26135503,2021,65
26135503,2022,58.6
26135503,2023,74.3
26137220,2016,0
26137220,2017,1
26137220,2018,12.8
26137220,2019,105.3
26137220,2020,64.5
26137220,2021,46.9
26137220,2022,0
26145090,2016,0.1
26145090,2017,50.7
26145090,2018,86.1
26145090,2019,64.9
26145090,2020,0.1
26145090,2021,57.8
26145090,2022,53.9
26145090,2023,21.3
26145501,2017,0.3
26145501,2018,23.7
26145501,2019,26.4
26145501,2020,30.8
26145501,2021,49.3
26145501,2022,48.6
26145501,2023,54.8
26145503,2017,43.6
26145503,2018,74.9
26145503,2019,62.2
26145503,2020,54
26145503,2021,67.4
26145503,2022,55.7
26145503,2023,46.4
26145504,2017,65.7
26145504,2018,39.5
26145504,2019,42.9
26145504,2020,39.8
26145504,2021,64.6
26145504,2022,40.4
26145504,2023,57
26145505,2017,73
26145505,2018,88.9
26145505,2019,73.5
26145505,2020,49.1
26145505,2021,58.5
26145505,2022,79.8
26145505,2023,71
26145506,2018,76.5
26145506,2019,78.7
26145506,2020,58.9
26145506,2021,71.7
26145506,2022,69.9
26145506,2023,66.8
26145507,2017,58
26145507,2018,76
26145507,2019,66
26145507,2020,72.4
26145507,2021,105
26145508,2017,63.2
26145508,2018,83.6
26145508,2019,17.1
26147140,2019,42.8
26147140,2020,43.6
26147140,2021,79.8
26147140,2022,11.4
26147140,2023,0
26147140,2024,78.8
26147140,2025,0.4
26155110,2022,54.2
26155110,2023,52.4
26155110,2024,95.2
26155110,2025,43.6
26155150,2019,20.9
26155150,2020,29.1
26155150,2021,29.4
26155150,2022,19.8
26155150,2023,19.1
26155170,2017,20.1
26155170,2018,24.6
26155170,2019,35.5
26155170,2020,28.9
26155170,2024,71.6
26155170,2025,30.4
26155220,2016,0
26155220,2017,68.2
26155220,2018,51
26155220,2019,59.6
26155220,2020,59.2
26155220,2021,49.9
26155220,2022,59.9
26155230,2016,0
26155230,2017,95.4
26155230,2018,58.9
26155230,2019,81.4
26155230,2020,0
26155240,2016,0
26155240,2017,88.5
26155240,2018,16.6
26155240,2019,19.2
26155240,2020,14.4
26155240,2021,23.9
26155240,2022,30.2
26155250,2016,0.7
26155250,2017,31.6
26155250,2018,26.5
26155250,2019,18.7
26155250,2020,23.3
26155250,2021,0.2
26155250,2022,0.1
26155260,2016,0.1
26155260,2017,9.6
26155260,2018,11.5
26155260,2019,7
26155260,2020,8.3
26155260,2021,13.6
26155260,2022,12.3
26155260,2023,9.4
26155270,2016,0
26155270,2017,23.7
26155270,2018,89.7
26155270,2019,22
26155270,2020,16.4
26155270,2022,16.8
26155502,2017,36.4
26155502,2018,114.8
26155502,2019,83.4
26155502,2020,82
26155502,2021,76.9
26155502,2022,62.4
26155502,2023,64.3
26155503,2016,0
26155503,2017,60.6
26155503,2018,100.7
26155503,2019,87.5
26155503,2020,77.2
26155503,2021,61.7
26155503,2022,70.9
26155503,2023,46.8
26155505,2017,90.9
26155505,2018,53.4
26155505,2019,78.7
26155505,2020,55.7
26157190,2017,32.2
26157190,2018,35.6
26157190,2019,56.4
26157190,2020,39
26157190,2021,39.2
26157190,2022,41.6
26157190,2023,31.4
26165501,2017,50.2
26165501,2018,43.9
26165501,2019,74.5
26165501,2020,76.1
26165501,2021,65.8
26165501,2022,45
26165501,2023,49
26165502,2017,64
26165502,2018,38.6
26165502,2019,60.2
26165502,2020,27.3
26167070,2019,44
26167070,2020,71.6
26167070,2021,88.2
26167070,2022,40.8
26175040,2024,125
26175040,2025,78.7
26175501,2017,59.2
26175501,2018,77.8
26175501,2019,44.4
26175501,2020,51.1
26175501,2021,63.2
26175501,2022,80.9
26175501,2023,51.4
26175502,2017,71
26175502,2018,51.1
26175502,2019,71.6
26177030,2016,97.6
26177030,2017,144.4
26177030,2018,76.5
26177030,2019,58.2
26177030,2020,45.5
26177030,2021,56
26177030,2022,957.516
26177030,2023,109.631
26177030,2024,59.308
26177030,2025,72.58
26180180,2017,65.8
26180180,2018,40.2
26180180,2019,75.6
26180180,2020,35
26180180,2021,1
26180180,2022,44.6
26180180,2024,108
26180180,2025,107.2
26180250,2019,43.8
26180250,2020,27
26180250,2021,14
26180250,2022,42.6
26180250,2023,49.4
26185020,2024,3.1
26185030,2017,56.5
26185030,2018,26.7
26185030,2019,63.3
26185030,2020,29.6
26185050,2016,0
26185050,2017,79.5
26185050,2018,92.5
26185050,2019,12.4
26185050,2021,1
26185050,2022,45.5
26185050,2023,0.3
26185050,2024,126
26185050,2025,51.2
26185501,2017,5.9
26185501,2018,40.2
26185501,2019,65.1
26185501,2020,38.5
26185501,2021,50.2
26185501,2022,55.9
26185501,2023,46.8
26187040,2016,0
26187040,2017,51.2
26187040,2018,43.8
26187040,2019,59.3
26187040,2020,6.8
26187040,2021,19.4
26187040,2022,1
26195501,2017,53.9
26195501,2018,54.3
26195501,2019,50.7
26195501,2020,41.4
26195502,2017,56.4
26195502,2018,47.9
26195502,2019,70.5
26195502,2020,70.3
26195502,2021,70.9
26200120,2024,1.3
26205501,2017,66.7
26205501,2018,90.4
26205501,2019,52.6
26205501,2020,63.5
26205501,2021,52.6
26205501,2022,51.9
26205501,2023,55.7
26207030,2024,118
26207030,2025,59.6
26207080,2016,0
26207080,2017,59.1
26207080,2018,62.4
26207080,2019,717.9
26207080,2020,291.1
26207080,2021,290.9
26207080,2022,20.7
26207080,2023,45
26207080,2024,391
26207080,2025,504
26215501,2017,61
26215501,2019,59.2
26215501,2020,70.6
26215501,2021,69.2
26215501,2022,63.1
26215501,2023,57.9
26217010,2019,66
26217010,2020,57.2
26217010,2021,75
26217010,2022,111
26217010,2023,71.6
26217010,2024,118.8
26217010,2025,55.2
26225060,2016,0
26225060,2017,31.4
26225060,2018,17.2
26225060,2019,42.5
26225060,2020,19.5
26225060,2021,33.3
26225060,2022,27.7
26225060,2023,13.3
26225060,2024,9.3
26225060,2025,66.8
26237040,2016,0
26237040,2017,70.9
26237040,2018,107.2
26237040,2019,247.2
26237040,2020,0.2
26237040,2021,0
26237040,2022,600
26237040,2023,85.4
26237040,2024,22.4
26237040,2025,11.2
26237100,2024,121.2
26237100,2025,78.2
26247010,2019,1445.1
26247010,2020,372.5
26247010,2021,670.8
26247010,2022,6
26247010,2023,0
26247010,2024,168
26247010,2025,132.8
26247020,2017,277.4
26247020,2018,70.1
26247020,2019,5.1
26247020,2020,31.5
26247020,2021,0
26247020,2022,4.9
26247020,2023,0
26247020,2024,145
26247020,2025,0
26247050,2016,0
26247050,2017,0.4
26247050,2018,0
26247050,2019,368.1
26247050,2020,0
26247050,2021,0
26255030,2016,5.3
26255030,2017,117.2
26255030,2018,0.7
26255030,2019,0.3
26255030,2020,0.1
26255030,2021,0.1
26255030,2022,3.4
26255030,2023,0
26255030,2024,191.8
26255030,2025,75.2
27010810,2024,104.4
27010810,2025,99
27010850,2024,56
27010850,2025,50.4
27011100,2024,308.2
27011100,2025,134.2
27015190,2024,115
27015190,2025,105.2
27015260,2024,99
27015260,2025,75.1
27015280,2017,45.3
27015280,2018,15.7
27015280,2019,42.3
27015280,2020,30
27015280,2022,0
27015280,2024,0
27015280,2025,0
27015290,2016,0.1
27015290,2017,31.4
27015290,2018,68.9
27015290,2019,40.3
27015290,2020,19.6
27015310,2016,0
27015310,2017,29.7
27015310,2018,30
27015310,2019,0
27015310,2021,27.9
27015310,2022,16.9
27015310,2023,10.7
27015310,2024,0
27015310,2025,0.1
27015320,2016,0
27015320,2017,22.3
27015320,2018,14.2
27015320,2019,21.3
27015320,2020,24.5
27015320,2021,24.5
27015320,2022,28.4
27015320,2023,45.3
27015320,2024,89.8
27015320,2025,7.4
27015330,2016,0
27015330,2017,58.219
27015330,2018,53.146
27015330,2019,33.02
27015330,2020,45.398
27015330,2021,42.975
27015330,2022,42.34
27015330,2023,36.602
27015330,2024,172.6
27015330,2025,81.2
27015501,2017,140.5
27015501,2018,70.1
27015501,2019,30
27025030,2024,106.8
27025030,2025,51.5
27027060,2019,43
27027060,2022,6.2
27027060,2023,0
27027060,2024,46.8
27027060,2025,50.8
27030140,2025,62.7
27035050,2024,252
27035050,2025,116
27037010,2017,105.8
27037010,2018,333.1
27037010,2019,284.9
27037010,2020,23.8
27037010,2021,13
27037010,2022,36.2
27037010,2023,21
27037010,2024,2.4
27037010,2025,0
27037020,2024,249.2
27037020,2025,128.8
27037030,2017,80.3
27037030,2018,68.7
27037030,2019,72.6
28015070,2022,79.4
28015070,2023,23.8
28015070,2024,105.6
28015070,2025,62
28015110,2018,87.2
28017140,2019,65.2
28017140,2020,79
28025090,2022,89.6
28025090,2023,87.4
28025090,2024,110.4
28025090,2025,56.7
28025120,2017,70.3
28025120,2018,48.7
28025120,2019,81.5
28025120,2020,55.8
28025120,2021,0.1
28025130,2017,66
28025130,2018,82
28025130,2019,79.4
28025130,2020,31.8
28025130,2022,45.7
28025502,2016,0
28025502,2017,55.5
28025502,2018,36.32
28025502,2019,185.49
28025502,2020,92.04
28025502,2021,3.37
28025502,2022,720
28025502,2023,117
28025502,2024,66
28025502,2025,32.6
28035060,2016,0
28035060,2017,67.8
28035060,2018,44
28035060,2019,71.4
28035060,2020,3.2
28035060,2021,11.6
28035060,2022,51.7
28035060,2023,44.9
28035060,2024,145
28035060,2025,7.8
28035070,2019,109.8
28035070,2020,36.6
28035070,2021,50.2
28035070,2022,85
28035070,2023,44
28037030,2019,85.2
28037030,2020,55.4
28037030,2021,10
28037030,2022,10
28037030,2023,0
28037030,2024,0
28037030,2025,0
28045501,2017,90.8
28045501,2018,57.8
28045501,2019,264.9
28045501,2020,60.6
28045501,2021,66.5
28045501,2022,87.2
28045501,2023,56.8
28047050,2019,52
28047050,2020,52.2
28047050,2021,25.2
29004520,2016,0
29004520,2017,74.5
29004520,2018,63.9
29004520,2019,122.1
29004520,2020,99.5
29004520,2021,47.2
29004520,2022,223
29004520,2023,3.7
29004520,2024,140.8
29004520,2025,80.5
29015000,2016,0
29015000,2017,58.63
29015000,2018,7.54
29015000,2019,7.68
29015000,2020,10.33
29015000,2021,448.89
29015000,2022,89.91
29015000,2023,0.36
29015000,2024,1.1
29015000,2025,1
29015040,2017,79.8
29015040,2018,76.3
29015040,2019,39.8
29015040,2020,109.1
29015040,2021,59.3
29015040,2022,59.4
29015040,2023,37.5
29015040,2024,45.2
29015040,2025,56
29035000,2016,0
29035000,2017,557.02
29035000,2018,79.7
29035000,2019,54.2
29035000,2020,94.8
29035000,2021,604
29035000,2022,36.3
29035000,2023,0
29035000,2024,108.4
29035000,2025,43.2
29035080,2018,10.2
29035080,2019,74.8
29035080,2020,47.4
29035080,2021,52
29035080,2022,47.8
29035080,2023,24.6
29035080,2024,155.6
29035080,2025,13.4
29035200,2017,197.1
29035200,2018,23
29035200,2019,45.3
29035200,2020,3.4
29035200,2021,52
29035200,2022,12.8
29035200,2023,6.6
29035200,2024,3
29035200,2025,27
29045000,2018,76.75
29045000,2019,85.48
29045000,2020,71.75
29045000,2021,70
29045000,2022,171.3
29045000,2023,76.9
29045000,2024,88.2
29045000,2025,76.8
29045110,2022,42.6
29045110,2023,51.8
29045110,2024,73.8
29045110,2025,69.2
29045180,2017,0.7
29045190,2016,0
29045190,2017,82.71
29045190,2018,1123.06
29045190,2019,47.48
29045190,2020,117.94
29045190,2021,48.63
29045190,2022,64.67
29045190,2023,108.14
29045190,2024,273.16
29045190,2025,96.21
29047000,2016,0
29047000,2017,49.13
29047000,2018,43.02
29047000,2019,125.01
29047000,2020,66.64
29047000,2021,68.05
29047000,2022,975.48
29047000,2023,446.14
29047000,2024,364.54
29047000,2025,4.92
29047070,2016,0
29047070,2017,48.4
29047070,2018,31.3
29047070,2019,64.5
29047070,2020,40.2
29047070,2021,30.7
29047070,2022,35.8
29047070,2023,19.8
29047070,2024,32.8
29047070,2025,100.2
29065000,2016,0
29065000,2017,105.46
29065000,2018,8.86
29065000,2019,14.85
29065000,2020,10.34
29065000,2021,14.02
29065000,2022,0.79
29065000,2023,0
29065000,2024,32.8
29065000,2025,32.6
29065120,2017,56.1
29065120,2018,9.4
29065120,2019,17.5
29065120,2020,11.2
29065120,2021,60.4
29065120,2022,0
29065120,2024,16
29065130,2017,71.5
29065130,2018,64
29065130,2019,66.2
29065130,2020,69.8
29065130,2021,89
29065130,2022,72.4
29065130,2023,3.9
29065130,2024,128.8
29065130,2025,57.1
29065501,2017,52.4
29065501,2018,43.3
29065501,2019,101.7
29065501,2020,96.9
29065501,2021,13.5
29067060,2019,231.6
29067060,2020,79.6
29067060,2021,22
29067060,2022,19.5
29067060,2023,22.9
29067060,2024,36.02
29067060,2025,46.4
29067150,2019,53.2
29067150,2020,61.6
29067150,2021,47.2
29067150,2022,87.5
29067150,2023,10.2
29067150,2024,95.2
29067150,2025,108
29067160,2019,7.4
31095030,2017,27.8
31095030,2018,85.6
31095030,2019,116.6
31095030,2020,104.5
31095030,2021,114.3
31095030,2022,80.9
31095030,2023,65.3
31095030,2024,99.6
31095030,2025,61.6
32067030,2016,3.6
32067030,2017,65.1
32067030,2018,151
32067030,2019,103.9
32075080,2025,19.2
32075501,2017,5.6
32075501,2018,0
32075501,2021,32.1
32075501,2022,142.5
32075501,2023,153.8
32105080,2021,52.9
32105080,2022,95.2
32105080,2025,136
33035010,2019,98.49
33035010,2020,123.26
33035010,2021,107.77
33035010,2022,37.17
33035010,2023,82.22
33035010,2024,177.15
33035010,2025,166.8
34015010,2025,151
34035010,2025,92
35017020,2016,0
35017020,2017,121
35017020,2018,85.7
35017020,2019,69.3
35017020,2020,73.1
35017020,2021,47.6
35017020,2022,87
35017020,2023,35.4
35017020,2024,40.6
35017020,2025,52
35020300,2021,24.3
35020300,2022,43.2
35020300,2023,77
35020300,2024,62
35020300,2025,47.5
35025060,2023,23.6
35025060,2024,63.2
35025060,2025,22.8
35025080,2016,0.1
35025080,2017,38.2
35025080,2018,28.1
35025080,2019,42.6
35025080,2020,14.7
35025080,2021,49.7
35025080,2022,47.5
35025080,2023,19.2
35025080,2024,30
35025080,2025,15.6
35025090,2016,0.2
35025090,2017,52.5
35025090,2018,40.5
35025090,2019,59.1
35025090,2020,31.8
35025090,2021,73.4
35025090,2022,38.2
35025090,2023,34.4
35025110,2017,103.4
35025110,2018,66.7
35025110,2019,58.4
35025110,2020,61.6
35025110,2021,75.9
35025110,2022,89.4
35025110,2023,52.6
35025110,2024,145.6
35025110,2025,89
35025501,2017,23.3
35025501,2018,66.2
35025501,2019,26.5
35025501,2020,40.2
35025501,2021,3
35027001,2016,0
35027001,2017,40.9
35027001,2018,32.9
35027001,2019,65.4
35027001,2020,34.2
35027001,2021,27
35027001,2022,15.1
35027001,2023,84.9
35027001,2024,46.8
35027001,2025,26.2
35027100,2019,81.6
35027100,2020,30
35027100,2021,26.8
35027100,2022,11.6
35027100,2023,15.2
35027100,2024,19.4
35027100,2025,20
35027140,2019,134.6
35027150,2023,0.2
35027190,2023,0
35027190,2024,0
35027190,2025,0.4
35027200,2023,20
35027210,2023,44
35027210,2024,10.2
35027210,2025,96.2
35027510,2016,0
35027510,2017,62.5
35027510,2018,17.1
35027510,2019,159
35027510,2020,21.4
35027510,2021,25.4
35027510,2022,1
35027510,2023,8.8
35027520,2016,0
35027520,2017,26.3
35027520,2018,14.1
35027520,2019,17.5
35027520,2020,2.3
35035100,2016,0
35035100,2017,121.4
35035100,2018,110.7
35035100,2019,127.2
35035100,2020,123.7
35035100,2021,176.9
35035100,2022,120.6
35035100,2023,115.4
35035100,2024,226.6
35035100,2025,238.4
35035110,2016,0
35035110,2017,88.4
35035110,2018,79.4
35035110,2019,186.9
35035110,2020,0.1
35035110,2021,122
35035110,2022,137.3
35035110,2023,120.2
35035110,2024,1223.4
35035110,2025,293.8
35035130,2016,2.4
35035130,2017,39.5
35035130,2018,41.9
35035130,2019,58.6
35035130,2020,25.8
35035130,2021,49.9
35035130,2022,0
35035130,2023,0
35035130,2024,9
35035130,2025,13.4
35037100,2016,0.1
35037100,2017,102
35037100,2018,0
35037100,2019,315.6
35037100,2020,26.3
35037100,2021,74.4
35037100,2022,57.2
35037100,2023,156.1
35057010,2019,153.6
35057010,2020,208.2
35057010,2021,0
35060210,2023,178
35060210,2024,31
35060210,2025,53
35071001,2017,46.3
35071001,2018,34.5
35071001,2019,9.4
35075030,2024,67.8
35075030,2025,37
35075040,2023,39.2
35075040,2024,56.4
35075040,2025,34
35075070,2017,50.5
35075070,2018,33.1
35075070,2019,78.3
35075070,2020,74.3
35075070,2021,53.5
35075070,2022,6
35075070,2023,10.1
35075070,2024,0
35075070,2025,0
35075080,2017,23
35075080,2018,57.3
35075080,2019,30.8
35075080,2020,46.1
35075080,2021,13.8
35075080,2022,4.9
35075080,2023,5
35077080,2017,39.2
35077080,2018,46.4
35077080,2019,59.3
35077080,2020,66.8
35077150,2017,39.4
35077150,2018,43.8
35077180,2017,530.29
35077180,2018,97.7
35077180,2020,29.7
35077310,2017,11
35077310,2018,51.9
35077310,2019,34.2
35077320,2017,38.7
35077320,2018,38.8
35077320,2019,0
35080050,2021,34.912
35080050,2022,689.902
35080050,2023,567.006
35080050,2024,38.9
35080050,2025,0
35085060,2017,72.6
35085060,2018,43.8
35085060,2019,94.5
35085060,2020,15.3
35085060,2021,40.6
35085060,2022,7
35085060,2023,8.7
35085060,2024,14.6
35085060,2025,6.2
35085070,2017,65.7
35085070,2018,92
35085070,2019,159
35085070,2020,75.9
35085070,2021,113.1
35085070,2022,13.7
35085070,2023,8.4
35085070,2024,19.6
35085070,2025,16.8
35085080,2017,47.5
35085080,2018,5.7
35085080,2019,49.5
35085080,2020,26.7
35085080,2021,32.5
35085080,2022,8.5
35085080,2023,6.4
35085080,2024,8.8
35085080,2025,5
35087020,2021,25.7
35087020,2022,65.9
35087020,2023,156.2
35087020,2024,0
35087020,2025,0
35095110,2022,113.6
35095120,2017,27.7
35095120,2018,19.7
35095120,2019,58.5
35095120,2020,27.6
35095120,2021,23.2
35095120,2022,6.4
35095120,2023,4.9
35095120,2024,11.8
35095120,2025,4.6
35095130,2017,376.26
35095130,2018,131.4
35095130,2019,209.1
35095130,2020,104.8
35095130,2021,86.5
35095130,2022,60.5
35095130,2023,152.1
35095130,2024,45.8
35095130,2025,0
35105050,2019,75.2
35105050,2020,121.6
35105050,2021,92.4
35105050,2022,42.4
35105050,2023,4
35107040,2019,53.6
35107040,2020,115.4
35107040,2021,0
35107040,2022,0
35160000,2017,38.01
35160000,2018,30.6
35160000,2019,78.93
35160000,2020,49.59
35160000,2021,24.52
35160000,2022,277.01
35160000,2023,29.1
35160000,2024,77.2
35160000,2025,31.9
35160010,2017,11.5
35160010,2018,19.7
35160010,2024,41.8
35160010,2025,7.2
35160020,2017,24
35160020,2018,24.3
35160020,2019,38.64
35160020,2020,293.2
35160020,2021,221.8
35160020,2022,275.7
35160020,2023,296.3
35160020,2024,466.4
35160020,2025,150
35165000,2017,26.7
35165000,2018,19.2
35165000,2019,64.8
35165000,2020,31.6
35165000,2021,27.7
35165000,2022,29.8
35165000,2023,40.3
35165000,2024,36.4
35165000,2025,51.6
35167000,2017,25.3
35167000,2018,13
35167000,2019,36.69
35167000,2020,287.18
35167000,2021,116.8
35167000,2022,28.16
35167000,2023,29.1
35167000,2024,43.8
35167000,2025,25.1
35167010,2017,27.57
35167010,2018,14.3
35167010,2019,194.72
35167010,2020,285.4
35167010,2021,290.3
35167010,2022,3.9
35167010,2023,198.2
35167010,2024,453.4
35167010,2025,186.7
35167020,2017,54.5
35167020,2018,18.9
35167020,2019,258.9
35167020,2020,453.7
35167020,2021,48.9
35167020,2022,41.03
35167020,2024,6
35185010,2017,73.7
35185010,2018,69.8
35185010,2019,104.7
35185010,2020,15.2
35185010,2021,113.3
35185010,2022,16.3
35185010,2023,7.9
35190070,2023,0.1
35190070,2024,150.2
35195020,2021,18.014
35195020,2022,837.745
35195020,2023,760.68
35195020,2024,11.958
35195020,2025,7.374
35195050,2023,81.427
35195050,2024,142.5
35195050,2025,35.904
35195060,2017,2.6
35195060,2018,28
35195060,2019,84.4
35195060,2020,81.1
35195060,2021,35.3
35195060,2022,27.87
35195060,2023,48.36
35195060,2024,46.09
35195060,2025,31.22
35197020,2019,94.2
35197020,2020,42.6
35197020,2021,52.6
35197020,2022,20.3
35197020,2023,0
35197020,2025,2.1
35197030,2021,18.2
35197030,2022,126
35197030,2023,42.1
35197030,2024,22.4
35197030,2025,0
35197070,2023,26.5
35197070,2024,62
35197070,2025,37.6
35197190,2019,20.4
35197190,2022,17.4
35215020,2016,0
35215020,2017,7.5
35215020,2018,88
35215020,2019,141
35215020,2020,156
35215020,2021,39.4
35215020,2022,121.87
35215020,2023,136.9
35215020,2024,119
35215020,2025,181.94
35215030,2017,35.8
35215030,2018,44.9
35215030,2019,68.5
35215030,2020,65.2
35215030,2021,12.4
35215030,2024,1100.8
35215030,2025,4147.9
35217010,2019,181
35217010,2020,120.4
35217010,2021,32.4
35217010,2022,34.8
35217010,2023,10.6
35217010,2024,169.4
35217010,2025,3.66
35217030,2019,74.4
35217030,2020,104.3
35217030,2021,81.8
35217030,2022,130.5
35217030,2023,80.2
35217030,2024,523.8
35217030,2025,80.6
35217060,2017,20.7
35217060,2018,77.6
35217060,2019,139.8
35217060,2020,1
35217060,2021,72.1
35217060,2022,76.8
35217060,2023,78.2
35217060,2024,120.6
35217060,2025,96.6
35217080,2017,21.9
35217080,2018,127.7
35217080,2019,25.3
35217090,2017,14.7
35217090,2018,49
35217090,2019,60.7
35217090,2020,36.4
35217090,2021,42.6
35217090,2022,56.5
35217090,2023,54.7
35217090,2024,91.6
35217090,2025,63.8
35225030,2017,12.5
35225030,2018,74.9
35225030,2019,59.7
35225030,2020,41.5
35225030,2021,89.3
35225030,2022,81.7
35225030,2023,78
35225030,2024,79.4
35225030,2025,119.1
35227020,2017,42.1
35227020,2018,75.6
35227070,2019,24
35227070,2020,10.7
35227070,2021,4
35235010,2019,39.1
35235010,2020,53
35235010,2021,46.5
35235010,2022,43.6
35235010,2023,44.5
35235010,2024,81
35235010,2025,51.8
35235040,2017,38.3
35235040,2018,83.4
35235040,2019,119.1
35235040,2020,70.7
35235040,2021,8.5
35235040,2022,3.7
35235040,2023,50.4
35235050,2017,68.1
35235050,2018,76.4
35235050,2019,100
35235050,2020,85.9
35235050,2021,63
35235050,2022,79.2
35235050,2023,67
35235050,2024,157.2
35235050,2025,114.4
35237030,2017,21.8
35237030,2018,98.9
35237030,2019,13.2
35237030,2024,116.6
35237030,2025,89.6
35237040,2017,0
35260050,2021,95.7
35260050,2022,76.9
35260050,2023,121.4
35260050,2024,72.2
36015020,2017,180.2
36015020,2018,68.8
36015020,2019,118.5
36015020,2020,125.2
36015020,2021,91.3
36015020,2022,11.1
36015020,2023,9.5
36015501,2017,118.2
36015501,2018,111.4
36015501,2019,112.5
36015501,2020,54.7
36015501,2021,68
36015501,2022,106.6
36015501,2023,103.8
36017010,2024,159.8
36017010,2025,25.3
36027060,2018,179.2
36037020,2018,116
36037020,2019,173
36037030,2018,113.5
37015030,2017,34.7
37015030,2018,19.8
37015030,2019,42.6
37015030,2020,25
37015030,2021,34.1
37015030,2022,24.6
37015030,2023,14.1
37015030,2024,54
37015030,2025,8.8
37015501,2017,24.8
37015501,2018,32.5
37015501,2019,18.9
37017040,2019,102
37017040,2020,56
37017040,2021,34
37017040,2022,39.8
37017040,2023,18.4
37027010,2019,67.8
37027010,2020,29.2
37027010,2021,84
37037010,2019,206.4
37037010,2020,52.4
37037010,2021,4.4
37045010,2018,30.7
37045010,2019,173.1
37045010,2020,103.1
37045010,2021,71.2
37045010,2024,172.6
37045010,2025,79.6
37057020,2017,0
37057020,2018,0.2
37057020,2019,131.6
37057020,2020,52.1
37057020,2021,1.4
37057020,2022,0
42077020,2017,161.6
42077020,2018,137.6
42077020,2019,115.8
42077020,2020,77.2
42077020,2021,51.6
42077020,2023,58.2
42077020,2024,112
42077020,2025,94.8
44015060,2016,14.1
44015060,2017,95.3
44015060,2018,72.9
44015060,2019,135.3
44015060,2020,56.5
44015060,2021,72.4
44015060,2022,70.8
44015060,2023,88.5
44015060,2024,111.4
44015060,2025,72.6
44015070,2016,1.6
44015070,2017,72.4
44015070,2018,73.6
44015070,2019,153.3
44015070,2020,74.1
44015070,2021,51.8
44015070,2022,55.2
44015070,2025,86.6
44015501,2019,0
44015501,2023,126.4
44017070,2019,55
44017070,2020,16.4
44017070,2021,48.2
44017070,2022,46.6
44017070,2023,34
44017110,2019,127.8
44017110,2020,105.4
44017110,2022,104.8
44017110,2023,51.1
44017110,2025,48.8
44017120,2019,181.8
44017120,2020,87.4
44017120,2021,47
44017120,2022,38.2
44017120,2023,53
44017120,2024,138
44017120,2025,72.4
44035040,2016,9.8
44035040,2017,50.9
44035040,2018,60.8
44035040,2019,0
44035040,2020,0
44035040,2021,0
44035040,2022,34.7
44035040,2023,120.5
44035040,2024,0
44035040,2025,0
44035050,2016,2.7
44035050,2017,103
44035050,2018,88.2
44035050,2019,177
44035050,2020,102
44035050,2021,38.6
44035050,2022,105.9
44035050,2023,3.7
44035501,2018,76
44035501,2019,201.6
44035501,2020,90.2
44035501,2021,123
44035501,2022,192.1
44035501,2023,122.7
44037040,2017,101.2
44037040,2018,43.7
44037040,2019,38.2
44037040,2020,158.9
44037040,2021,78.6
44037040,2022,69.7
44037040,2023,0.2
44037050,2024,90.4
44037050,2025,107.2
44037080,2019,66.2
44037080,2020,268
44037080,2021,0
44037080,2022,159.8
44037080,2023,21.4
44037080,2024,28
44045030,2024,128
44045030,2025,123.5
44055010,2021,97.4
44055010,2022,515
44055010,2023,85.3
44055010,2024,95.4
44055010,2025,496.2
44197020,2017,445.47
44197020,2018,46.23
44197020,2025,0
46015030,2016,0.4
46015030,2017,35
46015030,2018,49.2
46015030,2019,394.6
46015030,2020,0.1
46015030,2021,0
46035010,2019,178.2
46035010,2020,78.2
46035010,2021,54.2
46035010,2022,0
47015100,2019,37.4
47015100,2020,33.2
47015100,2021,34.5
47015100,2022,32
47015100,2023,43.2
47015100,2024,331.5
47015100,2025,428
47017070,2019,146.4
47017070,2020,49.2
47017070,2021,76.4
47017070,2022,30
47017070,2023,32
47017070,2024,66.8
47017070,2025,125.6
47017110,2019,140.2
47017110,2020,52.8
47017110,2021,84.2
47017110,2022,53.8
47017110,2023,37.4
47017170,2020,80.2
47017170,2021,103.8
47017170,2022,1.6
48015010,2017,85.06
48015010,2018,83.88
48015040,2017,62.5
48015040,2018,89.8
48015040,2019,563.8
48015040,2020,344.4
48015040,2021,135.1
48015040,2023,7.7
48015040,2024,108
48015040,2025,6
48015050,2018,66.07
48015050,2019,87.51
48015050,2020,91.99
48015050,2021,68.27
48015050,2022,102.08
48015050,2023,297.64
48015050,2024,410
48015050,2025,216.4
51020011,2017,410.05
51020011,2018,98.14
51020011,2019,82.43
51020011,2020,57.87
51020011,2021,81.8
51020011,2022,34.3
51020011,2023,77.7
51020011,2024,130.4
51020011,2025,125.6
51025060,2017,95.7
51025060,2018,204.8
51025060,2019,143.9
51025060,2020,0
51025060,2021,0
51025080,2017,59
51025080,2018,108.2
51025080,2019,128.6
51025080,2020,117.4
51025080,2021,96.6
51025080,2023,10
51025080,2024,7.6
51025090,2017,147
51025090,2018,123.624
51025090,2019,70.43
51025090,2020,324.44
51025090,2021,278.678
51025090,2022,36.9
51025090,2023,29.7
51027060,2017,123.7
51027060,2018,114.9
51027060,2019,69
51027060,2020,68.4
51027060,2024,0
51027060,2025,19
51035020,2019,123.8
51035020,2020,152.6
51035020,2022,142
51035020,2023,55.2
51035020,2024,157.6
51035020,2025,104.4
51039010,2017,182.2
51039010,2018,95.4
51039010,2019,131.6
51039010,2020,86.2
51039010,2021,37.4
51039010,2022,106.8
51039010,2023,83.8
51039010,2024,159.6
51039010,2025,103.2
52015050,2017,78
52015050,2018,47.3
52015050,2019,60.7
52015050,2020,81.1
52015050,2021,61.6
52015050,2022,45.5
52015050,2025,11.1
52015501,2017,0
52015501,2018,31.6
52015501,2019,92.5
52015501,2020,86.2
52015501,2021,92.2
52015501,2022,65.9
52015501,2023,66
52017001,2022,37.6
52017001,2023,0.2
52017020,2019,21.6
52017030,2019,47.2
52017030,2020,0
52017030,2022,0
52017030,2023,0
52017030,2024,0
52017030,2025,0
52017100,2022,0
52017110,2019,128.6
52017110,2020,77.4
52017110,2021,36.6
52017110,2022,0
52020070,2019,44
52020070,2020,46.8
52025080,2016,51.4
52025080,2017,53.1
52025080,2018,44.9
52025080,2019,40.6
52025080,2020,44.4
52025080,2021,38.3
52025080,2022,44.1
52025080,2023,71.9
52025080,2024,89.2
52025080,2025,55.4
52025090,2016,0.3
52025090,2017,58.6
52025090,2018,76.3
52025090,2019,60.8
52025090,2020,68.3
52025090,2022,0
52025090,2024,123.8
52025090,2025,153.8
52025501,2017,82.6
52025501,2018,41.6
52025501,2019,33.4
52035040,2016,0.2
52035040,2017,32.9
52035040,2018,39.6
52035040,2019,35
52035040,2020,28.8
52035040,2021,17
52035040,2022,32.8
52035040,2023,62.7
52035040,2024,41.6
52035040,2025,29.4
52035501,2017,108.1
52035501,2018,48.4
52035501,2019,43.4
52040050,2019,12.4
52040050,2020,6.6
52040050,2021,60.8
52040050,2022,57
52040050,2024,75.6
52040050,2025,102.4
52045080,2016,0
52045080,2017,31.5
52045080,2018,17
52045080,2019,27.6
52045080,2020,20
52045080,2021,31.7
52045080,2022,29.7
52045080,2023,25.4
52045080,2024,40.8
52045080,2025,41
52047020,2022,0
52047020,2023,0
52050060,2020,0
52050060,2021,35
52050060,2022,39.2
52050060,2023,61.2
52050060,2024,46.2
52050060,2025,71.4
52050080,2020,0.2
52050080,2021,38.4
52050080,2022,46.7
52050080,2023,35.9
52050080,2024,44
52050080,2025,97.2
52050090,2020,0
52050090,2021,64
52050090,2022,57.4
52050090,2023,32
52050090,2024,86.6
52050090,2025,65.8
52055090,2020,0.6
52055090,2021,25.8
52055090,2022,48.4
52055090,2023,42.8
52055090,2024,58.4
52055090,2025,99.8
52055150,2016,0.8
52055150,2017,73.4
52055150,2018,87.5
52055150,2019,88.5
52055150,2020,22.4
52055150,2021,6.3
52055150,2022,43.7
52055150,2023,27
52055160,2019,4.2
52055160,2020,0
52055170,2016,0.7
52055170,2017,61.2
52055170,2018,54.5
52055170,2019,75.6
52055170,2020,46.4
52055170,2021,38.6
52055170,2022,16.3
52055170,2023,54.6
52055170,2024,69.2
52055170,2025,74.8
52055210,2016,0.1
52055210,2017,20.3
52055210,2018,24.1
52055210,2019,27.7
52055210,2020,22.1
52055210,2021,29
52055210,2022,26.2
52055210,2023,10.9
52055210,2024,35.6
52055210,2025,79.4
52055220,2016,0
52055220,2017,28.3
52055220,2018,28.1
52055220,2019,30.3
52055220,2020,24.1
52055220,2021,24.3
52055220,2022,29.4
52055220,2023,22.6
52055220,2024,26
52055220,2025,26.6
52055230,2018,30.046
52055230,2019,25.775
52055230,2020,20.693
52055230,2021,25.911
52055230,2022,27.878
52055230,2023,46.453
52055230,2024,127.242
52055230,2025,208.754
52055501,2017,42.5
52055501,2018,65.7
52055501,2019,49.5
52055501,2020,52
52055501,2021,54.9
52055501,2022,35.4
52055501,2023,62.6
52055502,2017,16.3
52055502,2018,32.3
52055502,2019,77.9
52055502,2020,47
52055502,2021,51.1
52055502,2022,31.2
52055502,2023,17.4
52057050,2019,61.6
52057050,2020,66.4
52057050,2021,49.2
52057050,2022,30.2
52057050,2023,25.8
52057050,2025,3720.6
52057080,2018,40.4
52057100,2017,39
52057100,2018,43.7
52057100,2019,18.22
52057100,2023,770.23
52057100,2024,49.9
52057100,2025,54.12
52065020,2024,205.6
52065020,2025,302.6
52077010,2016,0
52077010,2017,41.8
52077010,2018,11.8
52077010,2019,24.6
52077010,2020,54.4
52077010,2022,24.2
52077010,2023,0
52077010,2024,63.6
52077010,2025,46.9
53045040,2016,9.3
53045040,2017,83.4
53045040,2018,131
53045040,2019,157.8
53045040,2020,4.5
53045040,2022,96
53045040,2023,78.7
53075020,2016,11.9
53075020,2017,48.3
53075020,2018,37.3
53075020,2019,80.2
53075020,2020,68.2
53115501,2017,27.7
53115501,2018,25
53115501,2019,25
53115501,2020,65.8
53115501,2021,54.1
53115501,2022,61.8
53115501,2023,32.8
53115502,2017,32
53115502,2018,35.5
53115502,2019,42.5
53115502,2020,47.1
53115502,2021,34.5
53115502,2022,27.9
53115502,2023,18.1
53119010,2016,0
53119010,2017,203.9
53119010,2018,120.3
53119010,2019,116.8
53119010,2020,99.4
53119010,2024,46.6
53119010,2025,7.2
54010010,2018,70.7
54010010,2019,148.9
54010010,2021,473.4
54010010,2022,40.1
54010010,2023,118.8
54010010,2024,1.2
54015010,2019,71.5
54015010,2020,52.4
54015010,2021,20.5
54015020,2018,223.5
54015020,2019,47.4
54015020,2024,1661.296
54017040,2016,0
54017040,2017,161.9
54017040,2018,177.5
54017040,2019,0.4
54017040,2020,0
54020020,2018,104.4
54020020,2019,104.5
54020020,2020,56
54020020,2022,0
54020090,2018,110.6
54020090,2019,109.9
54025010,2018,72.9
54025010,2019,964.8
54025010,2020,964.8
54025010,2021,964.8
54025010,2022,964.8
54025010,2023,964.8
54025010,2024,964.8
54025010,2025,964.8
54027050,2018,99.3
54027050,2019,99.5
54027050,2021,401.4
54027050,2022,55.1
54027050,2024,736.4
54027050,2025,23.2
54035501,2017,46.8
54035501,2018,44.4
54035501,2019,49.9
54035501,2020,61.4
54035501,2021,54.2
54035501,2022,32.7
54035501,2023,49.1
54037050,2018,117.6
54037050,2019,99.4
54037050,2023,0
54050010,2018,124.5
54050010,2019,89.3
54050010,2024,0.8
54057010,2018,75
54057010,2019,119.9
54057010,2020,47.4
54057010,2021,0
54057010,2024,134.7
54057020,2018,123.1
54057020,2019,105
54077210,2017,33.8
54077210,2018,9.6
54077210,2019,6
54077210,2020,19.4
55015010,2016,1.7
55015010,2017,104.6
55015010,2018,92.3
55015010,2019,52.3
55015010,2020,0
55015010,2024,50.4
55015010,2025,31.8
55015020,2018,202.8
55015020,2019,169.2
55015020,2020,0
56010040,2018,95
56010040,2019,63.3
56015010,2018,135.2
56015010,2019,131.4
56015010,2020,54.3
56015010,2021,0
56015010,2022,0
56015010,2023,0
56015010,2024,0
56015040,2018,114.8
56015040,2019,208.1
56125730,2018,17.54
56125730,2019,38.01
56125730,2020,32.18
57015010,2017,109.8
57015010,2018,14030.6
57015010,2019,32126.1
57015010,2020,9087.9
57025020,2017,189.4
57025020,2018,135.1
57025020,2019,173.6
57025020,2020,170.9
57025020,2021,166.3
57025020,2022,200.8
57025020,2023,177.4
57025020,2024,1.6
88112901,2017,100.1
88112901,2018,0
1111500036,2019,40
1111500036,2020,30.8
1111500036,2023,0.2
1111500036,2024,46.4
1111500036,2025,44.8
1111500203,2024,104.4
1111500203,2025,65.2
1117500060,2019,360
1117500060,2020,343.6
1117500060,2024,203.6
1117500060,2025,118
1206500136,2019,69.6
1206500136,2020,38.2
1206500136,2021,47.6
1206500136,2022,94.4
1206500136,2024,62
1206500136,2025,211.6
1303500074,2019,169.8
1303500074,2020,63.6
1303500074,2021,82
1303500074,2022,75.8
1303500129,2019,114
1303500129,2020,20.2
1303500129,2021,69.2
1303500129,2022,56.4
1303500129,2023,0
1303500129,2024,112.4
1303500129,2025,55.8
1501500054,2019,105.8
1501500054,2020,56.4
1501500054,2021,77.2
1501500054,2022,93.7
1501500054,2023,0.2
1501700160,2019,36
1501700160,2020,2.2
1501700160,2021,42.2
1501700160,2022,52.8
1507500207,2024,85.4
1507500207,2025,33.6
1508500053,2019,26.5
1508500053,2020,52.7
1508500053,2021,2.9
1508500053,2022,46.2
1508500053,2023,17.7
1508500053,2024,121.8
1508500053,2025,40.8
1509500118,2019,196.7
1509500118,2020,135.3
1509500118,2021,85.1
1509500118,2022,107.5
1509500118,2023,56.3
1602500044,2019,74.2
1602500044,2020,62.2
1602500044,2022,31.2
1602500044,2023,105.8
1602500044,2024,17.2
1602500044,2025,4.4
1602500063,2019,51.6
1602500063,2020,27.2
1602500063,2022,22.4
1602500063,2023,15.8
1602500110,2019,55.2
1602500110,2020,4
1602500110,2021,0.4
1602500110,2022,0.2
1602500110,2024,30.8
1602500110,2025,10.2
1605700152,2019,37.8
1605700152,2020,47.4
1605700152,2021,53.2
1605700152,2022,33.4
1605700152,2023,16.6
2105700099,2019,58
2105700099,2020,53.4
2105700099,2021,76.4
2119500111,2019,75
2119500111,2020,57.6
2119500111,2021,82.8
2119500111,2022,32
2119500111,2023,34.5
2119500111,2024,30.2
2119500111,2025,26.3
2119700147,2019,49.8
2119700147,2020,76.6
2119700147,2021,33.4
2119700147,2022,36.2
2119700147,2023,7.7
2120000099,2018,25.8
2120000099,2019,63.1
2120000099,2020,24.3
2120000099,2023,0.6
2120000099,2024,41.2
2120000099,2025,16
2120000100,2018,31
2120000100,2019,58.5
2120000100,2020,35
2120000100,2023,2.3
2120000100,2024,43.2
2120000100,2025,33.6
2120000101,2018,14.2
2120000101,2019,30.3
2120000101,2020,15.5
2120000101,2023,0.2
2120000101,2024,67.8
2120000101,2025,19.7
2120000102,2018,4.7
2120000102,2019,33.1
2120000102,2020,16.9
2120000103,2018,13
2120000103,2019,53.8
2120000103,2020,36
2120000103,2023,0.3
2120000103,2024,96.8
2120000103,2025,29
2120000104,2018,18.3
2120000104,2019,35.2
2120000104,2020,20.5
2120000104,2023,0.1
2120000105,2018,27.8
2120000105,2019,70.9
2120000105,2020,64
2120000105,2023,0.7
2120000105,2024,68.2
2120000105,2025,67.5
2120000106,2018,11.9
2120000106,2019,36.9
2120000106,2020,14.1
2120000106,2023,1
2120000106,2024,65
2120000106,2025,30.4
2120000107,2018,15.7
2120000107,2019,64.47
2120000107,2020,36
2120000107,2023,1
2120000107,2024,32.4
2120000107,2025,28.2
2120000108,2018,40
2120000108,2019,81.3
2120000108,2020,27.6
2120000108,2023,5
2120000108,2024,48.2
2120000108,2025,34.6
2120000109,2018,36.7
2120000109,2019,67.4
2120000109,2020,16.5
2120000109,2023,1.1
2120000109,2024,46.4
2120000109,2025,36.7
2120000117,2023,0
2120000117,2024,34.2
2120000117,2025,49.9
2120000118,2023,2.1
2120000118,2024,44.2
2120000118,2025,29.6
2120000119,2023,0.8
2120000119,2024,48
2120000119,2025,38
2120000120,2023,0.2
2120000120,2024,45.4
2120000120,2025,42.2
2120000121,2023,0.7
2120000121,2024,28.4
2120000121,2025,39.8
2120000122,2023,0.5
2120000122,2024,44.4
2120000122,2025,33
2120000123,2023,1.2
2120000123,2024,32.8
2120000123,2025,34.8
2120000124,2023,0.6
2120000124,2024,35.6
2120000124,2025,51
2120000125,2023,0.2
2120000125,2024,28.6
2120000125,2025,31
2120000126,2023,1.5
2120000126,2024,40
2120000126,2025,32.6
2120000127,2023,1.1
2120000127,2024,21.2
2120000127,2025,23.8
2120000128,2023,0.5
2120000128,2024,24.8
2120000128,2025,31.7
2120000129,2023,0.7
2120000129,2024,27
2120000129,2025,30.7
2120000130,2023,0.3
2120000130,2024,25.8
2120000130,2025,34.8
2120000131,2023,0.4
2120000131,2024,29.8
2120000131,2025,51.6
2120000132,2023,0.7
2120000132,2024,31
2120000132,2025,23.8
2120000133,2023,0.7
2120000133,2024,63
2120000133,2025,42.2
2120000134,2023,1.2
2120000134,2024,57
2120000134,2025,54.5
2120000135,2023,1.8
2120000135,2024,69.8
2120000135,2025,66
2120000136,2024,5.4
2120000136,2025,23.3
2120000137,2023,0.5
2120000137,2024,141.6
2120000137,2025,36.1
2120000138,2023,0.1
2120000138,2024,70.4
2120000138,2025,18.6
2120000139,2023,0.6
2120000139,2024,83.6
2120000139,2025,16.8
2120000140,2023,0.4
2120000140,2024,100.8
2120000140,2025,83.9
2120000142,2023,0.2
2120000142,2024,19.4
2120000142,2025,22
2120000169,2023,0.4
2120000169,2024,39.4
2120000169,2025,25
2120000170,2023,0.9
2120000170,2024,61.8
2120000170,2025,39.2
2120000171,2023,0.2
2120000171,2024,79
2120000171,2025,40.6
2120000172,2023,0
2120000172,2024,91.8
2120000172,2025,37.1
2120000173,2023,0.4
2120000173,2024,28
2120000173,2025,25.4
2120000174,2023,1.6
2120000174,2024,37.4
2120000174,2025,47
2120000175,2023,0.3
2120000175,2024,37
2120000175,2025,22.8
2120500050,2019,24
2120500050,2020,31.8
2120500050,2021,41.6
2120500050,2022,42.4
2120500050,2023,25.4
2120500135,2019,25
2120500135,2020,42
2120500135,2021,24.4
2120500135,2022,36.4
2120500135,2023,14.8
2120500135,2024,48
2120500135,2025,29.4
2120500201,2023,1.2
2120500201,2024,50.8
2120500201,2025,33.1
2120500204,2024,571.6
2120500204,2025,651.6
2120700037,2018,6.3
2120700037,2019,53.4
2120700037,2020,42.9
2120700037,2023,0.1
2120700037,2024,44.4
2120700037,2025,38.4
2120700038,2018,16.4
2120700038,2019,53.7
2120700038,2020,19.4
2120700038,2023,0.6
2120700038,2024,26.2
2120700038,2025,23.6
2120700146,2019,23
2120700146,2020,31.6
2120700146,2021,34.2
2120700146,2022,30.6
2120700146,2023,20
2120700146,2024,39.2
2120700146,2025,42
2120700154,2023,1.4
2120700154,2024,36
2120700154,2025,27.9
2120700162,2019,34
2120700162,2020,57.8
2120700162,2021,104.4
2120700162,2022,74.2
2120700162,2023,15
2121500042,2019,40.8
2121500042,2020,37.6
2121500042,2021,45.6
2121500042,2022,56.8
2121500042,2023,7.8
2121500048,2019,62
2121500048,2020,73.8
2121500048,2021,38.6
2125700094,2019,63
2125700094,2020,80.4
2125700094,2021,50.4
2125700094,2022,13.6
2125700094,2023,0
2201500047,2019,59.2
2201500047,2020,74.4
2201500047,2021,40.8
2201500047,2022,0
2201500047,2023,19.4
2201500047,2024,6.8
2201500047,2025,3.8
2202500051,2019,96.2
2202500051,2020,72.2
2202500051,2021,33.8
2301700089,2019,96.6
2301700089,2020,91
2301700089,2021,63.2
2301700089,2022,46.4
2301700089,2023,0
2301700089,2024,20.8
2301700089,2025,15.1
2302500037,2019,70.2
2302500037,2020,77.8
2302500037,2021,29.4
2302500064,2019,154.2
2302500064,2020,49.2
2302500064,2021,103
2302500064,2022,58.2
2302500064,2023,78
2302500064,2024,152
2302500064,2025,117.6
2305500055,2019,79.2
2305500055,2020,43.7
2305500055,2023,19.4
2305500055,2024,94.6
2305500055,2025,77.6
2306500106,2019,86
2306500106,2020,97.4
2306500106,2021,79.6
2306500106,2022,39.2
2306500106,2023,55.1
2306500204,2024,119.6
2306500204,2025,30.2
2308500068,2018,46.2
2308500068,2019,55.2
2308500068,2020,72.2
2308500068,2021,71.2
2308500071,2019,57.8
2308500071,2020,18.8
2308500071,2021,51
2308500071,2022,68.8
2308500071,2023,40
2311500200,2024,82.2
2311500200,2025,5.2
2311700155,2019,89.4
2311700155,2020,95.6
2311700155,2021,88.6
2314700159,2020,30.8
2314700159,2022,3.2
2319500043,2019,66
2319500043,2020,51
2319500043,2021,54.8
2319500043,2022,71.8
2319500043,2023,40.2
2319500043,2024,20.4
2319500043,2025,63.8
2319500125,2019,37.2
2319500125,2020,52.6
2319500125,2021,28.2
2319500125,2022,33.8
2319500125,2023,24
2319500125,2024,90
2319500125,2025,18.8
2319500137,2019,51
2319500137,2020,38.2
2319500137,2021,42.6
2319500137,2022,31.2
2319500137,2023,27
2319500207,2024,41
2319500207,2025,16.8
2319700096,2019,282.6
2319700096,2020,41.4
2319700096,2024,2640
2319700096,2025,4
2401500040,2019,75
2401500040,2020,58.4
2401500040,2021,47.2
2401500040,2022,34
2401500040,2023,36
2401500040,2024,75.2
2401500040,2025,17.2
2401500052,2019,71.4
2401500052,2020,80.6
2401500052,2021,1.2
2401500052,2022,37.4
2401500052,2023,70.4
2401500052,2024,248.4
2401500052,2025,51.6
2401500080,2019,46.6
2401500080,2020,33.6
2401500080,2021,28.4
2401500080,2022,27.6
2401500080,2023,37.6
2401500080,2024,48.4
2401500080,2025,32.6
2401500086,2019,36.8
2401500086,2020,28.6
2401500086,2021,50.2
2401500086,2022,31
2401500086,2023,16
2401500086,2024,52.4
2401500086,2025,16.6
2401700091,2019,52.2
2401700091,2020,30.6
2401700091,2021,39.2
2401700091,2022,60.6
2403000113,2020,2.1
2403000113,2021,4.3
2403000113,2022,4.5
2403000113,2023,4.7
2403000113,2024,6.2
2403000113,2025,4.8
2403000114,2020,1.7
2403000114,2021,2.6
2403000114,2022,2.9
2403000114,2023,4.2
2403000114,2024,7
2403000114,2025,4.5
2403000117,2019,22.7
2403000117,2020,43.1
2403000117,2021,35.1
2403000117,2022,33.9
2403000117,2023,35.6
2403000117,2024,94
2403500041,2019,72
2403500041,2020,27.1
2403500041,2021,31.8
2403500041,2022,29.7
2403500041,2023,23.3
2403500041,2024,36.8
2403500041,2025,34.8
2403500081,2019,35
2403500081,2020,37
2403500081,2021,31.6
2403500081,2022,12.8
2403500082,2019,26.6
2403500082,2020,42.8
2403500082,2021,11.6
2403500082,2022,6.4
2403500082,2023,4.4
2403500083,2019,51.6
2403500083,2020,21
2403500083,2021,1
2403500083,2022,1
2403500083,2023,0.4
2403500084,2019,36.6
2403500084,2020,26
2403500084,2021,41.4
2403500084,2022,38.6
2403500084,2023,52.6
2403500085,2019,48
2403500085,2020,36.4
2403500085,2021,43.2
2403500085,2022,49.4
2403500085,2023,42.2
2403700149,2020,0.1
2403700149,2021,260.6
2403700149,2022,147.8
2403700149,2023,161.7
2403700149,2024,21
2403700149,2025,9.2
2405700149,2019,62
2405700149,2020,41.4
2405700149,2021,81.8
2405700149,2022,62.8
2405700149,2023,44
2405700149,2024,51.2
2405700149,2025,1.2
2501500120,2019,177.6
2501500120,2020,84.2
2501500120,2021,0.4
2501500120,2022,3.8
2501500120,2023,0
2502700153,2019,183
2502700153,2020,59.8
2502700153,2022,34.8
2502700153,2023,9
2502700206,2024,123.9
2502700206,2025,56.3
2601700104,2019,32
2601700104,2020,4.4
2602700148,2019,129.6
2602700148,2020,1.2
2603500127,2019,54.8
2603500127,2020,80.1
2603500127,2021,0
2603500127,2022,46.8
2603500127,2023,74.6
2603700157,2019,64.8
2603700157,2020,51
2604500039,2019,76.6
2604500039,2020,51.3
2604500039,2021,62.6
2604500039,2022,57.1
2604500039,2023,59.5
2604500039,2024,91
2604500039,2025,72.2
2604500134,2019,38.7
2604500134,2020,56.2
2604500134,2021,132.4
2604500134,2022,38.8
2604500134,2023,169.6
2610500131,2019,24.2
2610500131,2020,24.2
2610500131,2021,20.6
2611700158,2019,33.6
2611700158,2020,66.4
2611700158,2021,95
2612500038,2019,104.8
2612500038,2020,99.4
2612500124,2019,55.8
2612500124,2020,124
2612500124,2021,89.8
2612500124,2022,82.8
2612500124,2023,56.2
2612500124,2024,143.2
2612500124,2025,9.2
2612500130,2019,29.6
2612500130,2020,91.4
2612500130,2021,88.4
2612500130,2022,98.2
2612500130,2023,0
2612500130,2024,105.2
2612500130,2025,40.4
2612500214,2024,155.4
2612500214,2025,130.6
2613500126,2019,99.9
2613500126,2020,53.2
2613500126,2021,47.5
2613500126,2022,69.2
2613500126,2023,83.7
2613500126,2024,148.6
2613500126,2025,79.6
2613700156,2019,96.6
2614500112,2019,37.2
2614500112,2020,42
2614500112,2021,69.4
2614500112,2022,55.4
2614500112,2023,41.2
2614500116,2019,28.8
2614500116,2020,71.6
2614500116,2021,67.6
2614500116,2022,73.2
2615500122,2019,27
2615500122,2020,25.8
2615500122,2021,61.9
2615500122,2022,34.9
2615500122,2023,47.4
2619700161,2019,0
2619700161,2020,0
2619700161,2021,0
2620500209,2024,294
2620500209,2025,78
2620500210,2024,82.2
2620500210,2025,46.2
2620500211,2024,111
2620500211,2025,77
2621500070,2019,56.2
2621500070,2020,65
2621500070,2021,12.6
2625700231,2024,159.6
2625700231,2025,190
2629700151,2019,72.4
2629700151,2020,77.6
2629700151,2021,82.2
2629700151,2024,0
2629700151,2025,0
2633500119,2019,38.2
2633500119,2020,53.2
2633500119,2021,32.8
2633500119,2024,17.6
2633500119,2025,22.4
2633700150,2019,47.8
2633700150,2020,43.2
2633700150,2021,72.8
2633700150,2022,6.1
2633700150,2023,24.7
2633700150,2024,48.8
2633700150,2025,17
2636700098,2019,58.8
2636700098,2020,103.3
2636700098,2021,146.4
2636700098,2022,45.4
2636700098,2023,17.7
2636700098,2024,138.8
2636700098,2025,44.4
2702500107,2019,153.6
2702500107,2020,61.4
2702500107,2021,73.6
2702500107,2022,66.2
2702500107,2023,42.4
2702500107,2024,66.8
2702500107,2025,56.8
2703700106,2019,7.8
2703700106,2020,0
2703700106,2021,0
2703700106,2022,0
2801500078,2019,189
2801500078,2020,63.6
2801500078,2025,604.8
2801700088,2019,123.6
2801700088,2020,39.4
2801700088,2021,6.8
2801700088,2022,53.6
2801700088,2023,54.8
2802500079,2019,114
2802500079,2020,66.4
2802500079,2021,96.6
2802500079,2022,84.2
2802500079,2023,54.2
2802500079,2024,151.2
2802500079,2025,84.8
2804500076,2019,125.1
2804500076,2020,23
2805500075,2019,83.6
2805500075,2020,111
2805500075,2022,1.5
2805500075,2024,3.4
2805500075,2025,1.2
2901500072,2021,8
2901500072,2022,9.5
2901500072,2023,6.7
2901500072,2024,9.8
2901500072,2025,35.8
2904000176,2023,52
2904000176,2024,64.6
2904000176,2025,0.4
2904000177,2023,82.7
2904000177,2024,20.4
2904000177,2025,56.3
2904700095,2019,111.6
2904700095,2020,21.4
2904700095,2023,0
2904700095,2024,137.2
2904700095,2025,42.2
2906500077,2019,99
2906500077,2020,74.9
2906500077,2022,128.7
2906500077,2023,12.8
3206500045,2019,74.2
3206500045,2020,146.4
3206500045,2021,0
3206500045,2022,94.6
3206500045,2023,0
3206500045,2024,110.6
3206500045,2025,113.3
3206500058,2019,133.2
3206500058,2020,124.6
3206500058,2021,120
3206500058,2022,162
3206500058,2023,108.4
3206500058,2024,259.6
3206500058,2025,130.8
3206500059,2019,100.2
3206500059,2020,0
3206500059,2022,14.5
3206500059,2023,0.7
3206500059,2024,30.4
3206500059,2025,17
3502500135,2019,203.343
3502500135,2020,78.694
3502500135,2021,59.574
3502500135,2022,705.225
3502500135,2023,1504.6
3502500135,2024,151.2
3502500135,2025,18.8
3502700090,2019,55.6
3502700090,2021,51.9
3502700090,2022,97.5
3502700090,2023,0.1
3502700147,2024,0
3503500062,2019,143.4
3503500062,2020,84.4
3503500062,2021,27.6
3503500062,2022,25.1
3503500062,2023,24.9
3505500061,2019,96.4
3505500061,2020,197.4
3505500061,2021,26.2
3505500061,2022,115.4
3505500061,2023,88.6
3505500061,2024,225.2
3505500061,2025,85
3505500121,2024,1232
3505500121,2025,473
3507500046,2019,48.6
3507500046,2020,51.6
3507500046,2021,45
3507500046,2022,41.6
3507500046,2023,31.4
3507500133,2019,55
3507500133,2020,99.4
3507500133,2021,52.8
3508700103,2019,45.6
3516700232,2024,62.8
3516700232,2025,24.5
3518500127,2019,175.2
3518500127,2020,194.8
3518500127,2021,2.2
3518500127,2022,0.6
3518700145,2019,229.2
3518700145,2020,107.2
3518700145,2021,143
3518700145,2022,112.2
3518700145,2023,5.6
3519700092,2019,1629.9
3519700092,2020,184.4
3519700092,2021,98.2
3519700092,2022,56.8
3519700092,2023,63.2
3519700092,2024,50.8
3519700092,2025,8.8
3526500201,2022,55.3
3526500201,2023,121.9
3526500201,2024,214.8
3602700101,2019,124.2
3602700101,2020,82.2
3602700101,2021,101.2
3602700101,2022,26.4
3602700101,2023,16.6
3602700101,2024,6.8
3602700101,2025,0.4
3701500114,2019,42.4
3701500114,2020,42.8
3701500114,2021,68.8
3701500114,2022,32.8
3701500114,2023,16.2
3701500114,2024,90.8
3701500114,2025,32
3701500117,2019,35.4
3701500117,2020,34
3701500117,2021,285.6
3701500117,2022,315.6
3702500113,2019,22.4
3702500113,2020,9
3702500113,2021,7.4
3706500109,2019,99.3
3706500109,2020,73.5
3706500109,2021,75.2
3706500109,2024,0
4403700097,2019,147.6
4403700097,2020,0
4403700097,2021,0
4403700097,2022,0
4403700097,2023,0
4403700097,2024,10.2
4403700097,2025,404.9
5102500128,2020,105.2
5102500128,2021,42
5102500128,2022,19.8
5202500132,2022,76.8
5202500132,2023,54.4
5204700100,2019,32.4
5204700100,2020,41.8
5204700100,2021,4
5204700100,2022,0
5204700100,2024,62
5204700100,2025,87.6
5205500123,2019,51
5205500123,2020,25
5205500123,2021,0.6
5205500123,2022,0
5205500123,2023,0
5205500123,2025,3
5311500056,2019,125.3
5311500056,2020,124.5
5311500056,2021,101.2
5311500056,2022,49.5
5311500121,2019,63.4
5311500121,2020,36.2
5311500121,2021,38.2
5311500121,2022,45.8
5311500121,2023,26.4
5311500121,2024,4
5311500121,2025,73.6
5311500149,2023,1
5311500149,2024,46.3
5311700154,2019,114.2
5311700154,2020,106.8
